{
    "Narrator_Name": "Angela Berry",
    "Bio": "Female of Filipino American descent. Born in 1979 in Seattle, Washington, but grew up on Bainbridge Island, Washington. Granddaughter of Felix Narte, one of the well-known Filipino men on Bainbridge Island who worked for the Japanese American strawberry farmers.",
    "Title": "Angela Berry Interview",
    "Interviewer": "Frank Kitamoto",
    "Location": "Bainbridge Island, Washington",
    "Date": "February 17, 2007",
    "Densho ID": "denshovh-bangela-01",
    "transcript": {
        "segment 1": {
            "Segment Desc": "Growing up on Bainbridge Island, Washington",
            "Segment Q&A": {
                "So did you graduate from Bainbridge High School then?": "Yes.",
                "And then you went where to school?": "First went to University of San Diego, and then spent some time in Florence, Italy. And then came back to the University of Washington, finished undergrad up there. Studied in Mexico for a bit. Or didn't study. Did more of a design-build project, a program with the UW's architecture school and then went back to grad school for architecture. So I've been in Seattle last three years.",
                "How did you end up in Italy?": "How did I like it?",
                "How did I like it?": "No, how did you end up there?",
                "No, how did you end up there?": "Oh, how did I end up there. Just kind of wanted to do the whole live abroad for a while. And just... I was drawn to Italy because of the language initially. I was taking some Italian in my freshman year of school. So...",
                "So did you actually go to school while you were in Italy?": "I did, yeah. For a year I lived in Florence and yeah, studied a lot of art and art history there. So...",
                "What made you go into architecture then?": "When I was in Florence actually. I took quite a bit of architecture history classes, a few drawing, sketching type classes. And, yeah, I came back to Seattle and transferred. And just, just sucked me in. So that's when I got a job working for an architect on the island.",
                "What was, what was growing up on the island like for you?": "I loved it. I mean, I think, in hindsight now... looking back, I cherish the memories a lot more than when I was living on the island. I felt... sometimes kids that age feel a little bit isolated and want to leave the island as soon as they can. And I definitely had that sort of itch to leave. But, now, it's such a great place to live. Well, I don't live here. It was a really unique experience, both having families around and then longtime friends that you started preschool off with. And ended up finishing high school with. It's a really unique childhood. It was a great place to live.",
                "Well what, what made you feel like it was unique, other than what you've already mentioned? Was there anything else that made you feel like it was unique?": "Maybe just the actual physical geography of actually living on an island, I think is very, very unique. Anytime I tell friends that I grew up on an island, it was very, kind of an intriguing idea. People would want to know if we had electricity and stuff like that. And those were mostly from students from back east or living in Europe. Didn't quite get the idea of living on an island. But, just, mostly actually family, that have been here for so long. That was definitely a factor in the unique experience growing up here.",
                "Now, has anybody ever said to you, like, what ethnicity you are because you don't look entirely white or something like that?": "All the time, yeah. Are you curious as to what I usually get?",
                "All the time, yeah. Are you curious as to what I usually get?": "Uh-huh.",
                "How do you feel when that happens?": "It's one of those things where you don't... I don't know. Sometimes it's a compliment. Other times people are just a little bit too... it's kind of an intense sort of interaction when someone's trying to guess what you are. And you say... or oftentimes I find myself in the situation where someone will come up and say, \"You look like this.\" And then I say, \"No, actually I'm not.\" And then it's, really quick, \"Oh, well, let me guess what you are then.\" And it's kind of this awkward sort of thing. Where I don't know you, I don't do that to other people. Just a very strange sort of, I don't know... I don't really have identity issues with that, but it is kind of this awkward encounter with strangers, sometimes. And like I said, on the bus it happens quite often. So..."
            }
        },
        "segment 2": {
            "Segment Desc": "Parents' backgrounds",
            "Segment Q&A": {
                "Both sides? Or mostly...": "Yeah. Uh-huh.",
                "What was her maiden name?": "Rerecich. And she... her uncles were fishermen and so they fished right in the Seattle area and up in Alaska. And she met my grandpa, who is originally from Alaska but came to Seattle I think when he was one or two and he grew up in, on Queen Anne. Then he made his way to Bainbridge to be with my grandma and they lived here for a long, long time. And then my mom's side, my grandpa Felix came over when he was eighteen. Actually no, I take that back. He left the Philippines when he was eighteen and then went to work on the pineapple plantations in Hawaii. And then I think he spent two years there and then came into Seattle to work, work on the island for the strawberry farming, but then also in Alaska in the fishing canneries. So he was, I think, on Bainbridge in 1924 or twenty-six or so. And then my grandma Cion came when he went back to visit his family. And then married and came... all four lived on Bainbridge the rest of their lives."
            }
        },
        "segment 3": {
            "Segment Desc": "Grandfather's immigration from the Philippines",
            "Segment Q&A": {
                "Now as far as your grandfather Felix, what do you remember about him when you were younger?": "[Laughs] Papa Fiki?",
                "[Laughs] Papa Fiki?": "Uh-huh.",
                "Can you elaborate more on \"he was a funny old man?\" [Laughs]": "Mostly because of the relationship with... you know, my grandma. He was just... he did his own thing. I don't know. He was just very happy, very happy all the time, very witty. And just, I don't know, would play with us and just... he was just a unique character. He was... I mean, physically, he was really skinny and we always thought that was really funny that he was just our skinny little grandpa. He joked around. He was always very happy and very simple, and just had a good time with his family.",
                "I know you interviewed him when you were in high school, right? Is that right?": "Yeah.",
                "And what do you, what do you remember about what he told you as far Hawaii or coming over here to Seattle and coming to the island?": "There's a couple stories that kind of stick out. Well, one story that I always remember about him and the Philippines, 'cause I, we don't really know too much about what his life was like there 'cause he left at an early age. He left when he was eighteen. But apparently he was a really good swimmer. And I spent a lot of time swimming too, so he would always say, \"You get it from me.\" Because I was good swimmer and a good diver, I guess. And... where was I going with this? You asked, oh, about how he came over, or....",
                "There's a couple stories that kind of stick out. Well, one story that I always remember about him and the Philippines, 'cause I, we don't really know too much about what his life was like there 'cause he left at an early age. He left when he was eighteen. But apparently he was a really good swimmer. And I spent a lot of time swimming too, so he would always say, \"You get it from me.\" Because I was good swimmer and a good diver, I guess. And... where was I going with this? You asked, oh, about how he came over, or....": "Yeah, what do you remember about him in the Philippines?",
                "Yeah, what do you remember about him in the Philippines?": "Oh, that's the one story that I remember is that he's a good, good swimmer. And then he came over for the opportunities in the U.S. A lot of folks were coming over at that time.",
                "Did he say anything about his time in Hawaii, working in the pineapple fields?": "I don't remember that so much. I do remember him talking about being on a boat and feeling very sick. And I asked if he was a little bit scared leaving so early and he wasn't scared at all. It was just what everyone was doing. And he said he went with his friends and... but you know, thinking about it, when you're only eighteen, that's.... especially when travel was a lot different back then.",
                "So what did he do when... when he got to Seattle, what did he do?": "When he came to Seattle, originally, it was for the opportunities that were being advertised in the papers to work in the salmon canneries in Alaska. But then at that time I think there was also the advertisements for farmhands on the fields here. I don't really have too many stories about that time in Seattle. Just that splitting time between Alaska and here and the different seasons.",
                "Did... I know he became a foreman in Alaska. Did he ever talk about how he became a foreman?": "I don't know too much, no. I don't know.",
                "Now when he came to the island, what did he tell you about coming to the island?": "You know, the only really memories that I have is him talking about the, you know, Mama-moto, and meeting the family and he'd talk about working in the farms all day and I don't know about his first experience on the island so much. But I do know that it was to come work on the farms.",
                "Did he, did he talk much about what it was like to work on the berry farms at all?": "Yeah, he would say it was long, long days and a lot of work. And I know that, I mean, from experience, that strawberry picking is not an easy task. And so he wouldn't complain. He would just say that it was a lot, a lot different. And, he would say how the island has changed quite a bit from the farmlands before.",
                "He seemed to have a special relation with Mama Kitamoto. What did he... did he talk about that as far as that? Or did your grandmother ever talk about that?": "Oh yeah. My grandma, when she came over she was one of the first Filipino women on the island, so she said it was a very, very hard time for her because she didn't know where she was going. She was just... she was twenty-one or so and came. She definitely said that Mama Kitamoto helped her out and taught her what she should do when the phone rings, that she should say \"hello.\" Taught her certain phrases early on when they first came. And, so right, so the Kitamoto family is who my grandpa had worked for. And, did you want me to ta'k more about...",
                "...that relationship? Is that?": "Uh-huh.",
                "Now, do you remember your uncle Elalio?": "I don't. No, no."
            }
        },
        "segment 4": {
            "Segment Desc": "The role of the Filipino farmers on Bainbridge Island during World War II",
            "Segment Q&A": {
                "And what did... I know your dad started out keeping the berry farming up, but then during the war, do you know what he decided to do as far as employment and so forth? Not your dad, but I mean your grandfather, sorry.": "My grandpa. No, right, right, I understand.",
                "So I do know that the Filipino Farmers Association was established at that time and it was kind of... what he told me, was this organization to establish some sort of, not camaraderie, but just kind of support where they organized all of their tools and supplies and... but I do know there was sort of a lull during that period where it was just too difficult to maintain. I think maybe one season or two seasons? Do you know? I'm curious. No. But, I mean, initially they were able to maintain the farms. But there was kind of a period where, because of the wartime, that it did fall.": "I think it was hard to find pickers, for one thing.",
                "So when your grandfather came down and then he worked for the Kitamotos and he looked after the farm, did he ever talk about what it was like after the war? After, after we came back?": "In terms of the farming or just in general?",
                "In terms of the farming or just in general?": "Yeah, yeah.",
                "A bit. I remember him talking about how... and maybe that's when more of the Strawberry Hill area, was developed, following the war? Is that correct? I know that there was that lull during the war. And as you said, that's where he learned his skills in the, in the shipyard, when he became an electrician. But, as far as I know, that's when it kind of picked up again, but it never was the same as prior to the war. I know he had mentioned that before, but... I'm not sure.": "Now he also farmed on New Brooklyn, didn't he? And can you tell me something about that?",
                "Now he also farmed on New Brooklyn, didn't he? And can you tell me something about that?": "It's actually, I believe, where our house was built. He had some property up there. And, I'm not sure how many people he had working for him or anything, or how long that lasted. But, yeah, he had some land. And part of it was donated for Strawberry Hill Park, I believe. But I don't know the, the acreage or the details on that. He divided the land between his six kids and so there's all... there's plots of land where the farms used to be up there.",
                "So you have five uncles and aunts?": "One aunt, yeah. Six kids. Two, just my mom and my aunt, stayed on Bainbridge and lived here. My uncle... well I guess he's back and forth too. But two of his kids actually built homes on that land and kids grew up on Bainbridge. Or, grandkids grew up on Bainbridge."
            }
        },
        "segment 5": {
            "Segment Desc": "Working on a memorial for master's project in architecture",
            "Segment Q&A": {
                "Now I understand you're working on a memorial thing for your masters?": "Yeah. I actually, I finished up last June. So this was... yeah, last year I was working on a thesis design project. My site was actually over Wyatt and Weaver and it's the Nakata family's property. The Nakata family owns the Town and Country supermarket and they're looking into creating an organic farm there eventually that would supply the Town and Country Market on Bainbridge. And so I was looking at that site for some type of interpretive -- never really called it quite a memorial -- but kind of a visitors center. But a memorial to the farmers and specifically the Japanese and Filipino partnerships... that were created right around, right around the war. I just got my masters and did complete that project. But it was hypothetical.",
                "What inspired you... what inspired you want to head in that direction for your thesis?": "My grandpfather, actually. I'll tell you the story actually. I was coming home -- this was I believe when I was living in Mexico -- and I came home. It was the summer I remember. And I thought, okay, I'll pick up the Bainbridge Review. And I read an article and it had to do with an island mother not wanting, I believe they were calling it the Leaving Our Island program or the curriculum or unit that was being taught in the middle school. I think at Woodward. Either Woodward or Sakai. And how this unit... they were spending too much time on the subject and for someone who had lived on Bainbridge Island and my grandpa's history and life here.... it hit home. And the Kitamoto family... Mama-moto was kind of like my grandma too. She was always over. So that's initially what sparked the idea, was that the island has changed so significantly and in just my lifetime. I can't imagine how my grandmas -- or the two surviving now -- for them to see the changes. I think it was just this issue of... Bainbridge is now kind of this high end destination spot for developments and everything. And I just thought it would be a great way to help preserve that. The big question was... sustainability is a big buzzword in the building, construction industry, with architects and designers. And I was trying to play with this idea of, well, is it also possible to also sustain the history of the community through this memorial or this center that I was designing. So, that's, that was the inspiration. And also Jones & Jones had designed an actual memorial for the site where the Japanese were physically taken from the island, right at the ferry dock on Taylor Road, the old ferry, ferry terminal. And so I used that as kind of the starting point for my design. I wish I had some... a map or something that I could show you. But, the memorial or the visitor center that I worked on for the Nakata property was more about the return to the land as opposed leaving the land. And so, sometime I'd like to share it with you.",
                "Sure. What, what did you want your design to say to someone who didn't know anything about what went on here?": "In one sentence?",
                "In one sentence?": "Take whatever you want to take.",
                "You said it was hypothetical. What did, what did people that saw it think? Or was there a chance that something like that would happen?": "The feedback?",
                "The feedback?": "Yeah.",
                "What other sites were suggested to you?": "There's one just past Winslow Way, I think Lucy had mentioned it. I'm not quite sure where that's located. I'm sorry I don't, I don't know. I haven't been there or anything. But again, they Wyatt and Weaver site is just...",
                "So, so what did your instructors say to you about your project?": "Well, I worked with two professors for, gosh, six months or so. And they really, really got into it. They helped shape my education so they helped shape the design in a lot of ways with their feedback. But it wasn't just them. I went and visited John Paul and he helped me quite a bit. I met him once a month or once every other month or so. Also, I got feedback from other students of mine. Even just friends that grew up on Bainbridge too. Also from Larry Nakata, he was involved. One of my former employers was really helpful too. It was a lot of fun. Maybe if it does work out down the road, that would be great. But, just the whole process was really great.",
                "So what direction do you want to take your Masters in Architecture in?": "Right now I'm working for an architect in Seattle who mostly does a lot of public work. We're working on a wastewater treatment facility and I'm actually gonna start on a pumping station on Tuesday. Right now I'm just doing that for the experience I think. He was an architect that has been in Seattle for quite a while. And he actually just passed away unfortunately. He was the first African American architect in the Pacific Northwest who really established himself in the area. The type of work that they do, I really enjoy it. It's very industrial and not glamorous work, but I'm drawn to that sort of, sort of work. But then on the other hand, something along the lines of what Jones & Jones and their work... something that has more to do with memorials and museums and that sort of type of work is probably where I'll head next. I'm not too into the high end residential. I spent some time working for an architect that does a lot... has a lot of clientele in that area. And I don't, I don't think that's what for me right now. Yeah, it's fun so far, I like what I do."
            }
        },
        "segment 6": {
            "Segment Desc": "Message for kids regarding ethnic identity",
            "Segment Q&A": {
                "If you had a message for people who are living on the island now, as far as your own experiences on the island and so forth, what message would you like to give them?": "Let's see... in terms of the farming history? Or in terms just the island in general?",
                "Let's see... in terms of the farming history? Or in terms just the island in general?": "How about both.",
                "About both?": "Uh-huh.",
                "Well, I think the farming is so important. Just... I don't think anyone is really aware of kind of the magnitude of how the war changed the landscape of Bainbridge Island. So I mean I would want people to know about that history. As far as a message, I always, I mean... it's really hard. It was really hard to read that in the paper. That someone who, I found out, was not from here.... it's just... I would just hope that people would want to learn more about where they're living, I guess. And not forget, forget to look back, I suppose. And then in terms of the other question... was just more of the island in general, I guess?": "Uh-huh.",
                "Gosh, I'm not sure. For kids growing up on Bainbridge? Oh wow. Enjoy it. [Laughs] Yeah, I don't know. I mean I have cousins that are still in school here. I think it's just a lot different than when I was here, already. And that was ten years ago.": "You know, I've sensed over the years that there've been some conflict between kids that were Filipino and kids that were Indipino. Do you have any feelings about that or any things you'd like to say about that?",
                "You know, I've sensed over the years that there've been some conflict between kids that were Filipino and kids that were Indipino. Do you have any feelings about that or any things you'd like to say about that?": "You know, I'm aware of those sorts of conflicts, but I never experienced it firsthand. The only thing I can really say is, when I was in high school, there was an organization and... I don't know. I mean, sometimes I felt like it was difficult because I wasn't full Filipino, which... I mean I never felt any sort of discrimination or anything. That's not it. But, you know... it's kind of weird because I didn't completely identify with... I, yeah, no. That's not true. I mean, I always felt welcome with other Filipino kids, but it is... I mean and I think a lot of kids go through that maybe. I never had any issues with the Indipinos or Filipino kids that... during my years growing up here.",
                "Now if there was any message that you wanted to give to kids now as far as the kids that are now in Bainbridge High School, and they have that identity problem... was there any message that you would like to tell them?": "Don't get wrapped up in those issues. I don't know, I don't know, Frank. Embrace everyone. I mean, I don't know. I'm the type of person that just... I don't know. If you can, you know, offer me some... something along the lines of friendship or if you're an interesting person, I just... yeah, I've never had issues with others. And again, that's part of the unique situation on Bainbridge Island. But, I guess in recent years I have heard of some racial issues on the island and it's... I guess it's everywhere. I'm blown away by that. It's just... yeah.",
                "What do you... you know there are, sometimes, there are racial issues. What do you, what do you think causes that? Why do you think some people are so stuck on ethnicity or racial problems? Or see that as a negative type thing? Is there any reasons you think?": "Fear maybe?",
                "Fear maybe?": "Fear?",
                "Fear?": "I don't... yeah, 'cause there's both sides. One side is, you have so much pride. Or not.. that's not the right word either. But, you stick to being around your type of people and I think that's a downfall in a sense. 'Cause that's not how this country was founded. And this was just basic, general social issues. But, I kind of felt like, when I was reading this article about this woman that... who was very opposed to this... maybe there was some sort of sense of fear. And that... I don't know what her agenda was. But maybe... I don't know. It's a big question mark. I don't understand. I don't know."
            }
        },
        "segment 7": {
            "Segment Desc": "The importance of family",
            "Segment Q&A": {
                "Is there anything else that's important to you that you'd like to say as far as your family or your relationships with the Japanese community or anything? Is there anything else you'd like to say?": "I'm thankful. I'm mean, I'm very thankful that I had such wonderful grandparents that had a great lifetime here with a lot of great, great friends. Right now it's just my two grandmas that are surviving, both of my grandparents.",
                "That, that's great. Can you think about why you maybe are emotional at this time?": "Oh yeah, like I said, my grandpa just passed away.",
                "My other grandpa. I don't know... I just feel blessed. 'Cause they were both really great. And lived very modest lives, but really great lives. It's amazing, I actually just spoke at the service and there's three hundred something people there and that was kind of the big... the theme of the day. How could someone who wasn't wealthy -- wealthy in terms of material items, and had sort of limited power -- how could he command such a presence at his service? This is my dad's side. My grandpa Fiki was the same way. And... I don't...": "Well, they probably both...",
                "What's that?": "They were both probably powerful internally."
            }
        },
        "segment 8": {
            "Segment Desc": "Thoughts on Bainbridge Island's World War II Japanese American memorial",
            "Segment Q&A": {
                "I've seen a presentation and I've seen the models for it and some plans and renderings and everything about it seems very appropriate. And it's going to be a beautiful, beautiful space in general. I'm not sure. How far are they along? Are they getting closer? Or is it... is there a scheduled opening yet?": "Yeah, pathways and roads are all in. If you haven't been out there, you can go out there on Monday. We're gonna go out there after a luncheon we have. So, but I don't know if that's possible for you. It's at 2:30 or so we're gonna go out there.",
                "You can see what's gone on so far. Do you, do you feel like... one of the things we think is important is to have a section of that memorial, whether it's in the interpretive center or not, on people that helped us during that time and so forth. And, and it seems like almost every Japanese family had some Filipino person looking after their farm and looking after things. And how do you feel about that being part of the memorial and the relationship between the Filipino families and the Japanese families?": "I think it's a wonderful idea. It's very... it's an honor for all the Filipino farmers. I mean, I knew that there was gonna be the visitors center but I didn't realize there was going to be something that was dedicated towards the Filipino...",
                "Well, it's more than a gesture, 'cause it's true. [Laughs] I mean it's obvious that it's, it was very helpful to us. Anything else you'd like to add?": "Sorry, I'm all shaken up.",
                "That's okay. Anything you want to ask me?": "Ask you? Yeah, when is the opening? Is there going to be...",
                "Ask you? Yeah, when is the opening? Is there going to be...": "We're doing it in phases, so..."
            }
        }
    }
}