{
    "Narrator_Name": "Annie Sakamoto",
    "Bio": "Nisei female. Born January 17, 1939, in Los Angeles, California. Given up for adoption after birth, and placed in the Shonien orphange in Los Angeles. After World War II broke out, removed to the Children's Village in Manzanar. Left camp to live with a foster mother in Los Angeles, eventually becoming a registered nurse.",
    "Title": "",
    "Interviewer": "",
    "Location": "",
    "Date": "",
    "Densho ID": "",
    "transcript": {
        "segment 1": {
            "Segment Desc": "An oral history with Annie Sakamoto, an incarceree at the Children's Villag orphanage. The interview was conducted for the Children's Village at Manzanar Oral History Project by California State University, Fullerton. The audio file is found in item: csufccop_cvm_0109. See this object in the California State Universities Japanese American Digitization …",
            "Segment Q&A": {}
        }
    }
}