{
    "Narrator_Name": "Ben Tamashiro",
    "Bio": "Nisei male. Born in 1917 in Hanapepe, Kauai, Hawaii. Grew up in Hanapepe where father worked on a plantation. Volunteered for the army prior to World War II. During the war, reenlisted and became a member of the 100th Infantry Battalion.",
    "Title": "Ben Tamashiro Interview",
    "Interviewer": "Loni Ding",
    "Location": "Hawaii",
    "Date": "March 25, 1983",
    "Densho ID": "denshovh-tben_2-01-",
    "transcript": {
        "segment 1": {
            "Segment Desc": "Memories of childhood in Hawai'i",
            "Segment Q&A": {
                "You started saying, I'd like you to tell us again about, you said when you go to store sometimes you feel very inadequate. Would you tell us about that again, about the picket fence and all that? Tell us that again, tell us that story. And you said when you look at this, you feel very inadequate.": "Yeah, when I see this kind of thing, it kind of shames me, really, that I couldn't even read the wording on my mother's headstone, four-by-four block of wood that represented, that stood on top of her grave. We used to pour water over it and, I guess, rub our hands, say a prayer. But when I think of it now, it was such a beautiful thing, out in the lonely beach side, there's a little cemetery, Japanese cemetery, it was something like this, but it was closer to the beach, so it was sandy out there. But we used to have Kiawe trees like this all around. And hers, somehow I guess my dad built a nice little picket fence, it was painted, I guess, stained green, and there used to be a little latch on it. We used to open the latch and go in and pull all the weeds around that place. Then we used to bring along a gallon of water and pour it over the marker. And I guess the symbolism there is to cleanse the thing and so forth, and then you put the senko and little bowls of rice and oranges and whatever it is. And say our prayers, and then latch it and leave. Now this is a ritual we used to go through every year. I didn't particularly enjoy it, but I used to do it. And now that I'm at this age, I wish I could recapture the whole incident. I wish I had kept that headstone, I wish I had kept that picket fence.",
                "Still had a wooden marker?": "Yeah, wooden marker, to find out what it said. To find out what it said. And, of course, when my dad... she died in 1918... when I was a year and a half, when I was a year and a half.",
                "How old were you?": "Oh, I was probably about six, seven, eight, thereabouts, anyway. And in the interval, while I did not have a mother, I was sent off to live with my aunt in a town called Kalaheo, which is probably about ten miles away. And I remember going to school in Kalaheo as a first grader or kindergarten -- oh, they didn't have kindergarten in those days, we had first grade. So those very first years of schooling, I think I spent with my auntie over in this other town of Kalaheo. Then I guess my father remarried, then I came back to my hometown of Hanapepe, and then I grew up there 'til maybe about when I was twelve, I guess. Then he moved the [inaudible] up on the hill, which is Eleele, which is right next to McBryde Plantation. That's where I spent the rest of my years until I got into World War II in, I think it was 1940. One of the first drafts I volunteered for. And one of the reasons I volunteered for that is because I had a low draft number, and knowing that my time was coming up, I said, \"Oh, well, I might as well get in.\" But I think the bigger motivation in back of volunteering was to get out. I'd been living there for twenty-three years then. I just couldn't see myself being stuck on a planation. I said to myself, \"God almighty, is this the place for me?\" The west end of the Hawaiian chain, you couldn't go any further west, almost, anyway. And even then, I used to dream about the other world outside of Kauai, because I used to do a lot of reading. I used to do a lot of reading. And through that reading, I guess I got some familiarity with the outside world, what some of the things were.",
                "Oh, I was probably about six, seven, eight, thereabouts, anyway. And in the interval, while I did not have a mother, I was sent off to live with my aunt in a town called Kalaheo, which is probably about ten miles away. And I remember going to school in Kalaheo as a first grader or kindergarten -- oh, they didn't have kindergarten in those days, we had first grade. So those very first years of schooling, I think I spent with my auntie over in this other town of Kalaheo. Then I guess my father remarried, then I came back to my hometown of Hanapepe, and then I grew up there 'til maybe about when I was twelve, I guess. Then he moved the [inaudible] up on the hill, which is Eleele, which is right next to McBryde Plantation. That's where I spent the rest of my years until I got into World War II in, I think it was 1940. One of the first drafts I volunteered for. And one of the reasons I volunteered for that is because I had a low draft number, and knowing that my time was coming up, I said, \"Oh, well, I might as well get in.\" But I think the bigger motivation in back of volunteering was to get out. I'd been living there for twenty-three years then. I just couldn't see myself being stuck on a planation. I said to myself, \"God almighty, is this the place for me?\" The west end of the Hawaiian chain, you couldn't go any further west, almost, anyway. And even then, I used to dream about the other world outside of Kauai, because I used to do a lot of reading. I used to do a lot of reading. And through that reading, I guess I got some familiarity with the outside world, what some of the things were.": "Segment 1> - Copyright © 1983 The Center for Educational Telecommunications and Densho. All Rights Reserved."
            }
        },
        "segment 2": {
            "Segment Desc": "Description of hierarchy among plantation workers",
            "Segment Q&A": {
                "What were the lunas like as supervisors?": "Well, in our time, we did not have too much trouble with them. But if we listened to our parents and others talk about them -- well, that's a horse of another color. In the early days, I understand, they used to come around with whips in their hands, and they used to ride horses. The horse itself is a symbolism of power, because nobody else had horses except the plantation managers. So the horse in itself represents power, and they come around and go up and down the fields, see that everybody's working, and crack their whips and so forth. In our time, by the time the '30s, came around by the time we kids used to work in the cane fields, we didn't have that kind of atmosphere. I guess the plantations got a little more civilized, a little more humanity in them, so we didn't experience any of those intense bowing to authority and doing the every move and so forth. We were very much on our own, we were just given a field to hoe, and we just go ahead and do it, wait for the end of the day, and then go on home, wait for the next day to come around. But they were always around, no question about it, always watching us. But unless somebody had a particular [inaudible] against, particularly, a luna, we wouldn't have too much of this confrontation. The confrontation was on the ground between the rats and the centipedes. The fields are full of rats and centipedes, and then battle each other."
            }
        },
        "segment 3": {
            "Segment Desc": "Recreational activities as a child",
            "Segment Q&A": {}
        },
        "segment 4": {
            "Segment Desc": "Making an annual 'tribute' to the plantation luna",
            "Segment Q&A": {
                "Well, we used to have a group of supervisors, they were called lunas. Luna meaning \"high,\" and this is precisely where they were, physically, too. They used to come around on horses, leather riding boots, and leather whips in their hands. And these are all actual symbolisms of power, luna, what it implies. In the old days, according to our folks, it used to be real bad. Lunas used to come around and really whip the workers to get them to do more work out in the hot sun. And when they get into confrontations with the men themselves, they used to run them down with the horses. This is how bad it was. Whip 'em, and, of course, many of them would land in the hospital. But in our time, 1930s, things had improved, of course, and we weren't subjected to this kind of thing, although they were always there. There was no doubt about it; we knew who they were. And to give you an idea of how these things work, for instance, my father was a tailor, and although he wasn't an actual employee of the McBryde Plantation, he still was having his tailor shop on plantation land. So every year he had to make a tribute to the luna. So come New Year's time, he'd tell me to take three of my best chickens, \"Let's bring it up to the luna's home.\" I said, \"What for?\" Well, said, \"Because we've got to do it,\" and I used to object to those things.": "",
                "What do you mean by your best chickens?": "Well, you know, I raised them myself. And I really didn't know how to raise chickens, but like any country boy, you go at it, and pretty soon you have a whole flock of chickens, maybe two dozen of them. But they were my chickens, I raised them myself. So when my father tells me to --",
                "I raised these chickens. They were my chickens. And when my father tells me to take the best one, I objected to this. Why should my best ones be given away? But he insisted on that. So I dutifully catch the three best chickens, get a gunnysack, cut three holes at the bottom, take one of the chickens, shove it down, stick its next out the whole, take the next one and do the same thing until I got three chickens. Then would tie up the bag, then we'd get into my old man's Model T, he used to have an old Model T touring car, and we'd drive up to Mr. English's home, the luna's home, which was just about a mile away. He'd knock on the door, Mr. English would come out, and my dad would make the tribute of the three chickens. And, of course, he'd say thank you and everything, but he wouldn't take it. He'd tell me, \"Oh, take it out to the back, put it in the coop.\" So I'd go back there and I'd see there were these chicken coops, a whole row of them, and they're all stuffed with chickens because the others had already made the same tribute to him. And I'm looking at that thing and I'm saying to myself, \"Now why does he need more chickens when he gets more than he can ever eat?\" And I used to object to this thing. Here's a guy that had all he wanted, now I had to give him three more of my best chickens. That used to make me mad. And, of course, I think one of the other things that used to make me mad was the fact that when we knocked on the door, he would not personally take the chickens himself like you would expect the guy to take a gift, be thankful and everything else. No, he just said, \"Take it to the back.\" And that used to rankle me. But that's how these things worked.": "Segment 4> - Copyright © 1983 The Center for Educational Telecommunications and Densho. All Rights Reserved."
            }
        },
        "segment 5": {
            "Segment Desc": "Coming home to Hawai'i after traveling the world",
            "Segment Q&A": {}
        }
    }
}