{
    "Narrator_Name": "Ben Uyeno",
    "Bio": "Nisei male. Born November 30, 1918, in Yakima, Washington. Spent two years of childhood in Japan. Returned to Seattle and became an active participant in Japanese American community life. Was attending the University of Washington when World War II started. Avoided incarceration with the help of the Friends (a Quaker organization), which hid him and helped him enroll in another university. He eventually entered medical school. Later he became a captain in the U.S. Army and served as a MASH doctor in Korea, where he was trained on one of the first kidney machines. Returned to Seattle and helped pioneer the first kidney dialysis program in the United States. Became the first Japanese American Chief of Staff at Providence Hospital in Seattle. Established a private practice that faithfully served the area's Japanese American community for thirty-two years. Helped establish and develop the Keiro nursing home (now operated as part of Nikkei Concerns).",
    "Title": "Ben Uyeno Interview",
    "Interviewer": "Dee Goto",
    "Location": "Seattle, Washington",
    "Date": "June 1, 1998",
    "Densho ID": "denshovh-uben-01",
    "transcript": {
        "segment 1": {
            "Segment Desc": "Father's immigration story: coming to the U.S. a as a young person",
            "Segment Q&A": {
                "Your father was born when?": "I can't tell you.",
                "But your guess?": "He came over to this country when he was only about twenty.",
                "And that was about 1910?": "1910, 1909-1910.",
                "Why was that?": "Well, because they had no jobs.",
                "Taking pictures?": "Taking pictures for the yearly annual. Mr. Mizuki had a, had a greenhouse, greenhouse in the south end of town on Empire Way, and Mr. Mizukami, he, he started a greenhouse down there in the south end of Fife, and all four of those people have been helping me at Keiro all these years. It crosses over.",
                "So, because whenever I, like one, one Christmas I needed some Christmas trees so I went up to see Ojisan and I said, \"Ojisan, ii koto shite chodai,\" okay? I told him what I need. You can't just have any old Christmas tree, you have to have fireproof. See, I wanted fireproof so ever since then for twenty-one years now, every Christmas I get three Christmas tree, one for the front, front, and one for each floor. I get three Christmas trees.": "So that's from Mr. Mizuta?",
                "So that's from Mr. Mizuta?": "No, Mizuki."
            }
        },
        "segment 2": {
            "Segment Desc": "Father's role as head of a Japanese poetry club",
            "Segment Q&A": {
                "Now what's your father's name?": "Huh?",
                "Huh?": "What was your father's name?",
                "What was your father's name?": "Shigejiro.",
                "So he did belong to a club here?": "Yeah, he belonged to it. He was the head of it. He was a sensei.",
                "What, what was that? Senryuu.": "The senryuu no club."
            }
        },
        "segment 3": {
            "Segment Desc": "Father's life in Japan and immigration to the U.S.",
            "Segment Q&A": {
                "Okay. We were talking earlier, now your father was born around 1890 and in where in Japan?": "Toyama. Toyama, Japan. You know, if you look at Japan, long down the... and then right across, right across is Korea, but the tail of Korea points to Japan. That's exactly where Toyama is.",
                "But was he on a farm?": "He was on a farm until, until he went to high school. They didn't have high school in the (inaka) place so, therefore, he had to come in, come in to Toyama, which is the city. So in order to go to Toyama, he had to live with my mother's family. He, they made arrangements for him to stay there while he was going to high school.",
                "So let's go back now. He came to America, then, when he was about twenty, you said?": "I would say twenty, twenty-one, less."
            }
        },
        "segment 4": {
            "Segment Desc": "Parents' marriage",
            "Segment Q&A": {
                "Now this is when, still when he was single?": "When he was single, yeah. And then, and then a couple years after that, 1914, he made arrangements to get married to my mother.",
                "In Yakima?": "Tossie Yamaguchi. She was his pupil. She said, \"Your father was my Japanese school teacher.\"",
                "So the Japanese set up Japanese schools wherever they went, didn't they?": "Wherever they... I think that's very good, because they didn't want to lose the flavor of being Japanese."
            }
        },
        "segment 5": {
            "Segment Desc": "Born during an influenza epidemic; description of siblings",
            "Segment Q&A": {
                "So, when did your father get married?": "Got married in 1913, I think, because the first baby came in 1914, so can't make it more.",
                "So you were born what year now?": "I was born in 1918, right in the middle of the, middle of the flu epidemic, the pan, pan world flu epidemic, in which so many thousands, millions of people died. And you know, ordinarily if a mother goes into the hospital for delivery, she stayed for two or three days. They, they kicked Mom out in half a day because they said it's too dangerous to be in the hospital because of flu. So that... I found out another thing, too, recently, the fact that the Saint Elizabeth Hospital in Yakima is a Providence Hospital, the one I was, I've been connected with all my life. So, anyway, it kind of runs around. [Laughs]",
                "It does. So then how long did you live in Yakima?": "I lived only eight years. What happened was this, the fact that because Mom and Dad had, had the laundry and it was so busy that they couldn't take care of all four kids so they took the two oldest one and send them to Grandma in Japan to raise.",
                "So you were number three?": "No, I was number four.",
                "But it's not just that, because other people sent them, too. Was it mostly because they were busy?": "Well, they are busy with work or what have you.",
                "But what about preparation to go back to Japan?": "Just ship them. Mother or father went with them, I presume."
            }
        },
        "segment 6": {
            "Segment Desc": "Prewar Japanese American community in Yakima, Washington",
            "Segment Q&A": {
                "So how much of a community was there in Yakima?": "Oh, there were about thirty or forty.",
                "Families?": "Yeah.",
                "Did you all get together or did you have your own ken things there, too?": "They all got together, just to, getting together.",
                "Like picnics?": "Picnic or whatever you want to call it, but most of all I remember is noodles, soba.",
                "So were there other Japanese businesses there?": "There was a couple of hotels.",
                "So does the thirty families include Wapato? That's just Yakima?": "Yeah, well, I think, I think you'd have to increase the number if you include Wapato.",
                "Was there a church there at that time?": "I don't know. I can't remember.",
                "Huh?": "Was there a church there at that time?",
                "A Japanese church?": "I can't remember.",
                "Well, so was it mostly hakujin clientele?": "I think so. You see, all the railroad, railroad laundry came there."
            }
        },
        "segment 7": {
            "Segment Desc": "Moving to Japan at age eight",
            "Segment Q&A": {
                "Did he sell his business?": "Huh?",
                "Huh?": "Did he sell his business to go?",
                "Did he sell his business to go?": "No, he, the business he leased to somebody, but he was going to Japan and get all his money and go into business in Japan. So I presume he went there with the idea of staying there, but he was smart enough to leave himself a little lifeline. In other words, he put enough money aside so all four kids, (Dad) and Mom (...) could come back. So when the time came to do that he had money to get a passage here to this country.",
                "So how long did you stay in Japan?": "Two years.",
                "So did you think of yourself as American at that time?": "More or less, I think. Because I, I only spoke English. But in school -- the two years of school -- I spoke very good Japanese.",
                "Was there, now, maybe in two places, was there prejudice in Yakima?": "No, I never felt it.",
                "But what about going to Japan, since you were American?": "No.",
                "You didn't feel that either?": "No, we didn't feel anything because, you know, it was my brother. My brother was a -- do you know what a gakidaisho is -- toughy. I had to go to school in Japan and if somebody spoke bad to me or pushed me, he go and punch them, punch them in the nose. [Laughs]",
                "So he was already there?": "He was already there.",
                "So how long had he been there?": "Oh, he'd been there about five or six years. He was already in junior high school, and he used to come down and the junior high school was right next to the elementary school so he used to come and beat the whole of them. [Laughs]"
            }
        },
        "segment 8": {
            "Segment Desc": "Memories of living in Japan as a child",
            "Segment Q&A": {
                "So what did you think of Japan?": "Huh?",
                "Huh?": "What did you think of Japan when you went?",
                "What did you think of Japan when you went?": "Well, I had a good time. You know the things I liked most? When they went on outing. About once or twice a month we go on a one-day outing. We'd go out walking or what have you, and I remember, the thing I remember about it most, for lunch, they'd Grandma, Mom, would make onigiri, okii nigiri. I get two of those and then you take that with you and then you get to eat it in between. Onigiri with umeboshi and nori on the outside.",
                "Well, I had a good time. You know the things I liked most? When they went on outing. About once or twice a month we go on a one-day outing. We'd go out walking or what have you, and I remember, the thing I remember about it most, for lunch, they'd Grandma, Mom, would make onigiri, okii nigiri. I get two of those and then you take that with you and then you get to eat it in between. Onigiri with umeboshi and nori on the outside.": "So this was in the Toyama-shi?",
                "So this was in the Toyama-shi?": "Toyama, yeah. Usually a short distance away."
            }
        },
        "segment 9": {
            "Segment Desc": "Attending school in Japan for several years",
            "Segment Q&A": {
                "So did you want to stay there?": "Huh?",
                "Huh?": "Did you want to stay in Japan?",
                "Did you want to stay in Japan?": "No, because what happened. You see, the reason why I went to school is the fact that Pop got sick, Dad got sick, and he had to stay, stay in bed. And it was a prolonged illness, a little over a year, so he said, he said, \"Instead of doing nothing, you guys go to school.\" So all four of us went to school.",
                "So you were there a couple years, right?": "Yeah, couple years. And my brother and my older sister, they were there for eight or nine years, eight to ten years, close to.",
                "So then how come you decided to come back again?": "Because, you see, Father, Father had a business venture. Later on the Japanese had Olympic Games there in 1958 or something. Well, on that Olympic Game they were supposed to have it way back in 1930 or something, but, you see, with all those things happening with the Chinese, that the Japanese invading China and everything else, they refused to give them the Olympic Game. My father had a, and a friend had a good idea that they were going to make apartments or units for dormitory for Olympic athletes, and they bought the property, and they're building, going to build a, build a dormitory space. Well, when the, when the Olympic Committee refused to give the permit to have Olympic game in Japan that folded so, therefore, he came back. On top of that, I got sick so, therefore, he decided kaero, so he came back.",
                "We were talking about your period of time when you were in Japan, okay, and that was a couple years, around 1925, '24?": "1927 to '29. You see, I was, we just got there in 1927 when this present emperor was born. They had a great celebration for that male heir. I remember that was a good time. I had a lot of fun.",
                "Uh-huh. So Hirohito's son, huh? Akihito, is that what his name is? Akihiro?": "Not Hiro, Hito. Akihito.",
                "Akihito, uh-huh. And then you decided to come back to the United States why?": "I didn't, my dad did. My dad said we're going back, so came back after two years.",
                "And you didn't mind?": "I didn't mind, neither did my brother, neither did the brother and sister that was there from before."
            }
        },
        "segment 10": {
            "Segment Desc": "Difficulties as a foreigner in Japan",
            "Segment Q&A": {
                "Why did, why did you think coming back was good?": "Well, coming back, you had all your school friends and all that.",
                "And so were you a foreigner there in Japan?": "Huh?",
                "Huh?": "You guys must have been bullies, too.",
                "Were you a foreigner in Japan?": "Yeah, well, they treated you like foreigners.",
                "What do they do to treat you that way?": "Ignore you or they beat you up.",
                "Fist fight?": "He just slapped him and hit him around. You see, he was taking kendo too, so he uses anything that, anything that hurts. But, you see, in school there is always what they call gakidaisho, bully, and he was, Numa was one of the bullies. And the bad part about all that was the fact that I'm looking at it backwards now. You see, Mother, when she took us, she took only American clothes back to Japan, no Japanese clothes or things that Japanese citizens wear. So I was wearing American clothes, Amerikajin, so they used to pick on me, beat me up. So, anyway, that's the life we lived back there, yeah.",
                "The girls, too?": "Huh?",
                "What did they do to the girls?": "Girls? I don't know about the girls, but girls -- I'm not so sure whether Hanna had more, more American clothes like I did. May have, but, you see, girls are a little bit different, I guess. Anyway, because she was a good, good athlete and she became top gal in the track team. She was, she was the best athlete in the whole state, the Yoshia state, Toyama-ken. She became number one, number one athlete in the ken. So I suppose that kept them off her back.",
                "Girls? I don't know about the girls, but girls -- I'm not so sure whether Hanna had more, more American clothes like I did. May have, but, you see, girls are a little bit different, I guess. Anyway, because she was a good, good athlete and she became top gal in the track team. She was, she was the best athlete in the whole state, the Yoshia state, Toyama-ken. She became number one, number one athlete in the ken. So I suppose that kept them off her back.": "So when you guys got in trouble like that, what did your parents say?",
                "So when you guys got in trouble like that, what did your parents say?": "Well, actually they never said a thing because Tom was taking care of it, my brother.",
                "So what does a Kibei think?": "Kibei... my mother had, my brother had no objections about invading, invading China, Manchuria, and Korea because 1910 Japan invaded Korea and took over Korea. So there was friction anyway, but, but then Korea, they took over Korea so that was good for them. So my brother, Tom, and the rest of the gang never thought nothing of it, I don't think. He never said anything.",
                "So you say being Kibei means that you learn how to be militaristic?": "You learn to be Japanese and in Japanese you follow what the leaders say.",
                "And Japanese is the superior country?": "So they think, but that isn't always true.",
                "But that's what they thought?": "Yeah."
            }
        },
        "segment 11": {
            "Segment Desc": "Attending grade school",
            "Segment Q&A": {
                "What did I do?": "Right. So where did you come?",
                "Right. So where did you come?": "I was born in Yakima, 1918.",
                "So then you were about fifth grade then, sixth grade?": "Fifth grade, yeah.",
                "And you went to Summit School?": "Yeah, Summit School. You know Summit School?",
                "Yeah, Summit School. You know Summit School?": "Uh-huh.",
                "That where you went?": "I didn't go there, but I live near there.",
                "So were there Japanese people at Summit?": "I don't remember any, but Broadway there was 500.",
                "So then your friends were hakujin friends when you came back here?": "Yeah, I had a bunch of hakujin friends, but not very many because, well, all during my high school days and college days, my best friend was a hakujin man, guy, fellow. I used to have, in order to make extra money, I used to deliver newspapers, but some of the time I couldn't deliver it because I'm sick or I'm going somewhere. He would deliver it for me."
            }
        },
        "segment 12": {
            "Segment Desc": "Prewar activities for Nisei in Seattle, Courier baseball league",
            "Segment Q&A": {
                "So you delivered newspapers and then... so then your friends were, friends were like hakujin friends?": "Hakujin or...",
                "But then did you go, here, when you came back here did you socialize with the Japanese community again?": "Yeah, because we went into sports and then Boy Scouts.",
                "Boy Scouts where?": "Came back and I went to Baptist church, Troop 53 Boy Scouts.",
                "That was all Japanese?": "Yeah, all Japanese. And then the Courier League baseball team, league, was all Japanese, and I went and played baseball. You know what? One thing that the Isseis did for us, they said that, \"We're going to get athletic league, baseball, basketball, football, so you keep busy.\" The young people will be so busy they can't get in trouble, which is true. Back then they said Japanese is exemplary group, ethnic group, they never get into trouble. Well, that's fine for that period, but now we have to reestablish that thing. The Sansei thing that we talked about, we're trying to, I'm trying to get an athletic league started to keep these kids busy, keep them out of drugs, and having too much time to get in trouble because one of the thing that we have to worry about the Sansei is the drug scene. There is a lot more Nisei, Sanseis and Niseis into the drug scene than you will know. Most people do not know this. All you have to do is go up to the methadone clinic up on Thirty-fourth and East Union. Out of the fifty or sixty kids that go up there every day for their methadone dose, thirty-some odd are Nihonjin.",
                "Yeah, all Japanese. And then the Courier League baseball team, league, was all Japanese, and I went and played baseball. You know what? One thing that the Isseis did for us, they said that, \"We're going to get athletic league, baseball, basketball, football, so you keep busy.\" The young people will be so busy they can't get in trouble, which is true. Back then they said Japanese is exemplary group, ethnic group, they never get into trouble. Well, that's fine for that period, but now we have to reestablish that thing. The Sansei thing that we talked about, we're trying to, I'm trying to get an athletic league started to keep these kids busy, keep them out of drugs, and having too much time to get in trouble because one of the thing that we have to worry about the Sansei is the drug scene. There is a lot more Nisei, Sanseis and Niseis into the drug scene than you will know. Most people do not know this. All you have to do is go up to the methadone clinic up on Thirty-fourth and East Union. Out of the fifty or sixty kids that go up there every day for their methadone dose, thirty-some odd are Nihonjin.": "No kidding.",
                "So you think that the Issei back then -- we're talking about the early '30s -- they had this vision that they needed to work with the young people?": "They did. I got to know Jim Sakamoto and he interviewed me on two, three occasions, partly when I graduated high school and then after I went to college, and we were talking about these things because he was talking to me to educate me, but also to get me to help. He says, \"If you don't keep the kids busy doing something useful or something they like, they're going to get into things that they're not supposed to.\" You see, he spent a lot of his life in New York City, Jim Sakamoto, and he was a boxer. The reason why he became blind was because he got poked in the eye so much that he lost his eyesight. Anyway, so...",
                "He did. James Sakamoto was great. He did things that no one else did. The Japanese Chamber of Commerce did, too, but he was personal. He'd call you into his office and talk to you. So that another way he was trying to make it personal for him and you. The Japanese Issei people, a lot of them, they were great because know what the Nisei, Issei males what they did? Every Sunday, Saturday and Sunday, they go to different ball fields, like Columbia Playfield always had a game, Broadway Playfield always had. So they all, hundreds of them would come and watch them play. In other words, they are supporting the effort that you put in, and the newspaper did a great thing because I was watching. Every week I'd, I'd watch watch the...": "This is the Courier?",
                "This is the Courier?": "Watch the Courier League, watch your, watch your batting average. The thing about the batting average that is so fascinating was the fact that at the time when the FBI investigated all of us, that character, that character that investigated me knew exactly what my batting average was. They told you, \"Hey you, your batting average is too darn low so don't remember. Forget it.\" [Laughs] I never thought about this for fifty years, but I was thinking about it right now. He told me I was .225 or something. [Laughs]"
            }
        },
        "segment 13": {
            "Segment Desc": "Restricted from high school debate, Trianon ballroom and the Paramount Theatre",
            "Segment Q&A": {
                "And one of the things you asked me, \"When did you notice you had intolerance in the American community?\" You know, they still have Daughters of the American Revolution. They sponsored, sponsored in high school, high school time a debate. You supposed to go to this meeting and each would get a note as what subject matter you are supposed to write on or talk on. You know what, as soon as I got there, those characters went in a huddle, and they eliminated me right off the bat. They said, \"No Japanese.\"": "No kidding? This is in high school?",
                "No kidding? This is in high school?": "Huh?",
                "Huh?": "What did you think when they did that?",
                "This is in high school?": "This is in high school. I tell you where they had the thing, they had it at the Cornish... not Cornish, Cornish School auditorium. That's where we were supposed to have it.",
                "So what did you think?": "Huh?",
                "What did you think when they did that?": "Well, I raised hell. [Laughs]",
                "No kidding? Really?": "Yeah, they told us that. One day they did that to us at Paramount Theatre, too. But you see, we just want to just go up there in the balcony and listen to it. This happened more than once. So I said, that I tell Ruth and the rest of the people, \"You don't know what it is to be intolerant because they didn't do that to you girls,\" maybe because the girls never got to go there and listen. But before the war, even before the war -- war was 1941 or '40 -- they still had the problem."
            }
        },
        "segment 14": {
            "Segment Desc": "Excellence in education, \"B\" grade not acceptable",
            "Segment Q&A": {
                "Well, I liked all the biology, sciences, and math so I did very well. You know what? We had three high schools: Franklin, Garfield, and Broadway. Every one of those schools, the top ten students were all Japanese.": "Even at that time?",
                "Even at that time?": "Even at that time. Right now what do you think the top students are? Vietnamese. In other words, minorities have to excel in order to get somewhere.",
                "Even at that time. Right now what do you think the top students are? Vietnamese. In other words, minorities have to excel in order to get somewhere.": "Did you feel like you needed to excel?",
                "Did you feel like you needed to excel?": "Yeah, I needed to be top dog, top, number one. And we were.",
                "This was on your own or did your parents say anything?": "No. I'll tell you the funny thing about whenever I get all A's and all that, my father and mother never tell that you did well or something. The only time you hear from them is when you get a B or a C or something else, they'd let you know that that's not acceptable.",
                "What did they say?": "They, they take privileges away from you. [Laughs]",
                "Huh?": "You travel all over?",
                "Like?": "Like going to baseball game or something because my dad is a baseball fan. So he used to take me on Fourth of July and on Labor Day, he used to take us two days, two days of baseball game.",
                "Does he close the dye works or does he leave that to your mother? [Laughs] (Narr. note: Father was operating a dry cleaning shop at the time, not a dye works.)": "No. We just left on, left on Friday and came back on Sunday.",
                "And you travel all over?": "Huh?",
                "You travel all over?": "Yeah, traveled Seattle to Yakima."
            }
        },
        "segment 15": {
            "Segment Desc": "Issei-Nisei values: keeping the young people busy, support for the Courier League",
            "Segment Q&A": {
                "So did you belong to one of the clubs, then?": "No. I was batboy for the Wapato Taiyo club.",
                "But you did play baseball and what was that?": "I played baseball in the Courier League, the Waseda Club.",
                "The Waseda?": "The Waseda Marmot. Marmot was just the name of our individual team.",
                "I don't understand. Why would you get a glove?": "Because you didn't like dentist and you raise hell, so, therefore, you got a, you got a --",
                "Now, what did he do?": "What he did, he went and put up money as well as to get other people to donate money so that one Sunday there was twenty-five boxes and we, each of us got a box. He knew how big you are, you are seven years or six years or so, so that we each got one that we can wear, and then we got a tennis shoe. So Mr. Yano, Yano give this because he was also baseball fan, too, but more than that, he wanted the Sanseis or us guys that were playing, play equal with the hakujin guys. He didn't want us to look shabby playing in the hakujin place and then playing a hakujin team. So I think it was pride more than almost anything else that made him do it, but also he knew that the rest of the, rest of the group were not as well-off as he is. He had just right around the corner here, he had a butcher shop and so that's the way it was. He was a good man.",
                "Huh?": "Does that come from Japan?",
                "Does that come from Japan?": "I'm not so sure. I think it was because here in this country they all got together because they're lonely. Like say, they had undokai, athletic event, and picnic up at Jefferson Golf, up there, up at Jefferson Golf Course. That was well-attended. The whole town attended that and they all looked forward to it every year. We did. And it was fun. But also in fun and everything else, but it also brought the community together that's why that Courier League worked so well because you already have, have something together."
            }
        },
        "segment 16": {
            "Segment Desc": "Community organizations: Nikkeijinkai and kenjinkai",
            "Segment Q&A": {
                "So what role did, like, the Nikkeijinkai play?": "Huh?",
                "Huh?": "Like the Nikkeijinkai.",
                "The kenjinkai? I don't know what role, but it brought the leaders together in Nikkeijinkai. My good friend and surrogate father is named Kubota, H.T. Kubota. He was in the middle of all of it. You ever hear that name, Kubota?": "Oh, yeah. I mean, he had the paper, right?",
                "Oh, yeah. I mean, he had the paper, right?": "Yeah, he had newspaper and he bought a lot of property and so on. Most of the stuff that they do in Buddhist church, he was the one that contributed.",
                "-- that there was a requirement that the Japanese register?": "Yeah."
            }
        },
        "segment 17": {
            "Segment Desc": "Developing an interest in medicine",
            "Segment Q&A": {
                "Okay. Let's, what about the microscope?": "The microscope. Remember I was telling you that Father did one year of houseboy work at Dr. Kitasato, who was famous, world famous bacteriologist.",
                "This was when your father was young?": "Yeah.",
                "In Japan?": "Yeah in Japan, and he spent one year after he left high school, he went to Tokyo and became a houseboy with Dr. Kitasato. And then, and then back here when I was going to grade school and I professed an interest in science. And when I went to high school the year afterwards because I had a lot of projects I wanted to do and I needed a microscope so I egged him a little bit and finally, finally he gave me $283 to buy a microscope. And I got that and I had a lot of fun with it.",
                "Like you were what year in high school?": "I was starting in freshman, freshman, sophomore in high school.",
                "So did you know you were going to go into medicine by then?": "By then I knew I was going to be a doctor. Only one out of that class, the class of 500 and something, that got to be what he was going to be, what he wanted. That year that annual, the school annual put down, each one they put down, \"Going to be this.\" And looking at the whole thing, I'm the only one that ever got to be what I wanted to be.",
                "No kidding? This is at Garfield?": "No, Broadway, Broadway High School. Broadway is an interesting place. They still got a Broadway Alumni Association and each year they give eight or nine thousand dollars to scholarships to the community college. Thinking about all that, you know, those are the little things, little by little, that influence you in how you behave or act in later life."
            }
        },
        "segment 18": {
            "Segment Desc": "Prewar discrimination, difficulties getting into medical school",
            "Segment Q&A": {
                "Did you ever think of going anyplace else?": "No, I really haven't because, you know, funny, athletics is a funny thing. I used to go see the Husky football team every, every fall.",
                "Even before you got into the U?": "Yeah, yeah. And then, and then afterwards I came back. I didn't go to medical school here, I went to New York.",
                "Well, okay. So you went to the U and so you were in pre-med at the U?": "I was in pre-med, yeah.",
                "Okay. So was there any problem of getting into school at that time being Japanese or anything?": "Yeah, couldn't get into anything. I applied to seventy-two schools.",
                "This is later in medical school?": "But still, still we were all concerned about getting in. In fact, they weren't very favorable. We had what we call Pi Mu Kai, which is a pre-med club. I was getting kind of disgusted because all the kids I tutored to go take the exam, what they call pre-med exam, they all passed, and they all went to med school, but I never did. There weren't that many, there weren't that many Niseis taking pre-med. Very few of them got into med school, so it isn't just me. And then, then at the end of the, beginning of the war, the Quaker people helped us, these Japanese. They picked out ten, ten students that were doing pretty good and said, \"Will you go to Moscow, Idaho, if you, if you are admitted there?\" And said, they told, they gave us a big pitch about, \"Camp isn't going to do you any good. It's going to be a waste of time so you better do something so we'll do it for you if you'll go.\" So I said okay, we'll go. So ten of us did. But when you got to Idaho, it was just the wrong time because they had the Bataan death march in Philippine Island and a lot of the, just the fact that the National Guard, Idaho National Guard, was there and a lot of them died. So the governor there said, \"We can't possibly let these saboteurs come to our public state-backed university,\" so they kicked us out. And then the Quakers again took ten of us and said, the women, we're going to put them in jail for as long as we need it so they put them in jail. So the rest of us boys, we got shipped out to Quaker families and all that, and we had to do a little work and whatnot until about ten or twelve days later on, they got us into Pullman.",
                "But still, still we were all concerned about getting in. In fact, they weren't very favorable. We had what we call Pi Mu Kai, which is a pre-med club. I was getting kind of disgusted because all the kids I tutored to go take the exam, what they call pre-med exam, they all passed, and they all went to med school, but I never did. There weren't that many, there weren't that many Niseis taking pre-med. Very few of them got into med school, so it isn't just me. And then, then at the end of the, beginning of the war, the Quaker people helped us, these Japanese. They picked out ten, ten students that were doing pretty good and said, \"Will you go to Moscow, Idaho, if you, if you are admitted there?\" And said, they told, they gave us a big pitch about, \"Camp isn't going to do you any good. It's going to be a waste of time so you better do something so we'll do it for you if you'll go.\" So I said okay, we'll go. So ten of us did. But when you got to Idaho, it was just the wrong time because they had the Bataan death march in Philippine Island and a lot of the, just the fact that the National Guard, Idaho National Guard, was there and a lot of them died. So the governor there said, \"We can't possibly let these saboteurs come to our public state-backed university,\" so they kicked us out. And then the Quakers again took ten of us and said, the women, we're going to put them in jail for as long as we need it so they put them in jail. So the rest of us boys, we got shipped out to Quaker families and all that, and we had to do a little work and whatnot until about ten or twelve days later on, they got us into Pullman.": "Segment 18> - Copyright © 1998 Densho. All Rights Reserved."
            }
        },
        "segment 19": {
            "Segment Desc": "Reaction of non-Japanese Americans to the bombing of Pearl Harbor: refused service at restaurant",
            "Segment Q&A": {
                "Oh. Well, so what time are we talking about?": "You see, they picked us out in May. You were supposed to go to Puyallup on the 20th, twenty-something, of May.",
                "And what was your feeling?": "It was terrible. I tell you exactly where we were. My brother and I were down, down there at the public library studying. You know why? You see, we didn't have room enough at the house where we were living. There was four, four kids and mother, and father so six were living in the back end of the dry cleaning place.",
                "It was terrible. I tell you exactly where we were. My brother and I were down, down there at the public library studying. You know why? You see, we didn't have room enough at the house where we were living. There was four, four kids and mother, and father so six were living in the back end of the dry cleaning place.": "Oh, you were living behind your business.",
                "And that's where you were?": "That's where we were when the war started.",
                "Did you know the war might come?": "Well, no, I didn't know the war was going to come, but sure found out in a hurry because two things happened: one, the hakujins all ignored you. They looked at you, gave you a dirty look, and when we found out, we left, we left the building to come back home. And then first thing, though, there was a place we used to always get hamburger because it's only ten cents so we came out to hamburger and they wouldn't serve you.",
                "No kidding?": "Yeah.",
                "So what did you think might happen to you?": "Well, he says, \"They can't do anything to us, we're American citizens,\" that's what he said. That's what I was telling my brother. My brother, who's Kibei, said, \"No, no.\" Kibei, he is going to be ostracized anyway. As long as they know he is Kibei, they'll put him in somewhere. But, anyway, it's only February when the, when President Roosevelt wrote the edict."
            }
        },
        "segment 20": {
            "Segment Desc": "Early student relocation with the Quakers",
            "Segment Q&A": {
                "And then ten of you got picked out?": "Yeah.",
                "Okay. And so who did this? Was Floyd Schmoe involved?": "Floyd Schmoe, Floyd Schmoe and Dr. O'Brien. Dr. O'Brien was a professor of sociology or anthropology, and Floyd Schmoe was a minister, Quaker minister.",
                "Okay. And so what did they tell you to do?": "They said, \"You'll waste time going to camp.\"",
                "Well, that part, but as far as getting ready to go? So you just...": "No, we just got, we just got one hour or less to make up our mind.",
                "Oh, and so then they picked you up in a van or car?": "No, no.",
                "How did you go?": "We had to get there ourselves.",
                "Oh, get to Moscow yourself?": "No, no, no. We had to get to the railroad station.",
                "So how did you get there?": "On a train.",
                "No. To the railroad station, 'cause it was curfew, right?": "Yeah, curfew. My friend, talk about Yano, George Yano, the son who is my best friend, he took -- he is the only one that had a car so he took me to the railroad station after curfew.",
                "So did you, how did you go then? I mean...": "In a car.",
                "You weren't picked up?": "In his car after curfew and got picked up.",
                "So you didn't have to hide or anything?": "No, no, I didn't. Not there. But we had to hide after we got to Moscow. We went to a farmer's house.",
                "Okay. And so what happened in the train?": "Nothing happened in the train. After we got to Moscow, that's when they refused us.",
                "Okay. So you got off the train and who met you?": "Well, one of their officials. Moscow.",
                "The Friends?": "No, University of Idaho official.",
                "So how did you do, how did you hide?": "Well, the different one, the two of the girls went to jail and got, stayed, stayed in jail for ten days.",
                "And that was better than other places? [Laughs]": "Well, they said that it takes too much work to look after two girls on a farm.",
                "A Quaker farm? Okay.": "Quaker farm, preferably."
            }
        },
        "segment 21": {
            "Segment Desc": "Exposure to farming life",
            "Segment Q&A": {
                "Huh?": "You had to kill some chickens."
            }
        },
        "segment 22": {
            "Segment Desc": "Attending Washington State College",
            "Segment Q&A": {
                "And then so you were on campus there?": "Uh-huh, yeah.",
                "June. And then you went to Washington State and then what happened?": "Washington State, because you're not home and you have no money so you got to work. In the beginning I worked for twenty-five cents an hour scrubbing walls and scrubbing floors, what have you. But then, then I got an eight hour a day job the following fall.",
                "Were you going to school?": "Going to school, going eight hours, working eight hours, because you had to have money in order to afford your dormitory or your... most of the time it was nice because you see, Washington State is a college town so there is a lot of single rooms in families. They rented them out.",
                "So you stayed with a family?": "Yeah, I stayed with a family. I can't remember the name of the family, but they were very nice to us. And that's where, that's where I met my brother-in-law. Ruth's brother was there, was there at Pullman, too.",
                "He was one of the ten?": "He wasn't one of the ten, but he got somehow pulled in. So we were there.",
                "What was his name?": "Byron.",
                "Ruth's maiden name was what?": "Yoshino.",
                "Okay. Now this is, we're talking about Ruth, your wife, but we'll get to that in a little bit. Okay. So you were at Pullman and you were taking still pre-med?": "Huh?",
                "Huh?": "You're still in pre-med?",
                "You're still in pre-med?": "Still in pre-med.",
                "And how many years did you have left?": "What I did was, might as well do something so I took three years of post-graduate work in pharmacology. I forget why [inaudible] but I took pharmacology."
            }
        },
        "segment 23": {
            "Segment Desc": "Receiving a draft deferment to attend medical school",
            "Segment Q&A": {
                "Okay. So in the meantime, were you applying for med school?": "For the first two years I applied and I got disappointed, and then you had to pay $25 every time you send in, send in the application. And I wrote on there and I said, \"If you're not going to consider me on equal with all the others, don't bother sending me an application back.\" There was one, one doctor from West Virginia. I think his name was Jordan. He was a hematologist. He says, he wrote me and he handwrote this letter and he says that, \"Wars don't last forever. If you want to, if you want to go to medical school after the war is over, write me a letter, and I will seriously consider it,\" because my grades were good. They were better than most of 'em. So that's the only letter that made me feel good, that this professor, a dean of the med school in West Virginia, was good enough to write a letter, but all the others said, \"No.\" Then the last year I was there, one month before, before I was going to go into the army because the army drafted me about '43, '44, and they gave me, they told me to get a physical, which I did, and then they went to... they said, draft board says, \"Well, you're going to advanced basic training and then you'll be in the army.\" But I decided well, I'll try this one. Found out about this private medical school in Rochester, New York, so I applied there and three weeks I had an acceptance. So I took the letter to the draft board, and they gave me a deferment to go to medical school.",
                "No, but what did you say to them? You were telling me you convinced them that they would be better off.": "Yeah, better off if they -- doctors were very badly necessary. They needed a particular, they didn't understand that they are going to get into the Korean War. So that I finished medical school and then they were going to ship me directly out to, to Korea, and I told them, \"You know what? You'd be better off if I went to internship. I'd be more trained.\" They said, \"You're right. Okay. We'll defer you for two years,\" because it's unusual that you're a intern for two whole years, but my school was a little different. My school was kind that was trying to make the best family doctors they could find. I mean, that was the orientation.",
                "Yeah, better off if they -- doctors were very badly necessary. They needed a particular, they didn't understand that they are going to get into the Korean War. So that I finished medical school and then they were going to ship me directly out to, to Korea, and I told them, \"You know what? You'd be better off if I went to internship. I'd be more trained.\" They said, \"You're right. Okay. We'll defer you for two years,\" because it's unusual that you're a intern for two whole years, but my school was a little different. My school was kind that was trying to make the best family doctors they could find. I mean, that was the orientation.": "This was in Rochester?",
                "This was in Rochester?": "Yeah, medical school. Dr. John Romano, who was my boss, he's a psychiatrist. But anyway, he arranged with me that I can use force with the draft board so they let me have two years training, but with the understanding that, \"More likely you'll be going, at the end of the two years, you'll be going to Korea.\" Okay. But, anyway, so that I stayed in Rochester for two more years for a total of six."
            }
        },
        "segment 24": {
            "Segment Desc": "Medical residency work in various hospitals",
            "Segment Q&A": {
                "And then about the end of, end of the time I was finishing my internship, I got a telephone call from a guy by the name of Bob Bruce. Bob Bruce was from Rochester, but had came to the UW and UW had started a medical school, and he called me and says, \"Why don't you come home?\" he told me. I said, \"Oh?\" Said, \"All right.\" He said, \"I'll appoint you as one of the medical residents with the UW medical school.\" And then he said, \"You finish that and you finish what you have to do and then you can come back and become my cardiac fellow in cardiology.\" So, hey, that sounds good. So I came, I came here and as soon as I got here, they're after me already to the draft. So that after I finish, finish my first year in what they call medical residency, which is a specialty training period, they, they ordered me to get to basic training and then go directly on to Korea, but I got, I got deferred the one year again because I had training. And I tried to use the same thing: if you got more training, you'll be more useful. And then I was supposed to go September 1. On September 1 it was predated that you were already in the army around the 25th of August. I blossomed out with jaundice and hepatitis, so, therefore, they said, \"Okay. We got to put you in the hospital.\" So I got put up in the Madigan Army Hospital and I stayed there five months.": "",
                "What years are we talking about?": "We're talking about 1944.",
                "And so then is it 1950 by the time, August, that we are talking?": "Yeah, we're talking about August, '51.",
                "So how do you think you got the hepatitis?": "Well, I know that because at the, at the hospital we had two patients that worked at the blood bank. Both of, both of them had severe hepatitis and both of them died. So they were my patients by choice or otherwise, but I must have stuck myself somehow. You've heard of hepatitis B? I had hepatitis B, that's why I got deferred for that thing.",
                "Well, I know that because at the, at the hospital we had two patients that worked at the blood bank. Both of, both of them had severe hepatitis and both of them died. So they were my patients by choice or otherwise, but I must have stuck myself somehow. You've heard of hepatitis B? I had hepatitis B, that's why I got deferred for that thing.": "Segment 24> - Copyright © 1998 Densho. All Rights Reserved."
            }
        },
        "segment 25": {
            "Segment Desc": "Getting married",
            "Segment Q&A": {
                "This is in Cleveland, right?": "Cleveland, Ohio.",
                "So then she stayed here while you went to Korea?": "Yeah, right. She stayed, she stayed here or in Cleveland when I went to Korea.",
                "Was she here when you came to the residency, then you were married already?": "Yeah, we were married already. We got married --"
            }
        },
        "segment 26": {
            "Segment Desc": "Military service during Korean war: working in a MASH unit",
            "Segment Q&A": {
                "So what city was that in?": "Huh?",
                "Huh?": "What city was that?",
                "What city was that?": "This was all of Korea so that the army was, was in charge of it. And one of the problems that the army had, also one of the syndrome that occurred with hemorrhagic fever is they go into kidney failure. That's why they came to us because we had the kidney machine, and then, because I was the one of only two internists. They put all the problems in our lap and said, \"You learn how to run that machine.\""
            }
        },
        "segment 27": {
            "Segment Desc": "Memories of working in a Korean family clinic during the Korean war",
            "Segment Q&A": {
                "Were these American nurses?": "Huh?",
                "Huh?": "American nurses?",
                "American nurses?": "No, no. These are Korean, Korean nurses because they had a lot of casualties so, therefore, they had a lot of families with orphans. And I managed to furnish the food to the barrel, fifty pound barrel of dried milk. I don't know if they ever use the gallon, fifty gallon barrel, of salted wieners. I never ate a salted wiener in all the time I was there. We used to always get salted wieners, but I never ate any. And then we'd get antibiotics and everything else and bring it with us. It was a lot of penicillin. So that, so that at least to the Koreans, I did a lot of good. When I got finished with Korea, the Korean military gave me one little piece saying, \"Thank you for all the things you did.\" That's it."
            }
        },
        "segment 28": {
            "Segment Desc": "Starting medical practice in Seattle",
            "Segment Q&A": {
                "So when did you open your office?": "Huh? Yeah, before I could open my office.",
                "Huh? Yeah, before I could open my office.": "So what year was that, then?",
                "So what year was that, then?": "1955. No, wait a minute. Excuse me, 1957. So it took me nineteen years before I opened the office. Ruth's complaint was gee whiz, you told me we'd be all right and raising a family and all that after, after about seven or eight years, but it took me nineteen years of training in post-graduate training in order to open an office.",
                "So where did you open your office?": "Right here. Well, it was right here, Fourteenth Avenue and Yesler. I opened an office and I stayed there for one year and then...",
                "So how come you opened it there?": "Huh?",
                "Huh?": "How come you opened it there?",
                "How come you opened it there?": "This dentist, the family had an open office there so I stayed there for one year. And then, and then this corner here, you know where State Drug Store was? Right next door was open and Lonnie Saiki, who built the building, asked me if I wanted to come in and start an office there so I said, \"I'd like that. That would be nice,\" so I went there and I stayed there for thirty-two years.",
                "This dentist, the family had an open office there so I stayed there for one year. And then, and then this corner here, you know where State Drug Store was? Right next door was open and Lonnie Saiki, who built the building, asked me if I wanted to come in and start an office there so I said, \"I'd like that. That would be nice,\" so I went there and I stayed there for thirty-two years.": "Segment 28> - Copyright © 1998 Densho. All Rights Reserved."
            }
        },
        "segment 29": {
            "Segment Desc": "Pioneering kidney dialysis program",
            "Segment Q&A": {
                "So what were your thoughts at that time as far as your practice goes?": "Practice? As long as I was with, with the kidney team. In the very beginning we didn't have a kidney center where they did dialysis so you had to go to a hospital to get the dialysis. So I used to go all over the city of Seattle, and it took twelve hours to dialyze and break it down and bring it back here. So we couldn't, I couldn't open an office so I closed the office while I was doing dialysis. But the bad part is I never got paid for any of the things I did by research or otherwise. So two years I was out of commission.",
                "Practice? As long as I was with, with the kidney team. In the very beginning we didn't have a kidney center where they did dialysis so you had to go to a hospital to get the dialysis. So I used to go all over the city of Seattle, and it took twelve hours to dialyze and break it down and bring it back here. So we couldn't, I couldn't open an office so I closed the office while I was doing dialysis. But the bad part is I never got paid for any of the things I did by research or otherwise. So two years I was out of commission.": "Even after you opened your office?",
                "Even after you opened your office?": "That's right.",
                "So what kind of hours did you have at your office, then?": "The office didn't have any office hours while I was doing dialysis in the hospitals.",
                "So that was around '57? Never got paid.": "Huh?",
                "Huh?": "We're talking about 1957.",
                "And the dialysis was like at Providence or the University?": "Providence, Swedish, Virginia Mason, Harborview, everywhere.",
                "Well, so who supervised this whole thing?": "My boss.",
                "Who was that?": "Dr. Belding Scribner.",
                "And he was, his office was where?": "He was the Professor of Nephrology at the University of Washington Medical School.",
                "So were some of those patients that were in dialysis your patients?": "No, not many. Most of them came whoever had problem.",
                "And what did that entail?": "That entailed watching that machine for ten hours. [Laughs] And the only other job I had, I was -- did you see that the Times... Life Magazine, which they had ten guys, ten guys with hoods on making a decision as to whether this person gets on dialysis or not. It means either you live or you die. I was one of those ten guys that we met once a week.",
                "Where did you meet?": "We usually in the hospital.",
                "At Providence?": "At Providence or Swedish and we decide somebody would present the patient and team would see what kind of patient it is. The one I remember most is... one was a twenty-five-year-old boy, but he was delinquent, and then the opposite to him was a woman, thirty-something, who had four kids. You had to choose one or the other and we felt that this woman would be more appropriate than the delinquent twenty-five year-old so we took it. The delinquent died and this mother with four kids, she came to the twenty-fifth reunion of all the patients we had on dialysis. Saved, to see what they did with their life. It was very interesting. It was a, it was a reception or thing of what happened to all our patients that we dialyzed. There was one guy who was a professor of mathematics from back in Pennsylvania somewhere. He came to the damn thing. Well, here we saved this guy's life and he still a professor and still teaching. So, therefore, what happened is the fact that all those things after the fact, you show that we did some good. By that time we started, we started the kidney dialysis center."
            }
        },
        "segment 30": {
            "Segment Desc": "Connections with a particular medical center",
            "Segment Q&A": {
                "Huh?": "You had some other connection with Providence, not just the dialysis.",
                "Why?": "Because they are nice to them, kind to them, and they weren't all money, money, money. You see, Providence Hospital, sure they want you to pay, but they could be nice about it, too. Swedish was not very nice. And Virginia Mason. The only places I ever, place I had patients is Virginia Mason, Swedish and Providence."
            }
        },
        "segment 31": {
            "Segment Desc": "Establishing a private practice for the Japanese American community",
            "Segment Q&A": {
                "So were you planning to make it a all-Japanese practice?": "Well, it ended up that way because number one, I spoke fluent Japanese so, therefore, all our Isseis gravitated to me. This was nice about my Keiro job is the fact that they were all, most of them, somehow or another had seen me as their doctor sometime in their life. And so that Keiro, when these patients come to Keiro, they were your patients sometime in the past so that makes it nice, both Niseis and Isseis.",
                "Were there any special things that you had to consider by working in the Japanese community?": "No. They just came because I spoke Japanese, because they said it's like going, getting Sansei or Nisei, either they don't speak it or else they can't understand it.",
                "What about your own social network then, did you have to do more kosai in the Japanese community because of it or anything?": "No, it didn't. You can keep your medical life and your other community life different. I never objected to the community, community thing because that was part of my life, and I got involved in all kinds of things. I had fun.",
                "Who were some of your first patients that you remember?": "First patient? You know Sam Shoji? He's one of my first early patients. And then all my other patients, Shiro Kashino, Joe Nakatsu, they're all my, one of my early patients.",
                "First patient? You know Sam Shoji? He's one of my first early patients. And then all my other patients, Shiro Kashino, Joe Nakatsu, they're all my, one of my early patients.": "Don't use any names, but tell me about the incident about the gun.",
                "Gun? Oh. Well, the wife of the man -- he's my, he's one of my cares at Keiro now -- but that was very interesting because the father had bought, bought a movie house up on Beacon Hill, and his competitor was Kokusai, Mr. Kitamura. He bought, he wrote to Toyo and other Japanese companies in Japan and said, \"Don't rent him any, any films because he is competing against me.\" So they wouldn't let him have 'em, and then the father got mad and decided, decided that he's going to go down there and change that by killing him. And so it was very funny. The wife, mother -- the one that's sick up at Keiro now -- called me up and say, [Inaudible]. So I went over there -- it was only two blocks away -- with my bag, you know, and then he was waving a gun around, and then she told me what had happened. She said, \"He is going to be down there to Kokusai\" -- Kokusai is at Seventh or Sixth and Jackson -- \"and then he says he's going to go kill him.\" And I said... so I got that message real quick. So he was waving his arm around with the gun around so I went back and I said, \"Ojisan, kore kariru yo.\" So I took the pistol and put it in my pocket, and I said, \"Ni, san-nichi de motte kimasu.\" Two, three days by that time they worked it out a little bit better so that Terry could now rent, rent Japanese films from Japan without going through Kitamura-san. So anyway, so in the meantime, in that three, four years afterwards the husband dies of tumor in the head, and the Kitamuras and Terry got along better. But three or four days later on, I went back up there with the gun, and I took out all the bullets in the gun and gave it to him. [Laughs]": "So there really were bullets in there?",
                "So there really were bullets in there?": "Huh?",
                "Huh?": "There really were bullets in there?",
                "There really were bullets in there?": "Yeah. You know what, I can't understand how I had nerve enough to do it, but I did."
            }
        },
        "segment 32": {
            "Segment Desc": "Making house calls",
            "Segment Q&A": {
                "So how many did you say you made a day?": "I made average of five to ten every day.",
                "That was a couple years ago?": "No, that was, that was seven, eight years ago.",
                "So 1990?": "Yeah."
            }
        },
        "segment 33": {
            "Segment Desc": "Serving the community: not charging for house calls",
            "Segment Q&A": {
                "Yeah, that's right, because she had three kids that's what the patients said. \"She got kids and she can't, she can't leave the house so will you come to see me?\" [Laughs]": "Segment 33> - Copyright © 1998 Densho. All Rights Reserved."
            }
        },
        "segment 34": {
            "Segment Desc": "Studying domestic abuse cases within the Japanese American community",
            "Segment Q&A": {
                "Oh. One, number one, I had a lot of, lot of people I knew that are Issei and they're more likely to say okay to come to see them, but Sue Tomita, who is the head social worker at Harborview Hospital, was making a study on domestic abuse. So she came to me and said, \"Ben, you know a lot of Isseis.\" \"Yeah, that's right.\" \"Would you help me do this study?\" I says, \"Fine. We'll work on it.\" So within, within an hour after, she told me we were interviewing patients and then by this, this was around November, December, and by May she had her Ph.D. paper written.": "19' what?",
                "19' what?": "This is couple years ago, 1996 or '7.",
                "Well, how much of it do you think there was in the community?": "Quite a bit. A lot of Isseis beat up their wives. There are some Niseis and we did two studies, actually, with Sue, Sue Tomita, one that we selected among the Isseis and Niseis, and then we picked out, picked out some that would be surprising.",
                "How much extramarital affairs and things do you think there were in the Issei community?": "There were some, but there is more beating up than extramarital.",
                "Was there... in way back, was there a lot of prostitution, do you think?": "Not necessarily prostitution. It would be..."
            }
        },
        "segment 35": {
            "Segment Desc": "Observing disease trends within the Japanese American community",
            "Segment Q&A": {
                "How would you characterize the Japanese community health-wise?": "Health-wise, they had a lot of TB. This is way back, we're talking, going back to the 19' early '50s and somewhere around there. You see, I knew about a lot of that because I was, I was on the board of directors at the TB Sanitarium for about twelve years. And the last few years I was, I was anti-TB League representative. You know, they had those Christmas seals? I was in charge of that Christmas seal and also in charge of dispensing the money out.",
                "Health-wise, they had a lot of TB. This is way back, we're talking, going back to the 19' early '50s and somewhere around there. You see, I knew about a lot of that because I was, I was on the board of directors at the TB Sanitarium for about twelve years. And the last few years I was, I was anti-TB League representative. You know, they had those Christmas seals? I was in charge of that Christmas seal and also in charge of dispensing the money out.": "So were you involved in that, because so many Japanese were?",
                "So were you involved in that, because so many Japanese were?": "That's right, because I felt that they deserved, if they ask me, they deserved our help because of the fact that so many Japanese have benefited from it. So I was on that committee, committee and chair of the anti-TB, the anti-TB League's Christmas stamp. I was, in fact, the last three years, I was in charge of that thing before we canceled it out.",
                "So otherwise, besides the TB, what kind of problems do Japanese have?": "They had a lot of kids in drugs.",
                "Oh, now?": "Now, but not so much now as it was five years ago.",
                "Is that right? But they're all --": "They're all -- I never hear the, hear the Nisei talk much about it, but there are plenty of 'em."
            }
        },
        "segment 36": {
            "Segment Desc": "Working with the elderly",
            "Segment Q&A": {
                "But what do you think?": "Huh?",
                "Huh?": "It doesn't bother you?",
                "It doesn't bother you?": "It didn't bother me. One of the reasons why Randy became a pediatrician is because he said, \"You know, Dad, if I were to start a practice here all I would get is old people like your people, your patients.\" So he said he didn't like that so at least in pediatrics you're not going to see old people. Because they get well.",
                "So but you chose your field because...?": "Because I liked internal medicine so I got into internal medicine, and the other reason for it is because I got, I got sucked in nephrology, kidney disease."
            }
        },
        "segment 37": {
            "Segment Desc": "Establishing Keiro nursing home: recognizing a need for a Japanese facility",
            "Segment Q&A": {
                "What was the seeds of how Keiro got started?": "Well, see, way back some twenty-three years ago, right coincidentally there was a nursing home available for sale in the Mount Baker district. Well, about ten of us spontaneously -- not spontaneously -- but we asked certain people to come. Tomio, and you know Harry, Tomio, and myself and Tosh Okamoto because I'd been needling these guys before. Say, you know what, we got to do something for the Isseis. We owe them because at the time, a number of my patients had committed suicide in nursing home. How did they do it? They quit eating and drinking and they died, except Mr. Eddie Shimomura -- who died last week -- his father had to go to a nursing home because he and his wife both worked, and they had to put him in a nursing home because he needed care. He went to this nursing home near here called... anyway, and every day he'd put a, put a bag over his head and take a rope and tie it around in a noose. Well, as long as they knew he was going to do it, they caught him, but on Saturday when they had big change in personnel, he went, put it in, but they didn't get him fast enough, so, therefore, he died. All these things have an influence in your life. Ojisan was a nice guy and so, therefore, you feel that you had to do something for them.",
                "Well, see, way back some twenty-three years ago, right coincidentally there was a nursing home available for sale in the Mount Baker district. Well, about ten of us spontaneously -- not spontaneously -- but we asked certain people to come. Tomio, and you know Harry, Tomio, and myself and Tosh Okamoto because I'd been needling these guys before. Say, you know what, we got to do something for the Isseis. We owe them because at the time, a number of my patients had committed suicide in nursing home. How did they do it? They quit eating and drinking and they died, except Mr. Eddie Shimomura -- who died last week -- his father had to go to a nursing home because he and his wife both worked, and they had to put him in a nursing home because he needed care. He went to this nursing home near here called... anyway, and every day he'd put a, put a bag over his head and take a rope and tie it around in a noose. Well, as long as they knew he was going to do it, they caught him, but on Saturday when they had big change in personnel, he went, put it in, but they didn't get him fast enough, so, therefore, he died. All these things have an influence in your life. Ojisan was a nice guy and so, therefore, you feel that you had to do something for them.": "Well, one of the reasons that you felt that he wanted to die was why?",
                "Well, one of the reasons that you felt that he wanted to die was why?": "Because at the hakujin nursing home, which was the only one available, they didn't do anything for him. First, he couldn't get Japanese food. Two, the activity was all on the hakujin scale so he never enjoyed any of it. And so that if we have our own place, we'd have gohan, we have some Japanese food, but also our activity would be lean toward Issei. They'd sing Japanese song. You know what, we have Japanese song. We have the intergenerational kids, two, three-year-old kids. We teach them Japanese song and then they go upstairs, and they'll sing Japanese song with the oldsters in Japanese. That helps to keep them stable and happy. So we thought this out twenty-three years ago about getting intergenerational child care center, all the singing. We had, you know, they have what they call Echo Club, Echo Choir. Well, these are women who work for Japanese company who get together, and they come and sing. Sing, they promised the other day, they promised they will come every three months. They'll come and sing choir, chorus. So these are the things that help me in terms of give me satisfaction that I find a part in doing this.",
                "In nephrology?": "Huh? No, in everything. And I'm an Associate Professor of Medicine at the University of the Washington Medical School. The only reason they give me a rank is because each time they go up the ladder, they tell you, \"Hey, thanks, but do a lot more. Come back.\" That's what it amounts to. So actually speaking, academically it's very little, but you have a lot of fun doing it.",
                "Huh? No, in everything. And I'm an Associate Professor of Medicine at the University of the Washington Medical School. The only reason they give me a rank is because each time they go up the ladder, they tell you, \"Hey, thanks, but do a lot more. Come back.\" That's what it amounts to. So actually speaking, academically it's very little, but you have a lot of fun doing it.": "So what is it that you particularly like sharing with the...",
                "I know. About what?": "I get medical students and I take 'em on house calls. So you see, you learn something that you'll never learn by sitting back at your desk at the office. So they like that and they appreciate it and they tell me so that's your pay."
            }
        },
        "segment 38": {
            "Segment Desc": "Signing the first mortgage for Keiro nursing home",
            "Segment Q&A": {
                "What about your church affiliation?": "Church? I'm not very close to the church, but I always help out with the church whenever they having money raising problems. And then my mother liked Reverend Tsai a lot. Reverend Tsai was a minister at Congregational Church, and they liked, they liked, she liked him, and each time they'd have a bazaar, she would make one thousand mochigashi.",
                "Huh?": "What about your church affiliation?",
                "Church? I'm not very close to the church, but I always help out with the church whenever they having money raising problems. And then my mother liked Reverend Tsai a lot. Reverend Tsai was a minister at Congregational Church, and they liked, they liked, she liked him, and each time they'd have a bazaar, she would make one thousand mochigashi.": "Your mother lived how long, then?",
                "Your mother lived how long, then?": "Huh? She lived almost, she died ten years ago.",
                "Huh? She lived almost, she died ten years ago.": "How old was she when she..."
            }
        },
        "segment 39": {
            "Segment Desc": "Description of grandchildren",
            "Segment Q&A": {
                "Okay. So anyway, your grandchildren, how many grandchildren do you have?": "I got (six). (...)",
                "And then how many children?": "Two at my other daughter's and one at the pediatrician.",
                "Okay. Your children are who?": "Huh?",
                "Huh?": "Your children are who? We didn't talk about your children.",
                "Your children are who? We didn't talk about your children.": "Three who I live with --",
                "And then he was born what? 1949.": "No, it's a daughter. She's thirteen or fourteen now.",
                "Is that right?": "Yeah."
            }
        },
        "segment 40": {
            "Segment Desc": "Words of wisdom: always do your best",
            "Segment Q&A": {
                "So what is it that you want your children to know about being Japanese?": "That you do your best. You see, I grew up in a time where unless you did, you were superior, you never got anywhere. And the same thing with the kids that's growing up now. Just because you think that you earned, earned your keep, no longer it isn't true. Unless you're superior, you don't get to where you want to go.",
                "So how, how can you teach your grandchildren this?": "Well, they're going to feel and think like hakujins, but they're not. If you don't, if you aren't superior, you'll never get there."
            }
        },
        "segment 41": {
            "Segment Desc": "No regrets in life",
            "Segment Q&A": {
                "So is there anything in your life that you would do differently?": "No, I'd still be a doctor, but I may do things differently as a doctor. But I don't have any, any misgivings of what I've done. That's a long time to try and be a doctor, nineteen years.",
                "Great. Well, we're here. Today is June 1, 1998. And you were born in 1918 and so that makes you how old?": "Well, I'm an old owl. I'm going to be eighty this year, but I haven't missed any of it."
            }
        }
    }
}