{
    "Narrator_Name": "Bill Thompson",
    "Bio": "Nisei male of Japanese and Scottish descent. Born in Hilo, Hawaii, 1924. Volunteered and served in the all Japanese American 442nd Regimental Combat Team, Headquarter's Company, Second Battalion's Anti-tank Platoon. Returned to Hawaii following the war where he attended the University of Hawaii, and later worked for the municipal government. Active in the 442nd Veterans Club in Hawaii.",
    "Title": "Louise Kashino - Sadaichi Kubota - Bill Thompson Interview",
    "Interviewer": "Tom Ikeda (primary), Debra McQuilken (secondary)",
    "Location": "Honolulu, Hawaii",
    "Date": "July 1, 1998",
    "Densho ID": "denshovh-klouise_g-01",
    "transcript": {
        "segment 1": {
            "Segment Desc": "Initiating the effort to overturn Shiro Kashino's court-martial",
            "Segment Q&A": {
                "Okay. So why don't we get started? And why don't you go ahead and ask the first question?": "When you initiated this effort, why did you feel it was so important to overturn the court-martial or to see that happen?",
                "When you initiated this effort, why did you feel it was so important to overturn the court-martial or to see that happen?": "Well, you know, when we trained together, when we fought together shoulder-to-shoulder, we formed a great, great togetherness, a camaraderie. And I didn't feel that it should end when the war ended. That we should continue together. So when this person made that remark, sort of kidding your father, regards to his court-martial, I said, \"No, this is wrong. This is wrong.\" It really hurt me, Shiro being very good friend of mine, and we fought together. I thought something should be done, must be done. So this is the reason I took steps in trying to get him out of the conviction. So that was the beginning.",
                "Okay, and how about the others?": "What about the others? How about Mr. Thompson? You didn't know my father...",
                "What about the others? How about Mr. Thompson? You didn't know my father...": "No, I didn't.",
                "And yet you did so much on his behalf. Why was it important to you?": "Well, knowing Sadaichi was trying to do something, that I could help. Main thing was that I had access to the 442nd archive records. And so just bumping into him and having him tell me what he's trying to do, so I said, \"Oh, let me help you. I'll get whatever records you need.\" And that started it."
            }
        },
        "segment 2": {
            "Segment Desc": "The importance of overturning Shiro Kashino's court-martial",
            "Segment Q&A": {
                "Louise, how about you?": "Yeah. Why was important for you to see the court-martial overturned?",
                "Yeah. Why was important for you to see the court-martial overturned?": "Well, I felt that Sadaichi was so sincere in wanting to do something. I felt that he must (have) had unfinished business or something. And when he asked, he must have asked them before to try to overturn it, and I think he turned Mr. Kubota down. But in '85, I overheard a conversation when he was talking to Fred Matsumura and Shiro, and so I said to him, \"Well, he's initiated the letter to Dan Inouye and Matsunaga, so I think it'd be nice if you would follow through.\" And I kind of urged him to. And then furthermore, I said it was for our daughters' sake. They're a little sensitive about it. And I thought that it would... you know, if we could do something about it, at least make an effort. And he always felt that it would never come about. So he didn't want to put forth any effort. He was that kind of person who didn't want to be bothered. So with my urging him, I think that he decided he would go along with the request. So when the forms came in from the army to fill out, well, had to keep prodding him to fill it out and state his reasons. So he did it. And right along he was kind of dragging his heels, right?",
                "Well, I felt that Sadaichi was so sincere in wanting to do something. I felt that he must (have) had unfinished business or something. And when he asked, he must have asked them before to try to overturn it, and I think he turned Mr. Kubota down. But in '85, I overheard a conversation when he was talking to Fred Matsumura and Shiro, and so I said to him, \"Well, he's initiated the letter to Dan Inouye and Matsunaga, so I think it'd be nice if you would follow through.\" And I kind of urged him to. And then furthermore, I said it was for our daughters' sake. They're a little sensitive about it. And I thought that it would... you know, if we could do something about it, at least make an effort. And he always felt that it would never come about. So he didn't want to put forth any effort. He was that kind of person who didn't want to be bothered. So with my urging him, I think that he decided he would go along with the request. So when the forms came in from the army to fill out, well, had to keep prodding him to fill it out and state his reasons. So he did it. And right along he was kind of dragging his heels, right?": "Yes. At one point, I know, Louise was frustrated, too, because your father said, \"Oh, to heck with everything.\" The attitude I felt he had. But I feel, I think I wrote to your mother saying, \"Oh, let's not give up. Let's go for it,\" you know. So now I feel, I'm really glad, really glad that Louise forced your father to follow through. And as Bill knows, we won. And I'm really happy. But Bill did a lot of work. Oh, my goodness. If you see his file, I think he spent a zillions of pages of paper. [Laughs]"
            }
        },
        "segment 3": {
            "Segment Desc": "Early obstacles: recovering destroyed records in the Shiro Kashino court-martial",
            "Segment Q&A": {
                "So it's a long time. During that period, were there times when any of you felt like you should just give up? That it was going to be too hard to do? And if so, how did the others help you to keep going?": "I didn't feel in any way that we should give up. I felt right through we should go for it. And of course, Bill came in at the time, so with his research and having friends in Washington, D.C., I think these are the things that really made the thing go. And I give quite of bit of credit to Bill, too, and to Louise, too, for telling her husband to keep on going.",
                "Sadaichi, were there times when you thought that there wasn't much hope? That it would be really, really hard for it to happen?": "Yes, at the beginning, when the records department said, \"We have no record.\" The particular section where the 442 records were kept was burned. Somebody had set a fire to that portion. And I thought, \"Gee, there goes our chance.\" So that one particular time I said, \"Oh, maybe we don't have a chance.\" But then we wrote to Patsy Mink, and I think through her insistence, too, that we got the record from Mr. Petree, or something."
            }
        },
        "segment 4": {
            "Segment Desc": "Shiro Kashino reads the charges against him for the first time",
            "Segment Q&A": {
                "Louise, for you and Kash, were there times the two of you felt, \"Boy, this is really going to be really hard,\" and gave up hope?": "Well, when Senator Inouye's office came back and said, sent us a copy of the letter saying that the records were burnt and there's no way of researching anything without the records, that was kind of a final decision from them. So we kind of said, \"Oh well, we tried,\" you know. So then I remember in 1993 when we were here for the 50th reunion, Sadaichi kept saying, \"You know, we've got to keep trying,\" and, \"I'm talking to Patsy Mink...\" So I think he hadn't given up, so we, I felt that we shouldn't give up. But my husband, you know, was always on the side, \"Oh, no hope, who cares?\" But when the records did appear, and it kind of... we had no forewarning. We received a letter from her saying that, \"She had gotten the records, and they're enclosing what records they could salvage.\" And those were the records that were copies of the originals, but had singed edges. They were in fact in the fire. So that's when we first read the court-martial order, which my husband had never seen. And it said that there was a copy given to the defendant, but he had never received a copy of that. And that kind of, kind of got his bristle in his back. But to say that he was guilty, and he had pleaded guilty, and he was charged with all this, and he just felt that... just kind of gave him some ammunition, kind of. \"Oh, now we got the records, maybe we better, maybe we better pursue it.\" That's when he was more positive.",
                "Well, when Senator Inouye's office came back and said, sent us a copy of the letter saying that the records were burnt and there's no way of researching anything without the records, that was kind of a final decision from them. So we kind of said, \"Oh well, we tried,\" you know. So then I remember in 1993 when we were here for the 50th reunion, Sadaichi kept saying, \"You know, we've got to keep trying,\" and, \"I'm talking to Patsy Mink...\" So I think he hadn't given up, so we, I felt that we shouldn't give up. But my husband, you know, was always on the side, \"Oh, no hope, who cares?\" But when the records did appear, and it kind of... we had no forewarning. We received a letter from her saying that, \"She had gotten the records, and they're enclosing what records they could salvage.\" And those were the records that were copies of the originals, but had singed edges. They were in fact in the fire. So that's when we first read the court-martial order, which my husband had never seen. And it said that there was a copy given to the defendant, but he had never received a copy of that. And that kind of, kind of got his bristle in his back. But to say that he was guilty, and he had pleaded guilty, and he was charged with all this, and he just felt that... just kind of gave him some ammunition, kind of. \"Oh, now we got the records, maybe we better, maybe we better pursue it.\" That's when he was more positive.": "I think he was kind of aggravated. He read the charges.",
                "See, there was two charges against him. One said that, \"You can't take Hayashi away.\" And you know, Hayashi is the one that died in battle. And Kash said, \"How can an MP officer look at ten, twelve Buddhaheads, and remember a specific one, much less a name?\" And the other charge was he was disrespectful, he was drunk and disrespectful toward a superior officer. And again, that's what we were in Southern France for, to relax. We were allowed to go to the bars. And you know, so I think when Kash read that, he kind of got angry. And then I think he said, \"I guess he would like to pursue the thing to a logical end.\"": "Segment 4> - Copyright © 1998 Densho. All Rights Reserved."
            }
        },
        "segment 5": {
            "Segment Desc": "The Shiro Kashino court-martial: finding a person directly involved in the incident: refusal to admit the truth",
            "Segment Q&A": {
                "I remember the time we got stopped, and... was it Snyder who wrote to say that perhaps you could get affidavits from certain people, right? (It was David R. Kinneer, Executive Secretary of the Board for Correction of Military Records who suggested obtaining affidavits to show proof...)": "Oh, either the chaplain or the soldier who initiated the scuffle."
            }
        },
        "segment 6": {
            "Segment Desc": "Breakthrough: finally admitting guilt in the Shiro Kashino court-martial",
            "Segment Q&A": {
                "Mr. Kubota, when you mentioned the meeting with Mr. Matsuda, that really was a turning point in this case, wasn't it?": "I believe so, because he admitted to the scuffle.",
                "This is what I believe, yes. And too, as Bill said, Reverend Yamada knew that Matsuda was the person involved, primarily, so the Reverend talked to him, \"You know that, and we know that you were the cause of this thing. And why don't you admit to this fact, and get the others off the hook?\" -- the three other guys. But he wouldn't budge. He didn't budge. And this is all what Reverend Yamada is telling me. So this I remember very well. And this was a key point too, I believe, that we had targeted the particular person, you see. So this is the reason we saw Matsuda. And the code, as you say, we never snitched on anybody. And I believe that's what happened, too, with your father, Matsumura and Hayashi. Those three said, \"No. They didn't do anything.\" But they never pointed their fingers at Matsuda, you see?": "I think all of the people involved dealt with this in their own way. My dad tended to downplay it. How do you perceive that Mr. Matsuda has dealt with that court-martial? Because as many times as we've been to Hawaii, we had never met him. I mean has he been involved in the veterans' group?",
                "I think all of the people involved dealt with this in their own way. My dad tended to downplay it. How do you perceive that Mr. Matsuda has dealt with that court-martial? Because as many times as we've been to Hawaii, we had never met him. I mean has he been involved in the veterans' group?": "I think, from what I understand, Matsuda was feeling no pain. This was a bar/dance hall. Everybody was relaxing. And then the MP officer stopped him, and he just brushed past the MP officer. And then when the MP officer approached him, I guess something triggered the scuffle. I don't think Matsuda remembers exactly. He admits, \"Yes, he started that,\" but the exact sequence of that, I don't think he could truthfully say what happened, because he was feeling no pain.",
                "But when Dad read James Matsuda's affidavit, he said that was, he didn't realize that he had actually had a gun in his rib from the MP. And so it was, you know for him, also it was revealing as to how the incident started. All he knew was that all of a sudden, there was a scuffle and he got involved into it. And so, and so many things happened so fast, apparently. That's why when nobody said, admitted, when they got taken in the next day, he said that when nobody... when he... I guess they knew it was Matsuda, but then he said, \"Since he didn't speak up,\" he says, \"why I was the, he was the leader of the group.\" So he says, \"Well, somebody had to take the rap.\" So he said he did. And so that's why he got the worst of it, right? He got put into solitary confinement.": "That's right."
            }
        },
        "segment 7": {
            "Segment Desc": "Uncovering the truth: a long overdue admission from the actual offender in the Shiro Kashino court-martial",
            "Segment Q&A": {
                "I guess what I was trying to see is how, how did Mr. Matsuda -- we've been to Hawaii to every reunion. We've never met him. My father's never mentioned him. How did he deal with that court-martial?": "Well, I think he felt guilty all along. So he never associated with the I Company boys, much less with the 2nd Platoon boys. He... to begin with, he was a loner. And he used to cause a little bit of problems during our training sessions, too, training period. And at one time, I almost got into a fight with Matsuda, also, because we were different, the same platoon, but I was with first squad, and he was with second squad. Late in the morning, he was yelling his head off and disturbing the whole barracks. So I say, \"Hey, Jimmy, stop it. Shut up already. We want to get to sleep.\" Something like that anyway. Then from the other side, he said, \"F-you.\" And I felt so angry. Here we're trying to sleep, and we can't sleep after the hard days of training. I had almost, I was almost going to the other barracks and shut him up, that's how angry I was. But this is one incident. He was causing problems with the other fellows, too. So as I say, he was a loner.",
                "I feel this way -- by gathering all the stories, as he told me -- he was going to this dance hall, he was stopped by the MP officer or someone. He ignored the MP, because at that time, we did not need any pass, so-called -- you know what pass is? -- okay, to go outside the company area. But at that time, it was all combat area, you see, this whole section that we were in. So he figured he didn't need any pass. So he ignored the MP. This is just my conjecture, now, just drawing a picture. So he entered the room, the bar, and he went to a table. And the MP followed him, and with a drawn pistol, \"You're under arrest.\" And what I feel he did was, whichever side, he just turned around, I think, brushed the pistol away, and with his right, punched. I believe this is true, because the wife said, \"You know, my husband was a boxer.\" Instinct, I think. This -- I'm drawing a picture like this. Maybe it's not true, but I believe this is what happened. He just brushed away the pistol and in the same swing, he just punched him.": "he knew it. I'm quite sure he knew it. So he doesn't want to come out with the absolute truth, you see. But at least he wrote and said that, \"I believe I punched him.\" I think that's what he wrote in his affidavit, yeah. Interesting guy.",
                "Was it August?": "Yeah. Couple months after, yeah."
            }
        },
        "segment 8": {
            "Segment Desc": "Other turning points in the Shiro Kashino court-martial case",
            "Segment Q&A": {
                "There were some other very big turning, or important turning points in the case. Would you talk about those as well?": "I think after Kash... after the thing started falling into place, I think Matsuda must have had a change of mind. He did listen to you and request Patsy Mink to find his records, yeah. So I think he himself, finally, I think opened up a little bit, yeah. My thought is that what happened between he and the MP Officer is strictly, actually it was something that shouldn't have happened, but happened. But you blame Matsuda for doing this, but the MP officer didn't act properly. So you know, you think, guys have to suffer because of something that shouldn't have happened that happened, and they agreed that they shook hands and say, \"Okay, everything's over.\" And then still the court-martial happened. It's almost unbelievable.",
                "I feel that James Matsuda suffered over fifty years with this on his conscience, that maybe he should have done something, but that's why he kind of ostracized himself from the group. I don't think the group ostracized him. But he stayed away because of a little bit of a shame. And the boys tried to make it up to Kash for that first reunion, when they invited him over for an all-expense paid trip. And when they had the first reunion in 1953, and you know, we were struggling along, our kids were little and we wouldn't have been able to afford to have him go to the first reunion. But he wanted to go very badly, but he happened to be out sick for months just before the reunion started. So the boys sent him this ticket, and they, all-expense plane trip. I guess everyone must have chipped in?": "Yeah, I guess so.",
                "Do you feel that? Did you think that was...?": "Yeah, I think so."
            }
        },
        "segment 9": {
            "Segment Desc": "Convincing the actual offender to write the affidavit admitting his guilt in the Shiro Kashino court-martial incident",
            "Segment Q&A": {
                "Anyway, Matsuda, I think he did suffer quite a bit of his guilt. The third time we went to see him he agreed to write an affidavit, because -- he didn't write it -- Patsy Mink's office heard the story, and they wrote it for him. And all he did was sign. But anyway, we went for the, we went this day to make his statement, to write down his statement. The following day, the three of us again went to pick up the statement. And he read, and he says, \"Yeah, I guess this is okay.\" So we took -- it has to be notarized. So we went to his bank at Wahiawa, not Wahiawa -- Kaimuki, and we had it notarized. And I suggested, \"Hey, let's go have some coffee somewheres.\" So we did. You know what? Matsuda just talked and talked and talked. I think his burden just off his shoulders. Yeah. I tell you. So then I realized that all these years, he did suffer the guilt that he caused.": "How did his wife or family react?",
                "How did his wife or family react?": "Well, I think she knew about it."
            }
        },
        "segment 10": {
            "Segment Desc": "Tracking down key witnesses in the Shiro Kashino court-martial case: the MP",
            "Segment Q&A": {
                "What were some other important turning points of the case? I mean we, Matsuda admitting what he did. But there was another key turning point with the MP officer. Why don't you talk a little bit about that, and the importance of that?": "Finding the MP officer, locating him... well, at the beginning we didn't how to locate him. But after we had the Army Board of Corrections for Military Records restore Kash's stripes and rescind his fines, and they mentioned that the conviction still stands, only the judge advocate general... and when we looked at it, we said, if we can locate the MP officer and prove the points that what Chaplain Yamada has said, that he had requested charges be dropped, in other words, he didn't press the charges. So what I did was go to our veterans' -- State Veterans Office because he was in the army. You know, Puerto Rico was just like Hawaii, a territory. So I figured that they would be listed under the Veterans' Administration."
            }
        },
        "segment 11": {
            "Segment Desc": "Persevering to try to overturn the wartime court-martial of Shiro Kashino",
            "Segment Q&A": {
                "And how did you feel at that point, when they said they weren't going to change it?": "Well, we did our best. And we had, I think they did everything they could have done. There was no other evidence that we could have sought. So that was the point where we would just have to accept it. And Shiro was gone, and so... didn't mean anything any more if we couldn't get it overturned.",
                "And why didn't you stop?": "Well, I would have stopped, but Bill and Sadaichi kept saying, \"We can't give up,\" or \"we gotta do something else.\" And at that point, Bill helped me draft this letter. And that was, that's what did it.",
                "What's that?": "The court-martial paper. You didn't know?",
                "The court-martial paper. You didn't know?": "You see, there was that one clause that said, \"After two years you have to appeal...\""
            }
        },
        "segment 12": {
            "Segment Desc": "Finding new evidence to defeat the statute of limitations",
            "Segment Q&A": {
                "And so you realized the response back, that first letter, was more of a technicality, and so you, you decided to have Louise write another letter?": "When she told me they turned down, I know she felt very sad. But I said, \"What did they say?\" So she read it. I said, \"Is that all they said? They didn't tell you why they turned it down?\" Well, it just said, \"You haven't shown new evidence.\" If they had said, \"Yes, but you could have done this -- \" \"You know Matsuda said...\" \"It's too late -- \"; or something. \"Yeah,\" I would say, \"let's fold it.\" But when they just say, \"No,\" without giving a good detail, I said, \"No, let's appeal it.\" And I think we had sent appeal in. And I approached the staff at Senator Dan Inouye's office, and she had called the, one of the colonels in the judge advocate general's office. And the colonel said, \"Yeah, go ahead, appeal. I don't say it's a routine thing, but it's not unheard of to appeal.\" So -- made me feel good.",
                "When she told me they turned down, I know she felt very sad. But I said, \"What did they say?\" So she read it. I said, \"Is that all they said? They didn't tell you why they turned it down?\" Well, it just said, \"You haven't shown new evidence.\" If they had said, \"Yes, but you could have done this -- \" \"You know Matsuda said...\" \"It's too late -- \"; or something. \"Yeah,\" I would say, \"let's fold it.\" But when they just say, \"No,\" without giving a good detail, I said, \"No, let's appeal it.\" And I think we had sent appeal in. And I approached the staff at Senator Dan Inouye's office, and she had called the, one of the colonels in the judge advocate general's office. And the colonel said, \"Yeah, go ahead, appeal. I don't say it's a routine thing, but it's not unheard of to appeal.\" So -- made me feel good.": "And that last letter turning us down just before we rewrote another letter, was kind of a standard form letter, saying that they could not overturn the court-martial record. They just... not something that's done. So it was kind of a formal, cold letter. So I think this is why we felt that maybe another letter might help.",
                "So Louise, you wrote another letter asking them to please, to reconsider?": "Yes."
            }
        },
        "segment 13": {
            "Segment Desc": "Thoughts on getting the court-martial overturned",
            "Segment Q&A": {
                "The letter that you got back, though, that overturned the court-martial, they didn't really give real specific reasons why they overturned it, I don't think. They just said they looked at the case. What do the three of you think were the real reasons why they overturned the court-martial? Because it's done so infrequently, it's such a rare thing, and yet they did it. Why do you think they did it?": "Well, I think for the three...",
                "Bill, how about you? What do you think were the key reasons that he overturned it?": "To overturn that he needed, we had, we were fifty-two years past the deadline. He needed a reason to justify looking at the thing. So we provided the reason for him to open the case again. And then when he opened the, when he looked at it, I'm sure that... he was a top-notch GI, no fault of his own, and when you look at it, the trial procedure was completely wrong. Three months delay, no defense counsel. As an NCO, he has a right, as a sergeant, he has a right to stop fights. Those things were not taken into consideration. It comes back, why didn't your defense counsel bring those things up? He had no defense counsel. I keep thinking, I keep saying that it's probably the system went wrong at that time -- why? The war had ended. We were all counting points. \"Hey, who's going home first?\" Everybody forgot. They were too busy on other things. \"Hey, let's get this case off the books already. Let's all go home.\"",
                "To overturn that he needed, we had, we were fifty-two years past the deadline. He needed a reason to justify looking at the thing. So we provided the reason for him to open the case again. And then when he opened the, when he looked at it, I'm sure that... he was a top-notch GI, no fault of his own, and when you look at it, the trial procedure was completely wrong. Three months delay, no defense counsel. As an NCO, he has a right, as a sergeant, he has a right to stop fights. Those things were not taken into consideration. It comes back, why didn't your defense counsel bring those things up? He had no defense counsel. I keep thinking, I keep saying that it's probably the system went wrong at that time -- why? The war had ended. We were all counting points. \"Hey, who's going home first?\" Everybody forgot. They were too busy on other things. \"Hey, let's get this case off the books already. Let's all go home.\"": "It's a hasty thing. Just pass it through, yeah."
            }
        },
        "segment 14": {
            "Segment Desc": "Feeling sympathy for one of the victims in the court-martial incident",
            "Segment Q&A": {
                "Because if a soldier is convicted of something, he's kept in the stockade. Well, I don't know for how long, but then he shouldn't be sent out to combat again, because he's a prisoner. But yet these three guys were sent out, four guys were sent out, to fight again. Unfortunately, Beanie got killed. What if Matsuda had gone, gotten killed?": "Yeah. [Laughs]",
                "But this is where another quirk of fate enters the picture. Matsuda did not return to I Company. He went to Headquarters Company, right?": "That's right. Yeah, that's right.",
                "Funny thing, huh?": "Yeah."
            }
        },
        "segment 15": {
            "Segment Desc": "Discussion of various roles each played in effort to overturn Shiro Kashino's erroneous wartime court-martial",
            "Segment Q&A": {
                "Each of you played really important roles in getting the court-martial overturned. And I thought it'd be interesting to have each of you talk about the others' contribution. I thought we'd start with Sadaichi, and to have Bill and Louise talk about how important Sadaichi's role was in the overturn of the court-martial. So Louise, why don't you start? Just say a few words about how important Sadaichi was to the whole process.": "Well, he was the key person that instigated the whole thing, and he persevered right through without any discouragement. And I can't believe how strongly he felt about it. This is what made Kash feel that he kind of owed it to him. With all the effort he was putting forth, that he also should go along with it. And so this is why we have this much correspondence back and forth. And, uh... so he couldn't wash his hands of it ever, but (Shiro) kept saying, \"Oh...\" And then he kept thinking, \"So okino-doku,\" that he's putting these two men, and all the effort they put into... and so, but it would have never happened without Sadaichi starting it. And then Bill Thompson giving him all this background support, because we could have never done it on our own. And we wouldn't have tried it. It was too monumental of a task. And Shiro just wasn't made up that way. So I would have had to do the research, and I had no resources like Bill had. So we just owe everything to the two of them. And there's no way I can thank them, but..."
            }
        },
        "segment 16": {
            "Segment Desc": "Continuing discussion of roles played in effort to overturn Shiro Kashino's erroneous wartime court-martial",
            "Segment Q&A": {
                "And why don't we go to Bill? And Bill, why don't you talk about -- Louise actually did a good thing, she talked about both of you. Why don't you talk about Louise and Sadaichi, and how important they were to the whole process?": "Well, I wouldn't have gotten started without bumping into Sadaichi from old Hilo days. 442 got to stick together, most of them here from Hilo. [Laughs] No... I don't know. And the person that Sadaichi wanted to help was, you know, another 442 person. I had good friends in I Company, especially Tsuneo Shiigi. So here was someone from I Company, and if I could help, I said fine. And then as we went along, got to know Louise over the phone. We developed -- we became pen pals. [Laughs] No, you know, sometime Kash would lean back, I guess back out a little bit, then she would push him back in front again. So without both of them wanting to go ahead, at least we knew that they didn't want to impose on us. But as long as I felt that they wanted to go ahead, bring this to a logical end, hopefully successful conclusion, I was all for it. Sadaichi knew that there was no holding back."
            }
        },
        "segment 17": {
            "Segment Desc": "Personal reasons for continuing to pursue justice for Shiro Kashino",
            "Segment Q&A": {
                "That's why I give Bill a lot of, a lot of credit. If it weren't for Bill, I think this project would have stopped along the way or faded away, huh? But Bill encouraged me, too. He said, \"Oh, let's keep on trying. I can see him, I can talk to him, I can write a letter to him.\" So he had a whole slew of people to talk to. And as he said, Kobayashi said, \"He's old already, and he's moving into an old-folks...\"": "Care facility."
            }
        },
        "segment 18": {
            "Segment Desc": "A grateful widow shows her gratitude",
            "Segment Q&A": {}
        },
        "segment 19": {
            "Segment Desc": "Restoration of Shiro Kashino's stripes",
            "Segment Q&A": {
                "Replacements come in, with stripes on them. You see? So I remember this particular fellow coming in with a staff sergeant stripe. So we can't put him down as a buck sergeant. He kept his staff sergeant stripe. So he became the squad leader. So these are things that happened along the way. So I feel bad for Shiro as well as for Matsumura, because they're my key men, actually.": "Segment 19> - Copyright © 1998 Densho. All Rights Reserved."
            }
        }
    }
}