{
    "Narrator_Name": "Don Maeda",
    "Bio": "Nisei male. Born November 28, 1924, in Seattle, Washington. Grew up in Seattle prior to World War II. During the war, removed to the Puyallup Assembly Center, Washington, and the Minidoka concentration camp, Idaho. Drafted into the military while in camp and received a deferrment in order to help relocate family. Resettled in St. Paul, Minnesota.",
    "Title": "Don Maeda Interview",
    "Interviewer": "Carolyn Nayematsu",
    "Location": "Minneapolis, Minnesota",
    "Date": "October 13, 2009",
    "Densho ID": "denshovh-mdon-01",
    "transcript": {
        "segment 1": {
            "Segment Desc": "Family background",
            "Segment Q&A": {
                "Okay, name is Carolyn Nayematsu and I am with the Twin Cities Japanese American Citizens League Oral History Project, and today I'm happy to welcome Don Maeda. Don, where and when were you born?": "I was born in Seattle, Washington, on November 28, 1924.",
                "And what was your name given at birth?": "Donald Satoshi Maeda.",
                "Let's talk about your parents, but let's start with your father. Can you describe where your father came from and what year?": "He came from Yamaguchi-ken, Japan, in 1906.",
                "And what did he do?": "Well, when he first came he did many manual, like, he worked in the lumber mill, he cleared land, cleared the stumps. He worked on the railroad, not as a railroad worker, but he was a porter so he worked on the railroad and he came to Minnesota on the Northern Pacific or Great Northern, I'm not sure. And then he did a lot of odd job, I'm sure, and then he had an opportunity to become a dental technician.",
                "How did that happen?": "A friend of his was working for a dentist and he did not like doing that, so he asked my dad if he was interested at all and my dad was apparently interested, and that was his, the rest of his life, he retired as a dental technician here in Minnesota so he spent his whole life as a dental technician.",
                "Did he come to the United States alone or were there other family members?": "No, he came with a very good friend of his that was a couple years older. My dad had just, I think just finished high school and this person was a couple years older than him. And I don't really know the details but they came together.",
                "What year was that?": "1916.",
                "And they came to Seattle was well?": "Yes. I think my mother and her sister came together.",
                "Now you brought some photos and this is a photo of your mother in Japan?": "No, I'm pretty sure it's in the States. With the dress she has on I'm sure it was after she arrived here.",
                "How old was she when she came?": "Gee, she was born... my dad was born in 1889, my mom was born in 1893 so that would...",
                "She'd be about twenty or so? You said your mother came...": "'16, 1916.",
                "Okay, and what city is this?": "I'm not sure."
            }
        },
        "segment 2": {
            "Segment Desc": "Description of siblings",
            "Segment Q&A": {
                "And this is you again?": "That's me when I was, what, probably year old?",
                "That's me when I was, what, probably year old?": "Looks like it.",
                "So, you are, in your family line you are number three?": "No, number two.",
                "And where did you live in Seattle?": "Well, it was an area called Rainier Valley. It was kind of, in the... it was still within the city limits but was in the southern outskirts of Seattle.",
                "Was it a very big with Japanese community?": "Well that was, the Japanese people, most of Japantown was closer to downtown, and my mother developed pleurisy before I was born and the doctor told her that she should move out of the downtown area where there's more fresh air so, rent a house, this is before they bought the house, that they should rent a house that was not a real tight house so they could have a lot of change of air, it would be good for her. So that's why they moved out of the downtown area.",
                "It looks like it was kind of a suburban area?": "Yeah, it was still dirt roads out there.",
                "Was your father a gardener at all?": "My mother was more than my dad. She loved to garden.",
                "Right, and he's how many years younger than you?": "Seventeen. He was born in 1940. He was a big surprise, I'm sure. [Laughs]"
            }
        },
        "segment 3": {
            "Segment Desc": "Attending elementary school",
            "Segment Q&A": {
                "Did you attend Japanese school? Did your parents...": "No, they didn't send me. See, the Japanese was kind of in Japantown and I'd have had to take a streetcar after school so I don't think they were that interested in me learning the language, so I never did attend Japanese school.",
                "So, during that time your father worked as a dental technician?": "In a dental office. Not in a laboratory but in a private dental office.",
                "And then your mother, did she work at all?": "She was just a homemaker.",
                "So your father, you led a kind of a traditional sort of American life for a while?": "Yeah, it was, we were relatively fortunate. My dad learned a trade that, and he worked all through the Depression and so we weren't really hard put, I remember it as just being a nice, normal upbringing.",
                "And then you started into elementary school? Now here is a photo of your family, let's see, where are you in this photo?": "That's me right there, that's my mother. That's me right there.",
                "Because during that time did many Japanese families have such an extended family?": "As I recall most did not because they didn't have, their parents -- the Issei, not too many of their siblings came over. A lot of them were just the only one so I can't remember any of our Japanese friends having uncles and aunts and cousins like we had.",
                "Did your parents have much of a social life? What was the name of the place you grew up again in Seattle?": "Rainer Valley.",
                "Did they participate in activities?": "You know, my mother went to PTA and then they belonged to a Japanese Methodist Church and that was downtown, in Japantown, so they had a lot of friends. They had a lot of friends.",
                "What was your life like when you got into junior high school? What sort of activities did you participate in?": "Nothing really, but I was not into sports. Just what boys do. Fly kites, ride bikes. [Laughs]",
                "Did you work at all and do odd jobs?": "Well, my uncle had a grocery store so when I was probably seventh, eighth grade, I helped, he had a small grocery store but he had people that called in with orders and he'd fill them and we'd deliver after school. And so I did do that, but that's about as far as working.",
                "During that time did your family go back to Japan, your parents?": "No. My parents went back after the war two times but before that, no."
            }
        },
        "segment 4": {
            "Segment Desc": "Hearing about the bombing of Pearl Harbor",
            "Segment Q&A": {
                "So when December 7, 1941, occurred, how old were you?": "I was seventeen.",
                "Seventeen. Well, let's talk about your high school then. You were going to high school. You were about what, a junior?": "I was a junior in high school.",
                "And it was a pretty much Caucasian high school?": "Right.",
                "Were there other Japanese to speak of in your class?": "Class-wise I don't really think. There were, by high school there were probably ten or twelve Japanese kids in our high school. Most of them went to, there were two high schools close to Japantown and most of the kids in Seattle went there, but yeah, I went to Franklin High School down in the south end of town.",
                "Do you remember that day?": "The day?",
                "The day?": "Pearl Harbor?",
                "Pearl Harbor?": "I do very... I was driving by then. I had a driver's license, and I remember it was right after church and there's Lake Washington in Seattle where there's areas where they feed the ducks and we were down watching them feed the ducks and I had the car radio on. That's when we heard about Pearl Harbor. But at that time of course we were shocked but we didn't really know what effect would be.",
                "Did your parents think \"Oh dear...\"?": "I'm sure they did. I don't remember them discussing much about it.",
                "So Monday you went to high school as usual, probably, December, right? Do you remember classmates or teachers saying anything?": "No. My friends didn't turn on me and call me names or anything. But I remember by then I had joined a youth group with this Japanese church so I knew a few Japanese kids. And there was this one girl that her mother had returned to Japan and she was born in Japan so it affected her more than, she was not a citizen and so her parents weren't, she was born in Japan, so it affected her much more than it did the rest of us.",
                "Your parents kept in contact with the relatives and all in Japan?": "My mother did, she did all the letter writing and all."
            }
        },
        "segment 5": {
            "Segment Desc": "Preparing for mass removal: having to sell car",
            "Segment Q&A": {
                "When did you know you would be evacuated, approximately?": "Let's see, I think the first post of that along about probably about February of '42, I'm pretty sure.",
                "Now by that time you had a home. Your father had purchased a home, right?": "Well, there again now, they weren't allowed to buy property but to get around it I don't know if it's legal or whatever, but a family had a son that was older, he had become of age, and so my dad bought our home through, it was under his name, this boy's name, and I think my dad must have paid yearly, I remember going over to his house and he'd give him some money just to use his name which could have been kind of scary I guess if the boy and his family weren't honest, they could have probably taken it. But they had no problems. But then when Jane, my sister, became of age, they transferred it into her name.",
                "So at that time, by the time of evacuation, your house was in your sister's name?": "No. It was after.",
                "So what were the preparations like that your family had to go through?": "Well, that was the worst part for me. My dad had a 1936 Plymouth which I was driving around and then this friend, he bought my dad's car, and so that was really one of the worst days of my life when I didn't have a car anymore. And then he bought my dad's car and another friend bought my uncle's car. And when we were sent to Puyallup they would come out with two cars full of friends and park the car across the street -- we were barbed wire, you know -- and we could talk, and I would see my car and my dad's car and my uncle's car with a bunch of friends, that was hard for me. They were very nice friends to come, they always brought us fruit and stuff, but just to see my car across the street, that bothered me.",
                "What did your parents have to do with your house?": "They rented it out and they apparently had very reliable renters because they put the money in the bank, and so my dad had that income so he did not lose his life insurance, but they were honest people.",
                "What about your dad and his job? What was going on there in terms of his treatment at the dental office?": "Apparently nothing happened. He worked."
            }
        },
        "segment 6": {
            "Segment Desc": "The day of mass removal",
            "Segment Q&A": {
                "Okay, so where is Puyallup?": "Puyallup. It was the Western State Fair in Puyallup, which is, oh, let's see, 20 miles south of Seattle, in the town of Puyallup.",
                "Now how did that happen? All of you just showed up there?": "No, we had to, we gathered at a spot, Jefferson Park was our -- they had different places for different area people. When we got on the bus up and then they bussed us into Puyallup.",
                "So at that time it was you, your father and your sister? She was older?": "No, she was there. And my two-year-old brother and we had duffle bag and suitcases, what we could carry.",
                "Your family photos and those things were all packed up and put away?": "Apparently, and my sister was stuck with all that. She and my parents -- at least I don't recall doing much. [Laughs]",
                "What were conditions like at the fairgrounds?": "Well, we were fortunate there. There was a parking lot across from the fairgrounds and they built the barracks in the parking lot so that was all fresh wood, it was just wood, it was raw wood walls and all but at least it was clean, and we had a little room I think it was 20, I think 24 by 24, whatever. And then we were passed out, we had army cots and real army-type mattresses, they were thin but they were at least clean. And then...",
                "And your family was assigned a section?": "Well, yeah, there was this barracks, I can't remember the number of that one but we were assigned a certain one.",
                "And you were in Puyallup how many months?": "Until August, while they're building the camp in Idaho.",
                "During those months, how did you occupy your time?": "I, being one of the early ones, I got a job as a supply, and so we distributed the incoming families, this Lloyd and I distributed the beds and mattresses and helped carry their belongings and get the later people settled.",
                "So at that point you had not been around a lot of Japanese?": "Just a small group at the Japanese Methodist Church.",
                "How about your mother, how did she feel?": "I don't really know.",
                "What was their feeling like because you knew you were going to Idaho at some point?": "I don't know if we knew what the future was, I really don't know."
            }
        },
        "segment 7": {
            "Segment Desc": "The journey by train to Minidoka",
            "Segment Q&A": {
                "So when it was announced you were going to Idaho, how did they get you all there?": "By train. And that is vague to me too. I remember the train did not come in to Puyallup. I don't know how we got to the train or where the train was, but I remember there were old, old train, they still have the old potbelly stove and I remember everybody, it took a couple of days and we were all dirty and they just passed out sandwiches or whatever and, yeah, that wasn't a very pleasant trip.",
                "Did that happen to you?": "See, now I told you we were fortunate that we were in these fresh barracks. But the later people were in the actual barracks which were across the street in the fairgrounds there and so they were in, when we had to help them get settled, and they had rather than the mattresses we had, when they ran out of mattresses there I guess they had straw ticks that we helped them fill with straw and so they had it much worse than we did, the later people.",
                "How many days did it take, do you think, to get everybody in there?": "Into Idaho?",
                "Into Idaho?": "First into Puyallup.",
                "So yours, how did you get to be one of the first groups?": "I have no idea how they did that.",
                "Okay, so then it took, you all had to board a train, and then went to Minidoka. Now where is Minidoka in Idaho?": "It's close to Twin Falls in the southern part of Idaho."
            }
        },
        "segment 8": {
            "Segment Desc": "First impressions of camp",
            "Segment Q&A": {
                "How many barracks were there at Minidoka?": "Let's see. I think there were twelve in each block and there were forty-four blocks.",
                "28-4-C. Were you the only family in your barrack?": "Oh, no, they had at the end of each barrack, both ends, they had smaller apartments for couples. And then they had a large apartment for six or more, and then right in the middle was one to five, so we were in the middle size apartment.",
                "A lot of Japanese families had -- yours was kind a small family wasn't it? I can almost picture having a lot of...": "Yes, they probably had two rooms I would think. But we just had our cots lined up and then they had this big potbelly stove in one corner and...",
                "And you had to go to a mess hall or something?": "Yeah. Mess hall, all the meals, laundry room, showers and all.",
                "What were the conditions? The barracks, at least were newer.": "Newer but still, they were still just, inside they were the raw wood and outside they were tarpapered and, you know, it was dusty in the spring in Idaho and the dust just come blowing in the windows and all.",
                "And it was still pretty cold wasn't it?": "Yeah, it was cold.",
                "Did they give you coats and things like that?": "Oh yeah, they passed out, actually they were mostly like CCC, old army, the CCC must have got it from the old army, stuff, and so they were, a lot of them were World War I type pants and jackets and stuff.",
                "Because you, from Seattle all you could bring, what did they allow you, just one suitcase per person?": "What you can carry.",
                "So you're seventeen years old at Minidoka? Now you only went through junior year?": "I didn't finish my junior year.",
                "Okay, you were, so did they have high school for you?": "They had school in camp but they weren't -- a lot of us didn't -- I didn't go to school in camp. I would rather, I worked rather than go to... so I signed up with the coal, they used a lot of coal, everything was coal to heat all the barracks and heat all the mess halls and the laundry room, so they used a lot of coal. And the trains did not come into camp so we would have to take -- they were army trucks, and go out to the spur which was probably about probably five to ten miles out of camp and we'd go load the coal onto these trucks. And they weren't dump trucks. You'd get into these gondola cars and hand shovel, fill the trucks, and then you'd fill the trucks and go back to camp and unshovel it wherever they needed it.",
                "What other activities did you participate in camp? I mean, there must have been a lot of seventeen year olds.": "Oh yeah, in the evening there was, all in the summer, they had baseball leagues; they had dances every Saturday night in the mess halls. But most of all, after dinner we just kind of hung out. And there again I made a lot of good friends. I found out Japanese kids are more fun than white kids. [Laughs] I fit in. You know, in Seattle, I was fine until we got to high school. All my Caucasian friends, and then they start pairing up, a boy and a girl, and here at that time a little Japanese boy didn't even think about asking a white girl out. And so that's when I began to feel the need, I don't know if was a need, that I was kind of out in left field, but once I got to camp and I met all these boys and girls, and so my memory of camp is more, that's why my daughter wanted me to come to say that my outlook is different than a lot of people because I didn't think it was so bad.",
                "Your sister was probably in college?": "She was a junior at the University of Washington.",
                "So she had to leave and so she felt that?": "She was only in camp one year and she got a chance to go to Hamline University here and that's how we ended up to Minnesota."
            }
        },
        "segment 9": {
            "Segment Desc": "Being drafted into the military",
            "Segment Q&A": {
                "So your sister was able to leave after one year. You stayed how many years?": "Two years.",
                "Two years and your parents stayed...?": "I came out the same time as they did.",
                "How did your dad and your mother fare in Minidoka?": "Well, my dad worked at the hospital as a dental technician, And I don't know, I really don't know, they had a lot of friends, a lot of people to talk to.",
                "The University of Washington. What was her major there?": "Sociology.",
                "At least she was able to come to Hamline. Was Hamline University accepting a lot of Japanese at that time?": "There are not a whole lot but... Macalester had more I believe but there were several at Hamline.",
                "So you're about nineteen, twenty, when you're leaving?": "Yeah, I was between eighteen and nineteen but I was drafted. You know, during the war they quit drafting the Nisei and then after they need replacements for the 442 they opened up the draft. And I was in the first -- there were eighteen of us -- and I was in the first group to be drafted in Minidoka so I went up to Boise and I had a, in the back of an open truck, we rode up to Boise, we were sworn in and everything, And the day I was supposed to go, actually go into the service was the day my folks were scheduled to come out to Minnesota. So they gave me a three-month extension to help them get settled.",
                "Did they? Did you have any misgivings about being drafted?": "Not really, I didn't think much about it.",
                "And how about your friends?": "I didn't hear of any.",
                "You brought some articles here about, I think leaving camp, right, and getting settled. I see here, we think this it, it says War Relocation Authority Evacuee Property Report. It's sort of interesting, your personal property, now this is your, Jane Maeda, would that be under, Jane would have had it under, for your parents?": "She handled all the legal or...",
                "Well, there are some things, you had refrigerator, washing machine. There's a cedar chest here and you're saying you built that?": "I built that in high school. And I have it now.",
                "How about this bedroom set?": "That was my folks' old bedroom set and that's long gone.",
                "And this was a piano that was in your home?": "My mother and sister took piano lessons.",
                "Now this personal property was kept for you in Seattle someplace?": "Yes, they were put in the warehouses.",
                "They didn't have much time, did they?": "No, The time was pretty limited."
            }
        },
        "segment 10": {
            "Segment Desc": "Temporarily leaving camp to do farm work",
            "Segment Q&A": {
                "Don, before we leave Minidoka, I wanted to ask you, you were with a lot of seventeen, eighteen, nineteen year olds, were you able to leave Minidoka, to go into town and see movies, was all that restricted?": "No, only if you're out on leave to do harvesting work or farm work, then you could leave, but not just for pleasure.",
                "Did you help with harvest?": "I did. In 1942 and '43 I went out to harvest sugar beets and potatoes, and being a city boy, and I went out with a crew with all farm boys so I learned how hard work farming was.",
                "Do you have a clue as to how the native Idahoans, what they thought of having this camp, or what they thought of the Japanese?": "Well you know. we went back to this a couple years ago, we went on this pilgrimage from Seattle to this camp and we talked to some of the people in that area. And a lot of them said they knew something was going on over there but they didn't really know what it was all about.",
                "Okay. Approximately how many people were in Minidoka? Was it about ten thousand?": "Yeah, ten to twelve thousand. Most of them were -- that's a lot of people.",
                "So you and your mother and father and younger brother then packed up and took a train then to Minneapolis?": "Yes.",
                "That took a couple days, didn't it?": "You know, I cannot... I'm sure to get here we had to take a, maybe they had a bus or something that brought us into wherever the train was, and we had to go through Omaha to get here, I remember we had to transfer there and we went through Omaha and ended up here in March of, what would that be,'45, and it was cold.",
                "But people were starting to leave camp around that time?": "Yeah, I would say quite a few were.",
                "Was it hard leaving all your friends? Because you were going all over, different places.": "That's right. That was another thing. I lost a lot of friends when we left Seattle and then I made a lot of friends in camp and then they were all gone again too, and then we came out here and of course, that was the hard part, not knowing, once you're out of high school it's hard to make friends."
            }
        },
        "segment 11": {
            "Segment Desc": "Moving with family to St. Paul, Minnesota",
            "Segment Q&A": {
                "So you came to Minneapolis St. Paul. Were you able to find a job?": "Yes, I, let's see, I was 1-A at that time and there was a lady, Mrs. Colby, she was a... she was just a do-gooder type of woman that had a desk at the employment center down in St. Paul. And it was just her. She was just there to help relocate the Japanese people who were coming here. She found my dad a job as a dental technician and I, my first job was at Booth's Cold Storage, is right on Kellogg and St. Peter right at the foot of the -- and it was hauling these big cartons of frozen stuff out of the train, out of the freezer lockers into the trains and it was just too heavy for me. And so I only lasted there maybe a week and then she found me, about four of us, well, she found us a job at a Cudahy packing house, it was across from South St. Paul, Swift's and Armour's were in South St. Paul and Cudahy was across the river in Newport, and we went to work in the packing house. And the packing house is all the Mexicans and African Americans end up in the lower end of the job down in the hide cellar where they drop all the hides that are all full of, you know. And then before they're sent off to become leather they stack the steer hides and the sheep hides and every hide, you lay it down and you put a layer of rock salt to cure the, and then you're all full of, and your clothing is all, boy, I thought I knew all the bad words in the, but I learned a few new words down there. [Laughs]",
                "Really?": "And so, we went to work and I worked at Goodyear for another year or so. I was getting to the age where my parents wanted me to go to school and I was not a student and so I realized I was not college bound and my dad being a dental technician, talked to a couple of dentists, and there was a dentist that had a technician working in his office and he, this dentist was so busy because a lot of the dentists were in the service so they hired me as this helper and he trained me, he broke me in. And we worked together for nine years in this dentist's office and Ed decided to open up a lab himself and he asked me to come along with him. And he explained to me, he had had a partnership down in Florida that didn't end happily, and so he says if anybody he would take me in as a partner. But because of his bad luck as a partner he didn't -- so he gave me a real good deal, commission and bonus every month and just the two of us started this lab and it grew to be over the years, I think at the peak there were about twenty-five people. Well I was kind of a, whenever he was gone I was kind of the manager for him, so he treated me well. And then, that was in 1964. And then in 1980 his wife was ill and he was seventy and he was ready to retire and he wanted the three of us to buy him out, and we never could come to an agreement as partners. And so then I had several of the accounts at the lab said that, \"Well, we'll help you set up and we'll send you work,\" and so by then my kids had all gone off and I had a family room that was just sitting there and a laundry room that had room for whatever I need, to put over, that need water, so I opened my own lab in 1981."
            }
        },
        "segment 12": {
            "Segment Desc": "Getting married",
            "Segment Q&A": {
                "And you married?": "Kay. Kay Kubo. Katheryn Kubo.",
                "And this is the two of you at your wedding?": "Yes.",
                "Is that here in St. Paul?": "No, we went back to -- she was from Torrington, Wyoming, but the church that they attended was right outside of Scottsbluff, I can't recall the church, St. Mary's Mission? And I thought at that time there would only be a few Japanese attending our wedding. But there are a lot farmers in that area and down in Platte Valley area and so that church is almost all Japanese, a few Caucasian people, but mainly it was Japanese people so we had a nice wedding out there.",
                "No, we went back to -- she was from Torrington, Wyoming, but the church that they attended was right outside of Scottsbluff, I can't recall the church, St. Mary's Mission? And I thought at that time there would only be a few Japanese attending our wedding. But there are a lot farmers in that area and down in Platte Valley area and so that church is almost all Japanese, a few Caucasian people, but mainly it was Japanese people so we had a nice wedding out there.": "How did you meet your wife? Was she here studying?",
                "How did you meet your wife? Was she here studying?": "Well, she was here working at, she had finished, she was a medical technician, she had graduated the University of Wyoming and she was working at St. Barnabas Hospital, which is no longer here. It was an Episcopal hospital and then the...",
                "Could we just backtrack a bit? She went to the University of Wyoming. I attended the University of Montana in the '60s and I was the only Japanese American then. How about the University of Wyoming?": "Well, there were a few at that time. There were a few students out of camp at University of Nebraska and Wyoming and even here at Macalester and Hamline, and so she wasn't the only Japanese student.",
                "You don't hear too much about the Japanese in Nebraska. What did her family do there?": "Farm. They were actually in Wyoming. Torrington, Wyoming, which is really on the state line of Nebraska and Wyoming.",
                "What did they raise in Torrington?": "Beans, some sorghum and corn, it was mostly beans and corn and sorghum, I think.",
                "Just to backtrack a bit, when all of you moved here to St. Paul, your sister was at St. Paul, where did you live?": "Well, our first, we lived in a rooming house just by Hamline University, she found this rooming house. We lived there a year and my dad fortunately had down payment on a house so he purchased a house on Fairview and Idlehart in 1945.",
                "And was your dad able to continue his work?": "He did, he worked for a dentist, a very nice dentist, he worked for him for twenty-five... he worked almost into his eighties, too.",
                "Did your mother work when she came here?": "She never, she loved to garden so she gardened. She had a weed-free garden in the backyard. Oh, and then my second daughter and her husband, when my mother preceded my dad for three years before him, and when he passed away he left all to the grandkids, ten grandkids, and so my second daughter and husband bought the house from the other grandkids and they're living in that home now."
            }
        },
        "segment 13": {
            "Segment Desc": "Experiencing housing discrimination",
            "Segment Q&A": {
                "Did they suffer any discrimination that you know of when they were trying to buy the house? Was there...": "Yes, there was. I remember we went to a house, it was one of the houses, it wasn't all that great but it was off of Randolph and Snelling. And the realtor brought us in there and we went back out and he says, \"They won't sell it to you. They don't want the neighbors to talk about selling to any Japanese,\" so that was the only time that I can recall. But Kay and I ran into that, we were married in 1950 and in 1954 we decided to move out to Roseville and at that time there were a lot of returning GIs and so as all, they were new little homes and we were all set to close and the guy said, \"I don't know, I better talk to the rest of these people that are buying in this neighborhood. I better see if it's all right with them.\" And apparently it's alright with them but we didn't even think any problem, but before that when we first got married and was looking for an apartment in Minneapolis, we'd answer an ad in the paper and go and, \"No, that's already taken.\" We went through that three, four, five times and finally the last one we got kind of wise, you know, and right after, we called up right after we looked at it, and were refused and called up and asked if, we didn't say we were the ones, we just said we're checking on the ad, is it still, oh yeah, it's still open you know, so we realized then that, ah.",
                "Was that about the only time that you experienced, that you felt discriminated against, in Minnesota, in the early days?": "Well, I do remember I didn't have a car here at first and you'd ride on the streetcar, and if you were by a window and there was an empty seat next to you, people wouldn't sit down. They'd prefer standing rather than sitting next to a, same with the colored people, a lot of people wouldn't sit with colored people. Little things.",
                "Did people know that, about the internment, evacuating?": "I don't think, I don't think most of them out here did. I really don't know.",
                "So, how many people attended your youth group at the Episcopal Church?": "Oh, at the peak, the young people, there must have been twenty to thirty.",
                "Because after him, wasn't there a Father Otani?": "Otani. Father Kitagawa left here and he went to the World Council of Churches in Switzerland and he passed away relatively young.",
                "How did your wife like Minnesota?": "You know, after her training here she wanted to see the east. So she had some friends in Baltimore, he was an Episcopal priest, and she lived with them for a year and worked in Baltimore for a year and she had enough of the east so she came back to Minnesota just before we met."
            }
        },
        "segment 14": {
            "Segment Desc": "Raising a family",
            "Segment Q&A": {
                "So you two married, and tell us about your family. You have five children?": "We had five kids.",
                "And how many are still here in the Twin Cities?": "Four.",
                "But did she live in Minnesota?": "She lived in Austin, Minnesota, that's where Hormel Company is.",
                "Oh, so she went down to work there?": "Yeah, her husband is a chemist and he didn't work for the Hormel Company, but the Hormel Company and the University through a grant system they have a laboratory, they call it the Hormel Institute. And they do different testings, I don't exactly know what they do but George is a chemist. He couldn't find a job here in the city so they moved down to Austin to raise their kids down there.",
                "And you said your wife passed away a few years ago?": "Ten years ago.",
                "Did you visit much with her family in Nebraska?": "Almost every year we drove back to see grandma.",
                "What was that like?": "Long trip. Long trip with five kids. [Laughs]",
                "But that was an active Japanese community down there. Did they continue a lot of the New Year's traditions?": "Yeah, we were always there in the summertime.",
                "Is it still?": "No, Kay and I would go back to the service and it's, there are a few Japanese but I would say it's more or less than fifty percent Japanese now. They're all getting old too and then their kids I don't think continue on there.",
                "Is there anything we left out that you'd like to cover?": "I really, I'm surprised that I talked this much. [Laughs]",
                "You did well. You know, working as a dental technician, you were pretty new, I mean, there weren't many Japanese in the dental field, were there?": "Well, when you really think about it, when you, you ask anybody, do you know anybody, or my kids would ask, you never hear of a dental technician, you don't even know they're around really. I think most people assume the dentist does the work, they don't think any further than that. But I don't know of any other Nisei that are in the dental -- there are dentists over here, a lot of them are retired now, but I don't really know any other Japanese dental technician here in the cities.",
                "And people are still using gold crowns?": "Gold crowns, for the posterior teeth, they're still using them.",
                "Do they last longer?": "Well, actually, porcelain is a glass really and glass is hard. And back on your molars where you chew, the glass will wear out your natural teeth because of the abrasiveness, where a gold crown is relatively soft and it'll wear with your natural tooth, so it's kinder to the opposing tooth.",
                "I see. Well, it's good you've been able to keep busy and how much longer are you going to do this?": "I don't really know. Until... my hands are still steady. And I've been very fortunate. My eyes are good and my hands are good and this is gone. [Points to head] I would say another couple years. These dentists, apparently they like my work, because they keep sending it to me. As long I can still function and stay in that house. I have to stay in that house because my lab is there. And where I reach a house that I have to move and my health starts deteriorating, until that point I'll just keep plugging along."
            }
        }
    }
}