{
    "Narrator_Name": "Donald Yamamoto",
    "Bio": "Nisei male. Born 1930 in San Jose, California. During World War II, removed to the Santa Anita Assembly Center, California, and the Heart Mountain concentration camp, Wyoming. After leaving camp, returned to California.",
    "Title": "Donald Yamamoto Interview",
    "Interviewer": "Raechel Donahue",
    "Location": "San Jose, California",
    "Date": "December 15, 2010",
    "Densho ID": "denshovh-ydonald-01",
    "transcript": {
        "segment 1": {
            "Segment Desc": "Growing up in San Jose, California",
            "Segment Q&A": {
                "So were your parents American citizens?": "No, they were not. My mother was born in Hawaii and my father was born in Japan. And although she was born in Hawaii, I don't think she was considered a citizen of the United States.",
                "Sounds like the Obama story, doesn't it? [Laughs] So your parents were Nisei, they were Issei?": "Issei, Issei. My parents were Isseis.",
                "And where did you go to school?": "I went to school here in San Jose just a few blocks up the road here at Grant school, grammar school.",
                "You what?": "We will find pictures of all of the schools. So everybody gets the same question so we'll be able to match them with the pictures.",
                "And what was your life like living here in San Jose, your American life?": "It was all right. Mainly we stayed in the Japanese town area so we didn't have too much, I didn't have too much friends outside there. There were a few from grammar school that I visited occasionally."
            }
        },
        "segment 2": {
            "Segment Desc": "First impressions of Santa Anita assembly center",
            "Segment Q&A": {
                "And do you remember the day that you were told that you were going to camp?": "I don't really remember that. I don't remember when we were told we were going to camp. All I remember is that we had to line up to get our inoculations of various diseases, I think.",
                "And where did you go first?": "We went to Santa Anita Assembly Center in Southern California.",
                "So you're a good friend of Kaz?": "Yeah, we were in the same Boy Scout troop, we lived in the same block, and we did a lot of things together as Boy Scouts.",
                "He told us about that game. So did you, how did you go to Santa Anita, do you remember?": "How did I what?",
                "How did I what?": "How did you get there? Did you drive, did your parents drive?",
                "How did you get there? Did you drive, did your parents drive?": "No, we got on a train here in San Jose. I don't remember from Japantown to the station on First Street, but I don't remember how we got there. Maybe there was a bus, I don't know. We did not drive or anything then.",
                "Some people drove to Santa Anita, but I think they were ones from Los Angeles. What was your first impression of the assembly camp?": "I really don't remember what my first impression of the assembly camp was.",
                "Were you afraid?": "There was a lot of Japanese people there. [Laughs]",
                "Did that make you happy?": "No, not necessarily. I don't really recall any special emotions that I had. I was too young, I guess."
            }
        },
        "segment 3": {
            "Segment Desc": "The train ride to Heart Mountain",
            "Segment Q&A": {
                "Is that right?": "Yeah, we did. It's still a pretty brutal drive. So you just were waiting and waiting, it must have taken days.",
                "Yeah, we waited, and then eventually we came to a town. And the people were walking by the train, and we were slowed down, and so we hollered out, \"Where are we?\" and they said, \"You're in Pocatello.\" Pocatello is Idaho, I guess. And that's about all I remember of that trip. Except when the train pulled into, I guess, where the camp was, I could see sign on the post saying, \"Vocation,\" and I believe that was the name of the actual location because I looked it up on the internet later when I got a computer to see if it was the same place. They showed maps of the area.": "And you saw the mountain?",
                "And you saw the mountain?": "No. Well, the maps showed, topographical maps showed you elevations of various things, and I assumed which one was the mountain.",
                "But you don't remember seeing the mountain when you got off the train?": "No.",
                "It's not much of a mountain if you just see it by itself, you know. So what was your first impression of -- I know that you had barracks in Santa Anita which were similar to where we are now, right?": "Yes. We were dropped off by this barrack that there were seven of us in the family and we had one room in the barrack. That was a little, it was a larger room than what we had in Santa Anita. We had, in Santa Anita we had two smaller rooms because of the size of the family, seven people.",
                "Stables?": "Yeah.",
                "Pardon?": "Tell me who your friends were in Heart Mountain.",
                "My friends? I don't really recall too many. All I know is they had some sort of school, it was summertime, but they had some sort of school which we went to and I met some people there, some of the boys there, which I eventually met up again when we went to our so-called relocation center. We didn't have homework or anything, all I know is we went to the grandstand and there was classrooms there. My mind is fading.": "Segment 3> - Copyright © 2010 Raechel Donahue and Garrett Lindemann and Densho. All Rights Reserved."
            }
        },
        "segment 4": {
            "Segment Desc": "Living conditions in camp and being caught out of bounds",
            "Segment Q&A": {
                "Well, when you got to Heart Mountain, the community was already built? Do you remember when you got there?": "There was, it was essentially built, yes.",
                "Did you still have the churches yet and all of that, or was it just the barracks?": "The barracks weren't completely finished. The insides of the barrack, the finished barracks had what they call Celotex over the studs that kind of insulated you from the weather, and in some cases the Celotex on the ceiling were not placed yet, and they were eventually placed in there, gave you a little more privacy. You could hear things going on in the next room fairly easily.",
                "Pardon?": "Perhaps they thought the Issei Japanese would be used to the light walls. But as an American child you wouldn't be.",
                "Tell me about, do you remember the first snow at Heart Mountain?": "The first...",
                "All that sideways snow?": "Yeah, partly sideways, yes. But it didn't snow very hard that first time.",
                "When did the novelty of the snow wear off?": "Not too soon because there was a lot of scrap lumber around and we made sleds. Of course, there was no hills right in the camp area, so one time there was a place not far from our block where we went, and it wasn't, the hill was not covered completely with snow. But with what snow there was and the gravels and the dirt, we were able to go down the hill. And after a couple of runs, my sled caught some rocks underneath where I had the steel runners, and while we were there, these military police vehicles came by and they, we had to get on the things, leave our sleds there, and they took us away somewhere, I don't know where. But eventually we were told that we were out of bounds. And I thought, \"Out of bounds? Where's the out of bounds?\" Anyway, the next day when we were released... we were released that same day, but the next day I walked along by the road by our barrack which was on the northern edge. There was a dirt road, and I looked on the other side of the dirt road and there were little stakes with piece of red cloth on it, and I guess we weren't supposed to pass that. And we left our sleds there, and we wanted them back, so we kind of walked through another block, and then all of a sudden we looked around and we went running out there, ran down the hill, grabbed our sleds, and we came back with our sleds again.",
                "Not too soon because there was a lot of scrap lumber around and we made sleds. Of course, there was no hills right in the camp area, so one time there was a place not far from our block where we went, and it wasn't, the hill was not covered completely with snow. But with what snow there was and the gravels and the dirt, we were able to go down the hill. And after a couple of runs, my sled caught some rocks underneath where I had the steel runners, and while we were there, these military police vehicles came by and they, we had to get on the things, leave our sleds there, and they took us away somewhere, I don't know where. But eventually we were told that we were out of bounds. And I thought, \"Out of bounds? Where's the out of bounds?\" Anyway, the next day when we were released... we were released that same day, but the next day I walked along by the road by our barrack which was on the northern edge. There was a dirt road, and I looked on the other side of the dirt road and there were little stakes with piece of red cloth on it, and I guess we weren't supposed to pass that. And we left our sleds there, and we wanted them back, so we kind of walked through another block, and then all of a sudden we looked around and we went running out there, ran down the hill, grabbed our sleds, and we came back with our sleds again.": "You boys are fearless. Weren't you afraid that they were gonna shoot you or something?",
                "You boys are fearless. Weren't you afraid that they were gonna shoot you or something?": "No, I didn't. I don't recall having any sort of talks like that.",
                "Without being afraid? Yeah, because I've asked everybody.": "Yeah. Because I remember when we were being picked up, there were some people, older folks, and a couple of the younger girls were up on top of the hill, and one of the little girls was crying, and I don't remember if they picked all those people up or not, because I'm pretty sure we were beyond the boundary that day, and [inaudible] was there. But then eventually the barbed wire went up pretty quick after that.",
                "Was there a guard there the entire time that you lived there? Was there always a guard? Because some people told us that they stopped using the guards after a while.": "Well, at the beginning there were guards there, and eventually I guess they had to go to join the other fighting forces, so they left.",
                "Besides, if you escaped, where would you go? [Laughs] If you guys escaped from Heart Mountain, you wouldn't be able to get very far.": "[Laughs] Where would we go? There was nothing nearby besides probably the citizens of the local area would call the police or something, I don't know.",
                "[Laughs] Where would we go? There was nothing nearby besides probably the citizens of the local area would call the police or something, I don't know.": "Segment 4> - Copyright © 2010 Raechel Donahue and Garrett Lindemann and Densho. All Rights Reserved."
            }
        },
        "segment 5": {
            "Segment Desc": "Recreational activities in camp",
            "Segment Q&A": {
                "So then tell me, you joined the Boy Scouts? Were you a Boy Scout?": "Yes, we joined the Boy Scouts while we were there. It's not right away, it was the following summer, summertime I think. Somebody was saying they're forming a Boy Scout troop so we went, I went with some of the friends in our block to that place and we organized a troop.",
                "And were you one of the... did you get to go to Yellowstone?": "Yes, we got to go to Yellowstone. There were a total of about seven Boy Scout troops in camp, and we were scheduled to go once in early July but it was delayed because one of the boys in our troop had drowned in the canal. And so we stayed to have the funeral, and we went later one.",
                "Shoshone irrigation ditch?": "Yeah. And there was a... Garland Canal was the name of the hotel.",
                "Do you remember the name of the boy?": "Toru Shibata.",
                "That's very young to have a sense of mortality. What did your parents tell you about why you were going to camp?": "They didn't really say. I don't recall any sort of conversation like that with my parents. All I know, we had to go, so we went.",
                "No one does. So why do you think? That's a cultural thing, too, is that the parents were being protective? Do you think that was a conscious decision?": "I don't know. Maybe they said something, but I don't recall anything. That was quite a while ago.",
                "And what happened to your parents' property?": "We did not have any property. We were renting, and so we stored some things away in a relative's garage, and the rest of the things we left piled inside the Buddhist church gymnasium. But then families got so many square foot to put in it. But then by the time we came back, all that stuff was gone. Whether it was stolen or it had to be cleaned out in order to make places for people to sleep."
            }
        },
        "segment 6": {
            "Segment Desc": "Leaving camp and returning to California",
            "Segment Q&A": {
                "So how do you know... do you remember the day that you left camp?": "I don't remember exactly. It was late, late September or it was in early October, and I was kind of upset because I was afraid school was starting and I wasn't there to go to school.",
                "And how did your parents get it back together after camp? How did they make their lives work again?": "Well, when we got out of camp, we got on the train, we went to Oakland. We got on a bus, we went to Hunter's Point in San Francisco and the bus driver got off and I didn't know whether we were going to stay there or not. But then he came back in and he drove us to the west side of San Francisco, there was an old, abandoned army camp, Fort Funston, which had empty barracks there, so we stayed there. We couldn't go to San Jose because there was no, we didn't have any place to go to. I found out that the Buddhist church had taken all the benches out and it was full of army cots. They had an old gymnasium and that was full of army cots for people to sleep. And so we stayed in San Francisco, I don't know, about three months, 'til November.",
                "Did you go to school?": "No, we didn't go to school. Another guy and I, we used to just walk down Highway 1 to the beach or something like that.",
                "Isn't that like where Playland and all that was?": "Yeah, south of that. Way south, where the...",
                "That what?": "They said that their parents would say, \"It can't be helped.\"",
                "So do you feel bitter for your parents?": "No, I don't feel bitter. It was just something we had to go through, so I don't...",
                "Let me ask you a couple of questions about, do you remember Shig's bird, Maggie?": "Shig who?",
                "Shig who?": "Shig Yabu.",
                "Do you remember his bird?": "Well, I heard about that after camp. I didn't know about it in camp.",
                "And were you a member of anything else, football, baseball?": "No, just Boy Scouts was all I...",
                "I heard there was also a, like a sumo wrestling pit or jujitsu?": "No. There was, I think there was some place they were teaching judo, but that's the only thing... I never partake of that, no."
            }
        },
        "segment 7": {
            "Segment Desc": "Reflections",
            "Segment Q&A": {
                "So why do you think it's important for the Yonsei to know about what happened?": "Why? Well, it's kind of the old cliche, not to happen again.",
                "Why? Well, it's kind of the old cliche, not to happen again.": "That's true. Well, do you remember when you were going to school, probably when your kids were going to school, I just talked to Dave, it wasn't in our schoolbooks.",
                "Oh, so you just kind of hung out, so you had to work harder, didn't you?": "Pardon?",
                "Pardon?": "Where do you live now?",
                "So you came back here, where do you live now?": "Pardon?",
                "Where do you live now?": "I live here in San Jose.",
                "Why did you come back?": "Why did I come back? My parents came back.",
                "Why did I come back? My parents came back.": "Oh, but you stayed all this time.",
                "When did you go to the service, what year?": "I joined the air force in November 1950, November 1950.",
                "And you didn't feel that that was sort of ironic?": "No, not really. I started the second year in school and college and I found out I wasn't doing any studying. As a matter of fact, I was probably flunking all my courses so I thought I would get out and see if I can do something else."
            }
        }
    }
}