{
    "Narrator_Name": "Elsie Uyematsu Osajima",
    "Bio": "Nisei female. Born July 25, 1925, in Pasadena, California. Grew up in Pasadena, where parents ran a small market. Removed to the Tulare Assembly Center, California, during World War II, then to the Gila River concentration camp, Arizona. Left camp to attend college in Nebraska, then married and returned to California. Worked for many years at UCLA's Asian American Studies Center.",
    "Title": "Elsie Uyematsu Osajima Interview",
    "Interviewer": "Brian Niiya (primary); Karen Umemoto (secondary)",
    "Location": "Los Angeles, California",
    "Date": "November 29, 2018",
    "Densho ID": "ddr-densho-1000-451",
    "transcript": {
        "segment 1": {
            "Segment Desc": "Parents' family backgrounds: father immigrated to the United States as a student",
            "Segment Q&A": {
                "So we are here in... is this considered Boyle Heights?": "Boyle Heights.",
                "My parents?": "Just a little background on who they were and how they came here.",
                "And what was his name?": "Jiro Morita.",
                "And did he go overseas?": "No, he just stayed on campus and got the training.",
                "What was he studying at Throop College?": "At Throop he was studying electrical engineering. But in those days, curriculum was quite different. He had to study Greek. I don't think people have to study Greek here anymore. So it was a formal education, I think.",
                "And he graduated?": "No, he didn't. The war ended, and they had a counselor there for all the cadets as far as looking for work. And his counselor told him that \"no white man would want to take orders from a yellow man,\" so, \"Why don't you just not pursue an education?\" So he quit school and he went to work with his uncle.",
                "No, he didn't. The war ended, and they had a counselor there for all the cadets as far as looking for work. And his counselor told him that \"no white man would want to take orders from a yellow man,\" so, \"Why don't you just not pursue an education?\" So he quit school and he went to work with his uncle.": "How was his English?",
                "How was his English?": "He spoke English very well. As a matter of fact, in Pasadena, he considered himself a liaison between Pasadena City (Hall) and the Pasadena (Japanese) community. He was quite active in the community.",
                "And then his uncle was already here?": "His uncle had a business where he took orders for Japanese foods and delivered them. And there was some law that was passed where a lot of the Japanese went back home, some immigration law. So he left, and my father took over the business, and that's what he did. Let's see, he was in Amanda Park, that's on the very east part of Pasadena, and then he bought a store, yeah, eventually he bought a store, market in Pasadena. So that's where we grew up.",
                "Do you remember the address or location?": "Yeah, 70 North Pasadena Avenue. And when they put the freeway in, I think they destroyed that part of Pasadena Avenue. Because it was only about a block and a half from Colorado (Boulevard), which is the main street. And there's a hill in Pasadena from Orange Grove down to below the hill? We were at the bottom of the hill in Pasadena.",
                "Yeah, 70 North Pasadena Avenue. And when they put the freeway in, I think they destroyed that part of Pasadena Avenue. Because it was only about a block and a half from Colorado (Boulevard), which is the main street. And there's a hill in Pasadena from Orange Grove down to below the hill? We were at the bottom of the hill in Pasadena.": "And then what about your mother?",
                "And then what about your mother?": "Oh, well, the families had gotten together, and I think he was supposed to be... in Japan the custom is if there's a family with no boys, they find someone to assume the name and marry the daughter. And she was the only daughter, and her father had a (school and a) tea ranch. And my father was the second son, so he was not heir to the Morita family money or land, so their families arranged that he marry her and take on the name Yamamoto. But that's what the family had planned, but after he came to America, I think he was encouraged to be more independent of family, and he got a job as a schoolboy and learned how to cook and stuff. Then when... let's see, I'm getting my sequences mixed up, but he married my mother. He refused to change his name, but he bought her a beautiful engagement ring and she came over and married him. And then they took over the business in Pasadena.",
                "About how long had he been here before she came over?": "Oh, he was here from 1915, I believe.",
                "And they got married in?": "Oh, probably about 1920, '21."
            }
        },
        "segment 2": {
            "Segment Desc": "Description of siblings",
            "Segment Q&A": {
                "And you all grew up in Pasadena?": "Pasadena. My father bought a market on Pasadena Avenue and we all grew up there. When the war broke out my oldest brother was up in Berkeley, my younger brother was at PCC, I was at PCC, and my sister was at, I think, McKinley junior high school.",
                "How much older were your brothers?": "Well, Bill, we were born two years apart, so he was four years older than me. And my next brother was two years older than me, and then my sister two years younger.",
                "What schools did you go to in Pasadena? Elementary, middle school.": "Well, let's see. I went to Lincoln grammar school, McKinley junior high school. Pasadena had a junior high school system, so you graduated junior high at tenth, and then you start eleventh grade in junior college. And I was in junior college when war broke out.",
                "So it was called junior college, but it was sort of like high school?": "It was called PJC (Pasadena Junior College).",
                "But it was really high school, it was eleventh and twelfth?": "Actually, compared to other schools, it was high school.",
                "But it was called junior college?": "Yeah."
            }
        },
        "segment 3": {
            "Segment Desc": "Attending Japanese language school",
            "Segment Q&A": {
                "Did you have to go to Japanese school?": "When I was young?",
                "When I was young?": "Yeah.",
                "Which school?": "What school?",
                "What school?": "Yeah, which Japanese school?",
                "Yeah, which Japanese school?": "Well, the Japanese community opened their own school. My dad was on the board of directors, he was treasurer. And they started, I don't know where they got the money, but they had enough money to have a big building and a school. There was a tennis court on the property and they used that for basketball games, I think. So it was a pretty large space.",
                "How many years did you go?": "Let's see. Possibly 'til the war started.",
                "So were you pretty good at Japanese?": "Not really. I would frustrate my teachers because I spoke English at home because my dad spoke English. At school they have what they call hanashikai, that's a talk program, we all had to give speeches in Japanese. My Japanese had an English accent, which frustrated the heck out of him. [Laughs]",
                "So at home, your mother also spoke English, too?": "A little English, but she spoke mostly Japanese to me.",
                "...encouraging English. That was fairly unusual for Issei at that time?": "I think it was unusual. That's why he saw himself as a liaison between the Japanese community and people at City Hall.",
                "Was he active in other kinds of community activities, Japanese associations?": "Yeah, the Japanese Association, and then I think he was one of the founders of the Christian church.",
                "This is a Japanese Christian church?": "The Japanese church on Kensington Avenue. But he and the minister didn't get along, the one we had, so he stayed away. He had friends, but his friends were... it's interesting, most of his friends were ministers from other churches."
            }
        },
        "segment 4": {
            "Segment Desc": "Parents' prewar store as a community gathering place",
            "Segment Q&A": {
                "So was your house one of those where lots of people were always coming by?": "His business was. So all the bachelors who had no place to go, they'd come over to the store, and they'd spend their time at the store talking to either my dad or my mother, and sometimes they'd eat supper with us.",
                "And the family lived in the same building? Was it one of those above or behind?": "Yes, storefront and two story house in the back. And a lot of the bachelors would come over and have supper. And we had a big dining room and a potbelly stove, and my dad would make the room warm by burning wood every night. So it was nice. It was like a social hour every night. [Laughs]",
                "Did your mom then have to cook for all these people?": "She cooked for most of them, yeah. Besides, we had roomers upstairs for extra money, and I think she cooked for them, too, they were down there eating. We were all eating together.",
                "Did the children have to also then help with the store?": "My brothers helped my father deliver rice and stuff, and my brother still complains that he has a bad back because of the hundred pound sacks of rice that he had to deliver. And then, actually, I had it pretty easy compared to my brothers. And I helped my mother. Sometimes she'd be busy and ask me to cook something, and I'd cook what she showed me how to cook.",
                "You mentioned before that you played some tennis?": "Oh, I loved to play tennis. My father played tennis. He shouldn't have played tennis, he should have been home helping my mother. But on Sundays, there's a place in Gardena... it was actually swampland with two tennis courts, and the Japanese men would go there and play tennis, they loved it. And that's where my dad used to go every Sunday. And my mom, she'd go sometimes, but most of the time she'd stay home and be working. But I loved to play tennis. I used to hit the tennis ball against the garage wall. This is in grammar school. Then junior high school they had tennis courts, so (...) we would play tennis (after school)."
            }
        },
        "segment 5": {
            "Segment Desc": "Forming a girl's club, the Purplettes",
            "Segment Q&A": {
                "I'm sorry, was it Purplettes or Purpleottes?": "Purplettes.",
                "That's a strange name, huh? [Laughs]": "So no reason that you could think of for that?",
                "So no reason that you could think of for that?": "I can't think of any reason we did that.",
                "What kinds of things did you do?": "Well, we mainly talked about boys. [Laughs] And I don't think we even had a party, but at Japanese school we'd get together and just talk. And so we formed our club.",
                "Was there a... a lot of times there would be a boy's club that was sort of affiliated. Did you have something like that?": "I don't think so. In those days, they had a boy's club in Los Angeles called the Exclusive 20s. And I don't think it was our group, but another girl's group had a dance at the Japanese school and they came crashing in, ruined it for everybody. And my former husband, Francis, he said that at one of the dances, he asked, I guess she was a girlfriend of one of the guys, and he didn't know any better and he asked her to dance, and they danced. They took him out and beat him up. [Laughs] Pretty rough.",
                "This is the Exclusive 20s?": "Hmm?",
                "Hmm?": "Exclusive 20s.",
                "Did you get to know any of them later?": "",
                "Wait, so they really did that? They sent them to different camps on purpose?": "I think so.",
                "Did your group go to dances and so forth also?": "In camp?",
                "In camp?": "No, I mean before.",
                "Before? Well, we were kind of young, we were only fifteen, I think. So it was mostly talk. Talk and giggling. [Laughs]": "And your parents, how did they feel about your group?",
                "And your parents, how did they feel about your group?": "Oh, the group? I don't know even if they knew about the group. Because we just met at Japanese school, especially at lunchtime. That's when we organized our group.",
                "Oh, the group? I don't know even if they knew about the group. Because we just met at Japanese school, especially at lunchtime. That's when we organized our group.": "Did you keep in touch with the girls throughout, or did it break up after camp?",
                "Did you keep in touch with the girls throughout, or did it break up after camp?": "Just broke up."
            }
        },
        "segment 6": {
            "Segment Desc": "Coping with ethnic cliques in school before World War II",
            "Segment Q&A": {
                "Wartime? Sure.": "And then what, do you remember what you were doing or what happened on the December 7th day?",
                "And then what, do you remember what you were doing or what happened on the December 7th day?": "I was home. I don't know what I was doing, but my brothers were also home, and they were shaking their heads, said, \"This is going to be bad.\" So I went to school feeling a little timid about the whole thing, but nothing happened. But, you know, there was racism before the war ever happened. And when I went to junior high school, can I talk about my junior high? Like in Pasadena, the Japanese kids got together at the Japanese school, and then at McKinley school, the same group would congregate for lunch under a big roof, what do you call, a roof or whatever, a lunch area. The same group, they weren't mixing with the other students. I saw that, and I didn't like that for myself. I thought I wanted to mix with (other) students, so instead I got real active in student body affairs, and I got elected Girls League president, and I ran for student body secretary and I got on the student body. And I made friends with a couple of hakujin girls, and we had lunch together, which was great, but I just didn't want to be isolated from everybody else, and that's what that looked like to me.",
                "I was home. I don't know what I was doing, but my brothers were also home, and they were shaking their heads, said, \"This is going to be bad.\" So I went to school feeling a little timid about the whole thing, but nothing happened. But, you know, there was racism before the war ever happened. And when I went to junior high school, can I talk about my junior high? Like in Pasadena, the Japanese kids got together at the Japanese school, and then at McKinley school, the same group would congregate for lunch under a big roof, what do you call, a roof or whatever, a lunch area. The same group, they weren't mixing with the other students. I saw that, and I didn't like that for myself. I thought I wanted to mix with (other) students, so instead I got real active in student body affairs, and I got elected Girls League president, and I ran for student body secretary and I got on the student body. And I made friends with a couple of hakujin girls, and we had lunch together, which was great, but I just didn't want to be isolated from everybody else, and that's what that looked like to me.": "junior high school was great, but when we went up to eleventh grade, everything changed. Well, even in junior high school there was a white, rich clique. McKinley (was near) San Marino, and we were in an area where there were a lot of big homes. Anyway, those kids, they had their own kind of social life. They had assemblies and private parties, and they would talk about it on campus. They had that group, but there were so many others, it didn't seem to matter. And I knew some of the people in that group. But when we went to eleventh grade, PJC, the whole scene was different. All these people, and the people I knew in junior high, who served on student council with me, they didn't know me. In the hallway I would say hello, they'd turn the other way. It was really heartbreaking. And so for lunch, I looked for the group of Japanese who always stuck together, they were out in the backyard with the blacks. Both groups were sitting together, well, within their own groups having lunch. So me, without anyone else to eat with, I went out and joined them, and I ate there until the war broke out and we couldn't go to school anymore. So that's the racism in Pasadena. It was pretty strong.",
                "What's that?": "Your father was able to become a citizen because he was a war veteran.",
                "And then going back to the wartime, what happened with him and the store and so forth?": "Oh, one of the neighbors wanted to try running the store, so my dad said okay. But the thing is, the neighbor couldn't make a go of it, so after about two months, he let it go, and so it was just vacant during that whole time, during evacuation. But my dad was still making payments on the property. And my older brother was drafted in the army and he knew about my dad's situation, so he sent his father (army) money to help pay off the mortgage, so we were able to keep the place.",
                "Was your brother drafted before the war, or this is later on?": "Later on. So after he finished the University of Nebraska, he got his bachelors, and then he went on... I think that was it. He was drafted, I think."
            }
        },
        "segment 7": {
            "Segment Desc": "Seeing a teacher on the day of mass removal: \"For me it was very humiliating\"",
            "Segment Q&A": {
                "And at what point did your family then understand that you were going to be, that you were going to have to leave and sell the store and so forth?": "That we would have to move? Oh, same as everybody else when they found out. And actually, my dad tried to be independent of the camps and have his own group go, but it didn't work out.",
                "That we would have to move? Oh, same as everybody else when they found out. And actually, my dad tried to be independent of the camps and have his own group go, but it didn't work out.": "Oh, you mean to leave to go to the...",
                "Right. But before you went there, your family went to Tulare, right?": "Yeah, we went to Tulare, and we stayed there a few months, I don't know how long.",
                "What do you remember about leaving and going to Tulare? Do you remember your feelings on that day when you had to pack up and go?": "Oh, the day of evacuation, we all assembled down at the Pasadena railroad station. For me it was very humiliating. I remember being on the train, and the train passes through Colorado Street because that's the main thoroughfare. I look up the street and I see my piano teacher waiting at the crossroads. He's waiting for the train to pass, I didn't want him to see me. Because we were being carried out of Pasadena in a disgraceful way, I mean, we were being disgraced, actually. So I turned my head so he couldn't see me, because I felt humiliated. That was a bad day. [Cries] Okay, you want to change the subject?",
                "Oh, the day of evacuation, we all assembled down at the Pasadena railroad station. For me it was very humiliating. I remember being on the train, and the train passes through Colorado Street because that's the main thoroughfare. I look up the street and I see my piano teacher waiting at the crossroads. He's waiting for the train to pass, I didn't want him to see me. Because we were being carried out of Pasadena in a disgraceful way, I mean, we were being disgraced, actually. So I turned my head so he couldn't see me, because I felt humiliated. That was a bad day. [Cries] Okay, you want to change the subject?": "Elsie, I know this might be hard to recall, you know the very difficult days, and we appreciate your sharing.",
                "Hmm?": "There were probably a lot of things running through your mind as you were on the train and going to camp. Do you recall at all what was running through your mind that day?",
                "There were probably a lot of things running through your mind as you were on the train and going to camp. Do you recall at all what was running through your mind that day?": "No, I don't. It's just that the sight of my piano teacher just shook me up. Otherwise, no one knows me, as we're going through town. So my best girlfriend, she was on the same train, so it was good. She and I talked a lot."
            }
        },
        "segment 8": {
            "Segment Desc": "Passing the time at the Tulare Assembly Center: organizing a carnival",
            "Segment Q&A": {
                "Do you remember what your feelings were when you arrived and first saw?": "No, I think more curiosity than anything.",
                "Is that right?": "Was that not your recollection?",
                "Was that not your recollection?": "You know, I really don't know. And being a teenager, I was probably looking for different things than an adult.",
                "And was it other Pasadena people that were all together there?": "No, I think we were scattered, they scattered us. My girlfriend, she was in the next block. She was in Block 61.",
                "Were you in a barracks? Because Tulare was one of the camps that also had horse stalls.": "No, Santa Anita had them.",
                "Did you go to any sort of school there?": "High school, I went to high school. I graduated high school.",
                "Right, that was at Gila. You graduated high school at Gila?": "Gila, yeah.",
                "But at Tulare, was there, did you go to school at Gila also?": "Where? Tulare?",
                "Where? Tulare?": "Yeah, at Tulare.",
                "Because it was summer also, so you didn't go to school there. Do you remember what sorts of things you did there, at Tulare?": "They were organizing classes for young people at Tulare. And everything was sort of on a temporary basis. So I remember going to a few classes, and we didn't stay there long, less than a year. But at Gila, we had a regular high school, lot of teachers, and we were the seniors. I want to tell you something about myself. We were seniors, we found out that we would not have enough money for our school annual, so me and my group decided to do something about it. So I asked the administration, \"Can we have a carnival?\" because we wanted to raise money for our annual. And they said okay, so we started planning a carnival for the camp. When the principal heard how big we were planning it, they got kind of scared and they had someone monitor us after that, but we went ahead with our ideas. I forgot what we sold, but we were selling things, and I asked my girlfriend, and we took one barrack and made a ghost house out of it. So people would pay their money to get scared, and they went through that, they paid money for that, and we had all kinds of things. We raised a lot of money. I have proof from my annual, in the annual people wrote, \"Thank you for being chairman of the campus carnival,\" and all that kind of stuff.",
                "They were organizing classes for young people at Tulare. And everything was sort of on a temporary basis. So I remember going to a few classes, and we didn't stay there long, less than a year. But at Gila, we had a regular high school, lot of teachers, and we were the seniors. I want to tell you something about myself. We were seniors, we found out that we would not have enough money for our school annual, so me and my group decided to do something about it. So I asked the administration, \"Can we have a carnival?\" because we wanted to raise money for our annual. And they said okay, so we started planning a carnival for the camp. When the principal heard how big we were planning it, they got kind of scared and they had someone monitor us after that, but we went ahead with our ideas. I forgot what we sold, but we were selling things, and I asked my girlfriend, and we took one barrack and made a ghost house out of it. So people would pay their money to get scared, and they went through that, they paid money for that, and we had all kinds of things. We raised a lot of money. I have proof from my annual, in the annual people wrote, \"Thank you for being chairman of the campus carnival,\" and all that kind of stuff.": "about that time, too, my English teacher asked me, \"Elsie, would you like to go to college in Nebraska?\" I said, \"Yeah, I think so. My brothers are in Nebraska.\" So he says, \"Well, I'll see if I can get a scholarship for you.\" And he applied for me, I didn't do anything, he just took care of it all, and what do you know, I got a scholarship. It was a part scholarship, part work contract, which was great, because I worked for my way, too. So that's how I got to Doane college.",
                "about that time, too, my English teacher asked me, \"Elsie, would you like to go to college in Nebraska?\" I said, \"Yeah, I think so. My brothers are in Nebraska.\" So he says, \"Well, I'll see if I can get a scholarship for you.\" And he applied for me, I didn't do anything, he just took care of it all, and what do you know, I got a scholarship. It was a part scholarship, part work contract, which was great, because I worked for my way, too. So that's how I got to Doane college.": "And before we get there, I wanted to kind of circle back a little to Gila. Which camp were in you in in Gila?",
                "And before we get there, I wanted to kind of circle back a little to Gila. Which camp were in you in in Gila?": "I don't know. I saw the question --",
                "Because there were two camps, right?": "-- and I can't remember, one, I think it was two. But I'm not sure. It's the camp where all the people from Santa Monica, no, Santa Maria and Guadalupe ended, and also Pasadena. And I think it's Camp 2."
            }
        },
        "segment 9": {
            "Segment Desc": "Father's role as a leader in camp",
            "Segment Q&A": {
                "So anyway, with Gila, there was the two camps, Butte and Canal, and you think you were in Butte, you said?": "Yeah.",
                "What?": "Sorry, can you say which camp you were in?",
                "You were talking about movies?": "Yeah, they were all shown at Butte. That's where our graduation ceremony was also.",
                "So you did graduate in high school first?": "Then I went to Doane college.",
                "Do you want her to say, \"I was at Butte\"?": "What?",
                "Sorry, can you say which camp you were in?": "Oh, I was in Butte Camp, Gila, Arizona.",
                "Do you remember your address?": "61-B, I think.",
                "That was for Gila?": "Gila.",
                "Oh, I said that for Tulare? I think it was Gila. I don't remember Tulare.": "You were not there too long. At Gila, do you remember what your parents or brothers did? Did they work?",
                "You were not there too long. At Gila, do you remember what your parents or brothers did? Did they work?": "Oh, well, my brothers never stayed in there.",
                "Hmm?": "Quite a leader.",
                "You mentioned he was kind of politically active. Was there any... because in many of the camps, there was tensions between the pro-Japan and more patriotic Issei who took more of a patriotic stance, and your dad seemed to be in that second category. Did he ever get into any trouble in camp?": "No. I think everyone knew he was very pro-American.",
                "But he didn't have run-ins with the pro-Japan Issei or Kibei that you know of?": "No, nothing like that. What impressed me most about my father, is when we first went to Tulare, he started a morning exercise class. He had about two or three Isseis when he started. By the time we left Tulare to go to Gila, it filled a whole football field practically. I saw that, I was impressed. I thought, doggone... [laughs]. And so when we went to Gila, he continued with his exercise class. But there were Niseis and Isseis both, every morning they'd go out there.",
                "Was there any discussion in your family regarding the so-called \"loyalty questionnaire\"?": "My sister says she remembers hearing my father talk to my two brothers about it. And they were going to, were not going to say \"no-no,\" they were going to go if they were drafted."
            }
        },
        "segment 10": {
            "Segment Desc": "Leaving camp to attend college in Nebraska, establishing a social life",
            "Segment Q&A": {
                "Now, your brothers had left and gone to Nebraska, and you had gotten this offer to go to college there. How did your parents feel about possibly leaving now on your own?": "Oh, they were happy that I would have a chance to go to college. And as soon as they could, they found jobs in Omaha, Nebraska, so they left camp, took my sister, and the three of them started out in Omaha. And my sister really hated Omaha, the family they worked for. So they found work in Lincoln, near the university, very nice family. And my dad did the yard, my mother helped with the house, and my sister was just able to stay there, so they moved. It was great.",
                "Were you all... I don't know anything about the Nebraska geography. Were you all pretty close together?": "Well, it took me maybe an hour to get to Lincoln from Crete, I'd take a train. So it was very convenient.",
                "How was the reception, or how was your reception when you got to Doane? Were there other Nisei there?": "Yeah, there were two Nisei women, one Nisei man, and one Nisei, I think he was a divinity student. I think he was there from before.",
                "So how did the other students and the faculty react to you and the other Nisei?": "Oh, they were all very nice. And then they had a naval program there, officers' training program. And all these sailors, with one black sailor. And actually, remember the uppity crowd at McKinley junior high? Well, one of the men there was one of the uppity students. [Laughs] He was very friendly, he said hello, but I knew that was him, I mean, he would (not) go beyond that. And I don't think he approved of my dating the sailors, but I did. They'd take me to the movies or something. [Laughs]",
                "Oh, they were all very nice. And then they had a naval program there, officers' training program. And all these sailors, with one black sailor. And actually, remember the uppity crowd at McKinley junior high? Well, one of the men there was one of the uppity students. [Laughs] He was very friendly, he said hello, but I knew that was him, I mean, he would (not) go beyond that. And I don't think he approved of my dating the sailors, but I did. They'd take me to the movies or something. [Laughs]": "So you dated the...",
                "And there was no issues with that?": "No. There was a sailor who was six-feet-four, he was the tallest sailor there, he asked me to go to the movies and we walked down to the movies. He's so big, my hand, walking down the hill like this. Anyway, it made the gossip column in the campus newspaper. [Laughs] So I think I was accepted, socially.",
                "Did you have... many Nisei students had to give presentations in the community or lectures or that kind of thing. Did you have to do any of that kind of thing?": "Nothing like that.",
                "What was your job exactly?": "What's that?",
                "What's that?": "What was your job?",
                "What was your job?": "Oh, I worked for the library, I helped repair books. And then they tried me out, I'd do the weather reports, but I wasn't very good, so they let me go. [Laughs] And then what else did I do? I did some typing, but it was mostly library work. Oh, and I worked in the kitchen. So when the line came through, I would serve mashed potatoes or something. Oh, you know who was in the line? Johnny Carson. He was one of the naval students.",
                "Oh, I worked for the library, I helped repair books. And then they tried me out, I'd do the weather reports, but I wasn't very good, so they let me go. [Laughs] And then what else did I do? I did some typing, but it was mostly library work. Oh, and I worked in the kitchen. So when the line came through, I would serve mashed potatoes or something. Oh, you know who was in the line? Johnny Carson. He was one of the naval students.": "Did you know him at the time, or did you find this out later on?",
                "Did you know him at the time, or did you find this out later on?": "Much later. I mean, I knew him, but I didn't know him well, I just knew of him. Because he used to entertain, he had a little show or something, so I knew of him. And then later on, years and years later, he becomes a big star. That's him. I used to serve him mashed potatoes. [Laughs]",
                "And then what was your living situation?": "What?",
                "What?": "Where did you live?",
                "Where did you live?": "In the dormitory, so that was nice. I had my own room.",
                "No roommate?": "I didn't have a roommate.",
                "And then what were you studying? What was your major?": "Major? I think it was English. Wonderful professor. First thing he did, first class, he taught us how to think logically.",
                "Major? I think it was English. Wonderful professor. First thing he did, first class, he taught us how to think logically.": "Segment 10> - Copyright © 2018 Densho. All Rights Reserved."
            }
        },
        "segment 11": {
            "Segment Desc": "Meeting future husband and getting married",
            "Segment Q&A": {
                "And then, did you graduate?": "Hmm?",
                "Hmm?": "Did you graduate from Doane?",
                "Did you graduate from Doane?": "No, I got married. [Laughs]",
                "How did you meet your husband?": "Well, University of Nebraska opened up to the Niseis, and he's one of the first Niseis that went to Nebraska, too. All the people who were in college tried, I think. And then he went off to Syracuse, Syracuse school of law. And I only met him casually, but I'd get these little presents with no name on it. And then finally he reveals his identity, and he wanted to come visit me. So he came and visited me and he started courting me. [Laughs]",
                "And what was his name?": "Oh, Francis Uyematsu. And my mother kept pushing me, pushing me, \"Marry him, marry him.\" [Laughs] Because in the old days, before the war, when my dad used to do the routes of the farms in the San Gabriel Valley, they had a nursery in Sierra Madre, 7 acres. And they had a foreman who lived in a little white house, and my dad would go up there and take over food orders, so they delivered every week.",
                "Can I ask a question about your English major?": "Yeah.",
                "Why did you choose English, and did you have some career goals in mind at the time you were studying?": "Not at all. I didn't have any career goals, because I knew I'd be getting married, at least in those days. We weren't thinking about careers then. Well, maybe you, but not me.",
                "Right. And did you get married in Nebraska?": "No. He proposed and we waited until we moved out here. We both moved out here first.",
                "What?": "Did he then go to Minnesota?",
                "Did he then go to Minnesota?": "Oh, what happened was, I think he proposed because he was going to be drafted, or he was drafted. So he moved, he left law school, and we both... I can't exactly remember, but we both went to Pasadena, California. They made a big fuss when we were the first Japanese there in Pasadena since the war started. So I was getting a marriage license, so they took pictures. Anyway, we got a license, and then we had a small wedding at the Congregational church there in Sierra Madre. And we moved into what used to be the foreman's bungalow, we moved to that place.",
                "What was your wedding date?": "Date? May 14, 1945, I think.",
                "Date? May 14, 1945, I think.": "Segment 11> - Copyright © 2018 Densho. All Rights Reserved."
            }
        },
        "segment 12": {
            "Segment Desc": "Selling husband's family's nursery business after the war",
            "Segment Q&A": {
                "Were you aware of... because Pasadena was where William Carr, were you familiar with him?": "It was what?",
                "It was what?": "William Carr?",
                "William Carr?": "I've heard of William Carr.",
                "I read about it in the papers. Who's Carr? Was he the one fighting against...": "Yeah, he was trying to fight restrictive covenants to allow Nisei to live in areas of Pasadena.",
                "What?": "Can you repeat that, because I interrupted by taking the glasses?",
                "How were they able to kind of keep it through the war years?": "They had a lot of land in Manhattan Beach, Sepulveda Boulevard frontage. And they would sell pieces of it to keep going. So this man named Wally Naphus, he was a business manager, he ran the nursery, I believe, while everybody was in camp.",
                "Was it that, it must have been registered in the names of their children or something? Or how did they own that?": "They owned it, other than the father owned it, the family owned it. We came back from camp, and we moved from Sierra Madre to Montebello. I believe they owned 167 acres. But that's because they had sold some to keep going. The heartbreaking thing is... well, I shouldn't talk bad about people. [Laughs] Well, Francis and his father were here living in California. They still had the business manager, and he talked... I don't know who he talked to, the son into it or the father, to sell the whole piece. The only way I found out is there was a receipt on the table for the land, and Wally Naphus's name was on there. So he was involved in the sale. When I saw that, I got so mad. That was their security. And I guess he told them they need the money to run the nursery. I don't know. The nursery's gone. [Laughs] My husband wasn't a businessman, I don't think.",
                "Was there a connection between that nursery and the Descanso Gardens story?": "Yes, when the war came, the Sierra Madre place was all camellias. They had two hundred thousand camellias, and he used to grow seedlings, those are new types of camellias. He had a lot of those. Manchester Boddy liked camellias. He was the publisher of the Daily News, and he came up to Sierra Madre and bought everything. And my husband's father sold everything because he had to move. So (Body bought) everything, even the little new seedlings, which he renamed in his family's name. His wife is named something, his daughter has another name on another camellia. And the camellia yearbook came out with a special camellia (edition) book because they got mad that the credit was taken away from Uyematsu for the seedlings and named other things. And they had a special edition. I think my daughter has one of the books.",
                "And then what happened with that collection?": "They had it. I mean, we weren't around. It was sold, everything.",
                "Can you say that again?": "What?",
                "Can you repeat that, because I interrupted by taking the glasses?": "Oh, sorry, what happened with the camellias?",
                "Oh, sorry, what happened with the camellias?": "Oh, what happened to the camellias? They're all in Descanso Gardens. The ones that were bought, all in Descanso Gardens. And they put a plaque up for Uyematsu, and that was up there in the beginning. So they gave them credit for that. And then, years later, as recently as maybe five years ago, maybe five years ago, his picture's still there, but they changed the narrative, and they included San Gabriel nursery. So evidently, San Gabriel nursery had their own camellias sold to him also.",
                "Oh, what happened to the camellias? They're all in Descanso Gardens. The ones that were bought, all in Descanso Gardens. And they put a plaque up for Uyematsu, and that was up there in the beginning. So they gave them credit for that. And then, years later, as recently as maybe five years ago, maybe five years ago, his picture's still there, but they changed the narrative, and they included San Gabriel nursery. So evidently, San Gabriel nursery had their own camellias sold to him also.": "Was that also a Japanese nursery?",
                "Was that also a Japanese nursery?": "Japanese. So now he shares credit. [Laughs] We were wondering, what happened? What happened? So my daughter wanted to try and find out, closed lips. No one would tell her anything. We just want to know what happened, they wouldn't tell us. It's a mystery. [Laughs]",
                "Japanese. So now he shares credit. [Laughs] We were wondering, what happened? What happened? So my daughter wanted to try and find out, closed lips. No one would tell her anything. We just want to know what happened, they wouldn't tell us. It's a mystery. [Laughs]": "You can still go see the camellias today.",
                "So you come back, and now the land is sold. What did you and Francis do then?": "Well, we still had Montebello (and) Sierra Madre. Oh, you mean the big land? Well, he had more money now to operate the nursery.",
                "Well, we still had Montebello (and) Sierra Madre. Oh, you mean the big land? Well, he had more money now to operate the nursery.": "So you and he were operating the Sierra Madre?",
                "So you and he were operating the Sierra Madre?": "Well, let's see, when we were first married we were in Sierra Madre. And then after Amy was born, we stayed in Sierra Madre about a year. We moved down to Montebello so he could be closer to the business office. So we lived in Sierra Madre about (three years and in Montebello for about five years).",
                "So were you also working in the nursery then?": "I never worked in the nursery. I was, I guess in Japanese they call you okusan. I didn't work. I had a very easy life. [Laughs]"
            }
        },
        "segment 13": {
            "Segment Desc": "Parents return home to find their home ransacked",
            "Segment Q&A": {
                "Now, what happened with your parents?": "My parents, okay, when they got back, it was a different story. The place was a mess, because no one lived there, and the basement was ransacked, so they lost a lot of stuff.",
                "But they still owned the building?": "But they had the home. And they rented the upstairs to about two or three families, because there was no housing. And one of my girlfriends' father, when I went over one day, he was on his hands and knees crying, begging my dad for a place to stay. My dad said, \"I don't have any more space. How can I house you?\" So he must hate my father, but under the circumstances, my dad said that's all he could do. But there must have been a lot of families like that, no home. That's what makes me so mad. Because the government took everybody's houses away, why didn't they provide houses when they came out? They closed the camps, that's the least they could have done. They didn't do it, I don't know why.",
                "But they had the home. And they rented the upstairs to about two or three families, because there was no housing. And one of my girlfriends' father, when I went over one day, he was on his hands and knees crying, begging my dad for a place to stay. My dad said, \"I don't have any more space. How can I house you?\" So he must hate my father, but under the circumstances, my dad said that's all he could do. But there must have been a lot of families like that, no home. That's what makes me so mad. Because the government took everybody's houses away, why didn't they provide houses when they came out? They closed the camps, that's the least they could have done. They didn't do it, I don't know why.": "What did your father and mother do for a living at that point? Because the store was kind of gone.",
                "What did your father and mother do for a living at that point? Because the store was kind of gone.": "Oh, yeah. They needed money, so my mother went to clean houses. My sister cleaned houses, and my father gardened. He didn't have money to start a new store. And my sister, one of the ladies accused her of stealing something from her, and that made my mother so angry, she made a special trip over to that lady, and she says, \"I didn't not raise my daughter to steal.\" Told her off. [Laughs]",
                "Did your mother, after '52, Issei could become citizens. Did your mother become a U.S. citizen after that?": "She did, she became a U.S. citizen. She studied, she got to know her history. They were still very active in the sister city program, and they took care of all the students who came, let them stay at the house."
            }
        },
        "segment 14": {
            "Segment Desc": "Starting a family",
            "Segment Q&A": {
                "Can you talk about, after you came back from camp, I mean, after you came back to the West Coast, you were married, and then you began starting your family. Can you talk a little bit about your family, like how many kids you had and how it was raising them in Montebello?": "Oh. Well, after we were married, we moved to Sierra Madre, and we lived in the house where the nursery foreman used to live. And it's this tiny bungalow, and no neighbors around, because I'm surrounded by greenhouses and plants (...). So what happened was, I was by myself a lot. So I started reading, I did a lot of reading, and I liked reading the Modern Library series, I don't know if you're familiar with that. But they have the classics, so I read a lot of Russian writers, Dostoevsky, not too much Tolstoy, but mostly Dostoevsky, and it was an education in itself. I think it was Crime and Punishment, that book. It went through a thinking process of some of the people, and you kind of learn how to think, maybe. But anyway, I think I learned a lot of logic from reading that book. Anyway, I was being educated myself. But, see, there were no distractions, there's nobody around but plants and workers, so I just read. I read an awful lot. And when we moved to Montebello, that was different people around, I got involved with a lot of stuff. [Narr. note: There was a Japanese American community where my husband and I made many friends.]",
                "You had your first... can you say how many children you had?": "I had Amy, my first daughter, in Sierra Madre, at the Pasadena Huntington Hospital. And then Mary was born also in Pasadena, and she was born right before we moved to Montebello. So they both had their childhood in Montebello up to about kindergarten, first grade. Montebello, my husband had money, so he let me design the house I wanted, so I designed a house, I worked with a draftsman. And I like to look at buildings anyway, so I designed a little house, I went to the draftsman and he carried out the plans. And I read about a new heating process. You have pipes in the concrete floor, and you heat the pipes and it makes your floors warm. So I had that. So that little house was kind of special, not too many people had radiant heating. [Laughs] So that's where Amy and Mary grew up. And I used to shock my friends because I let them do anything they liked. Well, like children aren't allowed to draw on the walls, I let my daughters draw on the walls. And they went crazy, they drew everywhere. [Laughs] And people would come in and they're shocked. But I'm glad I did it, (my girls have) asked me, just in the last three years (...) why I let them do it. I don't know. I think I just wanted to let them express themselves, but it didn't hurt them.",
                "Are they artistic? Oh, yeah. Well, most Japanese are, don't you think? Artistic?": "In one way or another.",
                "So as you were raising Amy and Mary, you said you got involved in different community activities in Montebello?": "This woman, Amy Kobayashi, she wanted to start a women's club. She and her close friends contacted a lot of women, Japanese American women. And so she called a meeting, I went to the charter meeting, the first meeting, and got involved. So she was our president for the first year, and the second year, I got elected president, it was a service club. And then I got reelected the third year, and then after that, I think we had to move back to Sierra Madre and I had to leave, I couldn't participate as much. Because Montebello put a, we had to move. The high school needed more property, and we were across from the high school. And I understand there's a football field there now.",
                "So when did you move back to Sierra Madre?": "Let's see. I think Amy was about five or six.",
                "Can you just tell me what kinds of activities the women's club organized?": "When I was president, we had several charity dances at the Roger Young Auditorium, we raised money for different causes. That's what we did.",
                "What kinds of causes?": "I think one was for that hospital. I can't think of the name, it's a big hospital. It's been so long, I don't remember."
            }
        },
        "segment 15": {
            "Segment Desc": "Experiencing discrimination when building a house after the war",
            "Segment Q&A": {
                "So what did you do once you moved back to Sierra Madre? Did you move back to the nursery property?": "Yes. Well, we built a house in the front. And I understand that while it was being built, there was a petition going around the neighborhood, they didn't want any \"Japs\" in the area. There was a special street in Sierra Madre, Grove Street, that's where most of the Japanese lived, one block full of Japanese. What was I doing up there? [Laughs]",
                "Yes. Well, we built a house in the front. And I understand that while it was being built, there was a petition going around the neighborhood, they didn't want any \"Japs\" in the area. There was a special street in Sierra Madre, Grove Street, that's where most of the Japanese lived, one block full of Japanese. What was I doing up there? [Laughs]": "So the petition was specifically for you, for your property.",
                "So how did you and your husband respond to that?": "We didn't do anything, just moved in. And even before, when I used to live in the little white house, he was new to the area, and he hired a man named Remington Stone to be the bookkeeper up at Sierra Madre. And Remington Stone was a longtime Sierra Madre resident, and he belonged to the... what's that business group?",
                "We didn't do anything, just moved in. And even before, when I used to live in the little white house, he was new to the area, and he hired a man named Remington Stone to be the bookkeeper up at Sierra Madre. And Remington Stone was a longtime Sierra Madre resident, and he belonged to the... what's that business group?": "The chamber of commerce?",
                "The chamber of commerce?": "It's not the chamber of commerce, there's another name...",
                "Rotary?": "I think it's the Rotary Club. He invited him to the luncheon so he can meet the other businesspeople in Sierra Madre. He took him to the luncheon and my husband was snubbed. So there was a lot of racism still going on, yeah.",
                "How was it to raise your children then, in that kind of environment?": "Well, like my daughter said, people are nice to you at school, but she was never invited to their homes. So there was a wall.",
                "In the '60s when all of these protests and civil rights movement was going on at the time, were you in touch with all the activities that they were involved in during that time?": "Somewhat. Like the women's movement, I think that was starting to get stronger, and I was very (...) supportive of that movement, yeah.",
                "How did that affect your life?": "I never thought about it, but I want to tell you something about what happened at the center. This is in the early '70s, Alan Nishio was appointed director, and he and Morgan and a few people decided we should have a national conference on Asian American Studies, and they announced it at one of the meetings. And then they announced who was going to be on the committee, and I noticed not one woman's name was mentioned. Did I tell you this? Not one woman was mentioned on the committee. So they had their meetings, Morgan was charged with getting certain halls and this and that. And of course, he doesn't do it, he tells me to do it and I do it all. And then (...) they planned on having this booklet with all these research papers. So when people attend the convention, they will pass it out to each (delegate), and they (would) have all this good reading material. And they planned everything, they invited that senator from Hawaii, the woman, Maxine?",
                "I never thought about it, but I want to tell you something about what happened at the center. This is in the early '70s, Alan Nishio was appointed director, and he and Morgan and a few people decided we should have a national conference on Asian American Studies, and they announced it at one of the meetings. And then they announced who was going to be on the committee, and I noticed not one woman's name was mentioned. Did I tell you this? Not one woman was mentioned on the committee. So they had their meetings, Morgan was charged with getting certain halls and this and that. And of course, he doesn't do it, he tells me to do it and I do it all. And then (...) they planned on having this booklet with all these research papers. So when people attend the convention, they will pass it out to each (delegate), and they (would) have all this good reading material. And they planned everything, they invited that senator from Hawaii, the woman, Maxine?": "Patsy Mink?",
                "Patsy Mink?": "I think it was Patsy Mink, yeah, she was the guest of honor. The day of the conference, this is in the afternoon, now, of the conference, about two or three hours before it opens. I was working, and I go downstairs and I see this table, just stacks of things to be passed out, it has not been collated. I don't know who was in charge or what. I see that, so I go down to SCP, and there are guys always lounging around, I got about three guys, and the four of us collated every one so it would be ready to pass out. Now, after the conference, Alan had a post conference meeting, a critique. I should have volunteered and attended; I didn't. You know how Nisei women are? They stay quiet? That was me. But I wanted to point it out, too. This is an opportunity to tell you. But, you know, I think a lot of men, they're not detail oriented while a woman might be. Somebody should have taken responsibility for that, I don't know who.",
                "I think it was Patsy Mink, yeah, she was the guest of honor. The day of the conference, this is in the afternoon, now, of the conference, about two or three hours before it opens. I was working, and I go downstairs and I see this table, just stacks of things to be passed out, it has not been collated. I don't know who was in charge or what. I see that, so I go down to SCP, and there are guys always lounging around, I got about three guys, and the four of us collated every one so it would be ready to pass out. Now, after the conference, Alan had a post conference meeting, a critique. I should have volunteered and attended; I didn't. You know how Nisei women are? They stay quiet? That was me. But I wanted to point it out, too. This is an opportunity to tell you. But, you know, I think a lot of men, they're not detail oriented while a woman might be. Somebody should have taken responsibility for that, I don't know who.": "Segment 15> - Copyright © 2018 Densho. All Rights Reserved."
            }
        },
        "segment 16": {
            "Segment Desc": "Getting a job at UCLA's Asian American Studies Center",
            "Segment Q&A": {
                "Can we go back to how you got to the center to begin with? So how was it that you came to the center, and was that your first job?": "My first job. My whole married life, my husband gave me an easy life. I think what started the whole mess was when we built that house in Sierra Madre, he asked for his own bedroom. That crushed me. I said, \"Fran, that's when we talk. We talk things over every night. We won't have that.\" I guess he just laughed it off, he had other plans, I think, I don't know. Anyway, so that was that. And then a few years later, I met somebody I really liked, and he liked me. And we were seeing each other secretly for a long time. When my husband found out about it, he moved back into the bedroom but it was too late, too late. So I finally divorced my husband, and I didn't ask for any money because I humiliated him. Because a lot of people knew we were seeing each other, I think. I humiliated him and he didn't want to give me any money, so he gave me fifty dollars alimony, that was it. And my husband, my new man, he left his wife, but he was poor. [Laughs] Very poor. But together we could make out, so I was looking for work. And Mary told me, \"Mom, they're looking for an administrative assistant at UCLA. Why don't you at least go down for an interview?\" I went down and Susie Wong was in charge of the committee, Denorah Gill, Laura Ho, mostly women. Those are the three I remember most, they were the strongest. And they wanted my background. And I told them I did a lot of volunteer work. Oh, also, I wrote a column, newspaper column, and I wrote it because my Nisei friends, all they talked about was getting a car, how much it cost, I mean, consumerism just really involved them, and I didn't like it. I wanted to talk about other things. So I thought with a social column, I could write about social events, and then every now and then put something in that I really want to talk about. So I did that.",
                "My first job. My whole married life, my husband gave me an easy life. I think what started the whole mess was when we built that house in Sierra Madre, he asked for his own bedroom. That crushed me. I said, \"Fran, that's when we talk. We talk things over every night. We won't have that.\" I guess he just laughed it off, he had other plans, I think, I don't know. Anyway, so that was that. And then a few years later, I met somebody I really liked, and he liked me. And we were seeing each other secretly for a long time. When my husband found out about it, he moved back into the bedroom but it was too late, too late. So I finally divorced my husband, and I didn't ask for any money because I humiliated him. Because a lot of people knew we were seeing each other, I think. I humiliated him and he didn't want to give me any money, so he gave me fifty dollars alimony, that was it. And my husband, my new man, he left his wife, but he was poor. [Laughs] Very poor. But together we could make out, so I was looking for work. And Mary told me, \"Mom, they're looking for an administrative assistant at UCLA. Why don't you at least go down for an interview?\" I went down and Susie Wong was in charge of the committee, Denorah Gill, Laura Ho, mostly women. Those are the three I remember most, they were the strongest. And they wanted my background. And I told them I did a lot of volunteer work. Oh, also, I wrote a column, newspaper column, and I wrote it because my Nisei friends, all they talked about was getting a car, how much it cost, I mean, consumerism just really involved them, and I didn't like it. I wanted to talk about other things. So I thought with a social column, I could write about social events, and then every now and then put something in that I really want to talk about. So I did that.": "In what publication was that?",
                "In what publication was that?": "Kashu Mainichi. And I knew the publisher, he was very nice. He liked it so much he started paying me. [Laughs]",
                "And when did you start this column?": "\"On the Town.\" \"On the Town with Elsie Uyematsu.\" That came out once a week.",
                "Do you remember what year it started and how long you did that?": "Oh, gosh. Let's see, I started work at the center in '68. Maybe around '60, 1960? 1959 through 1960, around there.",
                "Oh, gosh. Let's see, I started work at the center in '68. Maybe around '60, 1960? 1959 through 1960, around there.": "And how long did your column run for, how many years?",
                "And how long did your column run for, how many years?": "Oh, I think over a year, not much more. I got tired of doing it. But I saved my columns while I was at the center, Bruce (Iwasaki) and Steve Tatsukawa?",
                "Oh, I think over a year, not much more. I got tired of doing it. But I saved my columns while I was at the center, Bruce (Iwasaki) and Steve Tatsukawa?": "Bruce Iwasaki?",
                "Bruce Iwasaki?": "Iwasaki. Bruce Iwasaki and Steve, they wanted to start a column, so they asked to see mine. So the one I was most proud of, I let them have it. Now I don't have it. [Laughs]",
                "Do you remember what that was about?": "I'm not sure, but it was more about human values. Most of my columns were about who was there, you know, the social column type, but I did mention other things.",
                "In terms of human values, what was important at that time for you to write about, that you felt you wanted to write about?": "I don't remember.",
                "And what brought you to the Diary of Malcolm X?": "A lot of people were reading it, that's why I wanted to read it.",
                "And what did you learn that was meaningful to you at the time about his life?": "Well, for one thing, I didn't realize what the black people had to go through. It was an eye opener in that sense. That's all I can say about it.",
                "So you got the job, and how did you feel about that?": "Oh, I was really happy. Because with my background, I wouldn't even qualify for a clerk typist job. [Laughs] So it really just meant the world to me. And it meant that I had a living wage, and I had the man I loved, that was it. So the next twenty years were very happy.",
                "And how was it for you as a Nisei having gone through what you had gone through and lived the life you lived, to come to a campus and come to a program, a brand new program, the Asian American Studies Center, that was birthed out of the Civil Rights Movement? Because a lot of Nisei had tended to be a little more conservative.": "Yeah, my boyfriend was put off by it; he didn't understand it. It was coming, that's all. It was bound to happen, I think. History, yeah.",
                "In what way?": "People were starting to speak out. They were getting tired of the way things were. Finding our voice.",
                "What?": "Your daughters, Amy and Mary played a big role in that.",
                "Did you talk a lot about politics with them at the time?": "I don't remember. Their father was very well educated, and it was interesting to hear his views on a lot of stuff. Of course, his views and their views are different, but it was good.",
                "Which one?": "My first one. Because my second one was not educated, he went to high school and that was it. But my first husband, he went to the University of Chicago, and he had to compete with boys who went to special boy's schools. Anyway, when I first started working at the center, Philip and Yuji were curious about my husband, so they invited us up for dinner. And after dinner, the three of them, I don't know they got to talking. And they were checking him out, I guess. Then when we got home, I asked him how it went, you know what he called them? He says, \"Those two are intellectual snobs.\" [Laughs] Intellectual snobs. They were trying to trip him up on something, I think. That's crazy.",
                "My first one. Because my second one was not educated, he went to high school and that was it. But my first husband, he went to the University of Chicago, and he had to compete with boys who went to special boy's schools. Anyway, when I first started working at the center, Philip and Yuji were curious about my husband, so they invited us up for dinner. And after dinner, the three of them, I don't know they got to talking. And they were checking him out, I guess. Then when we got home, I asked him how it went, you know what he called them? He says, \"Those two are intellectual snobs.\" [Laughs] Intellectual snobs. They were trying to trip him up on something, I think. That's crazy.": "So this was before, while you were still married, of course?",
                "So this was before, while you were still married, of course?": "Yes, while we were still married."
            }
        },
        "segment 17": {
            "Segment Desc": "The early days of UCLA's Asian American Studies Center",
            "Segment Q&A": {
                "So can you tell me about the early days of the center? Because you saw the center grow from the ground up.": "Oh, yes. I can tell you bits and pieces. In the early months, Philip Huang, Yuji Ichioka, and Morgan Chu, they were a threesome. They did everything together. And so people would say they were poker buddies. And to tell you how close they were. In the first few months of the center, administration took $15,000 away from our budget. So I went to Philip and told him, \"They're taking $15,000 away from us,\" so Philip, what he did, he made an appointment with the vice chancellor, and then he took Morgan and Yuji with him, the three of them went together to meet with the vice chancellor to get the money back, and they got money back. But to include Morgan, I was thinking that's amazing. He was a student. Or maybe it was better, because it was the student center anyway.",
                "Can you tell me about the role of students in setting up the center?": "What?",
                "What?": "This was Lucy Cheng?",
                "Can you tell me a little bit more about who helped set up the center? You said that it had a budget of $100,000?": "Every year.",
                "And then, let's see, what happened? After about a month being there, Phil asked Yuji and I to go up to his office in the history department, because he says we still have a proposal to write. So every day... was it every day? It might have been every day after work, we'd go up to his office. And he would pace the floor and recite what should be said. And Yuji would be kind of like the editor to see that everything was correct, I think, and I would be typing. And we did that for about two weeks, and it was ready. I was surprised at how fast it was approved (by the academic senate). It didn't take long. You know, in academic circles, sometimes things take a long time. It was sent in, I think, no more than a month later, it was approved, and we were established as a center.": "So I saw the proposal, I saw the proposal, and there was kind of a coordinating committee for the development of the proposal?",
                "So I saw the proposal, I saw the proposal, and there was kind of a coordinating committee for the development of the proposal?": "Oh, well, they were students. They had notes from the committee, and I asked Stuart Kuo about that, he says, yeah, Philip worked with the students and they developed all these notes, and I guess that's what they're talking about, the notes. So it was, I think the students with Philip, he knew his way around. Because I think he designed other research centers. So I want to make sure his name gets mentioned because I never see his name mentioned. But you know he and Yuji had a big, I don't know what the disagreement was, but they used to be so close, and then they split.",
                "When was that?": "Hmm?",
                "Hmm?": "This was Lucy you're talking about?",
                "When was that? Was that early on in the center?": "Early years, first year. I don't know what happened. And what made it even worse, well, something happened between then, and then after that, there was this student reception that was coming up, and Yuji had been in charge. We got the refreshments and everything, the place, nobody came. So that even added more, and so Yuji, after that, he resigned as assistant director. Now he was just doing research. And soon after that, Philip quit. So I don't think they talked to each other or anything. I don't know what happened.",
                "So who came into the directorship after that?": "What?",
                "Who became director after Philip? Philip was the first director?": "Alan (Nishio) was appointed, I think. He was the next director. Then after that, oh, Lucy. Okay, while Philip was director, he showed me this file, he was looking for a (permanent) director for the center, he said this is nationwide. So all I could tell is he was the only one doing it, 'cause he showed me the file, and then he told me he was going to pick, this is the one he thinks is going to be good. So he sent for her, and she came out, and I guess she met everybody, and I guess they accepted her. She was offered a position in sociology so she could spend one-third time as director of the center. And I think he talked to her a lot about the center because one of the first things she did as a director is she had a meeting of everybody. And that included Asian students from the opportunity programs in the first floor. They were all invited, plus the other activist students. So the students all had a say in how the center should be organized.",
                "This was Lucy?": "Hmm?",
                "This was Lucy you're talking about?": "What?",
                "This was Lucy Cheng?": "Lucy Cheng. Because she came in, I think it was 1972, something like that. But she was our first director, I think."
            }
        },
        "segment 18": {
            "Segment Desc": "Reflections and changes over the years at UCLA's Asian American Studies Center",
            "Segment Q&A": {
                "So if you look at all the changes that took place over the center in your twenty years there, do you feel that the center kind of stuck to its roots, or do you think the center changed and developed and evolved over time?": "Well, I'm not too familiar with the center now.",
                "Oh, how it evolved? Oh, I'm impressed. Because early on, in the first few years, they had a master's program in Asian American Studies. That attracted people. They were looking ahead. So whoever the leaders were in those days, I thought they planned well. I think so.": "Are there any other memories that you have about the early days of the center that you think are important for people to understand about the center and its formation?",
                "Are there any other memories that you have about the early days of the center that you think are important for people to understand about the center and its formation?": "Oh, well, the students had a lot of say-so, I hope they still do. Because they are the lifeblood. They're the future and the lifeblood, yeah. I don't know how the other centers are doing. The only time we kept in touch with... I used to be friends with the administrative assistant at the black center. But they weren't as political, I don't think. They should be. [Laughs] What's amazing to me is the money that the center's getting, all the donors. It's amazing. I think Don started it. Yeah, it's great. [Laughs]",
                "So do you have any reflections? When you reflect upon your years at the center, because you spent your entire career there until retirement at the center. When you reflect upon...": "Oh, when I reflect on it? When I think about the center?",
                "Oh, when I reflect on it? When I think about the center?": "Yeah, when you think about the center.",
                "And you grew, too. So can you talk about your own personal growth at the center?": "My personal growth? I don't know. [Laughs] Personal growth... I got savvy about money. Being on my own, I subscribe to investment letters and picked the ones I liked, and I'm happy I did that. I'm very comfortable now, I don't have to worry about money anymore. But that's because I left a marriage, a safe marriage, and I had to look out for myself. And I found out I'm able to do it. [Laughs] So for me, it's a revelation. And I'm happy with my two daughters, very proud of them. So I guess it's a happy ending.",
                "My personal growth? I don't know. [Laughs] Personal growth... I got savvy about money. Being on my own, I subscribe to investment letters and picked the ones I liked, and I'm happy I did that. I'm very comfortable now, I don't have to worry about money anymore. But that's because I left a marriage, a safe marriage, and I had to look out for myself. And I found out I'm able to do it. [Laughs] So for me, it's a revelation. And I'm happy with my two daughters, very proud of them. So I guess it's a happy ending.": "Well, I hope you realize the important contribution you made.",
                "If there are any people, events or \"ah-ha moments\" in your life that helped shape who you are?": "Who I am?",
                "Who I am?": "Yeah. What would those be? So events, people, influences, \"ah-ha moments\" that you feel really helped shape who you are?",
                "Yeah. What would those be? So events, people, influences, \"ah-ha moments\" that you feel really helped shape who you are?": "I think a loving father helped me a lot. He made me feel special. I think that's the key. When I graduated junior high school, he's the one who wanted to take me shopping for my graduation dress. And then when we had my picture taken with my graduation dress, he's the one, he insisted on ironing the skirt. He made me feel special. I think that made a big difference."
            }
        }
    }
}