{
    "Narrator_Name": "Frances Midori Tashiro Kaji",
    "Bio": "Nisei female. Born April 30, 1928, in Los Angeles, California. Grew up in the Boyle Heights neighborhood, where father was a prominent medical physician. During World War II, removed to the Poston concentration camp, Arizona. Left camp with family to work on a sugar beet farm in Colorado, and eventually returned to Los Angeles, where father reestablished medical practice.",
    "Title": "",
    "Interviewer": "",
    "Location": "",
    "Date": "",
    "Densho ID": "",
    "transcript": {
        "segment 1": {
            "Segment Desc": "Full oral history interview with Frances Kaji conducted as part of the South Bay History Project created by the South Bay Chapter of the Japanese American Citizens League.",
            "Segment Q&A": {}
        }
    }
}