{
    "Narrator_Name": "Fumino Tsuchiya-Knox",
    "Bio": "Sansei female. Born February 20, 1945, at the Manzanar concentration camp, California. Prior to the war, her father, an Issei, was a curator at the Harding Museum in Chicago. After the bombing of Pearl Harbor, her parents decided to volunteer to go early to Manzanar to help set up the camp. After leaving Manzanar, the family lived in California and then moved to Japan, where father worked for the U.S. Navy translating for the war crimes trials. They returned to Los Angeles where Fumino grew up.",
    "Title": "",
    "Interviewer": "",
    "Location": "",
    "Date": "",
    "Densho ID": "",
    "transcript": {
        "segment 1": {
            "Segment Desc": "Family background",
            "Segment Q&A": {}
        },
        "segment 2": {
            "Segment Desc": "Parents' experiences in Manzanar during World War II",
            "Segment Q&A": {}
        },
        "segment 3": {
            "Segment Desc": "Family split for a time after leaving camp",
            "Segment Q&A": {}
        },
        "segment 4": {
            "Segment Desc": "Early memories of California and Japan",
            "Segment Q&A": {}
        },
        "segment 5": {
            "Segment Desc": "Returning to Los Angeles after living in Japan",
            "Segment Q&A": {}
        },
        "segment 6": {
            "Segment Desc": "Fumino Tsuchiya-Knox Interview Segment 6",
            "Segment Q&A": {}
        },
        "segment 7": {
            "Segment Desc": "Attending school in Gardena, California",
            "Segment Q&A": {}
        },
        "segment 8": {
            "Segment Desc": "Parents' reactions to wartime incarceration",
            "Segment Q&A": {}
        },
        "segment 9": {
            "Segment Desc": "Father's experiences in pre-WWII Chicago",
            "Segment Q&A": {}
        },
        "segment 10": {
            "Segment Desc": "The importance of sharing wartime experiences with children",
            "Segment Q&A": {}
        }
    }
}