{
    "Narrator_Name": "Fusako Yamamoto",
    "Bio": "Nisei female. Born March 29, 1920, in Sacramento, California, where father owned and operated a restaurant, and mother taught Japanese language school. During World War II, removed to the Marysville Assembly Center and Tule Lake concentration camp, California. Left camp to work in Chicago before eventually returning to Sacramento.",
    "Title": "Fusako Yamamoto Interview",
    "Interviewer": "Richard Potashin",
    "Location": "Sacramento, California",
    "Date": "October 19, 2008",
    "Densho ID": "denshovh-yfusako-01",
    "transcript": {
        "segment 1": {
            "Segment Desc": "Father's family background",
            "Segment Q&A": {
                "This is an oral history for the Manzanar National Historic Site. This afternoon we're talking with Fusa Yamamoto. And our interview's taking place at the Japanese United Methodist Church in Sacramento, California. It's located on 6929 Franklin Boulevard. The date of our interview is October 19, 2008. Our interviewer is Richard Potashin and our cameraman is Kirk Peterson. And we'll be discussing Fusa's experiences at the Tule Lake War Relocation Center as well as your relocation to Chicago and other areas of your life. Our interview today will be archived in the site library at the Manzanar National Historic Site. Fusa, do I have permission to go ahead and continue our interview?": "Yes.",
                "And can you give us your given name at birth?": "Yes, it was Fusako Miyasaki.",
                "Okay. Can you spell Miyasaki for us?": "Yes. M-I-Y-A-S-A-K-I.",
                "While we're in on the subject of names, can you also give us your father and mother's name?": "Yes. My father's name was Jiro, J-I-R-O, and my mother's name was Ai, A-I.",
                "It's so fascinating when you think about Japanese names and their meanings. Did your parents ever share the meaning of your name with you?": "Not really. But I know that my mother's name, Ai, means \"love.\"",
                "Where did your parents come from in Japan, Fusa?": "Kumamoto.",
                "Did they both come from the same village?": "Yes, they did.",
                "And do you know what village that was?": "Osaka.",
                "Osaka?": "Osaka, yes.",
                "And have you returned to Japan to visit the village?": "Yes, I visited their families.",
                "And who's still left?": "Who is left? Let me see. My cousin.",
                "Who is left? Let me see. My cousin.": "Tell us about your father in Japan, a little bit about his family background. Did he have brothers and sisters? What was the family doing for economic livelihood?",
                "Tell us about your father in Japan, a little bit about his family background. Did he have brothers and sisters? What was the family doing for economic livelihood?": "My father came from a farm, and he had... let me see, one sister. And he came to U.S. when he was a teenager.",
                "And he came as a teenager?": "Yes.",
                "And do you know roughly the date of his arrival in the United States?": "No, I don't. It's very hazy. Let's see... it's hard for me to say. I think he, let me see now, I think he came about five years before I was born.",
                "About 1916?": "Yes, that's right. And then he went back to Japan to find his bride, my mother. So she came to USA, very unhappy when she came here, as you can imagine.",
                "Were there other members of your father's family that came to America over the years?": "No, they were the only ones. Both of my parents, they were the only ones from, who came to the U.S.",
                "And do you know if your father had plans to return to Japan after he made money here?": "Yes, uh-huh. He wanted to go back. He wanted to retire there, so he asked us, \"Now I'm able to go back to Japan,\" and we said, \"No, Papa, we are Americans, and we cannot go back.\"",
                "Can you list them in order of the oldest to the youngest?": "Yes. Ayako Kumamoto. She was married to a dentist. And I have another sister, Setsuko.",
                "Setsuko. And how much older than you was Ayako?": "Let me see now. About three years older than me. And my younger sister is three years younger than me.",
                "What's his name?": "Danny.",
                "Danny? Did he have a Japanese name, too?": "No... Takeshi, I think. Takeshi."
            }
        },
        "segment 2": {
            "Segment Desc": "Mother's arrival in the United States",
            "Segment Q&A": {
                "Do you know if they exchanged pictures early on?": "No. He went back, and then they came from the same city, and so they, it was arranged marriage.",
                "And did they get married in Japan?": "Yes, they did.",
                "You mentioned that she had kind of a tough time early on adjusting to America? What did she tell you about that?": "Oh, she said that the shoe, suddenly had to wear shoes, and that was torture to her. And to come to a strange country and not have any friends was hard on her at first, but then another friend was living in West Sacramento, and so she became friends with her. And she decided that, well, this is not so bad with the friend, very good friend.",
                "Was your mother also adamant about staying in America?": "She adjusted to U.S. very well, but my father felt as though he had to go back to Japan. But, so he said, \"Will one of you like to go back to Japan?\" At least one child they thought would be nice. But we all said, \"No, no, we are Americans.\" [Laughs]",
                "She adjusted to U.S. very well, but my father felt as though he had to go back to Japan. But, so he said, \"Will one of you like to go back to Japan?\" At least one child they thought would be nice. But we all said, \"No, no, we are Americans.\" [Laughs]": "\"And this is where we stay.\""
            }
        },
        "segment 3": {
            "Segment Desc": "Father's prewar restaurant",
            "Segment Q&A": {
                "What did your father do when he settled here? It was Sacramento?": "Yes. He had a restaurant, and his customers were cannery workers.",
                "From which cannery?": "Campbell, I think.",
                "Campbell soup?": "Yes, uh-huh. And they were his customer, and whenever they had a break, he would have a coffee and donut ready for them for five cents. [Laughs]",
                "So the restaurant was very close to the cannery?": "Yes, it was, very much. And his restaurant was open twenty-four hours.",
                "And so was the cannery?": "I guess so, yes. I think so.",
                "And what type of food did he serve in his restaurant?": "American food.",
                "And do you know where he learned how to cook? Was it something he just picked up in his time in America?": "Yes, that's right. He worked as a cook, I think, for a family, and then gradually he began to... he enjoyed cooking, so that was nice.",
                "What did you think of his food?": "It was very good.",
                "What was your favorite dish?": "That he made? Oh, he made so many things, I don't know. He used to make pies, he used to make doughnuts and coffee for five cents. And he used to make stews and all sorts of things.",
                "That he made? Oh, he made so many things, I don't know. He used to make pies, he used to make doughnuts and coffee for five cents. And he used to make stews and all sorts of things.": "Did you work in the restaurant when you were growing up?",
                "Did you work in the restaurant when you were growing up?": "No. I was too busy being a student.",
                "Now, where did your family live? Did they live in the city of Sacramento?": "Uh-huh.",
                "Where?": "On P Street.",
                "And how far away was the restaurant from your home?": "Oh, let's see now. The restaurant was on J Street, so J, K, and P. So that's six blocks, is it?",
                "Oh, let's see now. The restaurant was on J Street, so J, K, and P. So that's six blocks, is it?": "Did you own your own home?",
                "Did you own your own home?": "No, we rented a home because my father felt he wanted to go back to Japan. We asked him to please buy this home, we like it. But he said, \"No, no, I have to go back to Japan.\"",
                "Give us a portrait of your father, his personality, his physical appearance, and how he was as a father to you and your brothers and sisters?": "Oh, he was very kind to us. He did not drink, and we loved him.",
                "Was he strict?": "No, he wasn't strict at all. Because we were very well-behaved children. [Laughs]",
                "And what values do you, did he instill in you?": "Oh, to be honest, to be hardworking, and I guess those two values, he wanted us to have."
            }
        },
        "segment 4": {
            "Segment Desc": "Mother's job as a Japanese language instructor",
            "Segment Q&A": {
                "How about your mother? What did you, when you have a mental picture of her, what do you remember about her the most?": "Oh. She was a Japanese school teacher, and she was very outgoing. My father was not outgoing, but she was. And she became a Christian, and very strong Christian. And so when we were born, we all, our life centered around the Christian church.",
                "Did either of your parents have a creative side, especially your mother being a teacher, did she also, was she involved in arts and crafts, or did you inherit any of that talent?": "Yes. My mother loved to sing, so she was in two singing groups. And she was always singing at home, she was always telling us some Japanese fairytales, we laid our heads on her lap and listened to her.",
                "Did she play an instrument at all?": "No, she did not. But we all had to take piano lessons. And let me see. She said as a child, her parents wanted her to learn Japanese dancing, but she hated Japanese dancing, so she said she used to hide when she had to go to take a lesson. But I liked to dance.",
                "And she taught Japanese language school?": "Yes.",
                "And where was that located?": "That was on Third and O Street, I think it was.",
                "It was a Christian church. Was it the church that you went to?": "No. the school was independent from the church. But there was a Christian school, and then there was a Buddhist school in Sacramento.",
                "Now, did you take, was she your teacher for Japanese language?": "One semester I was a student in her class, and that was horrible. Whenever she had a test or something, the other students used to come and step on my toes. [Laughs]",
                "So the next year you were, you were in another teacher's class?": "Yes, uh-huh.",
                "Who else taught at the school?": "Oh, there was a Mr. Ono, was the principal, and his wife taught. And, let me see now... I can't recall the names of those teachers.",
                "How did, how did these Japanese language schools get established? Was it donations from...": "We had to pay, and I think it was five dollars a month or something like that.",
                "And that paid for your mother's salary and books and everything else?": "No, the books we had to buy ourselves.",
                "Oh, each student?": "Uh-huh.",
                "And how far did you get in your studies of Japanese language?": "Oh, I studied through, until high school.",
                "There were twelve books that you went through?": "Uh-huh.",
                "And you got through the end?": "Yes, uh-huh. And I was inspired to study in Japan, so I went to Japan and studied for two years.",
                "And when did you go?": "1938 to '40. No... '40 to 1942.",
                "You came back just before the war?": "Yes, uh-huh. I wanted to stay a little longer because I was just fascinated by the, especially the art, Japanese art. But my mother said, \"No, war is pending, so you better come back.\""
            }
        },
        "segment 5": {
            "Segment Desc": "Living in Japan prior to World War II",
            "Segment Q&A": {
                "And did you stay with your family in Japan?": "No, I stayed in a dormitory of the school, and it was a Christian school, very rare.",
                "And was that in Tokyo?": "Yes, it was in Tokyo.",
                "And the people who ran the school, were they missionaries?": "No, that's another very unique thing about this school. The teacher was not a missionary, she was a strong Christian, and she decided that she wanted to open this school and let the children understand Christianity.",
                "And what else did you learn at the school? You mentioned art.": "Art and history, and language, of course, and calligraphy",
                "Did you get a sense of that during your time in Japan, that there were... the country was gearing up for war? They had been fighting a war with China for...": "Yes.",
                "What did you see and what did you sense?": "Yes, they felt Japan was getting, preparing for war. There were soldiers marching down the street, and the emperor was, I remember, in Tokyo, the emperor passed down the street, and we had to bow our heads. Because there were policemen there, and if they found that you were raising your head to see the emperor, you would have gotten hit.",
                "Were there other Nisei men and women from Japan that you encountered during your two years in Japan?": "Yes, my family, my father's family and my mother's family.",
                "Did you participate?": "Yes, uh-huh.",
                "And what, was that at school level?": "Yes, high school.",
                "And dancing, are we talking about Japanese dancing or ballroom dancing?": "At school they did have modern dance, and so I took that course."
            }
        },
        "segment 6": {
            "Segment Desc": "Childhood activities",
            "Segment Q&A": {
                "What do you recall about the, I guess I'll call it Nihonmachi in Sacramento, the Japanese section? Did you spend much time down there?": "We lived in the Japanese town.",
                "Tell us a little bit about it. What do you recall about it?": "What do I... well, I enjoyed it, 'cause it was very safe there. There was not one case of delinquency there, and as I said, our life was sort of always around church activities.",
                "So you very rarely left that area?": "Yes, rarely. That's right, and then my mother wanted us to learn Japanese culture, so I took tea ceremony and flower arrangement, piano lesson, and this is all after school, so I was very busy.",
                "This was all in that community?": "Yes, that's right.",
                "And what activities were centered around the church? Can you tell us a little bit about that?": "Oh, I went to Sunday school every Sunday, but I really didn't know what true Christianity meant until I went to Japan. Because in Japan, I guess they were only about one percent of the population were Christians. But those Christians were truly Christians. So, and then I also went to, I went to a Christian school, and also on Sunday went to Dr. Toyohiko Kagawa. Have you ever heard of him? Well, he is a famous Christian person, and I went to church there.",
                "Oh, I went to Sunday school every Sunday, but I really didn't know what true Christianity meant until I went to Japan. Because in Japan, I guess they were only about one percent of the population were Christians. But those Christians were truly Christians. So, and then I also went to, I went to a Christian school, and also on Sunday went to Dr. Toyohiko Kagawa. Have you ever heard of him? Well, he is a famous Christian person, and I went to church there.": "In Japan?",
                "In Japan?": "Yes, in Japan. I would say that he was the most noted Christian, and he came to America to give lectures, too.",
                "So he had a strong influence on your life?": "Yes, I think the school and that church did influence me a great deal.",
                "What was the relationship like between the Japanese Christians and the Japanese Buddhists? Did they respect each other's tradition?": "Yes, they did. Because my family in Japan were Buddhists.",
                "There were never any major disagreements or problems?": "No, not at all. Because there's only one God, and all the different nationalities, it all leads up to one God. Don't you believe that?",
                "No, not at all. Because there's only one God, and all the different nationalities, it all leads up to one God. Don't you believe that?": "Tell us a little bit about your school, your time before you went to Japan. Which grammar school did you attend?",
                "Tell us a little bit about your school, your time before you went to Japan. Which grammar school did you attend?": "Lincoln school.",
                "Was that in Japantown?": "Yes, most of... well, there most of the students went to that school, Lincoln grade school.",
                "It was predominately Japanese American?": "Yes.",
                "Then how about high school? Was high school a little more integrated?": "Yes, it was. It was Sacramento High School.",
                "What was it like to begin to relate to other ethnic groups, Caucasians, Mexicans, Chinese?": "I don't think, no, I did not relate to any of the Caucasians until college."
            }
        },
        "segment 7": {
            "Segment Desc": "Experiencing prejudice prior to World War II",
            "Segment Q&A": {
                "Did you personally encounter instances of prejudice directed at Japanese in Sacramento?": "Yes, uh-huh, I should say so.",
                "What was the atmosphere like?": "We just knew that there was prejudice. But we did not encounter any bad incidents until the war. And then there were some nasty things going on.",
                "Can you give us a specific example of that?": "Yes. I think there was someone who was shot, and there was a curfew, we went through a curfew, we couldn't walk around after a certain hour.",
                "How did you know?": "Because there was a Japanese, we call it Japanese town where we were all concentrated in one area.",
                "Were you supposed to stay in that area?": "We could go out of that area, but we just grew up there.",
                "Built your own pool?": "Yes, uh-huh.",
                "So you had your own hospital?": "Yes. It was called Agnes Hospital."
            }
        },
        "segment 8": {
            "Segment Desc": "",
            "Segment Q&A": {
                "What do you remember doing for fun? What was the most pleasing activity when you were growing up?": "We used to love to skate, play hopscotch, very simple things like that. We had clubs, too.",
                "Like what?": "Girl Reserves, which was a YWCA organization.",
                "And that was in part of your church?": "No, it was part of YWCA.",
                "And did you, you left in to go to Japan in 1940?": "Yes, uh-huh.",
                "So you were already a senior by then?": "Oh, I graduated from high school, and then I went to Japan.",
                "Did you have any ambitions at that point in time, what you saw yourself doing?": "My parents wanted us to understand our heritage. That's why a lot of Niseis went to Japan.",
                "How about after that?": "Coming back?",
                "Coming back?": "Did your parents have plans for you?",
                "Did your parents have plans for you?": "After, well, I was, I came back, and then I went to junior college, and then state university, state university, and got my master's degree.",
                "That was all during the war?": "No. Let's see now. Afterwards. My husband, I met my husband in Chicago. One of his colleagues said, \"Come back to Sacramento because we need a good internist,\" so we came back to Sacramento. And then I said to him, \"Well, it's my turn to go to college now.\" I sort of helped him when he was going to university. He got through university through GI bill, and I said to him, \"Well, I feel like a unfinished woman, so let me go back to university,\" and I got my master's degree."
            }
        },
        "segment 9": {
            "Segment Desc": "Hearing about the bombing of Pearl Harbor: \"we felt terrible\"",
            "Segment Q&A": {
                "Tell us about December 7, 1941. You had just returned from Japan? How soon before the war broke out did you come back?": "I would say about two years later.",
                "Was it two years?": "Uh-huh.",
                "And what do you recall about that day when Pearl Harbor was bombed?": "Oh, we felt terrible. It was disastrous.",
                "Any other feelings that you had?": "Fear. I would say we didn't know what's going to happen to us, because there was prejudice already.",
                "Now, just after Pearl Harbor, Issei community leaders were being rounded up by the FBI, and your mother was a Japanese language school instructor. Were you visited by the FBI, was she taken?": "No, she was not. Just the community heads were taken. Like Mr. Itano, he was one of the leaders of the community, and he was taken. And we were fearful at that time.",
                "Did you think your mother might be taken?": "No, I don't think so.",
                "Were there other, do you recall Buddhist priests and other members of maybe the Japanese Association that went, too?": "Let's see. I can't recall if the Buddhist priests were arrested, too. But if you were a prominent person in the Japanese community, you were taken.",
                "But your house was, you don't recall your house being searched or being visited at all?": "No, uh-uh.",
                "But it further sort of enhanced this fearful atmosphere, \"What's going to happen next?\"": "Uh-huh. We had a curfew.",
                "Did that affect your social life in any way?": "No, it didn't. We were very careful.",
                "Did you or your family have to burn other items like you were just mentioning? Were there pictures of the emperor?": "Oh, that's right. My mother used to read Japanese magazines, and they were very careful about not having a picture of the emperor or anything like that."
            }
        },
        "segment 10": {
            "Segment Desc": "Preparing for mass removal: deciding what to bring",
            "Segment Q&A": {
                "Do you recall the time before evacuation? Did you have a sense that something like that would occur?": "No, it was a complete surprise. And we were given one week to pack up. Well, my brother-in-law was a dentist, and so physicians and dentists had to, first to go to camp. And my mother didn't want us to be separated from my brother-in-law and my sister, and so requested that we go with my older sister and her husband.",
                "And where were, they were living in Sacramento?": "Yes, they were living in Sacramento at that time.",
                "...you went with them to Tule Lake?": "Uh-huh. First Arboga.",
                "To Marysville?": "That's right.",
                "And that was about a month?": "Yes, uh-huh.",
                "Where did you, where did you assemble to go to Marysville?": "Let me see now. It was... let's see. Did I write it down? Well, we had to take a train to go to all those camps.",
                "Let me see now. It was... let's see. Did I write it down? Well, we had to take a train to go to all those camps.": "And what, what provisions were made for...",
                "What to take?": "What to take, did you have evacuation sales, did you store items, personal belongings?",
                "What to take, did you have evacuation sales, did you store items, personal belongings?": "Yes. Our church became a storage place, and some of the things we threw away, some of the, a few things we had, we gave to friends, Caucasian friends. That was terrible time, when you have to get rid of all of your household... and since we did give up all those utensils and things, we survived on sandwiches. And the last night, we slept on the floor. But we were able to take one suitcase and your bedding, so that's what we prepared to take with us. And not knowing what kind of place we would be, it was very frustrating.",
                "Was there any very special item that you also took along with the necessities?": "Oh, well, I loved to read, so few paperbacks.",
                "How about your father's restaurant? Was he able to...": "He was able to sell it.",
                "Much less than it would have been worth?": "Probably.",
                "Did any Caucasian friends, you mentioned a couple, come to you and offer support?": "Churches did, Christian churches.",
                "What did they, what did they do to help you?": "Well, like we had a piano, and they said they will take that, and then they used it for USA... no, what did they call it?",
                "Well, like we had a piano, and they said they will take that, and then they used it for USA... no, what did they call it?": "USO?",
                "USO?": "USO, yes. And when it was returned to us later on, it was in a terrible condition. Because the people in the USO, the soldiers would put the drinks on the piano and all that. So they returned it to us, but we got rid of it right away.",
                "Were there other expressions of support, too, besides storage at the church? Did people come by and offer their support?": "Yes, uh-huh. The Caucasians in our neighborhood, they were very good, and then the church people were just wonderful."
            }
        },
        "segment 11": {
            "Segment Desc": "Life in Marysville assembly center: meeting others",
            "Segment Q&A": {
                "Tell us about your experiences at Marysville. I know you weren't there very long, but is there a certain sight, sound, or image of the camp, impression that you have?": "Yes. A lot of people who volunteered to work there, they were truly wonderful people. They tried to help us as much as they can.",
                "Were you visited at all by Caucasian friends while you were at Marysville?": "Yes, the Christian people who come into our camp to see what they could do for us. And then I remembered that they came upon some of these young kids, they said, \"Well, you're in a concentration camp, so look fierce.\" So they stuck out their tongue and whatnot, to look fierce, I remember.",
                "Can you describe the housing that you lived in in Marysville? Was it...": "Oh, it was a barracks, and then the family just received one room.",
                "And who was there? You had your family, and you had your sister's family.": "Yes. Just my younger sister and my brother and my mother were there. Meanwhile, my father had, came down with tuberculosis, so he had to stay in the hospital.",
                "Back in Sacramento?": "No, in camp.",
                "In Marsyville?": "Yes.",
                "Anything else about Marysville?": "Well, we were very young, and it was sort of delightful for us at that time to meet other young people from different states.",
                "There were people there from Oregon and Washington?": "Yes, uh-huh, that's right.",
                "Now, did you work at all or volunteer your services for that month that you were there?": "Yes, uh-huh. I worked, let's see, where did I work? Since we were there early, let me see, I worked in one of the office, and they asked those who were there earlier to help some of the other evacuees that, who were coming in.",
                "Yes, uh-huh. I worked, let's see, where did I work? Since we were there early, let me see, I worked in one of the office, and they asked those who were there earlier to help some of the other evacuees that, who were coming in.": "And what did you do to help them?",
                "And what did you do to help them?": "Well, like writing down, like the Isseis, they couldn't write English, so we were able to write down their names and things in the forms that we were given.",
                "Did you get paid for that?": "Yes. How much was it? I forgot. Was it about seven dollars or nine dollars a month, or something like that.",
                "Yes. How much was it? I forgot. Was it about seven dollars or nine dollars a month, or something like that.": "Segment 11> - Copyright © 2008 Manzanar National Historic Site and Densho. All Rights Reserved."
            }
        },
        "segment 12": {
            "Segment Desc": "The journey to the Tule Lake concentration camp: \"We were all very discouraged and frightened\"",
            "Segment Q&A": {
                "You went to Tule Lake?": "Yes.",
                "Was that a trip that you took at night?": "No. I think it was daytime, but we had to, on a train, and they told us to close the blind so people won't see, see us.",
                "How did you feel as you were going up on that train? What was your mindset like about...": "Well, my parents kept on saying, \"We did no wrong. So all this will be righted sometime in the future.\" They were very encouraging. Our parents were very, very encouraging.",
                "Did you feel somewhat discouraged?": "Yes, uh-huh. We were all very discouraged and frightened.",
                "What were your impressions of Tule Lake when you arrived there?": "Oh, there was not one tree there, but the ground was covered with, it was a lake before, just covered with shells. And Japanese are very artistic, and then they -- you've heard this before, I'm sure -- they gathered the shells and made pins, ornaments, out of it, necklace.",
                "Did you make some of that jewelry?": "Yes, I made some of those. Everyone was making little pins and things like that.",
                "Do you still have some of that?": "No, but let's see. My father, I think, was carving some birds, and I think my daughter still has that.",
                "So he took up some hobbies in camp?": "Yes, that's right. We all did. There were a lot of talented people, so they decided to share their talent with us. So I remember I took knitting, knitted myself a warm sweater.",
                "And he accompanied you on the trip to Tule Lake, or did he come later?": "He... let me see now. No, he was already isolated, and those sick people came, came in a different train, and they were put in the hospital right away.",
                "And how long was he isolated in Tule Lake?": "The whole time.",
                "The whole time?": "Uh-huh. Well, we weren't in the camp that long.",
                "Oh, was it two years?": "Uh-huh."
            }
        },
        "segment 13": {
            "Segment Desc": "Teaching Sunday school in camp",
            "Segment Q&A": {
                "What did you do for work in Tule Lake?": "Yes, uh-huh. As I said to you, I was working in the recreation department. And my job was to establish some teenage clubs, so that's what I did. And that was delightful.",
                "Tell us a little bit more about that. What did these clubs participate in?": "Yes. And so there were a lot of talented people, and so we had lectures by a lot of these talented people, like physicians and artists. And we had church, we had church there, too, in Tule Lake, and I was teaching Sunday school.",
                "And were the kids receptive to all that you tried to share with them?": "Yes. There was a cross, I don't know who put the cross up on the mountain, I remember. And I used to take my Sunday school students up on that little hill, and they used to look up at the cross and they would say, \"Is God looking down at us?\" I said, \"Yes, he's looking down at us and taking care of us.\"",
                "Yes. There was a cross, I don't know who put the cross up on the mountain, I remember. And I used to take my Sunday school students up on that little hill, and they used to look up at the cross and they would say, \"Is God looking down at us?\" I said, \"Yes, he's looking down at us and taking care of us.\"": "That was Castle Rock.",
                "How often would you go up there?": "Oh, not that often.",
                "Can you give us an idea of some of the clubs that you helped establish that were in camp?": "Yes.",
                "Maybe some of the more colorful names, too?": "Oh, what do you mean \"colorful names\"?",
                "Oh, what do you mean \"colorful names\"?": "Oh, the names of the clubs.",
                "Were there bands, music, live music?": "Yes, uh-huh. There were a lot of people who had instruments, and so they established a band, live band.",
                "This would have been sort of a, like swing music of that time?": "Yes, uh-huh, that's right. That's right.",
                "Did the band have a name?": "I think they did. I can't recall, though. And also, there were some people who knew how to do Japanese dances, so they had program for the Isseis, too.",
                "They did?": "Yes, uh-huh.",
                "But your mom, your mom didn't go to those, did she?": "Yes, she did, yes. It was remarkable. There was a man, he was very artistic, he took a white piece of material and painted beautiful designs, and made kimonos out of it. The archives have, I think, still has the picture of that.",
                "Did you have any type of Japanese theater at all, like kabuki?": "I think they did have that, yes. Because there were a lot of young people who knew how to do Japanese dance as well as perform classical plays."
            }
        },
        "segment 14": {
            "Segment Desc": "Recreational activities in camp",
            "Segment Q&A": {
                "Did your mother and father work in camp?": "No, my father had tuberculosis, so he was in the hospital. And my mother did not work because my brother was very young yet. I think he was, let's see, he was much younger than, about... let's see, seven years younger than I am, so he was just a child.",
                "What did she do?": "Let me see now. She worked in, she worked in the administration office.",
                "Being part of the recreation department, did you come in contact with, close contact with administration, WRA officials?": "No, not at all. Harry Mayeda, who was the head of our department, of our recreation, he was the one that got in contact with those people.",
                "So you never developed any relationships at all with the staff of the camp?": "No, I didn't.",
                "And how were, how did you receive materials and supplies, or uniforms for baseball?": "I really don't know about baseball, but that was a very active sport there.",
                "Did you participate in any sports in the camp?": "No, not at all, except dancing.",
                "And was that for the entire camp?": "Yes, anyone who wants to go could go to those dances. I think, however, you had to pay ten cents to be admitted.",
                "And where were the dances held?": "In the dining area.",
                "Of the mess hall?": "Yeah, mess hall.",
                "Did you have an auditorium while you were there?": "No, we didn't.",
                "And did you attend that wedding?": "No, I did not.",
                "Was there a place in camp where she could get material, or did she mail order for it?": "Yeah, everything was mail order. And then like in our room, camp barracks, they did not have any chairs, just cots for us to sleep on. And so we, we used to write to Sears Roebuck for a lot of things.",
                "Like chairs?": "Chairs, uh-huh, canvas chairs and clothing."
            }
        },
        "segment 15": {
            "Segment Desc": "Dealing with the so-called \"loyalty questionnaire\"",
            "Segment Q&A": {
                "Is there any particular person or event at Tule Lake that really sticks in your mind?": "Oh, yes. There were some agitators, they were very pro-Japan. And any leader who sort of stood up for U.S., they would call that person a dog.",
                "Inu, yes. Oh, you heard about that?": "This was before Tule Lake became a segregation camp?",
                "This was before Tule Lake became a segregation camp?": "Yes, uh-huh.",
                "So there were already divided loyalties, did you sense that?": "Yes, that's right. Because did you hear about the \"loyalty\"...",
                "Questionnaire?": "Uh-huh.",
                "And tell us a little bit about what you remember about it, and how it, what effect did it have on you in your family, or friends in the block?": "Of course, we said that we are loyal, we want to be loyal to U.S. And that sort of divided the, there were some radicals in camp. But when the time came for them to be shipped to Japan, they decided not to go, too. There were a lot of people like that.",
                "Now, early in our interview, you mentioned that your father had a desire to return to Japan, but the kids were firm in saying, \"No, we are Americans and want to stay in our country.\" Did, when did that all happen? When did you take a stand? Was it before the war?": "Yes, uh-huh, before the war.",
                "Did, I know your father was in the hospital. Did he, did the camp experience and losing a business and being excluded from life during World War II, did that prompt any feelings about going back?": "Yes, he was depressed.",
                "Did he want to go back again?": "Yeah. He was very depressed.",
                "Can I ask a question? You mentioned earlier that when you returned to Japan in 1940, that you kind of were able to embrace Japanese culture and take pride in it. You know, the \"loyalty questionnaire,\" all this stuff that was going on, how did that affect you? They're basically saying, \"You must decide.\" How did you feel about that?": "No, I always felt I was American. And when I went to Japan, I remember I went to the, what did they call that? Oh, there was a diet building one time, and there was a member there, and he said, \"Well, you may feel sort of divided, you may want to, you may feel as though you want to be loyal to Japan or to America,\" but he said to us, \"You know, you were born in America, so you are an American.\"",
                "No, I always felt I was American. And when I went to Japan, I remember I went to the, what did they call that? Oh, there was a diet building one time, and there was a member there, and he said, \"Well, you may feel sort of divided, you may want to, you may feel as though you want to be loyal to Japan or to America,\" but he said to us, \"You know, you were born in America, so you are an American.\"": "So you had no major conflict over which world you really belonged to?",
                "So you had no major conflict over which world you really belonged to?": "That's true. And this is a Japanese person."
            }
        },
        "segment 16": {
            "Segment Desc": "Leaving camp",
            "Segment Q&A": {
                "So you, you decided to leave camp, your friend had arranged a job for you?": "Yes.",
                "Were you ready to leave camp, mentally?": "Yes, I went to Chicago and worked for this Dr. Tashiro. And he decided that he's going to make his office a stepping stone for us to...",
                "Was it tough to leave your dad in Tule Lake, and the rest of your family? You traveled alone?": "Yes, I traveled alone. All of us were, my parents, they still wanted to stay in California and go back to, back home. That was their wish. But the young people said, well, if there was better opportunities elsewhere, well, we'll go there.",
                "This decision to leave camp, how did it... how did it, the timing work out with Tule Lake becoming a segregation center?": "I went before.",
                "Do you remember what, roughly what month you left?": "Oh, I can't remember what month I left.",
                "But it was just before it became a segregation center?": "Yes, uh-huh.",
                "And where did you pick up the train?": "There were trains, where is that... closest town to Tule Lake. From there, I...",
                "Did you go to Reno?": "Let's see.",
                "Klamath Falls?": "Klamath Falls, yeah. Klamath Falls."
            }
        },
        "segment 17": {
            "Segment Desc": "Living and working in Chicago",
            "Segment Q&A": {
                "And then from there, you traveled to Chicago?": "To Chicago, yes.",
                "And can you tell us a little bit about that trip? Do you remember anything about that?": "Well, it was wonderful to be free again. [Laughs]",
                "American Friends Service Committee?": "Yes, uh-huh, and they were very kind to us.",
                "How long did you stay in the hostel?": "And then when I went to the hostel, I met a Sacramento friend there, and she said to me, \"Fusa, let's rent out an apartment together,\" and so we did.",
                "Yes. And then my brother-in-law, who was a dentist, came out, and then he established a dental office. So he said, \"Why don't you come and work for me?\" so I did. And then my husband happened to have a toothache or something, so he came to the office, so I met him. [Laughs]": "That's how you met him?",
                "That's how you met him?": "Yes. Well, another person who came from -- oh, who was going to Ohio State, my husband was going to Ohio State, told me that, this friend of mine who is at the University of Chicago now, and, \"I want you to meet him.\" So that was how I met my husband.",
                "And how did he end up in Chicago?": "Oh, he never did go to camp. He went from Ohio, he was stationed in Ohio.",
                "In the military?": "Yes, uh-huh. Yes, he was in the military. And then he decided he wanted to become an M.D., so he went to University of Chicago.",
                "And did you marry in Chicago?": "Yes, we did. And did you sort of reorient yourself to a Christian church and a religious life there?",
                "Yes, we did. And did you sort of reorient yourself to a Christian church and a religious life there?": "Yes, uh-huh.",
                "And what was the community, the sense of community like in Chicago. Did you feel part of a community?": "Yes. Yes, and then he was, he was very ambitious, he said that he wants to become an internist. And so we, he wanted to go for training at the state University of Iowa for his residency, so we went there. Met some wonderful people there.",
                "So you basically supported him through his work there?": "Yes, I helped him a lot. He was on the GI Bill of Rights, so he was able to get his medical degree there. And that it was just wonderful. I guess the soldiers today, do they have the same provision? I think they do, don't they?",
                "Yes, I helped him a lot. He was on the GI Bill of Rights, so he was able to get his medical degree there. And that it was just wonderful. I guess the soldiers today, do they have the same provision? I think they do, don't they?": "Segment 17> - Copyright © 2008 Manzanar National Historic Site and Densho. All Rights Reserved."
            }
        },
        "segment 18": {
            "Segment Desc": "Returning to Sacramento, observing changes",
            "Segment Q&A": {
                "And then you came back to California?": "Well, one of his colleagues was in Sacramento. He said, you know -- he was a surgeon -- and he says, \"I need a good internist, so come to Sacramento.\" And I said, \"Sacramento? Gosh, I don't know if I want to go back to Sacramento.\" But the opportunity was there, so we came back, and there were several physicians who helped him establish a practice.",
                "Well, one of his colleagues was in Sacramento. He said, you know -- he was a surgeon -- and he says, \"I need a good internist, so come to Sacramento.\" And I said, \"Sacramento? Gosh, I don't know if I want to go back to Sacramento.\" But the opportunity was there, so we came back, and there were several physicians who helped him establish a practice.": "So how had Sacramento changed, or had it changed?",
                "So how had Sacramento changed, or had it changed?": "Then... better.",
                "In what way?": "In what way? I think there were a lot of people -- Sacramento has changed. Of course, there's a lot of people who came from different states, and I felt as though it was much better. We no longer associated with just Japanese. Lot of our good friends were Caucasians.",
                "In what way? I think there were a lot of people -- Sacramento has changed. Of course, there's a lot of people who came from different states, and I felt as though it was much better. We no longer associated with just Japanese. Lot of our good friends were Caucasians.": "How about the Japantown area, specifically...",
                "In Chicago?": "Yes, in Chicago relative to the one that you knew here in Sacramento?",
                "Yes, in Chicago relative to the one that you knew here in Sacramento?": "I don't know if they had... I don't think they had a Japanese town in Chicago. If there were, I wasn't conscious of it.",
                "How about the Japantown that you came back to in Sacramento?": "In Sacramento? We didn't come back to Japantown, 'cause there just wasn't any Japantown in Sacramento. There were a few stores, but it wasn't Japantown anymore, as it used to be.",
                "In Sacramento? We didn't come back to Japantown, 'cause there just wasn't any Japantown in Sacramento. There were a few stores, but it wasn't Japantown anymore, as it used to be.": "And you said that you attended college?",
                "And you said that you attended college?": "Yes.",
                "Where did you go?": "California State University.",
                "In Sacramento?": "Yeah, in Sacramento.",
                "And what did you take there?": "Humanities. Since I didn't have to, since my husband already was established in his practice, I decided, \"I'll take humanities, 'cause that's fun.\" And so when we studied about Egypt, we went to Egypt. When we studied about Germans, well, we went to Germany.",
                "Did you maintain your interest in Japanese culture? Did it continue to be...": "Yes, I always did enjoy Japanese art, especially.",
                "Did you get a chance to see that exhibit in San Francisco?": "No, I didn't. I love opera, and so we used to go to San Francisco to listen to operas and things like that, and symphonies."
            }
        },
        "segment 19": {
            "Segment Desc": "Family's experiences in camp",
            "Segment Q&A": {
                "At Tule Lake?": "What happened when that became a segregation center? Did they transfer, did they transfer to another camp?",
                "What happened when that became a segregation center? Did they transfer, did they transfer to another camp?": "Yes. I think my mother, I think, went to Amache until she came back to Sacramento. And my brother was very young then, and so he came back to Sacramento, went to dental school, and established a practice in Sacramento.",
                "And your father?": "My father passed away.",
                "After Tule Lake, or during?": "Shortly after Tule Lake, he passed away.",
                "Did you think, what did you feel about the care that he received in the camp?": "In camp?",
                "In camp?": "Yes. Do you think it was adequate?",
                "Yes. Do you think it was adequate?": "Oh, yes. I have no complaint whatsoever. Some people used to complain about food and all that, but when you're young, anything tastes good. I had no complaint about food.",
                "Your other brother in Chicago who established a dentistry practice there, did he remain in Chicago, too?": "Yes, he did, and then he had two sons, and they're both dentists now.",
                "In Chicago?": "Yes. One is teaching at University of Illinois.",
                "Yes, uh-huh. I received, how much was it?": "Twenty thousand dollars?",
                "Twenty thousand dollars?": "Yeah, that's right.",
                "How did you feel when you saw that letter?": "Yes, I felt as though, well, see, it all turned out okay.",
                "How do you think the camp affected your family relationships?": "Oh, we were very close.",
                "Did it bring you closer?": "Yes, uh-huh."
            }
        },
        "segment 20": {
            "Segment Desc": "Revisiting camp through pilgrimages and reunions",
            "Segment Q&A": {
                "Have you been involved with pilgrimages or reunions relating to Tule Lake, Fusa?": "Unions?",
                "Unions?": "Reunions or pilgrimages.",
                "Did you meet friends or people that you remember from camp?": "Yes, that's right. It was just wonderful to see some of those people that I became friends with in the camps.",
                "And how about your... did you have kids?": "Yes, I have two boys and two girls.",
                "Do you speak about your camp experience with them?": "Sometimes I do.",
                "Are they curious about it?": "Not, not too curious. So I decided that maybe I should write all this down and give it to them.",
                "That would be a good way of sharing it with them. Have you been involved at all in sharing your story with school groups?": "Yes, uh-huh.",
                "You still do?": "Not anymore, but I did for many years. Time of Remembrance, it was called.",
                "Time of Remembrance?": "Uh-huh.",
                "And what did you share with the students? What was the most important things that you wanted to get across to them?": "Well, each one of us were assigned to say certain things, and I was assigned to talk about our barracks. And they did have a model barracks, and so I used to tell them how we lived, how our family lived in the barrack.",
                "What changed inside your barrack over time?": "Oh, let me see now. It was just a bare room with just cots. And some of our, some of the young men, when they wanted to date us and all that, would say, \"You know, I could make a closet for you.\" So I said, \"Oh, great.\" Or, \"I could make,\" let's see, \"I could make some chairs for you.\" \"Oh, wonderful.\" Then we could have a party at our barrack. And so we did have parties in the barrack.",
                "That's how you got furniture?": "Yes, uh-huh. But some of the women were very clever, they made some furniture, too. So when I returned to Sacramento, I enrolled in a woodwork class that they had.",
                "What did you make?": "What did I make? Oh, I made... our front of the house, we had to have a light, I made that light cover, I made a lazy susan, and let me see, what else did I make? Oh, some of those things like that. I learned how to do carpentry for the first time in my life.",
                "What did I make? Oh, I made... our front of the house, we had to have a light, I made that light cover, I made a lazy susan, and let me see, what else did I make? Oh, some of those things like that. I learned how to do carpentry for the first time in my life.": "What do you recall about the changes that took place outside the barrack in terms of the landscape? When you first got there, you mentioned very poignantly that there's not a tree around.",
                "What do you recall about the changes that took place outside the barrack in terms of the landscape? When you first got there, you mentioned very poignantly that there's not a tree around.": "Yeah, that's right. Very bare.",
                "What did it look like before you left camp?": "There was some artistic people who decided to make a rock garden right in front of their barracks, and things like that.",
                "Did you have plants and flowers around your barrack?": "No, we did not. But what we did, young women did was to collect all those shells that's around, and made some corsages and whatnot.",
                "Do you remember watching him make the birds?": "Yes. They used to whittle around making those birds.",
                "And then he'd paint them, too?": "Pardon me?",
                "Pardon me?": "Would he paint them?",
                "Would he paint them?": "Yes, uh-huh. I'm sure you've seen some, haven't you? Aren't they lovely?",
                "Yes, uh-huh. I'm sure you've seen some, haven't you? Aren't they lovely?": "Beautiful. Beautiful birds."
            }
        },
        "segment 21": {
            "Segment Desc": "Reflections",
            "Segment Q&A": {
                "I'd like to ask you, in thinking about these children, if you had a chance to offer them any insight or a lesson about your camp experience and your time as an American citizen in Tule Lake, what would you share with them?": "Oh, my own children?",
                "Oh, my own children?": "Any, any children.",
                "What insight would you offer the kids based on your experience at Tule Lake? A lesson or something that --": "Yes, uh-huh.",
                "Constitution?": "Yeah, Constitution. That was emphasized a lot.",
                "Their rights?": "Yes, rights, that's right. And thousands of, thousands of children were bussed in to learn about our experience, and they would relate that to the Constitution and all that.",
                "One final question. What was your feelings about... I asked you about Pearl Harbor, what about 9/11 and the repercussions of that towards the Muslim and Arab communities?": "Oh, yeah. Oh, I hope that nothing will happen to them. I hope that history will not repeat itself again. So I think all of us tried to help them as much as we can through JACL.",
                "And you're a member of JACL?": "Yes, we are.",
                "How long have you been?": "My husband was a life member. Well, we still are members of the JACL.",
                "What type of issues have you dealt with locally through the JACL?": "Well, as I said, I was more involved in this program, Time of Remembrance.",
                "Oh, that's a JACL program?": "Well, no... well, JACL was involved, yes. So I worked for years, I used to work for, I used to participate in this program, Time of Remembrance through the history students in their fifth year, I think, came and asked us about what we went through about the American Constitution and all that.",
                "Is there anything else, any story or memory that you'd like to share with us that we haven't already touched on?": "I think it was pretty complete."
            }
        }
    }
}