{
    "Narrator_Name": "Gary Yamagiwa",
    "Bio": "Sansei male. Born May 8, 1953, in Chicago, Illinois. Parents were Nisei, sent to the concentration camps at Poston, Arizona, Manzanar and Tule Lake, California, during World War II. After leaving camp, resettled in Chicago, where Gary was born and raised.",
    "Title": "",
    "Interviewer": "",
    "Location": "",
    "Date": "",
    "Densho ID": "",
    "transcript": {
        "segment 1": {
            "Segment Desc": "Family background",
            "Segment Q&A": {}
        },
        "segment 2": {
            "Segment Desc": "Hearing very little of parents' World War II experiences",
            "Segment Q&A": {}
        },
        "segment 3": {
            "Segment Desc": "Living in grandmother's rooming house in Chicago",
            "Segment Q&A": {}
        },
        "segment 4": {
            "Segment Desc": "Father's work in Chicago upon first arriving after the war",
            "Segment Q&A": {}
        },
        "segment 5": {
            "Segment Desc": "Attending school, getting involved in church activities",
            "Segment Q&A": {}
        },
        "segment 6": {
            "Segment Desc": "Understanding Japanese as a child",
            "Segment Q&A": {}
        },
        "segment 7": {
            "Segment Desc": "Participating in sports clubs",
            "Segment Q&A": {}
        },
        "segment 8": {
            "Segment Desc": "Learning about the World War II incarceration",
            "Segment Q&A": {}
        },
        "segment 9": {
            "Segment Desc": "Attending the Commission on Wartime Relocation and Internment of Civilians hearings",
            "Segment Q&A": {}
        },
        "segment 10": {
            "Segment Desc": "The importance of the Japanese American community",
            "Segment Q&A": {}
        },
        "segment 11": {
            "Segment Desc": "Thoughts on growing up in Chicago",
            "Segment Q&A": {}
        },
        "segment 12": {
            "Segment Desc": "Reflections",
            "Segment Q&A": {}
        }
    }
}