{
    "Narrator_Name": "George Murakami",
    "Bio": "Nisei male. Born 1934 in Guadalupe, California. During World War II, removed to the Tulare Assembly Center, California, and the Gila River concentration camp, Arizona. After leaving camp, returned to the Sacramento area. Served in the U.S. Air Force, and eventually resettled in Minnesota.",
    "Title": "George Murakami Interview",
    "Interviewer": "Steve Ozone",
    "Location": "Minneapolis, Minnesota",
    "Date": "October 13, 2009",
    "Densho ID": "denshovh-mgeorge_4-01",
    "transcript": {
        "segment 1": {
            "Segment Desc": "Family background",
            "Segment Q&A": {
                "Today is October 13, 2009. We're here with George Murakami. My name is Steve Ozone from the Twin Cities JACL Oral History group and videographer is Bill Kubota. So let's start with, what was your birth name and the day you were born?": "George -- not George, but Kiyoshi Murakami. And I was born in 1934 in Guadalupe, California, in San Luis Obispo County, Southern California.",
                "And George was not your birth name. How did you get that?": "Well, after I came out of camp in Sacramento, the first time I met some of the local Japanese kids there, and this one guy kept calling me George. He said he knew a guy in camp named George, and I looked just like him and he kept calling me George, and all the other kids started calling me George, and then it almost became official after that.",
                "Let's start with your father. What was his name?": "His name was Yoshiaki Murakami and he was born in Kumamoto-ken in Japan. And his father was visiting one of my father's older brothers in Guadalupe. And he thought the life here was pretty good, I guess, and he called my father over to visit Guadalupe, that was when he was about eighteen years old. And he took out a passport for visiting for five years and so he came to Guadalupe then.",
                "What was the port of entry?": "Port of entry was San Francisco. And he started, I guess, farming, but he eventually went to auto mechanic school in Los Angeles. And after he graduated from that he became a truck driver. He had his own truck and he was transporting commodities and things. He mentioned one time that he was contracted to go down to Mexico to bring up some fish.",
                "He continued that, truck driving?": "Yes, he did. I'm not sure how long he did it, but I think after he got married he went into farming himself because I guess he thought the truck driving business was kind of dangerous, I guess, he said.",
                "What was he like as a person?": "I would call him strict. [Laughs] But stern. He was pretty ambitious, though. And of course, he had difficulty because he really didn't speak very good English and things like that, but, and I think basically farming was where he didn't have to have contact with people and stuff.",
                "And back then when he was farming, he didn't own land, was he working for someone, or did he rent?": "Well, I think he rented and also a kind of a sharecrop type of thing where he supplied the labor, and the owner supplied the equipment and the land, and then they would share percentage-wise. I'm not sure what that was.",
                "Tell me about your mother, what was her name?": "My mother's name was Kiyoko Tsuyuki and she was born in San Francisco in 1911. And her father originally came from Japan to go to school, but then he fell on hard times, I guess, and he was running a boarding house for bachelors, Japanese bachelors. When she was, I don't know, early teens maybe, you know, in San Francisco they couldn't go to American schools, but anyway, she and her sister were sent back to Japan to get some training, not official education but training, sewing, cooking, and that sort of thing. And when she came back from Japan, of course, she was strictly Japanese. And think they called these people that went to Japan and came back as Kibeis. I think she was working in a packinghouse where my father was hauling vegetables, and that's where my father met my mother, and this is, I think, in Lompoc, California.",
                "Where's that?": "It's in Southern California also. I think it's in the northern part of San Luis Obispo",
                "What was your mother like when you were growing up?": "Well, I think she was strict. [Laughs] But she was very ambitious and hard working. You know, she worked out on the farm quite a bit too. And, of course, she was pretty young when she got, she was only seventeen when she got married. They had a pretty rough life, I think, basically out on the farm.",
                "How many kids were in your family?": "There was five of us. I had an older brother and sister, myself and then two younger brothers. And, let's see, we were about three years apart all the way through.",
                "Did you find out from relatives in Japan?": "I have a cousin that was more the family historian type of thing, and he told us what this adopted father thing meant.",
                "Where was your grandfather from in Japan?": "He was from Kumamoto-ken, which is on the island of Kyushu, I think it's near the city of Fukuoka."
            }
        },
        "segment 2": {
            "Segment Desc": "Description of siblings",
            "Segment Q&A": {
                "That's Ray?": "That's Ray, yes. And then Denny, that's my youngest brother. His name was Takeshi and he was six years younger than I am. I don't remember him too much in high school because I was gone and he was in school then. But he also had cancer, and he passed away a couple years ago at sixty-three or something like that.",
                "So you were under the age of ten before camp. What do you remember about school?": "I don't remember too much about Guadalupe. I think I was maybe a second grader, something like that. You know, being at home, out on the farm, we didn't have too much contact with other kids. But I kind of I mainly spoke Japanese so when I went to school, my mother started me about a year later than I was supposed to, I guess, kindergarten. I got along okay, English came okay, but they thought I was too big for the first grade, they skipped me to second, so I had a tough time with English. I think it might have been almost third grade before I really started to learn how to read, and that was in camp. Because I remember in camp, when you had to stand up and read, I had a tough time.",
                "That's tough for everybody. What about your friends when you were that age? This was still before camp. Were there a lot of Japanese kids?": "Well, Guadalupe was pretty heavily populated with Japanese. I don't remember any Caucasian friends. They were only in school. And after English school, of course, right after English school we went to Japanese school and then we came home. We lived a mile, a couple miles away from the school, and we always walked to and from school to the farm and stuff, but there weren't any neighbors we went by because it was all open fields."
            }
        },
        "segment 3": {
            "Segment Desc": "Growing up on family farm",
            "Segment Q&A": {
                "So you went to Japanese school five days a week?": "Yeah. I think it was five days a week and it was held at the Buddhist temple there.",
                "So your day was, go to school, go to American school, go to Japanese school, and then did you have chores after?": "Yeah, we went home.",
                "And what were those?": "Mainly around the house type of thing. We didn't go out in the field because I was too young then. The house was kind of out in the field. It was next to a dairy farm. There weren't that many chores to do but I remember, maybe this was a little bit later on, that as kids we used to have to wash the rice for dinner, and of course, let it soak for a half an hour before my mother came home and cooked it.",
                "What was the process for doing that?": "Well, you measured whatever it was, usually two cups rice I think, washed it, rinsed , then you let it sit. Let it soak. One of the other chores was we had a Japanese bath and we had to build a fire underneath this tub to heat the water, and that's when my brother and I more or less did all this together.",
                "What was the summer like? Did you still go to Japanese school?": "No. I don't remember us in the summers. Summers were basically out in the fields, I think. I remember I used to run though the fields with an empty tin bucket, hitting it with a stick, to make noise to chase the birds away and that kind of stuff."
            }
        },
        "segment 4": {
            "Segment Desc": "Hearing about the bombing of Pearl Harbor",
            "Segment Q&A": {
                "So then when Pearl Harbor happened you were still young, but what do you remember about that?": "The only thing I really remember is I think we were supposed to go to Japanese school. I think that was the following Monday right after Pearl Harbor, and they said there's no Japanese school. We came home, and that's only the basic thing I remember about that. Then, the aftermath is the packing and stuff when we found out we're going to go to camp. I remember my mother putting things together and setting aside this and that. The other thing is, it wasn't right after Pearl Harbor but in February I think, I'm not sure about that time frame, but my father mentioned the FBI coming in to pick him up, and they went through the house, ransacked it, took a few things: radios, guns and whatever, but we didn't know where my father went. They just picked him up...",
                "And it was because he was a member of an organization?": "Yes it was some kind of a men's organization.",
                "Heimushakai?": "Heimushakai. Some military men or something. I don't know why he would be in something like that.",
                "The military?": "Yes."
            }
        },
        "segment 5": {
            "Segment Desc": "Sent to the Tulare Assembly Center",
            "Segment Q&A": {
                "So your father is gone and you were sent to an assembly center. Where was that?": "We were sent to Tulare Assembly Center, which was on, I think, on the Tulare County Fairgrounds. It's... near Fresno.",
                "And how long were you there?": "We were there about six months I think. Then we were sent to Gila in Arizona.",
                "And transportation was by bus, right?": "To Tulare it was.",
                "Did the family own a car?": "They did. I'm not sure, I think my mother sold it or something. But I guess there were some people that drove there. I don't think we took too much. Things that my mother tried to sell and then couldn't sell was put into a hall that the Japanese owned. I think most of the families stored their articles and stuff, furniture and whatever in this one hall. And I don't think we ever -- it was ransacked -- and so we didn't get any of that back."
            }
        },
        "segment 6": {
            "Segment Desc": "A child's memories of camp",
            "Segment Q&A": {
                "Can you talk about what the transition period was? I mean, you're in the assembly center. Did you get a notice that said that you're moving to another place?": "I don't know the process or anything like that. I just remember we were put on trains. There were guards on the train, the shades were all pulled as we went through cities and towns. And I don't think the train went directly to the camp but from there, wherever it stopped, we took buses into Gila.",
                "What was the reaction of the family? If the shades were pulled, they had no idea where you were going so I'm sure your mother was terrified.": "Yeah, I think it was pretty scary. As a kid I don't remember feelings and all that. I just kind of remember just running up and down the train or something, probably getting my mother all shook up or something.",
                "What do you remember about Gila River? Your earliest memories.": "Well, we did have schools, and I remember the teachers were other Japanese, older Japanese, and I remember we played a lot of sports, and we did hikes and stuff. We visited another camp that was a little far away. We went through their vegetable farms and go and visit, we'd always be in a group. And I think the camp was surrounded almost by canals, and we used to go to the canal and do a little fishing and kind of swimming, but we knew we could not go beyond the canal.",
                "Were there armed guards there?": "I don't recall seeing any armed guards. I think the only place we... there were no fences. I guess there might have been postings or something out in the desert but postings were mainly for people not to come in. We couldn't go out, but it was kind of understood that that was more or less the border of the camp. And there were people that you could sign up or something to leave the camp to go visit the nearby city, and I think that was the only time I remember seeing a guard or something, and he was checking the passes or whatever.",
                "And the guard went with people when they left?": "That I don't know.",
                "Was school, well, you said the teachers were Japanese?": "Yeah. I had a couple of Caucasians, local people, I think that were teachers. And I also had other Japanese who were there. I don't know if they were college students or what, but there were other Japanese and that was the third or fourth grade, something like that.",
                "Was the school day like what you remember before camp?": "I think it was a regular school day. I think the only difference was that when you broke for lunch, you had to go back to your own block to go to lunch in the mess hall in the block that you lived in.",
                "Did you still have Japanese school?": "No, no Japanese school. [Laughs]"
            }
        },
        "segment 7": {
            "Segment Desc": "Reuniting with father in camp",
            "Segment Q&A": {
                "How old were you when you got out of camp?": "I think I was ten; let's see, '45. I guess, eleven. I think I was in sixth grade.",
                "Can you talk about this picture here?": "Okay, yeah. That's a picture of Gila. And that's kind of the traditional or standard block. There's the fourteen barracks and the men's toilet and the women's toilet and the laundry room. And then the one barrack was designated for administration and the other one was the dining hall. And that was typical of all the blocks in the camp.",
                "So each block had an administration room?": "Yes, they had a block manager. And they had, kind of a place where the mail was dropped off. Then it was distributed to the... each barrack was mainly divided into four, and a family had one of the four apartments in there.",
                "Where did you get this photograph?": "I really don't know. [Laughs] I know I didn't take it.",
                "What can you tell me about the roof?": "Well, yeah, that's kind of typical. The end of the barracks had kind of like a double door, but the apartments in the middle sections only had single doors, and that shows a double door there too, and there it was just drywall and the roof. It had a double roof, and it was mainly because the heat in Arizona was so intense.",
                "So this was open?": "That was open between the two roofs, yeah.",
                "What about this, 1944?": "I don't know if every family had to have their picture taken but that's our family in 1944. My father, mother, my brother. I don't remember this but he must have been in the Boy Scout troop in camp there.",
                "And was everything outside?": "Yes. Basketball was outside, and the high school did have a gymnasium though."
            }
        },
        "segment 8": {
            "Segment Desc": "Leaving camp and attending school in Sacramento",
            "Segment Q&A": {
                "All right, so after camp you went to Sacramento and continued with school. What was the feeling in the community about the Japanese?": "Well, I think it seems that there might have had more bias after camp. Some of the kids were picked on, families were picked on, and stuff like that. I think being out in the country, you were probably protected from a lot of that. But when you went to school, well, there were older kids to pick on you and stuff. I guess maybe that's when I felt the bias, was after camp rather than before camp. Of course, I was older then.",
                "Did you graduate from high school in Sacramento?": "No, in 1950 my father started strawberry farming in San Jose, actually Mountain View, California. And so in my sophomore year we moved to Mountain View. We started a strawberry farm and it was actually on a sharecrop basis too. We put in the field of strawberries and cultivated and picked it, took it to market and stuff.",
                "Did you help out?": "Yeah, quite a bit. The whole family pitched in.",
                "What happened to Japanese school?": "[Laughs] No more Japanese school.",
                "Then what did you do?": "I started at San Jose State. This was right in the middle of the Korean War, and a lot of guys were getting drafted and even some out of school and stuff. We thought... some of our friends were getting drafted so I thought anyway that if I didn't want to be a soldier, I'd volunteer for the Air Force, so that's what I did.",
                "Had you decided on a major or were you just taking general studies?": "I was just in general studies."
            }
        },
        "segment 9": {
            "Segment Desc": "Serving in the Air Force",
            "Segment Q&A": {
                "So you joined the Air Force. What happened with them?": "Well, I went to basic training right near home there at Parks Air Force Base in Oakland. And then I went to Biloxi, Mississippi, for radio training. I thought I was going to go to a radio maintenance type of thing, and I found out it was radio operations, you know, where you learned Morse code and that sort of stuff. And after that I was feeling pretty good. I was being sent to Japan, but actually it was a detachment from Japan on Iwo Jima and that was a one-year duty there.",
                "Did you have much contact with people outside the base?": "Not in Biloxi, no.",
                "So for a whole year on the island?": "Yes. Well, I was sent to Japan for rest and recuperation for a couple times.",
                "And then what about after Iwo Jima?": "After Iwo Jima, I applied for Hawaii at Hickam Air Force Base there. And I spent another year there, and that was pretty good duty because off duty I could go visit my cousins and enjoy the sights and stuff there. And then from Hawaii I volunteered for duty in New York someplace. I just wanted to get discharged in New York and then travel back to California, but I got sent to Minneapolis, Camp Snelling.",
                "And so you were still in radio communications?": "Yes, I was still in radio communication. At Hickam Air Force Base I worked the communications with aircrafts that were in that area, mostly airplanes that were coming from the United States, flying over, and we would receive operation reports from the plane. They would have to check in every hour as they flew across. They didn't just come over. I don't know how long it takes now in a jet, but then it used to take hours and hours to get there. But at Fort Snelling, I was actually a backup for I think the U.S. had this thing called Dew Line up through Canada to watch for missiles or planes coming from Russia. We were just a backup for regular communication. If that got disrupted somehow, we would communicate by radio, Morse code, and still get positions of aircrafts or whatever, and they would plot aircrafts that went through... you've seen on these movies, the great big boards? Glass boards that write positions on them? That's what they were doing, and we were backup for them.",
                "Yes, I was still in radio communication. At Hickam Air Force Base I worked the communications with aircrafts that were in that area, mostly airplanes that were coming from the United States, flying over, and we would receive operation reports from the plane. They would have to check in every hour as they flew across. They didn't just come over. I don't know how long it takes now in a jet, but then it used to take hours and hours to get there. But at Fort Snelling, I was actually a backup for I think the U.S. had this thing called Dew Line up through Canada to watch for missiles or planes coming from Russia. We were just a backup for regular communication. If that got disrupted somehow, we would communicate by radio, Morse code, and still get positions of aircrafts or whatever, and they would plot aircrafts that went through... you've seen on these movies, the great big boards? Glass boards that write positions on them? That's what they were doing, and we were backup for them.": "At Fort Snelling, by the time you were there, MIS was moved.",
                "What was the base life like?": "Base life was pretty civil. You lived in a barrack and you had a mess hall there, but you had duty time and we usually worked around the clock. We worked six hours on, then twelve hours off. Six hours on, twelve hours off and then you get a day off or something like that. So you came and you went as you pleased. You just had to be there for duty. We didn't have parades. It was a pretty small unit. And actually we were a small group of radio operators compared to whatever they had then. There was also an attachment of Air Force fighter pilots, fighter squadron there also but I wasn't associated with any of that.",
                "Where was the field?": "It was where the airport is now. I think they still have National Guard and stuff.",
                "So, I don't know how long Minneapolis-St. Paul Airport has been there, but had that been built?": "Yes. It was still there. They basically used the same airstrip, I think, but the Navy was also there and the Air Force. I think they still do."
            }
        },
        "segment 10": {
            "Segment Desc": "Meeting future wife",
            "Segment Q&A": {
                "And you were how old?": "Twenty, twenty-one, something like that.",
                "Were there other Japanese Americans in the Air Force with you?": "There was just one other gal that was in the WAF or something. She was from Hawaii. But I think we were the only two Asians in fact.",
                "So when you would go off the base, you would just take a bus?": "I had actually bought a car. I bought a '51 Mercury, kind of an old beater. I met Bill Hirabayashi who had a body shop here, and I would go visit him and work on my car, and he would help me and we kind of customized it a little bit. And I was getting ready to drive it back so he helped me put a new engine in it and get it in shape so I could drive it back to California."
            }
        },
        "segment 11": {
            "Segment Desc": "Speaking little English as a child",
            "Segment Q&A": {
                "Did you end up relying on your older brothers?": "A little bit, not so much because in the formative years he was already gone from the house. So that was another problem, too, that most of our kids didn't get directions or advice on life situations.",
                "Did you talk to your siblings about this?": "No, we never have. But I think like most families the sisters usually became the mothers, you know, and so I think she helped out quite a bit about manners and so forth."
            }
        },
        "segment 12": {
            "Segment Desc": "Going to college and moving to Minnesota",
            "Segment Q&A": {
                "So you'd already had some, you'd gone to school before you went in the Air Force for a short time. Once you got out of the Air Force, what happened then?": "Well, I did a little... basically, the first couple years of San Jose State were basic courses because I was more, in high school I wasn't taking college prep courses, I was mainly shop and that sort of thing. When I was stationed at Fort Snelling, I decided to take physics and those things at night school.",
                "Where was that?": "I think it was called West High School at that time. After I was discharged, I returned to San Jose, I went to San Jose State for almost a year, taking college algebra two and English writing, and that sort of stuff. But then in the fall of 1958 I decided to come back to Minnesota to go to school, not only because of Judy, but that's the only other kind of school... at home I was having a tough time because all my buddies were not in school, and we were going bowling and that sort of stuff, you know, running around, and I couldn't get my studying done. So I decided to come to the University of Minnesota. I wasn't admitted or anything yet. I just picked up my things and drove across the country. But I came back in the fall of 1958 and registered, and paid out of state tuition for the first quarter starting in January. Then after a year I got residency. I was going on the GI Bill, so that was one thing that was good about the Air Force, I guess.",
                "And what was your major?": "I majored in mechanical engineering. No, originally I was in industrial engineering which was supposed to have been two years of business and two years of engineering, but then after two years, instead of transferring to the business school, I transferred to the mechanical engineering. Although at that time it was a five year curriculum so I had to go an additional year and they gave a funny diploma that they called Bachelor of Mechanical Engineering rather than Bachelor of Science for mechanical engineering.",
                "So you graduated from college and then you applied for jobs?": "Actually, Judy graduated a year before I did. And we got married and I still had almost a year of school to go through yet, I think. After I graduated I went through all this interviewing process and stuff to see where the jobs might be, although in the back of my mind I was looking for a job in one of the high tech companies in Minnesota. But I did get an offer from Lockheed right back in my hometown in Sunnyvale, California, so we debated about it, but decided I had brothers and sisters back home in California, and Judy just had a brother. And so, I did go to work for Control Data here locally and worked there for almost three years. Then I went to work for Honeywell, and I spent almost thirty years there, little over, twenty-nine years and eight months or something like that. So I retired from Honeywell producing residential controls, thermostats, air conditioning controls and that sort of stuff.",
                "Did you, in that time that you were living here, did you experience any racism?": "No, I did not experience any directly, but for some reason, a carryover from right after the war type of thing, I kind of didn't like to go out into the country or whatever, you know, because I always had in the back of... the feeling that some of them had brothers or fathers that were killed in the Pacific, or something like that, and still held a grudge and stuff. So I kind of tried to be invisible.",
                "What was the Japanese community like in Minneapolis?": "Well, they were pretty active, I thought. They had a Japanese community center that was supplied by the Episcopal Church, and they held a lot of functions there. I don't remember being directly related to like the JACL or the Buddhist Association, although I joined the JACL just being a member, not taking a leading part like an official or on the board and that sort of thing.",
                "Do you know how long the credit union had been around before you joined?": "I'm not sure the exact date. 1952 or something like that?",
                "I'm not sure the exact date. 1952 or something like that?": "And what year did you join the board?",
                "And what year did you join the board?": "I joined the board I think about 1964 or something like that."
            }
        },
        "segment 13": {
            "Segment Desc": "Raising a family",
            "Segment Q&A": {
                "How many kids do you have?": "I have four children. Three girls and a boy, and they all live in Minnesota.",
                "When you were raising them, did you try to influence them as far as their Japanese heritage?": "I think we did, yeah, not only the food and the culture, but the other cultural parts too. In fact, they all took Japanese at the U. And they, three of them have been to Japan, a couple of them pretty extensive. My third daughter Lisa went to school there for a year out of St. Thomas, and then the oldest daughter Chris went there during a quarter break or whatever it was that they had, winter break, and with Lisa traveled up and down Japan as students. Chris also went on a church mission to teach English there for a summer. So I think they kind of like their heritage.",
                "And you've been to Japan too?": "Yes we have.",
                "How many times?": "Well, during the service I was there, and then our son Steve was working for a Japanese travel company in Minnesota. The Japanese travel company would send young boys to the Twin Cities here and give them practical training in shopping and simple English and stuff and then they would take a week to go travel to different cities that they wanted to... they didn't know how large it was, I think they wanted to go to like San Francisco, New York and Florida. But then I think the, I can't remember what year it was, but the travel business went down and they called him to Japan to service some the European tourists there. So he went to work there about six months, and that's when Judy and I went to visit him. We stayed with him while we went sightseeing and stuff. Then this November we plan on going again.",
                "That second time you went when you were with your wife, what was that like for you being in a country where everybody's Japanese?": "[Laughs] Well, my Japanese wasn't very good and Judy's is nil. When we visited restaurants and stuff, we'd look at the menu outside with all these plastic things and then we'd look at what we wanted and we'd check the price, and we'd go inside and there weren't any pictures but then we saw the price, so we ordered. We'd take train rides, and we noticed kids would swarm around Caucasian tourists there. Maybe they're trying to speak their English or practice their English while we sat there and just kind of watched. But when we asked for advice, they'd just look at us as dummies, you know. We couldn't speak the language. So that was kind of a different experience.",
                "And so this next trip will be the second time you've been there with Judy?": "Yes, but we're going with a kind of a tour group, a small group to see some of the more touristy places, I guess."
            }
        },
        "segment 14": {
            "Segment Desc": "Thoughts on the redress movement",
            "Segment Q&A": {
                "Can you talk about the redress? Was that form an interview form for your father?": "Yes, I think it was. I don't know if I have it.",
                "Do you know how that came about?": "No, I think the Congress had authorized this testimony. It says Commission on Wartime Relocation and Internment, and I think they sent people out in all the different communities to interview people for their experience in camp, and I think that he was one of the Isseis picked in the Mountain View area to be interviewed. That's the only thing I know about it. There is, in Mountain View library there's a pretty thick volume of all these testimonies from different people there.",
                "What's the date on the document?": "I don't think there is a date on it. It's dated August 1, 1981.",
                "And what kind of things do they ask him?": "Oh, the regular... they asked if he was evacuated and where and when. They asked the also, before camp, describe the estimate value of your losses for you and your family at that time.",
                "What was it?": "He doesn't really mention... the only thing he really mentions here is when he was picked up by the FBI, he lost all his potential from crops that he had in the fields, and he estimated that at three thousand dollars, and then the furniture and household things at two thousand five hundred. I guess he mentions, \"How can I place a value on personal family items that can never be replaced?\"",
                "He doesn't really mention... the only thing he really mentions here is when he was picked up by the FBI, he lost all his potential from crops that he had in the fields, and he estimated that at three thousand dollars, and then the furniture and household things at two thousand five hundred. I guess he mentions, \"How can I place a value on personal family items that can never be replaced?\"": "So that was a lawyer interviewing him?",
                "So that was a lawyer interviewing him?": "Let's see. No, he says that his name is Bud Nakano. He says, \"I'm appointed spokesperson for the Peninsula Redress Committee.\" I'm not sure how far that goes, Southern California down to San Jose maybe, which they call the peninsula. And I guess he did a lot of the interviews. Then when he had to write a summary to the committee he picked out my father's experience, and then he summarized some of the other people's comments that were quite similar to my father's I guess. So it's kind of abbreviated, as far as the losses.",
                "How did you feel about the redress?": "Well, I guess for me, I didn't feel any real loss like my parents did. But then of course,",
                "And there were a lot of them too. Is there anything you'd like to add I missed?": "I don't know. We covered a lot. I can't.. of course, I'm one of the real younger Niseis and I consider myself two-and-half-sei or something like that, Ni-han-sei, and so I don't... I know the difficulties my family went through and a lot of other families have gone through. I think the United States realized what the mistake they made, and I think they're very careful they don't do that again. You hear stories about how the Arabs were almost rounded up the same way, but I think they realized they can't do that. The other thing is, if we didn't get relocated, I think the Pacific Coast would just be inundated with Japanese all the way up and down the coast but with this relocation, we've got them spread all over the United States now, and I think that's good. And I think it's nice to socialize in the group and keep your history, and so forth, but it's good that we, I think, we're basically assimilated into the community. Our children, I guess, they know of the relocation and stuff, they feel for us too. They know about it, but they don't feel any different. I think they're just Americans."
            }
        }
    }
}