{
    "Narrator_Name": "George Kikuta",
    "Bio": "Kibei male. Born March 3, 1942, in Los Angeles, California. At only a few months of age, removed to the Manzanar and Tule Lake concentration camps, California. Expatriated to Japan with family during World War II. Grew up in Japan before returning to Los Angeles for high school. Later studied accounting, and became one of the early bilingual Japanese American CPAs in the field.",
    "Title": "George Kikuta Interview",
    "Interviewer": "Richard Potashin",
    "Location": "Los Angeles, California",
    "Date": "July 18, 2008",
    "Densho ID": "denshovh-kgeorge_2-01",
    "transcript": {
        "segment 1": {
            "Segment Desc": "Family background: father born in Hawaii",
            "Segment Q&A": {
                "This is an oral history interview for the Manzanar National Historic Site. And this morning we're talking with George Kikuta. And our interview's taking place at the Pacific Commerce Bank at the corner of Olympic and Sawtelle Boulevards in west Los Angeles. The date of the interview is July 18, 2008. Our interviewer is Richard Potashin, and our videographer is Kirk Peterson. Our interview will be archived in the Manzanar site library. And George, do I have your permission to go ahead and do our interview?": "Yes.",
                "Thank you very much for taking some time today and sharing your family and personal stories during World War II and beyond. George, your date of birth and where you were born?": "March 3, 1942, and I was born in Boyle Heights area in Los Angeles.",
                "Can you give us your full name at birth?": "George Masayuki Kikuta.",
                "Kikuta?": "Yes.",
                "Do you have any insights into the meaning of your Japanese names?": "Many of... my father's name is Masaichi, so I'm sure he gave me one of, you know, the kanji \"masa,\" and all of my brothers have \"yuki\" at the end. The oldest brother has Hatsuyuki, Masayuki, myself, and Yoshiyuki. So that's the family tradition.",
                "And let's just mention your siblings right now. Can you give us your siblings in order of birth?": "Yes. My oldest brother is three years older than myself, so he is sixty-nine years old right now. I'm sixty-six myself.",
                "And his name again?": "Katsuyuki. Henry Katsuyuki Kikuta.",
                "In Japan?": "Right.",
                "Your father and mother were born in Hawaii?": "Uh-huh, right. I think Fukushima prefecture, the people, the governor of Fukushima, I guess, picked not necessarily to permanently send the people to overseas. I think, I think the intention was to temporarily go out and maybe earn some money and come back. So both my father's parents and my mother's side parents, they went to Hawaii and Maui, and I think in more of a sugar cane farm. And they made some money and came back, went back to Japan and built a nice house.",
                "Your father's family, how many other siblings did you have?": "My father's side including my father is seven, seven siblings. But the older siblings, two of 'em, I think, stayed in Hawaii. And the younger ones were brought back with the parents to Fukushima.",
                "Do you know how long, how long your grandparents stayed in Hawaii?": "I have no idea. I have no idea.",
                "Or when they went over to Hawaii?": "I think older ones were born in Japan and brought over to Hawaii. But the younger, like my father, and the younger ones were born in Hawaii. That's why they have citizenship, U.S. citizenship. So they must have stayed somewhere in the neighborhood of ten years, over ten years.",
                "How many of them were born in Hawaii besides your father?": "I would say, I would say about five or six. I'm not exactly sure, but five or six out of seven.",
                "Now, did your, first of all, your father's name again?": "Richard Masaichi.",
                "And did your father meet your mother in Hawaii? What was the arrangement there?": "No. When -- this is interesting. My mother is a \"picture bride.\" The arrangement was made among the parents in Fukushima, and they exchanged pictures. By then, my father was here in Los Angeles, and my mother was in, still in Japan. So once my father accepted good-looking lady's picture, she was sent by herself over to Los Angeles.",
                "And so your, your grandparents on your father's side were landowners in Fukushima?": "Right.",
                "Do you know how much their holdings, there was a farm there, you said?": "Basically it's rice farming, and it's not a huge, I don't know how many acres, but I don't... four or five acres maybe.",
                "And roughly, when did your father come over to the United States? How old was he?": "My father? He was, he was in early twenties. Twenty, twenty-one. So he was a young man.",
                "My father? He was, he was in early twenties. Twenty, twenty-one. So he was a young man.": "He wasn't the oldest son in the family, was he?",
                "He wasn't the oldest son in the family, was he?": "He's fourth."
            }
        },
        "segment 2": {
            "Segment Desc": "Growing up in Boyle Heights",
            "Segment Q&A": {
                "He came over in his early twenties, and where did he settle when he got to America?": "Boyle Heights.",
                "Boyle Heights?": "I think that was where many Nikkei were concentrated back then because of the P-car. I don't know if you heard about the P-car. There's a city streetcar running on the First Street all the way to Pico Avenue. And many Japanese Americans lived along the, that line, P-car line.",
                "P-car?": "And that went through Little Tokyo, yes.",
                "And he started his own produce market?": "Right.",
                "Boyle Heights was, many people talk about Boyle Heights with fondness, about the fact that everybody seemed to get along there. Of course, you were too young to kind of remember it until you came back. Any other stories about your father's struggles to get settled here?": "He didn't, you know, want to talk too much about himself, but I heard from other uncles and aunts that he was one of the more aggressive person in the camp, I think. He was sent to a camp, camp that they concentrated those aggressive ones, in Texas. I don't know if you know anything about that. I don't know exactly which camp and for how long, but I would say he was sent over there.",
                "And he was sent from Manzanar?": "Manzanar to..."
            }
        },
        "segment 3": {
            "Segment Desc": "Removed to Manzanar concentration camp as a infant",
            "Segment Q&A": {
                "Did you, were you able to get any information from your father about -- other than what you've just shared with us -- about his camp experiences at Manzanar? I mean, you were really just about, what, three or four weeks old when you went to Manzanar. And I would imagine you had a curiosity about finding out what that part of your life was about.": "Yeah, it's basically --",
                "What have you learned in the, in the intervening years about the camp, and where have you learned it from?": "You know, he didn't want to talk too much, so I had to talk to my uncles and aunts about what... many of my, my father's siblings also were in Manzanar. So they, they share the same type of experiences there. And some people, I understand, really enjoyed the life there, because you're fed, and many never had children until they were put into camp. And so many newborns were, you know, took place there. Like my younger brother was born there, and I have, my cousin was born there. So many babies. [Laughs]",
                "You didn't have, you didn't have members at other camps at all, just at Manzanar?": "I haven't heard my father's siblings in any other camps, only Manzanar and Tule Lake.",
                "So everybody, all those siblings and their families all went to Tule Lake, too. Was there anybody that didn't go to Tule Lake amongst your extended family?": "Yes. Only, only group that went back to Japan from Manzanar are our family and the younger brother's family, and one of those two cousins' families."
            }
        },
        "segment 4": {
            "Segment Desc": "Moving to Japan with family",
            "Segment Q&A": {
                "George, do you have any memories at all of your time at Tule Lake?": "I don't know exactly if that was my memory or just my created memory. I have just a vague memory about the water and the birds flying over and that type of... and playing with other kids. I understand I was notoriously bad in my block. And so any time when kid cries, \"it must be George that caused the problem.\" [Laughs] Anyway, I remember a little bit about the ship, was sent by U.S., I guess, Navy ship, went back to Japan, and landed in Yokosuka, and took a train to Fukushima. I remember those experiences.",
                "Just going back a little bit, do you remember what block your family lived in in Manzanar?": "I was told it was Block 13, but that came from my mother.",
                "Tell us a little bit about your mother. You said that she was a \"picture bride\" and came over here. What type of person was she?": "She was truly a Japanese wife, you know, obedient, and she spoke very little English. And just basically did the domestic chores and raised four boys, four children. But she is the one that caused us to move back. She wanted our boys, my siblings, to have U.S. education. So for that, I'm very thankful. [Laughs]",
                "All moved back to the United States?": "To the United States, right. She pretty much listened to whatever my dad wanted to do, but this issue, she really forced all of us to move back.",
                "He didn't feel like there was any future in staying in America?": "Yeah, I think he had to start all over again here. And I'm sure he was not confident enough to rebuild his business here.",
                "And he had an inheritance in Japan?": "Right.",
                "And would that same reasoning that your mother used in wanting to take the kids and give them a Japanese education been part of your dad's reasoning as well?": "Well, that I don't know. That I don't know. Maybe, yes. But when we're, you know, in school back then, Japan was still backward and way behind the United States. So I, myself, I enjoy coming back and going through U.S. lifestyle and education.",
                "Do you remember, you said you remember the ship going back to Japan. Any other memories about the trip back?": "Yes. I remember the train was so, so crowded, people need to climb into the train from the window, and really have to pack into the train itself."
            }
        },
        "segment 5": {
            "Segment Desc": "Growing up in Japan during wartime: \"we were always hungry back then\"",
            "Segment Q&A": {
                "And where did you, where did you start grammar school? In your village area?": "Yes. We have a village school that entrance, the first day of school, all the students have seat assignments and the name tags, and the names on your own desk and everything except myself, because I was U.S.-born and a non-Japanese citizen. So I was the exception. So I kind of stood out like a sore thumb, and I was treated like a foreigner, immigrant, back in Japan.",
                "Can you explain to me why you did not get dual citizenship?": "Yes.",
                "Can you tell us about that?": "By the time I was born, consul general of Japan here was already gone, you know, war had started. So my older brother had dual citizenship, but myself and my younger brother were not able to register as a Japanese citizen. And so we only kept U.S. citizenship.",
                "And how were you... you said that it was kind of awkward the first day of school. How were you treated by your classmates in the first few months of school? You mentioned something about they were very suspicious of you, an American spy or...": "They, they treated... not treated, but they called me an American spy and tried to segregate me and my brothers because we were from the United States. But we, we used to get the American foods and chocolates, gum, and that type was shipped from U.S., and my relatives, I think, tried to help us. We distributed that among our neighbors, and that really made us look really good. [Laughs]",
                "So you developed some better relationships through chocolate and sweets and things like that. That's the way to reach kids. George, do you have any, sort of, visual images that you saw as you were traveling back to Fukushima of some of the devastation?": "Yes. From, we landed at the Yokosuka, it's a port city south of, nearby Tokyo. And we went by the Tokyo area, and it's, I still remember my parents were showing us part of Tokyo, there's just nothing there. It's all burned down. And no high rise building that I could, you know, that I could see, it's nothing. So it's pretty, pretty bad scene."
            }
        },
        "segment 6": {
            "Segment Desc": "Life in Japan",
            "Segment Q&A": {
                "I'm just curious, your father might have had some other ideas of what the Japan he was returning to was like. And then when he saw what was actually out there... I mean, later on, do you think he had any regrets about coming back to Japan?": "You know, I'm sure he had a, that feeling, but he didn't say it. And we, he had a pretty good life in Japan, again, he had land, and he was working for a U.S. army base located in Japan. So he had, he had a pretty good income coming from, for him. And food were plentiful from our own farm.",
                "You said you grew rice?": "Right. And we changed the rice field to apple and peach orchards, and so we, we had that going for us. We hired helpers, and my father was still working at the army base.",
                "What was he doing at the army base, George?": "He was bilingual, so he was doing some translation and secretarial, male secretarial type work, helping U.S. army officers.",
                "And how far away was this army base from your farm?": "Initially, it was just only a few miles from our house, and in a city, our city called Fukushima City. And they closed the base, and he moved to Sendai, which is about hour and a half by train. So he had to live separately from us, he had to live nearby on the base.",
                "Would he come back on weekends?": "Weekends or, you know.",
                "So he could converse fluently in English?": "Adequately. [Laughs]",
                "Did your father's younger brother's family also live on the farm with you?": "Right.",
                "And what did he do? Was he just working on the farm, or did he also...": "I think he also worked at the --",
                "Base?": "Base, right. But he's the one that came back early, so I don't really recall exactly what he was doing.",
                "Another thing that you mentioned to me earlier was that you remember all your brothers and cousins coming down with this weird rash from the water?": "I suspect it's, you know, it must be different chemical in the water that caused rash all over our body, legs, arms. We were so itchy every day, I remember.",
                "Was this early on when you first got back?": "Yes, yes. I think it didn't last too long, but our other children had that problem. We had clean water, but somehow it didn't agree with our bodies.",
                "What was your, where was your water supply? Was it a spring or a well?": "Well.",
                "And as you grew older, did you assume responsibilities on the farm as well as going to school?": "I say yes, but according to my mother, we didn't do too much farm work. They always hired, we had hired hands that helped do the farmwork. But I still remember weeding and doing some, water the vegetables and that kind of stuff. But must be, must be a few times a year.",
                "What was the, can you describe for us the landscape of the farm and the surrounding area? Was it a hilly area, was it a flat area?": "We were in the valley we call Bonchi, which is surrounded by mountains, but it's a flat area. And so most, rice fields were pretty good size, flat, and we didn't have to create... some of the mountainous area, they have to create step --",
                "Terraces?": "Rice terrace, but we didn't have to do that."
            }
        },
        "segment 7": {
            "Segment Desc": "Attending school in Japan",
            "Segment Q&A": {
                "Tell us about going to school. When you were in grammar school, are Japanese grammar schools organized sort of along the same lines as Western schools?": "Yes. We had, we had six, six grammar schools, and three junior high. Back then, that was our mandatory educational requirement, so nine years. And, but by the time I graduated junior high, I'd say more than fifty percent, they were sending to high school. So I went to high school, and second year of high school, came back here. So I didn't graduate from high school in Japan.",
                "Was education taken more seriously there, based on your experiences when you came back here?": "Oh, you know, I think so. Education is a real serious issue in Japan. So when I came here, I attended Roosevelt High in Boyle Heights. I was able to speak only a few words. So other than English class where I got \"C,\" any other course, I had \"A's.\" So my English teacher saw my report card and says, \"Oh, I'm embarrassed to give you a \"C\" for your effort here.\" So I didn't, I didn't even study hard. But when I went to college, first, first semester I got \"F's\" and \"D's.\" So I noticed back then, I don't know now, the level of, difference of, the emphasis on education, I think the U.S. had a pretty high level of college education. Big jump from high school level from college level. So I had to change my study habit and really try to do lots of homework.",
                "Were you gradually accepted by your classmates and other members of the community as a Japanese person, not just seen as somebody, like you said, an immigrant from America?": "In Japan?",
                "In Japan?": "In Japan as you're growing up.",
                "So eventually you have, right, the stigma of being an American citizen was balanced by the benefits of care packages. Did you tend to stick with your brothers at school? I mean, were there little, did you have your own little clique that formed?": "Yeah, we had a rivalry between villages, small sectors of villages. My brothers and myself and some of our boys tried to get together, band together to beat up other boys from other sectors of village. And that type is more of a typical, you know, all the kids stuff. But it's not just because we're a U.S. citizen or anything like that, just, by the time we acclimated there, we were one of the boys, village boys, nothing different than any others. But I think in Japan in junior high, they have started teaching English as a mandatory requirement. But that's where I got lot of pressure because I was expected to do better, being a kid from America. But I was, I was not that good. [Laughs]",
                "So I imagine you were raised in a traditional Japanese way, you celebrated the holidays and everything else?": "Yes, hundred percent. So my, my basic thinking is still Japanese way, the culture and the tradition and all that.",
                "You keep that going in your life now?": "Right. So I'm married to, my wife is from Japan, and many of my friends that we go out for dinner and that type, mostly Japanese individuals from Japan, and they live here.",
                "What part of the culture did you embrace the most during your time in Japan? Was it the arts, or did you get involved in arts or judo, kendo, physical activities? If you think about your time back in Japan, what was so impressed, what impressed you the most or engaged you the most?": "You know, I really, even now, I really enjoy the old temples, and anything, the historical buildings. So those things are very fascinating. Only problem in Japan is all the buildings, old buildings, temples, shrines, are built in, by using wood. And most European culture buildings are built with stones, so last a long time. Whereas in Japan, they need big effort, make a big effort to maintain the existing culture, the important historical buildings.",
                "Did you get a chance while you were growing up in Japan to meet your mom's family, too?": "Yes. We were just walking distance away from our farmhouse.",
                "And they also were farmers, too?": "Yes.",
                "Rice farmers?": "Right.",
                "And how did they accept you?": "Oh, we would enjoy, our youngest brother was born in Japan and born in my mother's house. So we visited that place often when our youngest brother was born. So we were very close."
            }
        },
        "segment 8": {
            "Segment Desc": "Returning to the United States for high school",
            "Segment Q&A": {
                "Did you, how did you feel about the situation? Did you feel like you wanted to stay in Japan and just remain being a Japanese?": "No, I --",
                "Did you want to come back as well?": "I think I was one that really wanted to come here, even though I didn't put in the effort to try to learn English. So I was disappointed, initially I was able to come here to attend American high school, and instead, my older brother was picked to come here in place of myself. So I was kind of disappointed, and became a little violent. [Laughs] But other than that, I was very happy that my mother pushed this issue of coming back here for our education. Went through high school and college here in the United States.",
                "Was there a thought that you would return back to Japan, or that you were free to stay here as long as you wanted?": "Our intention was to live here for good, because our entire family moved over here. And I had no intention of moving back to Japan myself.",
                "And what were the arrangements that had to be made for you to return here? Was it principally just to get a visa? Because you were a citizen...": "Yes. I understand one of the reasons that made my mother try to bring the entire family back here was here in the United States, my parents' citizenship was, I guess, initially it was renounced. And now it was given back to them, and so that made, many families in Japan started coming back. And my mother heard about that possibility, so that --",
                "And your younger brother had done the same thing, too?": "Yeah, I think so."
            }
        },
        "segment 9": {
            "Segment Desc": "Adjusting to life in California",
            "Segment Q&A": {
                "So you came back to Los Angeles, and what were your feelings as you saw, as you came towards the port?": "Yeah, I still remember my uncle's family came over and picked us up, and they brought Coca-cola and Danish. And I still remember that sweet Danish and Coca-cola. [Laughs] First day here in the United States.",
                "What more appropriate welcome can you get than Coca-cola?": "In the little bottle.",
                "In the bottle? So they were here to welcome you down?": "Right.",
                "Now, you say that your whole family came back over, that's including your dad, too?": "Yes. Except my, like I said, my oldest brother Henry came here a year before us. And living with the uncle's place, and instead of going to day school, he went to night school and worked during the daytime, try to save money to support our move and day-to-day living.",
                "So who took over the, the rice farm in Fukushima?": "We had, we still had the youngest brother of my father living nearby. So he took over the farm in Japan. But they eventually moved -- so he made out real good. He's the one that sold the entire estate, and kept it. [Laughs]",
                "And he came over here?": "Yeah.",
                "Yeah. So where did you settle? Did you live with your uncle here originally?": "Settled across the street from Roosevelt High in Boyle Heights.",
                "That's a full circle story. Came right back to your home. So we talked about the transition or the adjustment for you adjusting to Japanese culture and school and everything else. So what was it like in terms of adjusting to, really, another new culture for you?": "Yeah, back, English was the biggest obstacle. But fortunately, three high schools here in Los Angeles, part of the Los Angeles school district, Roosevelt High and Los Angeles High, and Belmont High, they had, like, classes for foreign students. So we were, all the Japanese-speaking students were grouped into that program, and they had a special program to concentrate on English. And at the same time, we took regular college preparation type courses like history and math and English and all that. So at Roosevelt High, I think we had sixty to seventy bilingual Japanese students there. And so in that process, I think we were allowed, we were slowly acclimated into American lifestyle. And many people felt so comfortable, I think they didn't, they're not too motivated to study hard in other area and then move on. But some of us that we still are very close, we get together a couple times a year and play golf together, these are the group that went on to UCLA and state college and USC, and went through the education process. And so many, many of those are still maintaining pure bilingual lifestyle.",
                "And you're doing the same?": "Right. So we, we mix English and Japanese, mumbo-jumbo type. [Laughs]",
                "What did your father resettle into as far as for work experience?": "We, he started gardening work. Initially, he did just helping grocery stores and helping somebody else's gardening work. And after a while, he started his own gardening work. And that became his lifetime work, yes. So myself, I thought I'll be a gardener. But my cousin, one year younger, she was very bright, Roosevelt's school vice president, and she got a full scholarship from UCLA. So she convinced, says, \"George, you have to get a college education in the United States. We are minorities, and unless you have a good college education, you're nobody. You don't want to do gardening for the rest of your life.\" So I said, \"Okay, I'll try, I'll give it a try.\" And so I, you know, I feel really appreciative of her advice to get a college education. I was not that motivated back then."
            }
        },
        "segment 10": {
            "Segment Desc": "Involvement in community organizations, meeting future wife",
            "Segment Q&A": {
                "This is a continuing interview with George Kikuta. And George, we were talking about your return to the United States and resettling in the Boyle Heights area. Were there other community organizations base around church or whatever that your family established connections with in the Boyle Heights or Little Tokyo area?": "Uh-huh.",
                "You did?": "And so it worked out pretty good.",
                "And what was, first of all, what was her name?": "My wife's name? Keiko.",
                "My wife's name? Keiko.": "Keiko? And what was her, can you give us a little brief sketch of her background in Japan and what brought her to the United States?",
                "Keiko? And what was her, can you give us a little brief sketch of her background in Japan and what brought her to the United States?": "You know, she had a very interesting background. The Union church's founding member was her grandfather. But she was born and raised in Japan, because her mother came here with the father when she was young, like ten years old. So she was raised here. And meantime, my wife's father was an exchange student at USC. And on the side, he was doing a newspaper reporter job. And he was interviewing my wife's mother because she was a famous singer in the community.",
                "Little Tokyo?": "Interviewing in Little Tokyo area. So that's how they got how we got to know. And before, I guess, when he graduated, he went back to Japan and started business. That's where my wife was born. So she was born in Japan and educated there. Came here in the early '60s to attend her, one of her sisters' weddings, and she was attending the church that was founded by her grandfather. She's a third generation Christian in Japan, which is very --",
                "-- rare. And most other Japanese are \"supposed\" to be Buddhist, right? [Laughs] Okay. So I was attending church, and we got to know. Her mother got real concerned because I was not extraordinarily good student, I was spending time doing dishwashing and playing around. So she said, \"Okay, we'll take Keiko back to Japan and keep you separated.\" So they went back, after the wedding they went back, and we communicated through letters. Back then, the telephone between U.S. and Japan was so expensive, we have to decide what time, which date, what time we would call and communicate. And we'd talk about five minutes, and pay a lot of money for that.": "That was your way of keeping in touch, though.",
                "So how did you, how did you coax her back here?": "After, after a while, her mother wanted to live close to two other sisters here, in the United States. So reluctantly, she sold the property and moved here, so we got together.",
                "And so you, where were you going to college?": "Where?",
                "Where?": "Yeah, where did you go to college?",
                "Yeah, where did you go to college?": "I graduated from California State University here in Los Angeles.",
                "I'm very intrigued about your story about Little Tokyo kind of being a bridge between Japanese and American culture for you, a place that was kind of, still be sort of entrenched in what you had left in Japan, but also an emerging Americanness in you. And so it kind of satisfied both, both those worlds that you had experienced, or were experiencing. It would be a comfortable, very safe place to be?": "It was very safe back then, and they, like, they had, they still have Nisei Week festivity coming up soon, in August. Back then, many people from Fresno, all the farmers up in the central valley area, they came, took entire family here, stayed at the hotel, and attended the one week event. So it's a big, big thing, and I think many neighboring Japanese Americans, on the weekend they came to Little Tokyo and did all the Japanese food shopping. So it was a very vibrant community. Now, unfortunately, it's kind of dying.",
                "There's a branch there?": "Yes, it's the headquarters. And we initially started as a Japanese American bank, now it's a pan-Asian bank. Most of the staff are all mixed, and we have CEO is American, Caucasian, we have Korean group, Chinese group, and a Japanese group, obviously. That city, that section is becoming a multiracial Asian community."
            }
        },
        "segment 11": {
            "Segment Desc": "Becoming one of only a few bilingual Japanese American CPAs",
            "Segment Q&A": {
                "So you made a switch in your academic career. You said you got into accounting or business?": "Yes. I switched my major from engineering to business administration with a concentration in accounting. So after graduation, I was not so aspiring, so I went to look for any kind of job, and I wound up in the City of Los Angeles, government job.",
                "A government job?": "Yeah.",
                "So you were one of the first, first Asians to enter that field?": "Yeah, there were quite a few Niseis and Sanseis, CPAs around. But I think when I was, when I passed the exam and became a CPA, I think only a handful of bilingual Japanese CPAs around. So I, I was fortunate to be a bilingual. I guess I'm, among my siblings, I think I was fortunate ones for being raised in Japan and came back here, and maintained bilingual skill. But my other brothers were not that fortunate. They had to go through a lot of tough times.",
                "Right, so that bilingual ability became an asset in your situation. Before that time, was your ethnicity an obstacle? You mentioned accounting, but were there other situations where you weren't accepted or you were excluded because of your ethnicity? One, being Japanese American, but also, two, being Kibei.": "Right.",
                "And then, yeah, depending on the language issue, too. I assume that there also were, like you mentioned, exclusionary kind of laws that developed in these organizations in corporations, but also the fact that there might have been quotas as well, too? You know, \"We'll hire one or two Nikkeis or two Jews,\" or that kind of thing. I mean, those quotas were...": "You know, I think those quotas came way after my, my early days. I think they never had quotas before. Because those quotas are after Martin Luther King and Kennedy time, way after."
            }
        },
        "segment 12": {
            "Segment Desc": "",
            "Segment Q&A": {
                "Can you, can you share with us some information about that project?": "Okay. There's a local Japanese TV station... the name escapes me, but they have a local Japanese TV station that's targeting Japanese-speaking communities. And two young leaders, before they started this, I think they were students at the film school and they developed a project to cover Japanese American community here, and the hardship that they went through. And the more digging they did, they find out about the Manzanar and other camps' experiences. And so they made the short film of their interviews. I'm part of one organization called Japanese American Friendship organization, picked them as a recipient of our annual award for their effort to study this and communicate it to local Japanese Americans and also to Japanese in Japan. So we thought it's a very good cause. Even though I think here in the United States, we have, what, I don't know, maybe you know more than I do, close to 200,000 Japanese Americans. In Japan, other than selected number of people, Japanese people don't realize there are so many Japanese Americans living here in the United States, and the camp experiences. So they, it's, recently some proactive people started creating videos and some articles trying to advocate these community activities that we had. They know the huge Japanese American population in Brazil, but they don't, they don't realize that we have here a huge number of Japanese Americans. Vice-versa, many Nisei, Sansei, Yonsei, maybe Niseis are more interested, but Sansei, Yonseis, they really don't think they're Japanese. They're American with a Japanese background. So I think it's a mutual disregard or just no interest. So it's good that even the U.S., not Japanese government, Ministry of Foreign Affairs, are very, making effort to have mutual projects to have exchange programs. I think consul general's office here regularly sends, what, around ten people on an annual basis, the young Nikkei leaders, to Japan and meet with Japanese leaders and politicians. So I think it's good that they're doing it.",
                "You mentioned to me that you eventually established an accounting firm in Korea?": "Korea? No. No, no, I... my accounting career is experience here, and I started my own practice here. Currently it's in Koreatown, but --",
                "Korea? No. No, no, I... my accounting career is experience here, and I started my own practice here. Currently it's in Koreatown, but --": "Oh, Koreatown, I'm sorry."
            }
        },
        "segment 13": {
            "Segment Desc": "Visiting the former Manzanar camp site with children",
            "Segment Q&A": {
                "I'd like to kind of go back to the topic of Manzanar just for a few questions. One, have you returned to Manzanar and visited?": "Yes, many times, many times.",
                "That's our plan. Other than the obstacle of language when you came back to this country, what other, what other obstacles did you kind of have to overcome sort of trying to feel that part of you that was American?": "You know, I always try to turn and look the other side. When I was in this accounting profession, some younger staff felt frustrated, discriminated, or not given the opportunity. I said, \"That's the other way around. This big firm, you've got dark hair, short, and yellow face, they'll recognize you right away. If you're a six-foot blonde and good-looking, tall, good-looking, nobody will notice you.\" [Laughs] So I said, \"If you're good, they'll notice you right away, because you're different.\" So I said, you know, I always think that way. And I felt I was given a fair chance. It's up to me to prove that I could deliver. And I think I did deliver, so I was treated good. So many people, I think, they're a lot of crybabies, in my view. Maybe it's not fair to say that to some handicapped people, but if you're not handicapped and able-bodied, it's up to you to prove, right? No free lunch, right? [Laughs]",
                "You know, I always try to turn and look the other side. When I was in this accounting profession, some younger staff felt frustrated, discriminated, or not given the opportunity. I said, \"That's the other way around. This big firm, you've got dark hair, short, and yellow face, they'll recognize you right away. If you're a six-foot blonde and good-looking, tall, good-looking, nobody will notice you.\" [Laughs] So I said, \"If you're good, they'll notice you right away, because you're different.\" So I said, you know, I always think that way. And I felt I was given a fair chance. It's up to me to prove that I could deliver. And I think I did deliver, so I was treated good. So many people, I think, they're a lot of crybabies, in my view. Maybe it's not fair to say that to some handicapped people, but if you're not handicapped and able-bodied, it's up to you to prove, right? No free lunch, right? [Laughs]": "Yeah."
            }
        },
        "segment 14": {
            "Segment Desc": "Feeling more comfortable interacting in Japanese",
            "Segment Q&A": {
                "Another question about your time in Japan, did you run across other people other than your own family who were in a similar situation, and returned with parents from the United States? And did you form any bonds with, with those people as you went through life there?": "I think when, when I went to Roosevelt, we had quite a few that had come back and a similar background. So I do have some friends that had similar background. And most of my cousins are that way, 'cause we lived together in Japan. But they came back early enough, they become native American. They speak native language, I mean, fluent English and all that. So a little bit different. But most, most of the people, main thing's lifestyle like I do. They speak Japanese at home, and their kids are more, all English-speaking, and their friends are Japanese-speaking. And I guess when we go to work, it's all English, and they have American friends, too, in their work environment. So it's..."
            }
        },
        "segment 15": {
            "Segment Desc": "Raising four children",
            "Segment Q&A": {
                "So do your, have you sent your kids to Japanese school?": "We did. There's the Sawtelle school.",
                "Oh, to Sawtelle?": "Yeah, Sawtelle school there. All of my four kids. They went through high school level, and it's a fight every Saturday morning, it's a big fight. You have to go to Japanese school and study Japanese, they said, \"Oh, no, we want to play baseball, we want to play basketball, do this, do that.\" But when they started attending college, they started taking Japanese classes. And, \"What for?' Says, \"Oh, some of my American friends, they speak fluent Japanese, and we're embarrassed.\" [Laughs] So, \"Now, you're telling us you want to take Japanese class because you're just embarrassed?\"",
                "Yeah, Sawtelle school there. All of my four kids. They went through high school level, and it's a fight every Saturday morning, it's a big fight. You have to go to Japanese school and study Japanese, they said, \"Oh, no, we want to play baseball, we want to play basketball, do this, do that.\" But when they started attending college, they started taking Japanese classes. And, \"What for?' Says, \"Oh, some of my American friends, they speak fluent Japanese, and we're embarrassed.\" [Laughs] So, \"Now, you're telling us you want to take Japanese class because you're just embarrassed?\"": "And so that's so funny, George, because we heard the same, same lament from Niseis who were forced to go to Japanese school when you were growing up in the '20s and '30s, you know, \"Oh, yeah, I want to play baseball,\" or, \"I want to play with my friends, and they forced me to go to Japanese school.\"",
                "And the kids' says, \"Why didn't you try to push us a little more?\" \"What are you talking about? Every Saturday morning was war,\" you know. [Laughs] And I think, I think most other language where they use alphabet is much easier. But Japanese, you have to learn kanji.": "Kanji."
            }
        },
        "segment 16": {
            "Segment Desc": "Reflections",
            "Segment Q&A": {
                "Do you have any other stories or recollections you'd like to share with us about Japan or United States before we complete our interview?": "Anything, any particular field?",
                "Anything, any particular field?": "I probably maybe just say, when I mention the word Manzanar, what does it mean to you now?",
                "I probably maybe just say, when I mention the word Manzanar, what does it mean to you now?": "You know, it's, Manzanar is always my personal experience, in my view. But I talk about, a little bit about... I think Niseis went through real emotional experiences compared to my experience. Because I was so small, so I don't have this emotional thing. And I hear many Niseis, they're in high school, and they're pulled from high school. And some of the young adults, they went to, volunteered for war in Europe. So I think they, they have more emotional... when you hear about Manzanar or any camp names, you know. To me, it's more of a nostalgic, good memory, rather than a bad memory.",
                "What was your experience with that, your feelings about that?": "You know, I was, I was very young, and got the money, $20,000. So what I did is I gave half to my parents, because they were, they didn't have that much savings. So I, to me, it's rewarding that Reagan, was it? The letter to us, right? So that's, that's good. I didn't feel anything, but I felt good about, especially my mother and my father, they went through so much. But money, $20,000 for them was like a little pittance. Because when my dad felt the, he feels if he was, just keep doing, he was a hardworking man, so I'm sure he was successful produce person. And financially, I'm sure, it was rewarding. But when he died, he was retired from gardening, and the money was good, $20,000, even $20,000 was okay.",
                "You know, I was, I was very young, and got the money, $20,000. So what I did is I gave half to my parents, because they were, they didn't have that much savings. So I, to me, it's rewarding that Reagan, was it? The letter to us, right? So that's, that's good. I didn't feel anything, but I felt good about, especially my mother and my father, they went through so much. But money, $20,000 for them was like a little pittance. Because when my dad felt the, he feels if he was, just keep doing, he was a hardworking man, so I'm sure he was successful produce person. And financially, I'm sure, it was rewarding. But when he died, he was retired from gardening, and the money was good, $20,000, even $20,000 was okay.": "Kind of a follow-up to that... oh, did your, either your mother or your father become naturalized citizens when Isseis had the chance to do that?",
                "Kind of a follow-up to that... oh, did your, either your mother or your father become naturalized citizens when Isseis had the chance to do that?": "His father was.",
                "Do you have any other questions, Kirk?": "No."
            }
        }
    }
}