{
    "Narrator_Name": "Geri Handa",
    "Bio": "Geri Handa was born in San Jose, California, in 1948, and studied in the early 1970s at the School of Social Welfare at the University of California, Los Angeles, with a focus on community organizing and social services for seniors. She joined Asians for Community Actions in San Jose and worked at Keiro Nursing Home in Los Angeles while she was still attending the school. In the early 1980s, Handa became involved with Friends of Hibakusha, a group created in support of US survivors of the atomic bombings. Since then, she has been one of the most active members of the organization. A Sansei, Handa has worked with Sansei lawyers and attorneys who took interest in US hibakusha from civil rights viewpoints, including Donald K. Tamaki whose oral history is part of this collection. She has worked with representatives of the Asian Law Alliances, the Asian Law Caucus, and the Japanese American Citizens League, in order to secure US government's recognition of US survivors. Although their effort ultimately failed, Handa says that it is \"remarkable\" that US survivors gained recognition and support for treating their radiation illnesses from the Japanese government. She has been a key organizer of the medical checkups conducted by Japanese physicians in San Francisco every other year since 1977. Throughout the interview, Handa emphasizes the importance of community engagement, multiculturalism, and lasting connections made through her work for US hibakusha.",
    "Title": "",
    "Interviewer": "",
    "Location": "",
    "Date": "",
    "Densho ID": "",
    "transcript": {
        "segment 1": {
            "Segment Desc": "Description of the Friends of Hibakusha",
            "Segment Q&A": {}
        },
        "segment 2": {
            "Segment Desc": "Working with people from different backgrounds",
            "Segment Q&A": {}
        },
        "segment 3": {
            "Segment Desc": "Family background: born in San Jose",
            "Segment Q&A": {}
        },
        "segment 4": {
            "Segment Desc": "Establishment of social service organizations providing meals for seniors",
            "Segment Q&A": {}
        },
        "segment 5": {
            "Segment Desc": "Getting involved with ethnic community groups",
            "Segment Q&A": {}
        },
        "segment 6": {
            "Segment Desc": "Development of the Asian Law Alliance",
            "Segment Q&A": {}
        },
        "segment 7": {
            "Segment Desc": "The importance of working with ethnically diverse groups",
            "Segment Q&A": {}
        },
        "segment 8": {
            "Segment Desc": "Similarities between different ethnic groups despite language barriers",
            "Segment Q&A": {}
        },
        "segment 9": {
            "Segment Desc": "Personal reasons for getting involved with community groups",
            "Segment Q&A": {}
        },
        "segment 10": {
            "Segment Desc": "An influential trip to India",
            "Segment Q&A": {}
        },
        "segment 11": {
            "Segment Desc": "The role of women in community social service organizations",
            "Segment Q&A": {}
        },
        "segment 12": {
            "Segment Desc": "The Japanese government's support of atomic bomb survivors",
            "Segment Q&A": {}
        },
        "segment 13": {
            "Segment Desc": "Recognizing hibakusha in many countries",
            "Segment Q&A": {}
        },
        "segment 14": {
            "Segment Desc": "The changing climate around atomic weapons",
            "Segment Q&A": {}
        },
        "segment 15": {
            "Segment Desc": "Meeting Korean American hibakusha",
            "Segment Q&A": {}
        },
        "segment 16": {
            "Segment Desc": "Challenges for hibakusha in obtaining certificates of survivorship",
            "Segment Q&A": {}
        },
        "segment 17": {
            "Segment Desc": "Changing leadership at the Committee of Atomic Bomb Survivors in the U.S.",
            "Segment Q&A": {}
        }
    }
}