{
    "Narrator_Name": "Giro Nakagawa",
    "Bio": "Nisei male. Born March 13, 1921, in Seattle, Washington. Grew up in Kent, Washington, where parents ran a farm. In the 1930s, moved to South Bend, Washington, to work for the New Washington Oyster Company. During World War II, removed to the Pinedale Assembly Center, California, and soon left to work on farms in Utah for the Amalgamated Sugar Company. Drafted into the military and served with the Counterintelligence Corps in Japan during the U.S. occupation. After returning home, reestablished the oyster farm in South Bend.",
    "Title": "Giro Nakagawa Interview",
    "Interviewer": "Tom Ikeda",
    "Location": "South Bend, Washington",
    "Date": "April 30, 2014",
    "Densho ID": "denshovh-ngiro-01",
    "transcript": {
        "segment 1": {
            "Segment Desc": "Origins of name",
            "Segment Q&A": {
                "Today is Wednesday, April 30, 2014, we're in South Bend, Washington, and this afternoon we are interviewing Giro Nakagawa. So, Giro, just the first question, can you tell me when and where you were born?": "March 13, 1921.",
                "And where were you born?": "Seattle, Washington, March 15th.",
                "March 15th. And where in Seattle were you living?": "I don't think I lived there very long. No, I know what. I must have been about five years old when we went to Japan. Mothers used to go back and forth to Japan all the time, just about every family. And they were always pregnant, it seemed like, because one of my brothers, younger brother is the same age as Miyo, was born in Japan. So I must have been... no, we're four years' difference, she's 1925. So I was four years old when I was in Japan.",
                "And then, so after you returned from Japan, then you moved to Kent?": "Yeah.",
                "Before we go there, what was the name given to you at birth?": "Giro Nakagawa.",
                "So why is it spelled with a G?": "We're guessing that it was probably the midwife that misspelled it, because we didn't go to doctors, I don't think. Midwife used it.",
                "So do you think you had a Caucasian midwife or a Japanese midwife?": "Probably Japanese.",
                "So why would they misspell it? I would think they would know.": "Giro, see, George Washington, what's the difference, see? I think that's why it's spelled with a G, I'm not sure.",
                "Giro, see, George Washington, what's the difference, see? I think that's why it's spelled with a G, I'm not sure.": "Okay. Well, that's unique.",
                "Yeah, that's good. And so you were just talking about your younger sister, I think. Can you tell me all your brothers and sisters?": "Oh, yes. I had two older sisters.",
                "And what were their names?": "Toshiko is the oldest, and then Masako was the second one. And Masako was born in Japan. And I have eight brothers.",
                "Eight brothers?": "There was eight boys.",
                "So tell me, can you give me all the names?": "Fred's the oldest, I'm the number two, and my brother who just recently died was Saburo, Sam Nakagawa, it was changed to Sam. Then below him was Kazuo, see, Kazuo is number two, right? And he was born in Japan. Then below Kaz there was Harry, Setsuko, Betty Nakagawa, and Henry. Did I get Harry in there?",
                "Fred's the oldest, I'm the number two, and my brother who just recently died was Saburo, Sam Nakagawa, it was changed to Sam. Then below him was Kazuo, see, Kazuo is number two, right? And he was born in Japan. Then below Kaz there was Harry, Setsuko, Betty Nakagawa, and Henry. Did I get Harry in there?": "Yeah, Harry, Kaz, Betty, then Henry.",
                "So there were twelve kids?": "Twelve kids. Mom and Dad did not lose a single kid. We all grew up to, the youngest one, my youngest sister got killed in an automobile accident when she was nineteen in Seattle.",
                "Well, of those twelve kids, how many are living now?": "Me, Kaz, George, and Ben, four.",
                "Oh?": "Twelve, I mean, have you found very many other people that had so many children?",
                "Twelve, I mean, have you found very many other people that had so many children?": "There used to be a Miyagishima family in Auburn, Thomas, that had more, I think. But the good thing is that they didn't lose a single kid, we all grew up."
            }
        },
        "segment 2": {
            "Segment Desc": "Family background",
            "Segment Q&A": {
                "So let's go and talk a little bit about your father. What was your father's name and where was he from?": "Hiroshima-ken, Ibara-mura. Hiroshima first. His name was Genichi Nakagawa, he was the first son. How he escaped to America is beyond us.",
                "Did he have other brothers and sisters?": "He had one younger brother. He also went to Panama.",
                "Your father or your uncle?": "My uncle.",
                "So he went to Panama to live?": "Yeah, they had a barbershop business.",
                "I don't think I know of any Japanese that went to Panama, that's interesting. Do you know why he went to Panama?": "I have no idea. [Laughs] But he spoke English, I remember.",
                "Oh, interesting. Do you know what kind of work your father's family did in Japan?": "They had a farm. I think they made sake. [Laughs] I think he was a bootlegger. I don't know whether it was legal or not; it probably was. They always drank in Japan.",
                "So why do you think your father came to America?": "I think he was more of an adventurer type that wanted to see something different. He said he first went to Hawaii, and he said, oh, he's not going to live there, because Japanese are living like pigs there. He didn't like the conditions, so he hopped the next boat and came into Seattle, I guess on the ship, I don't know. Whatever, he ended up in Seattle.",
                "And then do you know what he did, what kind of work he did?": "He worked in railroads, logging camps, mainly in logging camps.",
                "Do you know which logging camp he might have been at?": "I know he worked in several places around Port Townsend and those places.",
                "And then how did he, when he came back to Seattle, what did he do then?": "Evidently he was doing pretty good, doing something there. Probably making sake or something. Because we were looking at some of the old pictures of, especially my older brother and myself, and they'd taken the family portraits and stuff, and they're all dressed up in sailor suits. So he was doing all right.",
                "And how would you describe your father? What kind of person was he?": "He was a, sort of an adventurous type that liked to fish and hunt and do that kind of stuff, outdoorsman. He was a good worker.",
                "So how did he meet your mother?": "They knew each other in Japan, and they probably wrote back and forth. The families knew each other.",
                "So did he go back to Japan to get married, or did they get married by proxy and then she came over?": "I don't know that. I never did ask.",
                "And what was your mother's name?": "Itsuyo. Itsuyo Yamasaki.",
                "Do you know anything about her family, like did she have brothers and sisters?": "She had several brothers and sisters.",
                "Did any of them come to America, or was she the only one?": "No, we're the only... we had no relatives in the U.S.A.",
                "And how would you describe your mother? What was she like?": "I give a lot of credit to my mother for raising us kids in her condition. Until I was about eighth grade, sophomore in high school, we did not have running water, no refrigeration, no... and she kept us clean, she used to buy bolts of cloth and make our shirts and stuff in the winter. We used to hate it because we all looked alike. [Laughs] No difference. But she was very efficient in household chores. Whatever she did, she did it fast and efficiently."
            }
        },
        "segment 3": {
            "Segment Desc": "Helping out on family's farm",
            "Segment Q&A": {
                "So tell me about the house or the farm that you lived in in Kent. What was that like?": "The first house we lived in in the Soos Creek area east of Kent, was really a chicken house, converted chicken house. So everybody, they used to hear us talking about growing up in the chicken house. [Laughs] And it was a converted chicken house, there used to be all chicken farms up there when we were up there. Cleaned it out.",
                "And what kind of farming was he doing?": "Truck farming. Raising peas, beans, cauliflower, lettuce and tomatoes. Strictly truck farming. We cleared the land, too. In those days, you can clear land along the creek and make it into a farm. You can't do that anymore, because the salmon used to be running there.",
                "And how much, how large was the farm? How many acres?": "I think it was about twenty acres maybe at the most.",
                "But you said he couldn't make a go of it or it was hard. But he stayed there, right, or did he move to another job?": "No, he farmed there. In the wintertime we used to cut wood and sell it. Behind us was all woods, and I don't know who the land belonged to or any of that, who owned it. But we used to cut wood all winter long and sell it.",
                "So was that one of your jobs then, was to cut wood and sell it?": "Uh-huh, yeah.",
                "What are some other jobs that you had to do growing up? Because you were, like, the second oldest boy, right?": "Yes. [Laughs] Other than farming, help on the farm, I used to trap muskrats and skin it and sell it. And we didn't, the game warden come up to us, see who was doing this, and he saw we were a couple of little kids, so he says, \"You don't have a license to sell it.\" He says, \"Let somebody that has a license sell it for you.\" He could have given us heck, but he didn't.",
                "Now, could you make quite a bit of money selling muskrat?": "No, no. I caught one muskrat, that paid me two dollars, and I thought, \"Oh, man, I'm rich.\" [Laughs]",
                "Now what would people do with muskrat fur back then?": "Muskrat fur coat was a big thing in those days. [Laughs] If you owned a fur coat made out of muskrat, you were wealthy."
            }
        },
        "segment 4": {
            "Segment Desc": "Prewar recreational activities",
            "Segment Q&A": {
                "Now in the Kent area, there were quite a few other Japanese families. Did they have things like a Japanese school that you attended or things like that?": "Down in the valley they did, but I lived up on the hill and we had no way of getting to Japanese school. So luckily for me, I didn't have to go to Japanese school.",
                "So instead you just had to come back from school and probably do chores and things?": "Yeah.",
                "How about just Japanese community events? Did you ever go to, like, picnics or other things?": "We went to most of them. I can remember just about every family, the fathers were, by the middle of the picnic, why, they'd be drunk and fighting. [Laughs] Every family was taking the dad home.",
                "Would they actually be fighting or would they just be arguing?": "Actually fighting.",
                "Really?": "I used to see, I can still remember that guy carrying a rock in his hand, you know, looking for so-and-so.",
                "Now, what would the Issei men be fighting about?": "Oh, when they get drunk they fight about everything.",
                "Now if I went back in time to Kent and asked people about the Nakagawa family, how would they describe your family?": "Probably hardworking family with a lot of boys.",
                "Now what did you do for fun? Did you do things with your brothers or do different things or friends?": "No, I spent a lot of my time hunting and fishing. There was pheasants and quails and stuff. Like muskrats, they were eating the vegetables, so I had an excuse to trap 'em.",
                "And who would you do this with? Would you do it by yourself?": "I did it by myself. I made the stretchers and skinned it and trapped 'em, complete works by myself.",
                "So would you have like a rifle or something? What would you...": "Trap.",
                "Okay. So when you started school, at that time, were you speaking English or Japanese?": "When I went to first grade, I didn't speak a word of English. I can still remember, about the second day, there was a little blond-headed kid sitting behind me, and he kept kicking me, those folding chairs, he'd stick his feet in there and kick me. I'd try to tell him to cut it out, and he wouldn't stop. So finally I got up and slugged him a couple times and went to where my coat was hanging, and picked up my coat and walked out the door and went home. And the teacher didn't say a word, just let me walk out. [Laughs] I couldn't speak a word of English when I started.",
                "And so when you did that, was it because, yeah, you're kind of angry at him, but did you have quite a temper when you were a kid?": "No, I didn't have a temper, but you get tired of trying to tell a guy not to do something.",
                "And the teacher didn't say anything?": "She didn't say a thing. She just watched me pick up my coat and walk home.",
                "[Laughs] That's a good story. So how difficult was school not knowing English? I mean, how did you get along?": "Oh, within about three months you're just like anybody else. Kept right up. We're all learning the same thing.",
                "And how about things like church? Did you guys go to church, your family?": "No. It's funny, because down in the valley where there was a lot of Japanese, a lot of the kids were held back a year.",
                "Because of the language?": "Yeah. Because of the language deficiency in the first grade, they held 'em back. Several of my Japanese classmates were a year older than me. They were all held back in the first grade.",
                "Oh, so they went to a different school then?": "Yeah. I went to a little school up there.",
                "I think there was only three Japanese families up there. You know the Yamamoto girls? One's married to Furuta, Nishimuras, they're older than you.": "So they were up on the hill also?",
                "So they were up on the hill also?": "But they moved to Bellevue before they got out of grade school.",
                "Now, so was there a difference? If you lived in the valley, were they better off than the kids who lived up on the hill, or was it about the same?": "I think we were all scratching a living."
            }
        },
        "segment 5": {
            "Segment Desc": "Playing football in high school",
            "Segment Q&A": {
                "So let's talk about high school. So when you went to high school, where did you go?": "Kent High School.",
                "So at Kent High School, like in a typical class, how many Japanese would be in that class?": "My class, the perfect example, was it was a quarter Japanese.",
                "So did you play football?": "Yes.",
                "So what position would you play?": "I played running guard. I was the smallest, I bet you I'm the smallest guy that ever lettered there.",
                "So you're like a pulling guard, like on sweeps and stuff, you'd pull out and be a blocking guard?": "By the time there was three of us playing guard, the two ahead of me, they were bigger than me, myself. And when we were seniors, the coach had designed a play, all the plays to utilize us. And we pulled out and ran just about every play, even the pass plays, pull out and block.",
                "That was your senior year?": "Senior year, and we were number two in the state. Right next to... Garfield was rated one ahead of us, number one, and we were number two.",
                "So did you ever play the Seattle schools for football?": "We used to always play against Seattle Prep, but never, the Seattle schools never played any outsiders. I often wonder who we'd have done if we'd played Garfield.",
                "Because you said you're probably the shortest one to letter, how tall are you?": "Smallest.",
                "Or smallest. How tall are you?": "I'm about 5'2\". I can remember one incident, this was before a game, the coach had made his final speech and we had about a minute to go, and the room was just dead silent. And the coach looked at me and he says, \"Nakagawa, what do you weigh?\" I wouldn't tell him, so two guys sitting right next to me picked me up and put me on the scale and I didn't move. Hundred and twenty.",
                "I'm about 5'2\". I can remember one incident, this was before a game, the coach had made his final speech and we had about a minute to go, and the room was just dead silent. And the coach looked at me and he says, \"Nakagawa, what do you weigh?\" I wouldn't tell him, so two guys sitting right next to me picked me up and put me on the scale and I didn't move. Hundred and twenty.": "[Laughs] So you were 5'2\", 120, playing football against...",
                "That's a good story. So that was your senior year in high school. So what year did you graduate?": "1939. This was 1938 when we were number two in the state. We were undefeated, we were unscored on until about the sixth or seventh game of the season. We were playing Highline one year, that year, and we were wondering what they were yelling about. It didn't dawn on any of us that that's the first team that scored a point on us.",
                "Now, did you play any defense, or just offense?": "In those days, you played both ways.",
                "And so on defense, what did you play?": "I played guard.",
                "Even at your size, you played defensive guard? That's unusual.": "You had to play both ways in those days. You couldn't go in and out, you couldn't substitute."
            }
        },
        "segment 6": {
            "Segment Desc": "Working on an oyster farm after graduating from high school",
            "Segment Q&A": {
                "So when you graduate in 1939, what did you do?": "Within a month I was over here working.",
                "So how did you make that connection from Kent to South Bend? Because that's, what, like a two-hour drive.": "Some friends that... I was trying to get up to Alaska to work in the salmon cannery. But this foreman that we knew couldn't get us, couldn't get me a job, because that's the period when the Filipinos were taking over a lot of the jobs. So he says, \"There might be a job up in, somebody over in South Bend's looking for workers to work on the, farm kids to work on the oysters.\" So this Kuni Sasaki that was in the [inaudible] and I, he had a car, so we drove down here to see what this was all about. The people here wanted farm workers, farmers to come out there instead of the city kids from Seattle, so they hired us, and that's when we came down.",
                "Now, when you think about it, so why didn't you go to farming in Kent? I mean, you knew how to farm there, why did you decide to, either want to go to Alaska or South Bend?": "We were starving to death. [Laughs] I was getting tired of work on the farm, and not having any money at all. I used to hate, I never walked home with the rest of the kids from high school, 'cause they stopped and had milkshakes and ice cream cones or something, I never had that money.",
                "And so did your parents encourage you to go out and either go to Alaska or South Bend?": "No, no, I was determined I wasn't going to spend any more time working on the farm.",
                "Now how about your older brother? Did he also leave or did he stay?": "No, he stayed home.",
                "So in some ways that helped you. Because if your older brother stays, then it's probably easier for you to leave?": "Well, he got to drive the truck. [Laughs] He didn't have to stay on the farm to work.",
                "So what did you think? They said, \"Okay, so come down to South Bend and become an oyster farmer.\" So what were your first impressions about oyster farming when you came down here?": "All I know is they were paying seventy cents an hour, which is way more than we'd make in a month on the farm.",
                "And how would you compare the work of, sort of, truck farming to oyster farming?": "It's both hard work, but one of 'em, you're getting paid. [Laughs] I wasn't going to spend any more time working on the farm for nothing. I told my mom that I'm going to go out and work and I'm going to help support the family, but I don't want to spend another year on the farm.",
                "And so with your wages, how much of that would you send back to the families?": "Just about all of it in those days.",
                "So in those days, did they provide room and board for the workers?": "Yes. We paid for the food, you know, split the food. But the board and everything else was paid for. In fact, if you had a car, they would even supply the gas. You can write it off.",
                "So explain to me, so you came down to South Bend to do oyster farming. So who did you work for?": "New Washington Oyster Company.",
                "And who owned the New Washington Oyster Company?": "It was a group of first generation, plus Bob Nakao. They brought Bob Nakao back from California because he had turned twenty-one. And when they formed this company, they needed a citizen, so they brought him back, and that's how he became shareholder of New Washington. His older brother was instrumental in bringing them back here.",
                "Now, so explain to me how many other oyster companies were down here? So this one was Japanese Issei and a Nisei, was that common down here? Were there other kind of oyster --": "There was one other company in Nahcotta, Long Beach, and there was a Kaoshima family, and they sent, they owned... she was a widow. Her father, her husband died somewhere during the Wallville, that's the one camp between, east of Raymond. And they came down here, and the Kaoshima family was very aggressive in buying land. And they owned oyster lands here, too. I don't know how they were able to own it. There was two Japanese families in Bay Center, just a little village about ten miles from here.",
                "So about what percentage did the Japanese control down here, the oyster farming?": "Oh, maybe ten, fifteen percent. There was three families that owned oyster ground.",
                "Now were the Japanese doing anything different than the other oyster farmers, or were they all about the same?": "They were all struggling oyster family, small operation, have a boat and a half a dozen guys working for you.",
                "And how did the Japanese get into oyster... like at the New Washington Oyster Company, were those Isseis, did they do oyster farming back in Japan and brought it over?": "No.",
                "How did they first get started?": "No, I don't know how they got started raising. They must have... Jackson Fish, probably. That's where the Yanagimachi family had some connection, Jackson Fish was a fish company. Like do you remember Main Fish?",
                "No, I don't know how they got started raising. They must have... Jackson Fish, probably. That's where the Yanagimachi family had some connection, Jackson Fish was a fish company. Like do you remember Main Fish?": "Yeah, uh-huh."
            }
        },
        "segment 7": {
            "Segment Desc": "Introduction of oyster seed from Japan",
            "Segment Q&A": {
                "Now, when did the Japanese, or when did the oyster seeds from Japan, when did those start coming into Willapa Bay?": "Early '30s, or maybe end of 1929, '28, somewhere in there. But mainly in the '30s. When I came here in 1939, it was the early part of importing seeds from Japan.",
                "And when they first came, how well did the Japanese oysters do?": "Oh, they just grew like mad. They used to grow so fast, and then they spawned, and the spats took off and plastered the whole bay, really. It was getting away from them. It used to grow so fast that by the next season it'd be too big.",
                "And so did... once that happened, once they came, did all the oyster farms start doing the Japanese seeds, too?": "Yes. Because that was the cheapest way to control it. You can plant... they don't grow wherever they felt like it, you had it on the farm.",
                "Now with the Japanese oysters, were they farmed or harvested differently than the older ones?": "The native?",
                "The native?": "Yeah, the native.",
                "So that was 1930s, so this was eighty, ninety years later. Do they still grow the Pacifics out in Willapa Bay, or is it now different? What kind of oysters...": "You can still grow 'em, but there's very little of it.",
                "So what has taken over? What kind of oysters are out there now?": "These are Miyagi oysters from northern Japan.",
                "And so is it because of the, because the bay is sort of, what's the right word? Sort of unique in certain ways that only a certain type of oysters grow well?": "The mixture of, probably the salinity of the bay here is about like Japan's.",
                "Like the Sendai area?": "Yeah, Sendai.",
                "So it's just finding all that. So when you came down in the late, like 1939, describe what kind of work you did. What would you do?": "Well, you'd buy seeds from Japan, and every spring they'd come in, you'd plant 'em and put 'em on your acreage, then the following summer you'd go out and break the, they grow in big clusters, so you break 'em up and scatter 'em around and put 'em on a bed that fattens up. You have what you call a nursery bed, seed bed, and a harvest bed. So you'd move 'em around. And then in the summer, winter, we're picking 'em and bringing 'em into the canneries.",
                "And when you say spread them around, I mean, is this when the tide goes out, you can do that?": "Yeah. When the tide goes out, you go out there and scatter 'em around so they're not all in one great big bunch. You try to evenly space it all over so they're not crowded.",
                "And then when you harvest, describe the harvesting. What was that like?": "Just before the tide dropped down, you spot your scow in a convenient spot. And when the tide goes down, you put 'em bushel baskets and bring it to your scow and dump it. And the tide usually runs about four hours or so. Four hours' time, you're expected to fill that scow up.",
                "Now, I... so I've interviewed sort of truck farm people, or land farming. So there there's a definite season when they can harvest. Like strawberries would be, like, in June that they do that. So for oysters, when is the harvest season?": "It used to be from the months with the Rs. Have you heard of it?",
                "It used to be from the months with the Rs. Have you heard of it?": "Yeah, I know there was one letter that... so it's R.",
                "Oh, so May, June, July, August, those four months would not be as good?": "Yeah, that's right.",
                "So what happens, those are kind of the seeding times?": "Those are the times you're taking care of them and transplanting them to a good bed and that kind of work. Only thing you're not doing was we didn't open the oysters during the summer months.",
                "So right now, this is, we're interviewing April 30th, so this is the end of April, so May starts... so is this like the end of the season?": "This used to be the end of the harvesting season. But it's changed completely now. Now you have oysters that don't get spawny. Since you're doing the hatchery, you can raise oysters that don't spawn, become spawny."
            }
        },
        "segment 8": {
            "Segment Desc": "The labor intensive nature of oyster farming",
            "Segment Q&A": {
                "That's what I was going to ask you. So how has automation changed oyster farming? Because when you look at, I talk to the farmers now, they say, \"Oh, farming is so much easier now than it was back in the '30s and the '40s.\" What about oyster farming? Has it changed very much?": "Oh, sure it has. You don't have the hand labor. You don't have to go out in the middle of the night and pick oysters. But more and more...",
                "So now they have machines that scoop up the oysters?": "You go at a highwater, which is in the daytime, and even if you have to go out in the night, you have big lights that floods the whole bay ahead of you, and GPS, you can take you right to where you want to go, and fancy equipment to dredge the oyster scow made out of all aluminum, it cost eight hundred, nine hundred thousand dollars. That's the difference. And the price of oysters reflects it.",
                "Because it's a lot cheaper now... is it more expensive or less?": "More expensive.",
                "Labor's gone up, because you're still opening them by hand, remember? [Laughs]": "Well, so talk about that. So that was, you showed me the, kind of the processing area, where after you load all the oysters on the scows and then bring them in here, barge 'em in, then you'd bring 'em to the processing plant. You have these long rooms where the oysters come down, and in the old days, people had to individually shuck them, throw the shells in the bottom and they would have the oysters and they would then grade them and put them in jars. How... the same way?",
                "Well, so talk about that. So that was, you showed me the, kind of the processing area, where after you load all the oysters on the scows and then bring them in here, barge 'em in, then you'd bring 'em to the processing plant. You have these long rooms where the oysters come down, and in the old days, people had to individually shuck them, throw the shells in the bottom and they would have the oysters and they would then grade them and put them in jars. How... the same way?": "Same way, exactly the same. [Laughs]",
                "So they couldn't automate the shucking oysters?": "You can't automate that.",
                "So no one in the world has figured out how to automate shucking of oysters?": "You can freeze 'em quickly and open 'em up, but it does something to the tissues of the oyster. We tried electronics, used audio waves and all that kind of...",
                "Not even the Japanese with their robotics? They haven't figured that out yet?": "[Laughs] No."
            }
        },
        "segment 9": {
            "Segment Desc": "Description of oyster farm workers",
            "Segment Q&A": {
                "So for you, what would be... describe the operations. When you came down to the New Washington Oyster company, like how many other people were working there? Describe that.": "We used to have as many as forty employees here. About half of them would be oyster openers, about twenty, and the rest of them would be doing different other things. But we've had as many as forty employees here.",
                "And when, if you have, like, twenty oyster openers, is this... with the forty people, were they mostly men, or was it like men and women?": "Men and women both.",
                "Okay. And was it sort of, almost segregated by gender? Did the women do certain types of jobs versus the men?": "Most of the grading and packing were women, but the openers were men and women both. Some of the fastest openers were women.",
                "And then, but then out on the bay, the people who harvested, were they men and women also?": "No, no. Out in the bay was all men.",
                "And so of the forty, how many would be women, would you say?": "Opening?",
                "Opening?": "Well, no, just of the forty total, that were...",
                "And where would all these people live, these forty people?": "Most of our workers were local, between South Bend and Raymond, within the radius of about twenty miles.",
                "Now what about the ones that were here year-round? I mean, you showed me the bunkhouse, things like that. So how many people lived here?": "Well, there was Yanagimachi family, there was two at one time, Mako and Margaret, and then Harry's family that lived here. And Bob Nakao's family, and Bob's brother Sam and his wife. Charlie Murakami and his wife, and T. Nakao and his wife. So there was, half of those were Japanese families living here.",
                "So like twelve to fifteen people who kind of lived in this sort of complex?": "Yes, including the kids.",
                "So people stayed out there also at night? Or who was out there?": "Mostly bachelors. There were some, like that Japanese man that lived out there and had family in Japan, he'd stay there for a couple of years at a time.",
                "So did you ever stay out in one of those?": "Oh, yeah, I lived there.",
                "So when you say lived there, I mean, would you literally live there? I mean, would you stay there...": "I stayed there all the time.",
                "Like how often would you come to land?": "You come to land every day to unload the oysters, and you pick up your supply or whatever you needed and go back.",
                "So how many guys would be living out in the... and what would you call those places?": "They were called station houses.",
                "Okay, so how many people would live in a station house?": "Well, during the summer, we used to have a lot of kids work out there. So there'd be as many as thirteen or a dozen."
            }
        },
        "segment 10": {
            "Segment Desc": "Making good wages working on an oyster farm",
            "Segment Q&A": {
                "So was that a pretty good paying job, to be a summer kid to come out here and do oyster farming?": "You couldn't get a job in Seattle for seventy cents an hour.",
                "Well, so let me get this straight. So at the beginning, they paid by the hour, and they would get a certain number of harvesting, and they calculated that so it's about ten cents a bushel is the cost. But once they started going to piecework, people worked a lot harder, is that what happened, and so they were a lot faster?": "Well, yeah, that's part of it. You know, when you're getting paid by the... whatever, every time you pick up an oyster, it's worth so much, you work harder. Yeah, they give you an incentive.",
                "So did that change the whole way that they paid workers from then on? So they went from hourly to more piece?": "Nobody wanted to work by the hour, because we could earn way more.",
                "Well, and the oyster companies would make more money, too, right?": "The oyster companies were saving money, too, yeah. I didn't want to work by the hour. I could make way more money.",
                "And you said you... because then when you worked by the piece, you said you worked a hundred days in a row, that you wouldn't take any days off because that would be lost wages?": "That was the first stretch I worked, was a hundred days straight. We got a day off on Labor Day, and I was out there in the middle of, sometime in June. So I know I worked a hundred days.",
                "Wow. And so what would guys do with their money? I mean, if all they're doing is working, they had no time to spend it. What would people do with their money?": "Most of mine went straight home.",
                "But what about the other workers? You said they were...": "Oh, the city kids, I don't know what they did. I know they weren't helping their family as much as they should have been. But just about everything I made for the first five, six years, until the war broke out, just about all went, all the little kids at home.",
                "So did your younger brothers and sisters ever talk about that, \"Oh, Giro, thank you so much because I could stop and get a milkshake,\" or something?": "[Laughs] Yeah, they all really appreciate it. They remember it.",
                "Did that happen down here, too, the oyster farmers, that they would gamble and do things?": "The older guys upstairs, the Issei, they used to gamble among themselves."
            }
        },
        "segment 11": {
            "Segment Desc": "Being removed from the oyster farm station house after the bombing of Pearl Harbor",
            "Segment Q&A": {
                "So how did you hear about the bombing of Pearl Harbor?": "We heard it over the shortwave radio. You know, you don't know if it's true or not. But about a day or so later, the sheriff or somebody else came out there, couple people from the sheriff's office. I don't know if they were FBI or not, but they came out there and searched the station house and took the cameras we had, and radio, and they confiscated my .22 rifle.",
                "Now, what would you use a .22 rifle out on the station house for?": "[Laughs] Keep the seagulls off the roof. Because we used to use that water to wash dishes. You didn't have to shoot the whole bay, all you had to do was shoot one here and there and they get the message.",
                "So the sheriff and a couple other men came out to the station house, they confiscated your rifle, the radio, cameras, things like that?": "That's all we had.",
                "And what did they say? Did they say anything to you?": "No, they didn't say anything, they just took it. They didn't give us any reason. Then they told us, \"You guys can't stay here. We can't watch you here.\"",
                "Now, why were they concerned about a bunch of guys in the middle of a bay?": "They were concerned that we might signal, send signals out. In fact, just beyond the dock here, they had soldiers stationed there.",
                "You mean during the, right after Pearl Harbor?": "Right after Pearl Harbor.",
                "So what were they concerned about? That there was going to be some kind of landing or something?": "Yeah. Yeah, they were afraid they'd get invaded or something. Then they didn't want us signaling, so they had soldiers stationed there. They didn't know what they were doing, but they were there. [Laughs]",
                "And so what, when you heard about it when you were on the station house, shortwave radio, did you guys talk about what was going on? Was there any... what were you guys talking about? What was your reaction when you found out about Japan bombing Pearl Harbor?": "We had no idea what's going to happen.",
                "So if they didn't let you stay in the bay, were you able still to harvest enough to keep operations going?": "They had to bring in hakujin workers.",
                "And did you get any, sort of, negative reactions from the locals after December 7th?": "No, we really didn't. We had no reactions. It was only when we were, they were closing the camps and people, Japanese started coming down here and looking the place over that they got concerned and started having meetings."
            }
        },
        "segment 12": {
            "Segment Desc": "Teaching Native Americans about oyster farming in La Conner, Washington",
            "Segment Q&A": {
                "So after they sort of didn't allow you and the other men to stay in the station house, so what did you do?": "I went home to my folks' place in Kent, in Thomas. And that's when the Indians in La Conner were starting the oyster business, and they needed help. So they came and wanted us to come over there and help them open the oysters and grade, and literally helped start the oyster business there.",
                "Yeah, so how did they find you and the others? I mean, how did they know that...": "I don't know how they found out. They heard that we'd gotten chased out of here and was living around Seattle, so there was three kids from Seattle area, and a couple of us out in the country there, Kent. They come over and says, \"Oh, we'll give you a place in the reservation, we got a nice house there for you.\" One young couple cooked for us, and that's how we got started there.",
                "And the wages were okay, too?": "Yeah, they treated us real well, in fact. They hated the white guys at that time, you could see it.",
                "And so why didn't they have you do the harvesting? Was it the same reason that the police didn't want Japanese out in the water?": "Oh, I didn't want to... I really didn't want to work in a cannery standing there one place opening the oysters, I'd rather be out in the bay.",
                "But they wouldn't let you go out there? Like in La Conner, did you ever go out there?": "No, I wasn't interested in there, 'cause I'd be the only one out there.",
                "And so when the tribe people saw the workers, did they learn a lot in terms of how to grade and open oysters?": "Oh, yeah. They learned a lot. In the short time we were there... we were there about May when they started taking the... in fact, we were working right alongside the highway where the buses from Seattle would go by, five, six of them in a row, going from Seattle to Puyallup.",
                "So this was down, you're in Kent, Washington?": "Yeah. Then that spring there, after the oysters stopped in La Conner, why, we were home just waiting to go to the evacuation.",
                "But going back to La Conner, what was the relationship between the Indians and Japanese? Did you guys get along?": "Oh, yeah. They treated us real well. They used to tell us... you know, when we had that incident with the Swedes where they came in there and told all the Japanese to move out, and told the Indian kids to move out.",
                "And you're all, like at this point, you're opening oysters?": "Yeah.",
                "So who were they? Did they just come off the street?": "No, they were fishermen in that area. La Conner is a fishing town.",
                "And specifically because they wanted the Japanese to leave?": "Yeah, they didn't want us to be there.",
                "Okay. And so the Swedes told him to leave or something?": "Yeah, told him, \"Don't come back anymore.",
                "And so then what happened with that?": "Nothing. We all started laughing, you know. [Laughs] The Swedish fishermen kind of felt silly, so they walked out.",
                "And he said he can't help it if he is, but he wasn't, and so everyone laughed. And so the Swedes just walked out afterwards?": "Yeah, \"Tell all your Japs to get out of here.\"",
                "That's a good story. So it sounds like the Indians were kind of supportive of what was going on. Did you ever talk to any of them about what was happening, especially when you had to leave because the Japanese were going to be removed. Did they ever talk about what was going on?": "Well, no one was really certain of what's going to happen at that time. I used to argue with my mother, \"They can't send us to camp or lock us up. We're American citizens.\" I was a history major; I was really interested in history and I can recite all those, Constitution and all that. I can recite the Gettysburg Address when I was in the sixth grade.",
                "So you didn't think anything was going to happen then?": "No, I didn't think they could do that.",
                "Just one last thing about the oyster farming by La Conner, by the tribes. So were they successful? Are they still doing oysters up there?": "I think they're still doing it. We went up there and visited, but Jiminy Christmas, about twenty years later, we'd go up there and visit, all the older ones, Indians we knew were gone. And couple of the little kids that was big athletes. That one, James, Landry James, he became a big star at Washington State. He was still around, but by that time he was a coach in La Conner High School. But he was a little kid, but he was really good in everything.",
                "So if I were to go up to La Conner and go to the oyster farming where the tribes are doing this, would they remember or know about the Japanese?": "I bet you there isn't a one left that can remember us. They're all gone.",
                "But they never did that, do you think?": "They did build a cannery on their side. I don't know whether it was just a fish cannery or whether they..."
            }
        },
        "segment 13": {
            "Segment Desc": "Feeling angry after being removed to Pinedale assembly center",
            "Segment Q&A": {
                "So describe what happened then. I mean, what did your dad or your family do with all your property and everything? What happened?": "They had to sell it for what they...",
                "So he sold the farm?": "Yeah, yeah. They were either leasing it or buying it, I don't know what they were doing by then. I think they were just leasing it then. So one morning they told us that the truck will be here at such and such a time, about nine o'clock in the morning, be ready to get on the bus, and they took us to, on a truck to Auburn, which is about five miles away, put us on the train.",
                "Now were you surprised they didn't send you to Puyallup? Because Puyallup wasn't that far away.": "It was full. So the Thomas and... one side of the river, we all went to Pinedale.",
                "Now, at this time, how large... who was in your family? Was it all twelve kids, or how many kids were still...": "Well, there was, Harry, Kaz was four years younger than me, was high school yet.",
                "And was your older brother... so when they moved the family, was your older brother with the whole unit, too?": "Yeah.",
                "So describe your first impressions of Pinedale when you got there. What was that like?": "Hot and dusty and disgusted. I was so... I wasn't mad as discouraged with the way the American Constitution works, they can do these things. I was really mad enough that I wasn't going to do a single thing in camp. I was just going to sit around and let 'em feed me, but like I told you before, the first night in that mess hall, the young girls were waiting on tables, and it's 120 degrees and all the older women were bussing tables, and cooks sweating away, I said, \"Oh, I can't sit around and let everybody, my own people work like heck just to keep me fed and stuff like that. I got to do something.\" So the next day I went to the administration and told them to give me something to do to help out. Guy said, \"What can you do?\" I said, \"You know, I can probably make, work as a carpenter or something, 'cause I took shop in high school, I was pretty good at it.\" He said, \"Well, we need benches and tables, how about making that?\" And I said, \"What are you gonna use?\" No lumber or anything. He said, \"Well, we'll find some pallet boards and whatever we can find, and that's when I started making benches and those tables, little short table, coffee table like stuff.",
                "Hot and dusty and disgusted. I was so... I wasn't mad as discouraged with the way the American Constitution works, they can do these things. I was really mad enough that I wasn't going to do a single thing in camp. I was just going to sit around and let 'em feed me, but like I told you before, the first night in that mess hall, the young girls were waiting on tables, and it's 120 degrees and all the older women were bussing tables, and cooks sweating away, I said, \"Oh, I can't sit around and let everybody, my own people work like heck just to keep me fed and stuff like that. I got to do something.\" So the next day I went to the administration and told them to give me something to do to help out. Guy said, \"What can you do?\" I said, \"You know, I can probably make, work as a carpenter or something, 'cause I took shop in high school, I was pretty good at it.\" He said, \"Well, we need benches and tables, how about making that?\" And I said, \"What are you gonna use?\" No lumber or anything. He said, \"Well, we'll find some pallet boards and whatever we can find, and that's when I started making benches and those tables, little short table, coffee table like stuff.": "But you're making it out of pallet boards? So just the really thin wood.",
                "But you're making it out of pallet boards? So just the really thin wood.": "And hard wood, second (grade) stuff, we'd saw it up and drill it and put screws and stuff, and make that kind of stuff. But I only stayed in camp... by Fourth of July I was already out."
            }
        },
        "segment 14": {
            "Segment Desc": "Leaving camp to farm for a sugar company",
            "Segment Q&A": {
                "So how did you find out about Utah?": "Word gets around that some company was looking for workers to work out in the farm. And I was determined to get out first chance I get, you know. So I went to the recruiting place to listen and see what they were wanting to do. And this recruiter was pretty nice, and he was working for Amalgamated Sugar Company. And he says, \"We'll put you up in a house, and you help the farmers harvest apricots, and work in the beet fields and stuff. We got plenty of work to do, we're short of labor.\"",
                "So how many of you went and did that?": "I think there was about six of us.",
                "So why not more? I would think that more people would have done this.": "There were some Sacramento kids, you would think they would, but they didn't go. Sacramento kids, I don't think any of them left at first. I don't know whether... once I left, I never came back. Never went back into camp again. So I don't know how many of them... the first year, there was very few of us out there.",
                "And so going back, so what did the recruiter promise you? So he said it'd be a nice place to...": "A place to stay.",
                "And then what about wages and stuff like that? Did he promise anything?": "He said \"prevailing wages.\"",
                "\"Prevailing wages\"? [Laughs]": "Something to that effect. We didn't even ask 'em what the price was. We didn't know if it was thirty cents an hour. No, we told him we want thirty cents, and he said, \"Never heard of such a thing. Never paid anybody that kind of money.\"",
                "So you got there, and then are you negotiating with the Amalgamated Sugar, or the farmers, or who's hiring you?": "Well, the agent was doing the negotiating between the farmers and us.",
                "Twenty cents like a bushel or something?": "No, an hour. They were not going to pay thirty cents an hour. But we said, \"We're not working for that.\"",
                "Okay, and how would that be for prevailing wages? Was that pretty much what other workers would get?": "The canneries were paying thirty-five cents an hour. I don't know what they were harvesting, canning, but they were canning apricots probably, that's the first fruit that comes out.",
                "Now in general, would fieldworkers get paid less than cannery workers?": "Yeah."
            }
        },
        "segment 15": {
            "Segment Desc": "Working in Utah: little association with local Japanese Americans",
            "Segment Q&A": {
                "And how did people treat you? Here they were putting Japanese and Japanese Americans in these camps all around in that, kind of in that inland United States. Was there any fear about you?": "No, not a bit. In fact, we lived out in the country, you know, and we'd walk over to the railroad station and catch a bus and go into town. And that train is going right straight through Hill Field, which is the biggest Air Force base in the Midwest there. And nobody's paying a bit of attention to us, and we went right through the middle of Hill Field, you know. Just north of Ogden there's a big Ogden arsenal. We're walking by there, walking home. Nobody's paying a bit of attention to us. We're roaming around town. Only guys that made any fuss at all are the local Japanese. This one guy that had a noodle house in town, that first December, he made it a point to tell us not to come into town tomorrow. \"You guys know what day it is?\" He says, \"Pearl Harbor day, stay home.\" We made it a point to go into town and walk by, let him know that we're in town.",
                "No, not a bit. In fact, we lived out in the country, you know, and we'd walk over to the railroad station and catch a bus and go into town. And that train is going right straight through Hill Field, which is the biggest Air Force base in the Midwest there. And nobody's paying a bit of attention to us, and we went right through the middle of Hill Field, you know. Just north of Ogden there's a big Ogden arsenal. We're walking by there, walking home. Nobody's paying a bit of attention to us. We're roaming around town. Only guys that made any fuss at all are the local Japanese. This one guy that had a noodle house in town, that first December, he made it a point to tell us not to come into town tomorrow. \"You guys know what day it is?\" He says, \"Pearl Harbor day, stay home.\" We made it a point to go into town and walk by, let him know that we're in town.": "So let me understand that. So first, how many Japanese Americans were with you? How big a group were you?",
                "So let me understand that. So first, how many Japanese Americans were with you? How big a group were you?": "We're about, I think there were about eight of us at first.",
                "Did you get funny looks or anything?": "No.",
                "And then, but this owner of a noodle shop, Japanese noodle shop, was he Nisei?": "Issei.",
                "And why do you think he did that?": "I don't know. I think he just didn't want to see any Japanese walking around town on Pearl Harbor day.",
                "Because that might make it harder for him in some way?": "It must have. If we were to come into his noodle shop. We made it a point not to go to his place. There was a couple of other smaller places that were pretty nice to us, so we started going to those places.",
                "Well, what was the reaction of other Japanese in town? I mean, were they friendly or were they also kind of a little concerned?": "No, they didn't invite us to church, or we never went to any of the local Japanese family places. They just didn't want too many Japanese roaming around the area.",
                "So did that seem a little strange to you, or how did that make you feel?": "Not really. We had no intention of going, socializing with the local Japanese anyway. There was quite a few... there was one little pool house run by two Japanese men. I don't know whether they were bachelors or family men, but they had a nice, they had about four pool table and a nice confectionary with little sandwich. No liquor. We used to go there and play pool all the time, and never did see a local boy or man in there, just us evacuees.",
                "But would they go at other times when you weren't there?": "I don't think so.",
                "Interesting. So was he pretty friendly with you?": "Yeah, he was really friendly, yeah. He welcomed us in. We used to spend a lot of time playing pool.",
                "And this is Ogden, Utah?": "Yes, in Ogden.",
                "Interesting. And then the Japanese families that were there were farmers, generally, in that area?": "Most of 'em were farmers. And like I say, there was two other noodle houses. Yeah, noodle houses. We used to go in there for a bowl of noodles."
            }
        },
        "segment 16": {
            "Segment Desc": "Living and working on farms during the war",
            "Segment Q&A": {
                "Okay. So you get through 1942, you're there, so 1943, is it the same kind of work?": "We stayed in the same place. See, and the very first night, we were, the Japanese were put on the swing shift. And the day crew, they stayed there to see who's going to take over the swing shift and they saw a bunch of little guys, they're all hundred pound bags of sugar. And we were expected to put six bags on a hand truck and truck it to the, out of the boxcars into the warehouse, and load them back up and send it out. And they looked at us guys and I heard one guy tell the other, his friend, that, \"They won't be here in the morning.\" In fact, come spring, they got rid of the white guys and kept us on full time.",
                "Because you guys were better workers than they were?": "Better workers, and without any complaints.",
                "Now, did the sugar company start recruiting more Japanese from the camps?": "Just one crew.",
                "You mean one more crew than you or just your crew?": "Just our crew.",
                "Oh, so even though you were such good workers, they didn't try to get more Japanese?": "Well, that's all the work there was, just enough to keep you going all year round.",
                "So then they promoted you from the swing shift to the day shift?": "Day shift, yeah.",
                "And they took good care of us. But one incident, at the end of the day, you only have so many orders a day. The foremen made sure they stood around there and watched us do it, and towards the end, they give us a slip. We'd figure out how many needed to be loaded on the thing on such and such a car, we'd make out the bill of labels and tack it up and lock it up and put a tag on it, and just give him the slip. And he'd leave us completely alone. But at first they wouldn't let us go home when there was nothing to do. And they wanted us to... of course, we'd clean up completely, and the warehouse was like a living room, clean. And we said, \"What can we do for another hour?\" And they said, \"Get in the back and hide. Make yourselves scarce.\" \"We can't do that. We're gonna go home.\" Pretty soon we'd get the orders done for the day, and when we got through, we'd clean it all up and go home, and pay us for eight hours. But god, at first, it was terrible. That's the way they used to treat the white guys.": "Because first they'd have a supervisor just watch everything.",
                "So let's just... you mean really strong?": "Yeah, oh yeah. We got to a point where instead of... hakujin guys were big and tall, you know, so they can tip that hand truck and stuff like that. We figured out that if we put an extra bag on top, seven, it'd balance better. You can rake it easier. Then we started trucking it seven instead of six."
            }
        },
        "segment 17": {
            "Segment Desc": "Drafted into the army",
            "Segment Q&A": {
                "So in 1944, you and I guess the other guys all got drafted?": "One guy, he was a football classmate of mine from Kent, he never told us he was born in Japan. He was born in Japan so he didn't get drafted or called up for a physical or anything like that. He went back east and went to a chick sexing school, then he worked around the Midwest and ended up in Denver.",
                "And so this man, was he also, did he start in Pinedale also?": "Yeah.",
                "At that time, do you think if the WRA knew that he was a Japanese citizen, would they have let him go, do you think? I'm curious, the rest of you were U.S. citizens, he was a Japanese national.": "They didn't care. My younger brother, he came out there the second year, and he was born in Japan. I had a hard time, he didn't want to go back to school, he had one more year of school to go to.",
                "I was just wondering if the bar was higher in terms of who they let leave camp for work?": "No. It didn't make a bit of difference whether you're American-born or Japan-born. \"Jap's a Jap,\" I guess. [Laughs]",
                "So it sounds like about seven of you then got drafted, one didn't, but the rest of you got drafted?": "Yeah.",
                "And then, so what happened next? You guys take your physical?": "We all took our physical within about a month's time, it seemed like. But the guys that went back to camp, just as soon as they passed the physical, they said, \"Oh, I'm going to go back to camp and see the family,\" so they went back to camp. They were drafted right, called up right away. But my brother and I stayed there, we didn't want to go back to Heart Mountain from there. So we stayed there until the end there, and we were the last ones to get called up.",
                "Okay. And you were thinking that maybe they postponed it until after the harvest?": "The sugar company must have had us deferred for the rest of the season.",
                "So, and that difference, made a difference in that the ones who were called up earlier, they ended up going to Europe?": "They ended up in Europe with the replacements for the 442nd.",
                "So describe that. Why did it work out better for you?": "Well, 'cause there was only three of us Japanese in my platoon. There was only thirteen of us in the company. So I don't know, the hakujin, all the officers were, and the sergeants were all white guys, and they had heard about the record of the 442nd and all that, and they knew we were from camp. So they treated us real well.",
                "Now was there any friction or tension? Because I'm guessing at this point, these men are being trained to go fight against the Japanese, because the war in Europe is kind of winding down, and the war in the Pacific is still going on. So were there any, kind of, talk about that?": "No, Europe was still going... when I was, final months of basic training, Battle of the Bulge was going on real strong. Because our officers and sergeants got, all of a sudden they disappeared and then we found out they were all shipped out.",
                "So after you finished basic training in Texas, where did you go?": "From there I got called to Camp Ritchie in Maryland. That's where I run into Senator Inouye who made an actor out of me.",
                "So tell me that story. So at this point, you said Senator Inouye, but at this point he was a lieutenant?": "He was a lieutenant.",
                "And he had returned to stateside after being injured with his arm?": "Yeah.",
                "So he had his arm removed, and so what was he doing?": "He was there probably... they didn't know what to do with him, so they had him segregate us actors, you know the guys that could speak well, and the guys that, like the Hawaiians, they're absolutely useless, 'cause the haole guys won't be able to understand 'em. So they were in the group that was marching around in the front. I don't know what the rest of the guys -- we never talked about what we were doing. Only guys we knew were the three that I was with, myself and two other Niseis."
            }
        },
        "segment 18": {
            "Segment Desc": "Being an \"actor\" at an army base",
            "Segment Q&A": {
                "And so what was Camp Ritchie for? Was it just another army base that people trained, or was it specialized in anything?": "It was a specialty camp. Because my lieutenant in the basic, he was a West Pointer, and just close by. He knew exactly where I was going. And I told him I didn't want to go there, get me out of here, he says, \"No, you just go get packed up and go, 'cause I know, I'll guarantee you'll be better off than the rest of the guys there.",
                "So he knew it was like a specialty camp?": "He knew it was a specialty camp. He told me, he says, \"You guarantee me I'll be in better shape than the rest of the guys.\"",
                "And then you said, so you're there, and they make you an actor?": "In camp? In Camp Ritchie.",
                "In camp? In Camp Ritchie.": "And Daniel Inouye...",
                "Because you could read it in a good voice, and that was enough to be an actor?": "I guess, yeah. I had a much clearer, stronger voice in those days.",
                "And so after Senator Inouye selected you, did he work with you at all?": "No, never saw him again.",
                "So tell me, what was the acting for? What were you doing?": "We're going to act in front of a... you know, they had big theaters, they'll march a bunch of guys just coming back from Europe in there, and we're supposed to put on this play and show 'em what the mentality of a Japanese soldier that they'll be fighting against was, what kind of mental state they're in. So the three of us were a general, a colonel, and a young lieutenant, that's being overrun in the Pacific. And this general would rather commit suicide rather than surrender. And I'm standing there with a young colonel ready to help him finish him off.",
                "So you're supposed to cut his head off or something as he commits suicide?": "Yeah, he's supposed to cut himself, and if he didn't die instantly, I was supposed to chop his head off.",
                "And then what did the lieutenant do?": "Lieutenant was frantically trying to keep the (general) from doing, committing suicide. And along about the time he says he's going to commit suicide, the curtain falls. [Laughs]",
                "And how'd you feel about that? How'd you feel about...": "Oh, god, I didn't want to have nothing to do with it at first. What are we gonna do? None of us wanted to be doing that kind of stuff.",
                "Oh, god, I didn't want to have nothing to do with it at first. What are we gonna do? None of us wanted to be doing that kind of stuff.": "Well, and then what did the Hawaiians do? You said they weren't selected because their English was harder to understand.",
                "Well, and then what did the Hawaiians do? You said they weren't selected because their English was harder to understand.": "They were out in the front marching around like a platoon of Japanese soldiers, marching, all the orders are given in Japanese.",
                "Pretending that they were Japanese soldiers?": "Yeah.",
                "And then why were they doing that? I mean, to show the American GIs what that looked like?": "Yeah, yeah. Show 'em what it looks like, I don't know what for.",
                "So how did these Japanese Americans from Hawaii, how did they feel about that?": "I have no idea. We never talked about it. We never talked to each other about that kind of stuff, it's funny. Yes, it's absolutely funny; we never talked about it. All I know is our lieutenant that was in charge of our group, he would tell us, \"We're all meeting at the CP tonight,\" it was a tavern outside the post. And one night, we were supposed to be in camp by midnight, you know, it was about five minutes after, so we know where there was a hole under the fence. We crawled out, and the lieutenant was right with us, he crawls through that hole. [Laughs] By the time all of us got out from under the fence, there was the MPs there.",
                "So did you guys get in trouble for that?": "No. MP says, \"Don't do this again,\" and just let us go. It was so funny, that first lieutenant..."
            }
        },
        "segment 19": {
            "Segment Desc": "Serving in Japan with the Counterintelligence Corps",
            "Segment Q&A": {
                "So after Camp Ritchie, then, and this acting job, where'd you go next?": "Then by that... that's when the Japanese, VJ happened, Japan surrendered.",
                "Now they, lot of times they select people, because you probably took some aptitude tests or intelligence tests to figure out what you would be good at?": "I didn't have any college or anything of that sort. And they put me in that Counterintelligence Corps and we sit through a lecture, about two hours' lecture at a time with attorneys speaking the whole time. Then they expect us to learn something? [Laughs] Stupid.",
                "I didn't have any college or anything of that sort. And they put me in that Counterintelligence Corps and we sit through a lecture, about two hours' lecture at a time with attorneys speaking the whole time. Then they expect us to learn something? [Laughs] Stupid.": "And so... and before I leave, you mentioned earlier, VJ Day. So the United States drops the bomb, an atomic bomb, on Hiroshima. Now, this is where your family was from, that area.",
                "Did you think about that, did you have concerns about your family in Japan and what happened to them?": "I did, but I knew they lived out in the country. So they were just far enough out in the country that they didn't... one of the relatives who was working in Hiroshima got killed, that's all I know. I don't know if any of them got hurt or not.",
                "Now, did they give you information about the power of this atomic bomb, and did you understand the magnitude of what happened?": "Oh, yeah, we knew all that. We'd seen pictures of it. And we landed in Tokyo about November, end of November 1945. So when we landed in Japan, the airplane kept circulating waiting for our clearance to land, and we saw a lot of it from the air.",
                "Like in Tokyo, the firebombing?": "Tokyo, yeah, Yokohama and all that.",
                "And so when you landed and saw Japan, I guess you were there when you were a little boy, but what did you see? What were your impressions of Japan at that point?": "Oh god, it was completely burnt. The only thing standing were the cement foundations, big smokestacks. And around the imperial moat, they saved some of the buildings right there. They didn't bomb right in, or burn the imperial palace.",
                "But pretty much everything else?": "Everything else was, yeah. The railroads were, trains were still running, some of them.",
                "So what did they have you do there?": "Go to some more school.",
                "Again, counterintelligence?": "Yeah, more classes.",
                "So what were they worried about? Counterintelligence... what were they... the war is over, so what kind of intelligence did they want you to do?": "I don't know what the people in Japan did. You know, we never talked about it. We never talked among ourselves. I didn't even know what my buddy next door, good buddy was doing, other than he was going off by himself and I was going off by myself. It was never the two of us together.",
                "Well, for you then, what did they have you do? You didn't know what your buddy was doing, what were you doing?": "I myself was, went across the 38th on a convoy, and trying to observe how many Russian soldiers there were in these villages.",
                "So is this in Korea?": "Yeah, Korea.",
                "And how did they, Koreans view you? Because having been occupied by the Japanese, I know a lot of Koreans didn't like the Japanese. How did they perceive Japanese Americans?": "They wanted to talk to us, because they can all speak Japanese. But they didn't dare speak to us in Japanese, and we couldn't speak Korean, so they said very little to us.",
                "So you had enough, your Japanese was good enough to be able to converse then?": "Converse, I can hold my own. But I couldn't read or write.",
                "So it sounds like the Koreans were okay with Japanese Americans, the Niseis, they were okay with you?": "Yeah, they were all right with us.",
                "So anything else in Korea, any other stories?": "No, not really. People in Japan and Korea was different. Even little kids would steal you blind. It got to a point where we find ourselves hating the kids. And they tried to reenlist us, and they offered us commissions. Not a commission, but a warrant, warrant officer rating.",
                "Because at this point, you were a master sergeant?": "I was a sergeant first class.",
                "And so where did they discharge you?": "They gave me a ten days' pass in Seattle where my family was, and so I got, they had what they called delay enroute, they gave me ten days in Seattle. And I got discharged in Chicago.",
                "So why'd you choose Chicago?": "Because I was, I wanted to stay, get discharged in Chicago and spend the winter there. I came back about Christmas time, and I didn't want to come back here in the middle of winter."
            }
        },
        "segment 20": {
            "Segment Desc": "Deciding to return to oyster farming",
            "Segment Q&A": {
                "So after you spend the winter in Chicago, what do you do next?": "Well, in order to have some kind of an income, I decided to use the GI Bill and go to a trade school.",
                "And so this is Chicago?": "Yes, in Chicago.",
                "So what kind of trade school?": "I went to a trade school to learn, I was going to learn body and fender, but I ended up mainly learning how to weld, you know, work with metal. And that really helped. I did all the cutting and the welding, bringing the cannery up to standard. We'd run the cannery during the day and have supper and go back and do repair work so it'll run the next day.",
                "So if you learn kind of this trade in welding in Chicago, you could do that in any city. Why'd you come back to South Bend?": "Because the people that had interest in the company and had families were loading the oysters onto a big GI truck, and hauling it to Seattle, and they had an opening out in Columbia city, and to give work to all the Japanese people who used to work here formerly, that was afraid to come back here. So they were waiting for Kuni Sasaki and myself to come back here and join the union. We used to be union members before the war.",
                "Because they were afraid of how they would be treated?": "Yeah.",
                "So they approached you personally, said, \"Giro, will you go back first?\"": "Yeah, yeah. They said they wanted us to, Kuni and myself to live here. So we came back.",
                "So before you decided to do that, what did you think? Because it's kind of like going into a hornet's nest, right? You're going to a place where maybe people didn't want you?": "I wasn't really afraid of that.",
                "Because you knew the people here, you thought it would be okay?": "Well, I was pretty sure we could take care of ourselves. We weren't worried about that. And we didn't have any trouble, except one night, there was three of us living in the house there. One night, somebody came in here with a pickup, and went just a little ways down the road and fired two shots over the house. It woke the other two guys up, but it didn't even wake me up.",
                "So did you ever find out who that was?": "Never did find out.",
                "Do you have a... do you think it was someone from the town or nearby that did that?": "I supposed it was some rednecks that live around here. They had to know we lived here. They knew we were living there."
            }
        },
        "segment 21": {
            "Segment Desc": "Reestablishing the oyster farm after the war",
            "Segment Q&A": {
                "So you and Kuni come back first, so describe what happened? So what did you do when you first got back to South Bend?": "We ran the cannery, and repaired the cannery, and more or less managed the cannery.",
                "So just the two of you at first?": "Yeah.",
                "How about interacting with the union? Did you do anything with the union?": "No, we just became a union member, but we never... see, by being a former superintendent, you're not really supposed to be a union member. But we just kept paying our dues until it got kind of ridiculous to do it, so we dropped out and became managers here.",
                "So you and Kuni started getting the place back in shape. How much longer did it take before the others started coming?": "The next year, fall. I came back in '47, and in '48 they were all coming back.",
                "And what was the condition of the compound, the buildings, the beds?": "Oh, everything was in bad shape. They never took care of a thing for five years. The cannery was in bad shape, and every, it took us a couple years to get it where it ran normal.",
                "And how about the other oyster farms that were not Japanese? Were they doing pretty well?": "Oh, they all made money hand over fist during the war. The guys that used to live on little skiffs owed the, bought, one that guy that was nothing but an oyster opener, he made enough money to buy an oyster farm in Hood Canal. Another guy that lived in a shed, Glenn Point's a perfect example. That guy, all he had was a little skiff and a dock. When we came home, he was riding around in a new Oldsmobile, he had bought a house and had bought that ground that was developed for recreational. And he says, \"If I can't make two dollar profit on a gallon of oysters, I'm not monkeying around with oysters,\" he never did. If you can make two dollars a gallon if you can pick it up for nothing.",
                "And they just didn't do it?": "They just bought the oysters and made money on the oysters. I don't know that... we had no proof how they did it.",
                "But then, so it took a few years to get things running back. And then your role, when you first started, you were just like, kind of a worker, harvest. But now after the war, what was your position?": "We were the managers here. Bob Nakao lived in Seattle, he only came down here three or four days out of the week and went back to Seattle.",
                "How about the Isseis who started the company? What happened to them?": "By that time they were pretty old, so they, only a few of 'em worked here, couple years, and then they gradually disappeared. After the war they were, about my father's age group, they were just too old to be working.",
                "And so how did they transfer ownership? Did you just buy them out? Or how did...": "Every time a stockholder went back to Japan, said, \"You, you and you will buy his stock.\" And they took it out of our wages, and he got paid off. So most of the old guys got paid off.",
                "And then over the years, as the Niseis got older or they moved away, how... did it just slowly get smaller and smaller in terms of the ownership?": "Yeah, yeah. That's what happened.",
                "And so were you the last one left?": "Frank and myself, Frank Kawashima and myself were the last. Then we were having a squabble, because he had an oyster company in Portland, and he needed all the oysters from here. He was gradually taking more and more oysters from here to keep his plant in Portland going. So it became either you buy me out or I buy you out, and he couldn't get by without it to keep his Portland place going. So he bought me out.",
                "But you're still here though. So how did that work out?": "Well, I was out for two years, until this guy that bought me out decides he's going to sell this place to Bay Center Mariculture who I'm working for now, decided to buy it. So I said \"If you're going to buy New Washington,\" then I'll join you guys and become a stockholder there, and they gave me good stop options.",
                "And then you help run it for them?": "Yeah, 'cause I knew all the beds and stuff. So that's how I became... I wasn't going to buy another oyster company again, see. But when they bought this out, I said, \"Well, it goes together, and I'm living here.\"",
                "Now just in terms of the oyster industry, in terms of the value, I mean, I have no idea in terms of an industry. From the beginnings of the 1930s to today, I mean, I'm guessing it must be, like, a multimillion dollar industry now versus pretty small back in the '30s? Has it really grown over the years?": "The production hasn't grown that much, but the price has gone up so high, it's ten times more.",
                "And so is it now kind of a business for bigger corporations to run it, or is it still kind of family run?": "Well, all the smaller guys are... the bigger companies are still growing, same. Our company is... let's see, one, two, probably about the third or fourth largest in the bay.",
                "So how many Japanese are left in the oyster business these days?": "Me. Yeah.",
                "And how about, in the whole state, or just here? How about other parts of the state?": "Do you know Jerry Yamashita from Seattle?",
                "Do you know Jerry Yamashita from Seattle?": "No.",
                "And so taking a step back, how much have the Japanese contributed to oyster farming in Washington state?": "Oh, gosh, to start with, a lot. The Murakami family, this company, Jerry Yamashita.",
                "They did things like they brought in, like, the Japanese oyster seeds, that was probably a contribution?": "Yeah.",
                "How about innovations in processing, anything else that you think the Japanese kind of pioneered in terms of helping the industry?": "I don't know about that. Everything just comes together, and everybody's doing the same thing. Because T. Nakao, he talks about these big companies, when they were getting started, they'd come over there and borrow his baskets and skiffs and something like that to get started. Now they're big companies, and now they're out of it and somebody else is running it. To start with, the Japanese had a lot to do with it, keeping it going.",
                "Well, good. So that's all my questions. Is there anything else that you want to talk about?": "Not really."
            }
        }
    }
}