{
    "Narrator_Name": "Gordon Hirabayashi",
    "Bio": "Nisei male. Born April 23, 1918, in Seattle, Washington. Spent most of his childhood in Thomas, Washington, where his parents were part of a Christian farming co-op. Attended the University of Washington where he was active in the Young Men's Christian Association (YMCA), the conscientious objector movement, and became a Quaker. At the outbreak of World War II, he was one of only a handful of individuals to challenge the curfew and removal orders being enforced against Japanese on the West Coast, citing \"Christian principles,\" and asserting \"a duty to maintain the democratic standards for which this nation lives.\" He turned himself in to the FBI, was found guilty, and served time for violating the curfew order, and failing to report for \"evacuation.\" While serving time for this conviction, Gordon was served with a draft notice and again, refused to comply. He subsequently served another period of time as a draft resister. In 1943 the Supreme Court upheld his convictions. Some forty years postwar, in 1986, his case was reopened and his convictions surrounding the incarceration were vacated by the Ninth Circuit Court of Appeals, arguing in part that, \"racial bias was the cornerstone of the internment orders.\"",
    "Title": "Gordon Hirabayashi Interview V",
    "Interviewer": "Tom Ikeda (primary), Alice Ito (secondary)",
    "Location": "Seattle, Washington",
    "Date": "May 4, 2000",
    "Densho ID": "denshovh-hgordon-05",
    "transcript": {
        "segment 1": {
            "Segment Desc": "Leaving the King County Jail for Spokane, Washington",
            "Segment Q&A": {
                "Well, in addition to the cramped quarters, why was it needed to have an officer with you? You were out on bail, and couldn't they have just released you and you have gone on your own to Spokane? Because you were going to Spokane --": "No. It's restricted area. A U.S. marshal had to be there, too. So there's one officer and then the FBI guy, and then, then what they thought was just me as the prisoner. They took the opportunity to save money and brought another prisoner they were transferring, I think a native person was being transferred. I don't know how far they, we were together. So we were sharing the bunk. And he, he was going to sleep -- I was interested, so I was talking with one of the officials for most of the way over. And they, and one of the officers got a good night's sleep. You know if you, there are some people that can't sleep if somebody's talking. But others can, they're used to sleeping in lectures and so on. [Laughs] So there's situations where you could sleep under any circumstance."
            }
        },
        "segment 2": {
            "Segment Desc": "Waiting nine months in jail before release arrangements were made by Floyd Schmoe",
            "Segment Q&A": {
                "Well, I'm curious, too, you were in jail for nine months, sort of cooped up. What were you thinking or feeling, sort of realizing you were now going to be released?": "Well, I'm, I'm like anybody else, looking forward to being out. But I didn't know what the circumstances would be. So whatever circumstances there were, I was expecting it to be cramped, and I was expecting to be sleeping, sitting up sleeping on..."
            }
        },
        "segment 3": {
            "Segment Desc": "First meal upon being released in Spokane, Washington",
            "Segment Q&A": {
                "Well, why don't we, yeah, talk right at that moment? So what happened when you got off the train in Spokane? What was that like?": "Well, when I got off, I got off, I was free so far as being in handcuffs or anything like that. And it was up to me to get to someplace. I can't remember if anybody met me there. Eventually, I, since I had connections, experience of staying at YMCAs and so on when I went somewhere, I inquired there and found a room. And I, I, by the time Floyd came several days later, I was already, had a working space at the YMCA. And it was a kind of a social center for certain, certain transient population. So I, it was kind of a natural place for me to settle there as a starter.",
                "What was your first meal in freedom?": "I don't know exactly what it was, but I would guess that because I kept craving it, whatever the time of the day, I ordered fried eggs. I was having breakfast each meal because, never had breakfast. We had, when eggs were permitted as part of the breakfast, you know, bucket of hard-boiled eggs would be brought in. And each of us got an egg, plus some toast, bread, and so on. If we had cooked or dry cereal, some variation was served. And so one sign of freedom was having something like fried eggs, which never was part of our meal. Now, if you're in federal prison, fried eggs are one of the options there, I mean, when you go through the line. But we're, I'm talking about people held in cramped tanks, cell blocks, in holding places like King County jail. So when I was traveling en route to Spokane -- Heart Mountain..."
            }
        },
        "segment 4": {
            "Segment Desc": "Working to gather information about the Japanese American population in Spokane, Washington",
            "Segment Q&A": {
                "Okay. So let's just set the scene. So this is about February, March, 1943. Then Floyd Schmoe, you meet Floyd Schmoe in Spokane, and from there you're now going to visit some of the camps. Before you even talk about going to the camps, why are you going to the camps?": "Well, my, the, the work program that was approved with the federal office, court office, was that I would be working on a Quaker managed process, working on the relocation process of some of the people moving from camps into regular life. And so Spokane being one of the places for those who had either, settling in Eastern Washington or had -- some, some people preferred to locate in Spokane until such time as when Seattle, for example, became available for a move, rather than to move to Chicago, which was one of the big centers during the early part of camp release. Many people headed for Chicago or some of the other cities, Detroit, St. Louis, places like that, Minneapolis. But those who had western return in mind or wished to think about that possibility, found Spokane as a option.",
                "Well, before going to Heart Mountain, what preparation or information did you have to gather about Spokane before going to Heart Mountain?": "Nothing in particular. It was a city of a little over a 100,000. It was, at the time, the second city in the state, Seattle being the main metropolis. Spokane, it was about, Seattle was about 300,000. Spokane was around 100,000, little over a 100,000, and then Tacoma, 96,000, something like that at that time. So Tacoma and Spokane were fairly close together in terms of size. And other than that, I didn't know too much. And it was, and one of the things I was doing was to find out what kinds of jobs were short of people, manpower, and, and tried to find situations that would be suitable for potential Japanese releases.",
                "How about your knowledge of the Japanese American population in Spokane?": "I didn't have much. And it was, it was still, it was very small population. There was some Japanese there from prewar, and then maybe there was about the same number of people that had gravitated there during the -- I guess we were about one year into the war, so that some of the people from the camp had moved over. And then...",
                "This was even before you were there?": "Yeah.",
                "So that population was you had a prewar population, and then you had some that had already migrated from the camps?": "Yeah."
            }
        },
        "segment 5": {
            "Segment Desc": "Preparing to visit Heart Mountain concentration camp, Wyoming, with Floyd Schmoe",
            "Segment Q&A": {
                "Good. So let's go, so you visited first Heart Mountain with Floyd Schmoe. So let's talk about that first trip. And even before you get to Heart Mountain, I'm curious, what were you expecting? Because this would have been your first, your first personal visit...": "That's right.",
                "...to one of the camps. So what were you expecting before you got there?": "Well, I didn't have very much in the way of expectation, except that I had letters from, not too many from Heart Mountain, but I had letters from Minidoka and Tule Lake 'cause my parents were in Tule Lake, and Auburn people from the valley were eventually at Tule Lake. So those who lived in Tacoma, for example, and Fife, people in communities surrounding Tacoma, went to Minidoka. They went to Puyallup first for the assembly center, and then when Minidoka was opened up, they went over there. Portland was included in Puyallup, Minidoka, whereas in the valley, with the exception of Tacoma, went down to Pine Lake...",
                "So you got some of this information through letters. So was that sort of what you were expecting at Heart Mountain, or what were you...?": "No. I didn't, I didn't expect that 'cause it's further north. It's near Yellowstone, and it's more isolated. But these are things that I'm, I'm adding in because I know that the camps in general were in isolated areas, and they were selected for that purpose. So I'm, I didn't have a very detailed picture of what to anticipate. It was a camp of, gee, nearly 10,000 at both places, and they'd been operating for several months. One of the things we, we did was to show -- Floyd had pictures of Mount Rainier and Hawaii and geographic, National Geographic type of pictures that he had taken himself. And when he used to go lecturing, he'd lecture about an area that he covered in photograph before. And then each time he's traveling, he's taking new pictures, and he talks about that one when he's at some other place. So that was one of the things he did to pay for his trips, so that...",
                "Now, would he do things like this when he went to Heart Mountain? Would he show pictures or take pictures?": "Well, he, he took pictures. What he was, I don't know what kinds of restrictions he had. I don't think he had complete carte blanche to do whatever he felt like, but he had some advice regarding what, what you could take and what you couldn't. But he, he had that background, so he had a camera, and he would be taking pictures. And then he had, well, he had a 16-millimeter films with him, so he would show -- and that, that's one of the recreations, you know, in camp. They're seeing regular movies, Hollywood movies or others that were given along with lectures."
            }
        },
        "segment 6": {
            "Segment Desc": "Description of Heart Mountain concentration camp, Wyoming",
            "Segment Q&A": {
                "Let's go back, and now that you're at Heart Mountain, describe what you found, what you saw in terms of how it was structured, just in terms of, you know, you as a trained sociologist, what did you see in terms of the camp environment?": "Well, it was camp life. They were living in barracks. Now, I got to see some of the barrack rooms 'cause visiting families, you could see quarters. The walls separating the, themselves from the next was very thin. And there were several bunks. One of these camp cots, metal, like army cots, about 30 inches wide, and what are they? Five or six inches, it's 5 or 6 feet long. That was the cot. And if the family had six kids, you had eight bunks. And generally that was the arrangement. And then people made do with tables that they garnered from someplace, or with wood they made various kinds of things. They were pretty crafty. In fact, you could do a very interesting study of what people in restrictions, what they could manufacture out of what looked like junk and, and discards and so on. And so that's what made up -- now in Minidoka, seems like people had some things that they were able to get in the way of dressers and few things like that. But Heart Mountain, they'd have to go by train only, and they came from a variety of places including, largely, California. And so I don't think they were able to bring very many things with them in the way of furniture. So it's, it's just make do from circumstances, boxes, cartons.",
                "Well, it was camp life. They were living in barracks. Now, I got to see some of the barrack rooms 'cause visiting families, you could see quarters. The walls separating the, themselves from the next was very thin. And there were several bunks. One of these camp cots, metal, like army cots, about 30 inches wide, and what are they? Five or six inches, it's 5 or 6 feet long. That was the cot. And if the family had six kids, you had eight bunks. And generally that was the arrangement. And then people made do with tables that they garnered from someplace, or with wood they made various kinds of things. They were pretty crafty. In fact, you could do a very interesting study of what people in restrictions, what they could manufacture out of what looked like junk and, and discards and so on. And so that's what made up -- now in Minidoka, seems like people had some things that they were able to get in the way of dressers and few things like that. But Heart Mountain, they'd have to go by train only, and they came from a variety of places including, largely, California. And so I don't think they were able to bring very many things with them in the way of furniture. So it's, it's just make do from circumstances, boxes, cartons.": "Segment 6> - Copyright © 2000 Densho. All Rights Reserved."
            }
        },
        "segment 7": {
            "Segment Desc": "Discussion of reasons people in camp were afraid of relocating",
            "Segment Q&A": {
                "During this time, there were articles in the media and reports that Japanese Americans were given a free ride. The government was sort of coddling them, that they were given food, shelter, and that life in camp was, they were being coddled, essentially. How would you respond, given that you had a firsthand viewing of this?": "Well, I think on behalf of those running the camps, WRA, War Relocation Authority, they had to play the politics between two types of population. One, the inmates, and they had to have them accept the meager supplies and the circumstances. And then the, whatever they ate, there was a certain budget they had to follow which was less than the army on a per, per capita budget. And then supplies would vary. There'd be more rice than in the regular army supply, and things that Japanese would be able to make as counterparts to the rice they would use. But they'd have to, they'd have to try to get the victim population accepting the fare. Plus, the picture they were giving the outsiders, they were being treated as well as anybody could under the circumstances, but they were not being coddled. They were, they were, they had to be austere about it. However, the picture got out that these people, they're being fed at government expense, and the, they only have to do their own clean-up and so on. So that there was a picture that was too rosy to the general public, and to the population themselves, that they were really being treated like prisoners. I think probably the per-capita thing was less than in prisons as well. I mean, you could compare these things and find out, and I think the fare was pretty, pretty low. That's about, I'm only giving you what I experienced going in cold without any kind of build-up. I just picked up certain kinds of what might be possible there, knowing that it's a population that had to settle in, largely with whatever they could carry and then issue of some blankets, and sometimes the mattresses were, they had to make the fillings of the mattresses.",
                "And as Japanese Americans in camps, they understood that, so that perhaps was a reluctance on their part to go into these communities?": "Well, I think there was some fear how, how the reception would be out there. And you could, and you get letters back. And so that, that sort of thing was already in process."
            }
        },
        "segment 8": {
            "Segment Desc": "Talking about experiences to school children in camp",
            "Segment Q&A": {
                "Well, when you're in the camps, what did you do? I mean, how did you talk or what type of forum did you have in discussing relocating to Spokane?": "Well, we had some contacts, and we met them and we talked to them, and there were schoolteachers and so on. And in my case, both at Heart Mountain and particularly at Minidoka, I had people that knew me in the valley or of populations like me, having graduated in the Auburn area, Auburn High School and university student. I was invited into history classes and so on, and, and would answer, give some descriptions about the situation that they weren't in, what they would be studying and so on. And I found it, I found it quite a challenge that you -- what would you talk about in terms of American principles and American Bill of Rights and principles of freedom, citizens' rights and all that sort of thing, when you're talking about civics and history, and the history courses, history of U.S. and that sort of thing.",
                "Right. This is back in Spokane that you would do that to prepare?": "Yeah, yeah.",
                "Before we go there, I want to go back to when you did talk to high school classes and others about your stand against the government in this case. How supportive were people in the camps for what you were doing?": "I think, I think they were quite supportive, and particularly the teachers. The teachers who would be working in camps were generally people who wanted to be helpful to the community. They had some interest in that. They didn't go there to exploit, but to be of some assistance. That was one, one thing they could do. So some of the teachers were very interested in having me come and letting me say what it was I was doing, what for and what I felt about it and so on. And I, I only was invited to some classes, you know, and that was only part of my activities. And rest of the time, I'm talking to individuals and people who wanted me to look up, if I can find this and that type of work and so on, so that I can get some, some focus here and there in terms of particular requests. On that trip -- I didn't take another trip of this type. Takes quite a while to go through. And traveling from one camp to the other, from Heart Mountain to Minidoka wasn't easy because there wasn't a good, clean connection. If you had a helicopter that took you there, it's not bad, but you had to follow the lines that were available, and it took quite a while to go."
            }
        },
        "segment 9": {
            "Segment Desc": "A student at Minidoka concentration camp, Idaho, takes messages to heart, writes a paper about injustices in camp",
            "Segment Q&A": {
                "While you're there, were there examples or incidents where people, you could sense that they disagreed with your stand? Whether there were, I mean, people in camp who felt that Gordon, you were doing the wrong thing?": "Well, I, I think, I think there were, because there were, there were the, there were definitely people who felt that the thing to do was to be patriotic, and they didn't see my activities as being one of those activities, being patriotic. I said, well, and particularly to students, I said, \"Well, one way to show your patriotism is to join the army and go up to the front lines and risk your life and things like that. Another way is to, where you find injustices taking place, fight for more justice exercised, and curtailing the injustices and so on.\" And in, in one sense, from the way I was looking at it, I was working in that part of being a good American. And in fact, I found out later that there was a high school student, senior student in class, listening to me who took to heart the things I was saying, and wrote a very critical analysis of what the government had done and the injustices that had taken place. And he, he told me later, he says, \"If I had to blame somebody, how come I'm writing that way? It was because we had Hirabayashi coming into class telling us he was put into jail for standing up for what he thought was good American citizenship. And for fighting for the Bill of Rights, he got stuck in the jail and so on, and that's not very democratic, and that's not the kind of country I want to die for.\" And so he, he took that to heart. And then the teacher said, teacher put on there, \"You're entitled to your views, but you got to have some evidence for these things, and you have to be, change some of the conclusions about the state of, United States.\" And he wouldn't, he wouldn't change. He said, \"Well, look at the evidence. What are we doing here?\" He said, \"What are those barbed wires?\" And so on. And so he was taken to the principal, principal's office. And he was told, \"If you don't change the nature of your paper, you're going to fail this course. And if you fail the course, you're not going to graduate.\" Well, he didn't change it, so he didn't graduate. But subsequently, he was drafted into the army. And...",
                "Well, I, I think, I think there were, because there were, there were the, there were definitely people who felt that the thing to do was to be patriotic, and they didn't see my activities as being one of those activities, being patriotic. I said, well, and particularly to students, I said, \"Well, one way to show your patriotism is to join the army and go up to the front lines and risk your life and things like that. Another way is to, where you find injustices taking place, fight for more justice exercised, and curtailing the injustices and so on.\" And in, in one sense, from the way I was looking at it, I was working in that part of being a good American. And in fact, I found out later that there was a high school student, senior student in class, listening to me who took to heart the things I was saying, and wrote a very critical analysis of what the government had done and the injustices that had taken place. And he, he told me later, he says, \"If I had to blame somebody, how come I'm writing that way? It was because we had Hirabayashi coming into class telling us he was put into jail for standing up for what he thought was good American citizenship. And for fighting for the Bill of Rights, he got stuck in the jail and so on, and that's not very democratic, and that's not the kind of country I want to die for.\" And so he, he took that to heart. And then the teacher said, teacher put on there, \"You're entitled to your views, but you got to have some evidence for these things, and you have to be, change some of the conclusions about the state of, United States.\" And he wouldn't, he wouldn't change. He said, \"Well, look at the evidence. What are we doing here?\" He said, \"What are those barbed wires?\" And so on. And so he was taken to the principal, principal's office. And he was told, \"If you don't change the nature of your paper, you're going to fail this course. And if you fail the course, you're not going to graduate.\" Well, he didn't change it, so he didn't graduate. But subsequently, he was drafted into the army. And...": "Well, how do you feel about that, that this student listened to you, and from that, that from hearing you, he wrote this paper and then wasn't able to graduate from high school?",
                "Well, how do you feel about that, that this student listened to you, and from that, that from hearing you, he wrote this paper and then wasn't able to graduate from high school?": "Well, I didn't know it until later, but I, I thought that was appalling. But I didn't feel particularly guilty about it, 'cause I, I wasn't rabble-rousing, you know, trying to get those students to really raise a stinko...",
                "But how is it that these same teachers, these same educators, who sort of wanted you to come in and share this with their students, would then come down so hard on the student who was essentially espousing the same viewpoints that you were talking about?": "Well, that's, that's a line that you have to defend yourself. He, he told me that later on, he went through the army, he got into, he was a very bright person, so he got into military intelligence, passed the screening tests and so on for that kind of candidate. And he got into there. And he didn't have a high school diploma. [Laughs] So when he had a chance to go to university, he got the report from the military about his qualifications, his background and activities, his rank and so on, and they gave him the equivalent of a high school diploma in terms, because of his army proficiency and record, and, and so was admitted to the university. And then the rest was in terms of whether he could maintain passing grades or not, and he not only had passing grades, had good grades, and got his engineering and worked for Boeing. This fellow's name was Henry Miyatake.",
                "Yeah. Well, he's one of these very bright persons who is very adamant on some things and he won't change, even when he had, high school diploma -- that's, that's pretty courageous in some sense, or like other people would say, \"Foolhardy. Gee, you mean, all he had to do was just change a paragraph or two. What the heck?\" [Laughs] Is the way some people would feel. But he, he took it seriously. \"I'm not gonna lie about it. This is, I felt honestly about that.\" And he never gave in on that. Later on, he, he ran into other people, and because of his very firm positions when he took them, on issues of what JACL should be doing, or what, what we citizens ought to do in Seattle, to do this or that, he, he had strong views on some of these. And...": "This may not be a fair question, but if you were in Henry's shoes at that point in high school and were confronted with the same situation, what would you have done?",
                "This may not be a fair question, but if you were in Henry's shoes at that point in high school and were confronted with the same situation, what would you have done?": "Well, it's difficult to say what I would have done because I don't know exactly what his situation was. But in general principle from what I was describing to you, I probably would find it -- it would depend a lot on how the teacher framed this thing. But my viewpoints were, I have to accept that what I said could lead to that sort of thing, and so I probably would've found myself in similar situation. I would, I would try to survive. I'd try to get my diploma if there was some way of doing it without losing my own self-respect. I would've sought that out. I don't know if he was, he had that, but was too stubborn to take it and was going to kick this in their face anyhow. I don't know that. But I found him to be a very straightforward person, and I had a lot of respect for him. I may not always agree with where he's standing at the moment, but I'd like to have him on my side. [Laughs]"
            }
        },
        "segment 10": {
            "Segment Desc": "Facing discrimination in a restaurant in Caldwell, Idaho",
            "Segment Q&A": {
                "...pretty much, in depth. But I think there was another incident in Eastern Washington with a restaurant, the, I believe it was called the Paramount Restaurant, during this period. Do you recall that?": "Oh. That's in Idaho, Caldwell, Idaho. I had a college friend, Caucasian person, whose father was a lawyer, and one of the well-to-do in the family, I mean, in the community. I stayed, I stayed as his guest at his home. I didn't realize to what extent I was breaking certain kinds of codes, but he being a fairly well-established person, nobody came in as a protest, \"How come you're having this kind of disgraceful activity like?\" And so I was there. And after being hosted so warmly, I said to him, \"I'd like to take you out to dinner. Pick a restaurant. Pick a nice place to go to, and it's my treat.\" So he said, \"Okay. We'll go to Paramount.\"",
                "Oh. That's in Idaho, Caldwell, Idaho. I had a college friend, Caucasian person, whose father was a lawyer, and one of the well-to-do in the family, I mean, in the community. I stayed, I stayed as his guest at his home. I didn't realize to what extent I was breaking certain kinds of codes, but he being a fairly well-established person, nobody came in as a protest, \"How come you're having this kind of disgraceful activity like?\" And so I was there. And after being hosted so warmly, I said to him, \"I'd like to take you out to dinner. Pick a restaurant. Pick a nice place to go to, and it's my treat.\" So he said, \"Okay. We'll go to Paramount.\"": "so we went to Paramount, and walked in. I didn't realize there were signs out there saying, \"No Japs,\" because there were sugar beet workers there from camps and so on. So that they didn't want, they wanted to really enforce this not just a silent rule. So they -- oh, we sat down. The waitress came in and took our order. And we just, we didn't order anything special, just regular fare. And, and then wondering, we were getting a little, at least I was getting a little suspicious. Service was so slow. Eventually she came and said, \"Are you Japanese?\" And I thought, well, here's what I was concerned about. So I said, \"No. I'm American. I'm of Japanese ancestry, but I'm American.\" \"Oh, well, if you're Japanese ancestry, we can't serve you.\" Said, \"Why not?\" \"Well, it's a regulation the boss made.\" \"Is the boss around?\" \"Well, I'll see. He was here a while ago.\" And I said, \"Well, if he's around, I'd like to, if he could come over, I'd like to ask him some questions.\" And after quite a while, she came back and said, \"He didn't want to talk to you right at the table here, but he's standing over there at the end of the counter, and he's ready to talk to you.\" So I said, \"Okay.\" So my friend and I got up to go see him, and about three or four steps before I got to him, he started to apologize. He says, \"Gee, I'm sorry you have to go through this.\" And I listened to him, and he was apologetic. He's saying, \"You know, I hate to do this, but I'm forced to do it.\" I said, \"Why?\" He says, \"Well, if I don't, don't follow the line, I'll have people boycotting me, walking out.\" I said, \"Well, we've been in there about an hour trying to get served, but I didn't see anybody protesting, not to us, and I didn't see anybody walking off in the middle of their dinner.\" And he said, \"Well, that's what I'm told would happen.\" And I said, \"Well, you have an empty table right near the entrance. Let me test whether you're correct or not, or your friends are correct or not. If anybody comes in the door and -- they could see me, 'cause you have to, you have to see that somebody's sitting there that's non-white. So I'll sit where he could see me, and my friend could be sitting on the other side, and if anybody comes in, sees me, and leaves, I'll pay for an average meal so that you wouldn't lose, you wouldn't have lost that.\" \"Oh, I can't have you do that.\" I said, \"No. I'm asking for it. I want to test this, whether you're correct or not. I'm curious myself.\" He says, \"No. I can't let you do this.\" And he wouldn't, he was giving me this kind of response. And about that time, the waitress said, \"What do I do with this?\" It was what we had ordered. I said, \"Well, your boss doesn't think it's safe for me to eat here, so you might as well -- \" I could have, if I were angry, I would have said, \"Chuck that in the garbage,\" or whatever. But I didn't say -- those things aren't possible to package up. Otherwise, I could take it off, I could take it as take-out. And he said, \"No, no. Sit here at the counter and eat it.\" Well, it was, it was at least an invitation. It wasn't up-front. And so I, I thought he was being kind, personally kind, up to that point, so I said, \"Well, okay.\" I asked Frank, \"How about it? Do you want to sit there and eat it with me?\" He said, \"Sure.\" So we sat down, and we took about an hour to eat that. And near as I could see, nothing happened. Nobody left after seeing me or, you know, there wasn't any change in behavior.",
                "so we went to Paramount, and walked in. I didn't realize there were signs out there saying, \"No Japs,\" because there were sugar beet workers there from camps and so on. So that they didn't want, they wanted to really enforce this not just a silent rule. So they -- oh, we sat down. The waitress came in and took our order. And we just, we didn't order anything special, just regular fare. And, and then wondering, we were getting a little, at least I was getting a little suspicious. Service was so slow. Eventually she came and said, \"Are you Japanese?\" And I thought, well, here's what I was concerned about. So I said, \"No. I'm American. I'm of Japanese ancestry, but I'm American.\" \"Oh, well, if you're Japanese ancestry, we can't serve you.\" Said, \"Why not?\" \"Well, it's a regulation the boss made.\" \"Is the boss around?\" \"Well, I'll see. He was here a while ago.\" And I said, \"Well, if he's around, I'd like to, if he could come over, I'd like to ask him some questions.\" And after quite a while, she came back and said, \"He didn't want to talk to you right at the table here, but he's standing over there at the end of the counter, and he's ready to talk to you.\" So I said, \"Okay.\" So my friend and I got up to go see him, and about three or four steps before I got to him, he started to apologize. He says, \"Gee, I'm sorry you have to go through this.\" And I listened to him, and he was apologetic. He's saying, \"You know, I hate to do this, but I'm forced to do it.\" I said, \"Why?\" He says, \"Well, if I don't, don't follow the line, I'll have people boycotting me, walking out.\" I said, \"Well, we've been in there about an hour trying to get served, but I didn't see anybody protesting, not to us, and I didn't see anybody walking off in the middle of their dinner.\" And he said, \"Well, that's what I'm told would happen.\" And I said, \"Well, you have an empty table right near the entrance. Let me test whether you're correct or not, or your friends are correct or not. If anybody comes in the door and -- they could see me, 'cause you have to, you have to see that somebody's sitting there that's non-white. So I'll sit where he could see me, and my friend could be sitting on the other side, and if anybody comes in, sees me, and leaves, I'll pay for an average meal so that you wouldn't lose, you wouldn't have lost that.\" \"Oh, I can't have you do that.\" I said, \"No. I'm asking for it. I want to test this, whether you're correct or not. I'm curious myself.\" He says, \"No. I can't let you do this.\" And he wouldn't, he was giving me this kind of response. And about that time, the waitress said, \"What do I do with this?\" It was what we had ordered. I said, \"Well, your boss doesn't think it's safe for me to eat here, so you might as well -- \" I could have, if I were angry, I would have said, \"Chuck that in the garbage,\" or whatever. But I didn't say -- those things aren't possible to package up. Otherwise, I could take it off, I could take it as take-out. And he said, \"No, no. Sit here at the counter and eat it.\" Well, it was, it was at least an invitation. It wasn't up-front. And so I, I thought he was being kind, personally kind, up to that point, so I said, \"Well, okay.\" I asked Frank, \"How about it? Do you want to sit there and eat it with me?\" He said, \"Sure.\" So we sat down, and we took about an hour to eat that. And near as I could see, nothing happened. Nobody left after seeing me or, you know, there wasn't any change in behavior.": "Segment 10> - Copyright © 2000 Densho. All Rights Reserved."
            }
        },
        "segment 11": {
            "Segment Desc": "Reactions to experiencing discrimination in Caldwell, Idaho",
            "Segment Q&A": {
                "What were you feeling? Were you angry? Were you disappointed or what, what kind of feelings did you have?": "Well, I knew, I knew that this practice, I knew in Seattle, for example, there's certain places I never went to because it wasn't good experience, good feeling on my part to run into that. And secondly, if I were with somebody else non-white, I mean a white, it'd be embarrassing. It wouldn't be the way to have a good evening. So I avoided those places. So it wasn't new to me. I knew they practiced this. I knew that, I knew that in principle, we all went for this, \"We hold these truths to be self-evident, that all men are created equal,\" and all that sort of thing, Declaration of Independence, the Preamble to it. Never mind the fact that it said that all men are created equal. Even that part, we now change it ourselves, \"all persons\" because for 130 years, the women weren't persons, let alone didn't have franchise. It took a lot of battling to get that, even though we have this basic principle that one good thing, what is included in \"all men,\" you know, they meant all white men, besides. It wasn't just any men. So it takes, it takes, social change requires a lot of changes, I mean lot of confrontations, before it's accepted. And so I knew, I knew that sort of thing would happen. So I wasn't personally shocked or, or personally angry, but I didn't like the situation. And I didn't want to accept it. So I tried to do what I could in the way of change. After that, nothing happened there except that we finished our meal. Least we had, at least to myself, I was satisfied we made some progress. We didn't just accept it. And about...",
                "Before you go there, what was the reaction of your friend, who was a prominent citizen in this community?": "Yeah. Well, he was a young fellow. He was nineteen or twenty.",
                "And yet he recommended this place to you?": "Oh, yeah. Yeah.",
                "What did he say or feel?": "Well, he was, in principle, with me. Otherwise, he would have, he would have left. [Laughs] And I think he was the kind of a person and, and probably he explained it, what experience he went through, to his parents. And this might have come up, and maybe the parents took some action. I don't know that. He just wrote and said, \"Say, that guy took that sign off, 'No Japs.'\" 'Cause one of the things I had discussed with him, I said, \"You know, this area here was in dire straits with a lack of employees at harvest period for sugar beets. And that makes a lot of difference to your whole economy here. And they came to the camps to look for volunteers. And a whole bunch of people came out. And they worked their backs off here. And then you treat them like this. That's not very good. And you're benefiting from it, economically.\" So I had this kind of discussion, and he's heard this, so he was probably telling his dad what's happening. And it, it, it's demeaning our Constitution, if you put it that way. And these people aren't living up to it, and, and others who like this principle ought to get after these people who are ignoring it. Well, he said, \"This guy took the sign down. And since he was the most prominent restaurant, other people began to take the signs off. And looks like maybe we got that battle beaten.\"",
                "With this incident?": "Yeah."
            }
        },
        "segment 12": {
            "Segment Desc": "Assisting Japanese Americans to resettle in Spokane, Washington, after leaving camp",
            "Segment Q&A": {
                "Now, as you were looking in these higher-priced homes for a suitable place for the Suzukis, did you run into either subtle or blatant discrimination?": "I didn't have to, we didn't look into all the districts. That's one thing. Secondly, I wasn't all that experienced in real estate, so I wasn't, I wasn't aware of where some of the practicing lines were for restrictions. I know some persons who are used to anti-Semitic experience would tell me there are certain signs they would notice, and they look for that to see if it's present in this neighborhood or not, or if it's native Indian or African American. Now, with Asians, it, they were, it was a special type of thing that I could notice in some respects, but not always in terms of the better housing areas. They were a little more subtle.",
                "on Suzukis we ran into very little in the way of frontal opposition. However, after the purchase we did have experiences where neighborhood bullies drove by on a pick-up and tossed a large stone in the big front plate glass window, breaking it, of course. But Mrs. Suzuki was, not only was a combative person who didn't run and fight on first occasion, but also who, who was willing to stand by and, and fought the thing towards security for herself. This was a shocking experience to her, but she didn't blame it on everybody out there. These roughnecks came through, and they weren't those that stood around, they just had some signs saying \"No Japs in Here.\" And we, we knew it was intended for her. It wasn't just somebody just wanting to break stuff. But she, she was very constructive in the way she approached this. She saved that, the biggest rock to use for her pickling process, and so when she was making what the Japanese call takuan, the long, white, what is it, like...?": "Radish?",
                "Radish?": "Radish. Long radish. You needed to have weight. And so she was using it for its proper purpose, even though it got to her through improper use."
            }
        },
        "segment 13": {
            "Segment Desc": "Countering negative stereotypes to help Japanese Americans find employment",
            "Segment Q&A": {
                "Well, now, you mentioned that most of your clients for resettlement were people who were working folks and looking for very affordable housing. Did you have any difficult incidents while you were searching for housing or jobs for them?": "Well, I was working in terms of setting the climate so that more opportunities for jobs and for housing would become available. So I was doing some education work, working with organizations like churches, service organizations that have projects for underdeveloped people and that sort of thing. And so I had some inroads that way. And I would be talking about the fact that there are people who normally would be looking for certain kinds of jobs who are capable of certain kinds of skills, but who are available for all kinds at this stage. And Spokane is suffering from shortage of skilled people. And so this is an opportunity that is in front of us, and we ought to take good advantage of it. That kind of approach to, was given in terms of meetings with the board of trade, which is like the chamber of commerce, and groups of that type. And I also had circulating in liberal circles a newspaper that, a newsletter thing that we got out periodically once or twice a month called The Wider Horizon. It was, I liked that name because it, it gave the objectives in terms of region where we're trying to go and in terms of attitudes. We wanted to spread beyond wider horizon. And we used to, I have interview stories of people, interesting people who had moved in, or the types of works they're doing, trips they'd taken recently, and so on. We had that type of human interest things that introduced various Japanese people to the public. And that went on for a year or a little more than that.",
                "When you say \"carefully and quietly,\" why is that at that time?": "Well, at every level you have to, you have to, you don't want to waste your opportunities. Now, he's willing to move in. We found some space. We didn't want to just be careless about the opportunities and arouse some oversight. So we had to be very careful about and sensitive about the fact that this, this can be a delicate thing, so let's, let's do this carefully and not take unnecessary chances.",
                "...prejudices?": "Yeah. He, he's no longer living, and Nobu, if you ever interviewed her, may have a lot of experiences she could tell us about, professional prejudices that you have to overcome. But I wasn't aware of, he was, I thought he was making his way in quite well. And he, his, he is, he wasn't a Nisei. He came over as a young person for education, medical education and so on, and got his degree and stayed, and married a resident Nisei. And so that he, he wasn't the most able English-speaking person, speaking like other Englishmen. But there, I think opportunities for good neighborhood, good neighbor, to become good neighbors and so on are there. Not everybody has the experience that's pleasant in every circumstance, but even within races you have, you have to be fairly decent. The more decent you are, the more likely to have decent responses, so that works the same. That's, essentially that's what I'm saying. And we have to not waste our opportunities with careless faux pas."
            }
        },
        "segment 14": {
            "Segment Desc": "Continuing the appeal process: case is heard before the United States Supreme Court",
            "Segment Q&A": {
                "Okay. Why don't we switch gears a little bit? While you were in Spokane, you were, your case was going through the appeal process. And I want to know what, how were you tracking the case? I mean, what was happening and how did you find out what was going on with your case as it went through the appeal process?": "Well, in terms of when the decisions would be made -- and when you're appealing and you have special hearings where final data would be collected, I'd hear about those 'cause they're working on them. They let me know what they're doing. And then, and then comes a period when they're taking it under advisement, and we don't know when they're going to come out with the decision. So you have to wait. And so when it's something like that, wait is something you just learn to take.",
                "Well, when they, when your team made its case to the Supreme Court, how did you feel about that? Did you think that you had a good chance with the Supreme Court?": "I should qualify this when, when I'm talking about what I thought about my chances. I'm not a lawyer, and I'm not experienced in many phases of intricacies of the law. And then we're talking about a case which was inflamed to some extent through the war, and the war is still on. So I'm aware that justice may not have a chance to operate as I'd like to see it. I don't know all those things and what's at stake here. So we were in the dark a little bit. And I can't just look at what I think the Constitution is saying and what I think our situation is in, in the light of that. But I, I had my hopes. I wasn't going in thinking this is a lost cause. But I, I wasn't sure of where we're gonna end up, because there were a lot of variables that, for which I did not know where we were. But I did feel that in terms of logic we should have a good chance at the Supreme Court level. I felt in the lower courts there are lot of give-and-takes and lot of the feelings, the prejudices, and so on are still there that could be expressed one way or the other in the courts. But when it got to the Supreme Court we're down to the basics. We're, my view was, here is the highest level of our court, and these are people who are selected. I'm not saying they're perfect people, but they're selected to be the twelve, no, ten. What is it?",
                "I should qualify this when, when I'm talking about what I thought about my chances. I'm not a lawyer, and I'm not experienced in many phases of intricacies of the law. And then we're talking about a case which was inflamed to some extent through the war, and the war is still on. So I'm aware that justice may not have a chance to operate as I'd like to see it. I don't know all those things and what's at stake here. So we were in the dark a little bit. And I can't just look at what I think the Constitution is saying and what I think our situation is in, in the light of that. But I, I had my hopes. I wasn't going in thinking this is a lost cause. But I, I wasn't sure of where we're gonna end up, because there were a lot of variables that, for which I did not know where we were. But I did feel that in terms of logic we should have a good chance at the Supreme Court level. I felt in the lower courts there are lot of give-and-takes and lot of the feelings, the prejudices, and so on are still there that could be expressed one way or the other in the courts. But when it got to the Supreme Court we're down to the basics. We're, my view was, here is the highest level of our court, and these are people who are selected. I'm not saying they're perfect people, but they're selected to be the twelve, no, ten. What is it?": "Nine."
            }
        },
        "segment 15": {
            "Segment Desc": "Hearing the Supreme Court ruling, feeling disappointed",
            "Segment Q&A": {
                "Well, how did you hear about the ruling? Where were you? How was it communicated to you?": "Well, I was in Spokane. And I knew some people, and I talked to some about the nature of the decisions. And they didn't know, you know, some of these technicalities. They didn't realize that the decision was made just on curfew, even though I had two cases with the same guilty verdict.",
                "And who communicated this to you? Did one of the lawyers give you a call?": "Eventually I heard from my lawyers in Seattle. So they're not right there. And they're trying to find out, 'cause the decisions came and they get the result. But they, they have to make certain kinds of surmising to determine what were the crucial factors. The way it was, it was, unanimously there was one vacancy, so eight-to-nothing against me in the curfew case. And the other case was, was not, in fact, it was, they were not, they were not allowed to handle the other case because the law specifies that you only handle cases that are required to satisfy the sentence that's involved. In my case, since they were concurrent sentences, it was determined that only one, one of these is necessary, and that, that was the curfew. They found the curfew one easier to do, to uphold. And on that, they passed it with three, what you would call demurrers, demurrers, which means there were three who felt moved to write certain qualifications, going with the majority but qualifying that it's under these circumstances and...",
                "Can you recall those three qualifications?": "I think, I think they had to do with the fact of whether, I think justice, justice would be exercised in times of war. See that, that's a variable that's very difficult to determine. Theoretically you say well, that has nothing to do with it. Where was the Constitution? Constitution was not suspended, so it should have been operating, war or not. So where are we? But they made certain qualifications about, about that. And I think, the only thing I could say at the time is that they qualified it to some extent, but not, not to make a negative decision. However, two of those, something like eighteen months later in the Korematsu case when that finally got up to the Supreme Court, it was on, it was on the same principles, but on the exclusion order rather than curfew, the one I didn't get. And, and on that they had three, it was six to three. So there were, there were two factors operating there. One, the demurrers, they felt it went over. It not only went to the brink of constitutionality, it went over. And for exclusion order it went over. That's one factor. Second, was discussing curfew versus exclusion order, well, the principles are the same. It was both based on ancestry. They felt it was not, the three people who voted negative, felt that, that was going too far, to uproot people and so on. Curfew was simply a restriction: confined to the home during certain hours. Not, that's the only, it was primarily restriction. You had to get special permit. And then the fact that only, only one, one of those people whose ancestry was at war, not himself -- see, see, I'm an American citizen, only, we were at war with my ancestors.",
                "I think, I think they had to do with the fact of whether, I think justice, justice would be exercised in times of war. See that, that's a variable that's very difficult to determine. Theoretically you say well, that has nothing to do with it. Where was the Constitution? Constitution was not suspended, so it should have been operating, war or not. So where are we? But they made certain qualifications about, about that. And I think, the only thing I could say at the time is that they qualified it to some extent, but not, not to make a negative decision. However, two of those, something like eighteen months later in the Korematsu case when that finally got up to the Supreme Court, it was on, it was on the same principles, but on the exclusion order rather than curfew, the one I didn't get. And, and on that they had three, it was six to three. So there were, there were two factors operating there. One, the demurrers, they felt it went over. It not only went to the brink of constitutionality, it went over. And for exclusion order it went over. That's one factor. Second, was discussing curfew versus exclusion order, well, the principles are the same. It was both based on ancestry. They felt it was not, the three people who voted negative, felt that, that was going too far, to uproot people and so on. Curfew was simply a restriction: confined to the home during certain hours. Not, that's the only, it was primarily restriction. You had to get special permit. And then the fact that only, only one, one of those people whose ancestry was at war, not himself -- see, see, I'm an American citizen, only, we were at war with my ancestors.": "Right. Now, the question, I guess, as you're talking, that I'm thinking about is, here you have the Supreme Court, as you said, is there to uphold the Constitution, to rule on things dealing with constitutional issues. And your stand has been that as a United States citizen you have certain constitutional rights. And so the highest court of law has ruled against you. That must have shook you, because so much of your stand was based on the U.S. Constitution. How did you grapple with that as an individual after the ruling came down?",
                "Right. Now, the question, I guess, as you're talking, that I'm thinking about is, here you have the Supreme Court, as you said, is there to uphold the Constitution, to rule on things dealing with constitutional issues. And your stand has been that as a United States citizen you have certain constitutional rights. And so the highest court of law has ruled against you. That must have shook you, because so much of your stand was based on the U.S. Constitution. How did you grapple with that as an individual after the ruling came down?": "Well, it was, it was disappointing. I think we, we have to admit that. It was disappointing, and for a while I thought the Constitution failed me. Then it occurred to me that it wasn't necessarily the Constitution that failed me, it was the people who were placed in the responsibility of upholding the Constitution. People, these are nine people, and for a variety of reasons they came to their decision. And in my view they made an error. They made an error, but, and forty years later my views were upheld. It was reversed. Nothing was changed in, in terms of what happened to us. I mean, and there's no way in which we could rectify that. But injustice took place and the nation said they made an error. There's nothing much you could do beyond that except to take that to heart and try to make sure that it doesn't happen again. I think, I think we're involved in that sort of thing when the issue comes up about the Rape of Nanking."
            }
        },
        "segment 16": {
            "Segment Desc": "Message to students about citizenship and equality: \"you got to fight for it\"",
            "Segment Q&A": {
                "Before we get there, though, but what lesson -- I mean, as younger people or as students learn about the Constitution of the United States -- what lesson can they take away from what happened to you, your case, and then, yeah. What would you say in terms of, here you stood for certain constitutional principles and the Supreme Court ruled against you, and yet forty years later it was rectified, as you said. But what lesson would you tell students about this experience?": "I think, I think the experience that we have to keep in mind is a, is one of citizenship and what citizenship means. It was one thing for the Founding Fathers to come out with a preamble on which they placed their perspectives in writing the constitution for the kind of country they hoped to have. Gee, this was done by the Fathers of the Revolution. We're not even a country yet, yet we're talking about the Preamble to the Declaration of Independence, a statement that's used, I don't know, by so many countries. And we're drawing up similar statements at the birth of their country after being subjected as part of some empire. I think the thing we have to take in mind is a broader perspective in, in accomplishments of time. When does justice take place? And what, what happened to, to have it happen? You fight for certain principles. Some part of it is accepted. The rest of it didn't make it. But over the years continual battles take place. And the next time this case comes up again, we get the effects of those battles, battlefronts and human rights, and so on, that have taken place. So that in our country it took 130 years for women who, who accepted that statement about \"We hold these truths to be self-evident, that all men are created equal...\" They added to themselves and women, too. But it took 130 years of constant battles to have it become legalized. Abraham Lincoln made a statement, a proclamation, Emancipation Proclamation that, you know, the slaves are people. But it took a number of years, and the first one that came out, Plessy v. U.S. [Ed. note: Narrator is referring to Plessy v. Ferguson] in 1895 or '93 or something, which said you could have segregated justice. If, you could have inequality as long as, you could have segregation as long as it's equal. Now, what, what determines it? What, what the Supreme Court said in throwing that out, see, from 1893 to 1940, '54, the...",
                "I think, I think the experience that we have to keep in mind is a, is one of citizenship and what citizenship means. It was one thing for the Founding Fathers to come out with a preamble on which they placed their perspectives in writing the constitution for the kind of country they hoped to have. Gee, this was done by the Fathers of the Revolution. We're not even a country yet, yet we're talking about the Preamble to the Declaration of Independence, a statement that's used, I don't know, by so many countries. And we're drawing up similar statements at the birth of their country after being subjected as part of some empire. I think the thing we have to take in mind is a broader perspective in, in accomplishments of time. When does justice take place? And what, what happened to, to have it happen? You fight for certain principles. Some part of it is accepted. The rest of it didn't make it. But over the years continual battles take place. And the next time this case comes up again, we get the effects of those battles, battlefronts and human rights, and so on, that have taken place. So that in our country it took 130 years for women who, who accepted that statement about \"We hold these truths to be self-evident, that all men are created equal...\" They added to themselves and women, too. But it took 130 years of constant battles to have it become legalized. Abraham Lincoln made a statement, a proclamation, Emancipation Proclamation that, you know, the slaves are people. But it took a number of years, and the first one that came out, Plessy v. U.S. [Ed. note: Narrator is referring to Plessy v. Ferguson] in 1895 or '93 or something, which said you could have segregated justice. If, you could have inequality as long as, you could have segregation as long as it's equal. Now, what, what determines it? What, what the Supreme Court said in throwing that out, see, from 1893 to 1940, '54, the...": "Is that Brown v. Education? [Ed. note: Interviewer is referring to Brown v. Board of Education] Yeah.",
                "Is that Brown v. Education? [Ed. note: Interviewer is referring to Brown v. Board of Education] Yeah.": "Yeah. So that's about, yeah, it's about fifty years. It took fifty years of multiple cases of issues and constant battling before it was, the very fact that you, why do we have segregation? In order to be unequal. In order to have privileges. That itself was considered fundamentally unconstitutional. So segregation, segregation at first was okay as long as it's equal, and they pretended that blacks were getting the same treatment when they weren't. But the major reason for segregating was to maintain the privileges. So that's, that's what became accepted. The women got, got the franchise in 1980, but they're having to fight for justice. In the academic world, for example, periodically we have test cases to show that women -- although they are in the assistant professor, associate professor, full professor, but in much less, lesser percentages. And if you consider the periods -- 1950, 1960, 1970, 1980, 2000 -- you find differences increasing equality. It means you got to fight for it. You gotta be constant. That's, that's the part that, of reality that we have to keep in mind. The principles in a loose sort of way takes place somewhere long before people are willing to see it operationally. And it, it's, that's what you have to work towards, and it takes time. And lot of battling going on. It didn't come, it didn't come just because you just waited.",
                "Yeah. So that's about, yeah, it's about fifty years. It took fifty years of multiple cases of issues and constant battling before it was, the very fact that you, why do we have segregation? In order to be unequal. In order to have privileges. That itself was considered fundamentally unconstitutional. So segregation, segregation at first was okay as long as it's equal, and they pretended that blacks were getting the same treatment when they weren't. But the major reason for segregating was to maintain the privileges. So that's, that's what became accepted. The women got, got the franchise in 1980, but they're having to fight for justice. In the academic world, for example, periodically we have test cases to show that women -- although they are in the assistant professor, associate professor, full professor, but in much less, lesser percentages. And if you consider the periods -- 1950, 1960, 1970, 1980, 2000 -- you find differences increasing equality. It means you got to fight for it. You gotta be constant. That's, that's the part that, of reality that we have to keep in mind. The principles in a loose sort of way takes place somewhere long before people are willing to see it operationally. And it, it's, that's what you have to work towards, and it takes time. And lot of battling going on. It didn't come, it didn't come just because you just waited.": "Good. Okay."
            }
        },
        "segment 17": {
            "Segment Desc": "Reopening the case by filing for writ of error coram nobis",
            "Segment Q&A": {
                "So the Supreme Court decision came down. And so at that point the appeal process ran out, and so your sentence would then be in effect. What happened next?": "Well, when, when that happened, I thought, \"Well, at some point there ought to be another hearing. This isn't acceptable.\" But how do you get a hearing once the Supreme Court has decided? I mean, that's the final body, final appeal. I didn't know the answer to that. In the meantime, we were working on various other kinds of equality statement that we have adopted to one extent or the other. We're battling to get it more fully in practice. Now, what's happened in, with people like Peter Irons and Aiko Herzig Yoshinaga, and who was the person who died recently, who wrote...?",
                "Well, when, when that happened, I thought, \"Well, at some point there ought to be another hearing. This isn't acceptable.\" But how do you get a hearing once the Supreme Court has decided? I mean, that's the final body, final appeal. I didn't know the answer to that. In the meantime, we were working on various other kinds of equality statement that we have adopted to one extent or the other. We're battling to get it more fully in practice. Now, what's happened in, with people like Peter Irons and Aiko Herzig Yoshinaga, and who was the person who died recently, who wrote...?": "Oh. Michi Weglyn?",
                "Oh. Michi Weglyn?": "Michi Weglyn. She, she's been pointing out certain things which, which finally got accepted as part of relevant data. So it's -- see, these are data that are from the past. It was there before, but it was not envisioned that way and it was overlooked. And in the new context recently, well, in 1988, the, in, it didn't get to the Supreme Court. But the circuit court came out with a powerful statement in our case.",
                "...not at the Supreme Court level, but at the federal circuit court of appeals?": "Yeah. It's, it's legally, you have to discuss this with people beyond me in terms of the legality. In one sense only the Supreme Court can change a Supreme Court decision. A lower court, like an appeals court, court of appeals, cannot overrule a Supreme Court decision. However, they can over-, overrule certain kinds of cases at the appeals level, at their level, which they did. And they got, they did this powerfully, pointing out -- the government finally stopped arguing substantively on the legal part. They were trying to bring in all kinds of factors, relevancy factors, circumstances, technicalities that would overthrow the, have grounds to overthrow the court case. The Ninth Circuit Court of Appeals in my case said in no uncertain term that, when the government said, the two aspects that are of interest to me, one is -- let's see, now, how do I best illustrate this?",
                "Yeah. It's, it's legally, you have to discuss this with people beyond me in terms of the legality. In one sense only the Supreme Court can change a Supreme Court decision. A lower court, like an appeals court, court of appeals, cannot overrule a Supreme Court decision. However, they can over-, overrule certain kinds of cases at the appeals level, at their level, which they did. And they got, they did this powerfully, pointing out -- the government finally stopped arguing substantively on the legal part. They were trying to bring in all kinds of factors, relevancy factors, circumstances, technicalities that would overthrow the, have grounds to overthrow the court case. The Ninth Circuit Court of Appeals in my case said in no uncertain term that, when the government said, the two aspects that are of interest to me, one is -- let's see, now, how do I best illustrate this?": "",
                "And again, we're at the coram nobis where we're about forty, a little more than forty years later in 19-, about 1983 that you start going through a series of hearings with the government that took another look at your case. And I guess a place where I'll start is, the government had several arguments, but two that come to mind are one, the duration, the length of time from when the Supreme Court ruled back in the '40s to the '80s, and that was one of their arguments, that it was too long to reopen it. And the second one was whether or not you suffered as an individual because of this ruling. Let's start with, first, the duration, and can you talk a little bit about why that argument didn't hold much water?": "Well, the duration, the, they pointed out that Grodzins,in his book, American Betrayal [Ed. note: Narrator is referring to Morton Grodzins' book, Americans Betrayed: Politics and the Japanese Evacuation] -- I don't know exact title of it, of that book, 'cause I haven't read over the bibliography recently, but one of those that came out in the early '50s, I believe, or late, late '40s -- where the government said, \"All these arguments that you're pointing out, he's already made those. Why didn't you make those appeals then?\" And, and the answer to that was that until the archives produced the evidence that Grodzins was making in his case, we didn't have the grounds to put that forward. We agreed with the sentiments, but we didn't have the grounds. With those archival records, we do now.",
                "Well, the duration, the, they pointed out that Grodzins,in his book, American Betrayal [Ed. note: Narrator is referring to Morton Grodzins' book, Americans Betrayed: Politics and the Japanese Evacuation] -- I don't know exact title of it, of that book, 'cause I haven't read over the bibliography recently, but one of those that came out in the early '50s, I believe, or late, late '40s -- where the government said, \"All these arguments that you're pointing out, he's already made those. Why didn't you make those appeals then?\" And, and the answer to that was that until the archives produced the evidence that Grodzins was making in his case, we didn't have the grounds to put that forward. We agreed with the sentiments, but we didn't have the grounds. With those archival records, we do now.": "And what period of time, from the time the information was uncovered at the National Archives to when you reopened the case? What period of time are we talking about there?",
                "And what period of time, from the time the information was uncovered at the National Archives to when you reopened the case? What period of time are we talking about there?": "We, archives, I think archives was opened sometime in the '30s.",
                "1981 or '82?": "Yeah.",
                "...that, to the time of your reopening the case?": "We had, we had hypotheses prior to that, and some of those have been demonstrated now. But at the time we didn't have the documents to do that."
            }
        },
        "segment 18": {
            "Segment Desc": "Ninth Circuit Court of Appeals vacates the conviction, but does not overturn the Supreme Court ruling",
            "Segment Q&A": {
                "Talk about the, addressing the suffering issue?": "My law team was very concerned about how to point out that I was suffering -- my food, my work opportunities, and so on. I, I was fully occupied 'til retirement. So he said, so they said, \"It's hard to demonstrate that you were suffering.\" And if you're not suffering, what right do I have to appeal to remove the suffering? To which the appeals court stated, any American citizen who has been deprived of his rights from such factors as ancestry or religious creed or something of that type, if he's been deprived on those grounds then he is forever aggrieved -- and threw that question out.",
                "My law team was very concerned about how to point out that I was suffering -- my food, my work opportunities, and so on. I, I was fully occupied 'til retirement. So he said, so they said, \"It's hard to demonstrate that you were suffering.\" And if you're not suffering, what right do I have to appeal to remove the suffering? To which the appeals court stated, any American citizen who has been deprived of his rights from such factors as ancestry or religious creed or something of that type, if he's been deprived on those grounds then he is forever aggrieved -- and threw that question out.": "And so through this process, and again, I'm not sure exactly what level this is. This is the circuit court of appeals?",
                "And so through this process, and again, I'm not sure exactly what level this is. This is the circuit court of appeals?": "This is the circuit court, which is immediately preceding the Supreme Court, and...",
                "So they vacated your conviction, but yet did not overturn the Supreme Court?": "Yeah. Well, they have no authority to overturn the Supreme Court conclusion, but they, they overturned the -- on data that they have now they overturned the grounds for, that were, were suppositions in earlier books, suppositions we subscribed to. However, we didn't have the data to back it. That supposition was based on pretty good sense it seems, because the data substantiates it. But it wasn't 'til the, the data was in hand that the appeals court was presented with the data from the federal archives.",
                "Well, it seems, I guess, I'm not sure what the right term, unfortunate, that this process didn't go all the way to the Supreme Court, just so that you were able to get your day at that level to address some of these issues at that level. I mean, what, how do you feel about that?": "I feel that. I felt we ought to wipe that out. Too bad we didn't wipe it out, but at the time the government today had so thoroughly overturned the thing foundationally that the government didn't feel they had any grounds to succeed by appealing. The only way you could appeal to the Supreme Court is for the losing side to put in arguments for a new hearing.",
                "Although they would have to be the ones to appeal to the Supreme Court?": "That's right. That's right. That's the way the system is.",
                "Could you say a little bit about the nature of the evidence, the data that was found that was, why it was that it was so convincing that the government attorneys decided not to appeal?": "Well, the evidence, we found evidence of suppression of information which was available to various departments, statements by naval intelligence on the, and the Federal Communications Commission regarding investigation of the data of possible spy sounds they detected, and other kinds of information that were supposedly subversive information. They checked out everything, and not a single one dealt with foundational information nor, or connected them with Japanese population, residents.",
                "on, and the viewpoint regarding the, the basis on which the uprooting took place, it was not on the fact that there was evidence of espionage or sabotage, that sort of thing, against the persons of Japanese ancestry, and that we didn't have the time to investigate it. It was the fact that no data was presented, and that on the basis of emergency, which was later denied to have been the existing situation. Therefore, the decision to use the citizenship -- you know, they said, \"We couldn't, we didn't have the time to investigate the suspective, suspects from solid citizens. There was, there was no evidence. There was no evidence we found that, that they were suspects even.\" So the grounds, absence of grounds of doing this, and they used those grounds to move us. I was, I was subject to those statements only because of my ancestry. And being tested on that grounds is enough to throw it out, they said. And they, they said this without, with such force that -- you know they said, \"Any time somebody's rights are absolved because of such immutable things as race or background or origin, has nothing to do with behavior.\" Therefore, it's thrown out, and they didn't have anything to refute those arguments. These are getting down to technicalities. Did we have the right to appeal in the first place? Well, we do. We did have the rights. And the conclusion holds. So, in this sense, I didn't get my time back. There's no way you could do that. So... and those who, who suffered from shame and all that type of personality depravation, they had to suffer it. But after, ex post facto, afterwards, they got their thing back. It means, we still had to work hard for it, and we, we made some grounds. We can only keep it if we keep working at it. We don't, there's nothing that says, \"Now, we can relax. We're okay now.\" It's only okay if we look after our doors.": "That's good. I think that's a good place to stop."
            }
        }
    }
}