{
    "Narrator_Name": "Grace Watanabe Kimura",
    "Bio": "Nisei female. Born 1925 in Los Angeles, California. Grew up in Boyle Heights, where father was a prominent Baptist minister, establishing his own church. Following the bombing of Pearl Harbor on December 7, 1941, removed with family to the Poston concentration camp, Arizona. Obtained student leave to finish high school in Abilene, Texas. Post-World War II, graduated from college in Texas, and lived in Chicago and New York.",
    "Title": "Grace Watanabe Kimura Interview",
    "Interviewer": "Megan Asaka",
    "Location": "Torrance, California",
    "Date": "July 7, 2009",
    "Densho ID": "denshovh-kgrace-01",
    "transcript": {
        "segment 1": {
            "Segment Desc": "Born in Los Angeles, California",
            "Segment Q&A": {
                "Good. So I just wanted to start with a few basic questions. Where were you born?": "I was born in Los Angeles.",
                "And what area of Los Angeles was that?": "I'm not really sure. It was not in Boyle Heights because we moved there later. So I'm not sure... I think near the Gardena area.",
                "Okay. And when were you born?": "1925.",
                "And what was your name at birth? What was the name your parents gave you?": "Just Grace Watanabe. I did not have a Japanese middle name.",
                "Okay. And how many children were in your family? How many siblings did you have?": "Well, there were three of us daughters.",
                "What are your sisters' names?": "The sister right under me is Jessie, and the youngest is Ruth. Do you want their last names, too?",
                "The sister right under me is Jessie, and the youngest is Ruth. Do you want their last names, too?": "Oh, no, that's okay. First names is great."
            }
        },
        "segment 2": {
            "Segment Desc": "Father's family background: raised in a Christian orphanage",
            "Segment Q&A": {
                "And I wanted to also ask you a little bit about your father who has an interesting background. And can you talk about his childhood in Japan, where he was born and a little bit about his background?": "My father was born in Gifu, Japan, that's in the middle of Honshu island. And at one time, his family were quite well-off. They had land and other things. But then later, their, the luck changed and they were not as wealthy as they were before. Then a big earthquake hit Gifu, and the father died in the earthquake and the mother was left with, I think, seven children. So my father wrote that he was one of the children that was thrown out of the window to save his life. And so about four of the children were placed in an orphanage, a Christian orphanage. And so that's where he grew up. (...) I have a little record of his life, and he said that when the orphanage was not very wealthy, and so a lot of times the children had to go out and sell pencils or other little things to bring a little money into the orphanage. And many times the children were made fun of because they were trying to sell things. So it was not an easy life, and a lot of times they didn't have enough food. And so I think it was a harsh bringing up.",
                "And was this a Christian orphanage, was it affiliated with the church?": "Yes. I don't know which denomination, but yes, the man heading it was a reverend, Reverend Igarashi. And my father was able to meet some American missionaries while there, and so they really helped him shape his later life.",
                "And what are the reasons that he came to the United States?": "Well, I think to better his life. And I think he spoke to these American missionaries and they said, \"Well, if you want to better your life, why don't you come to America, then?\" So I think that's why he had the connection to come to the United States.",
                "Well, I think to better his life. And I think he spoke to these American missionaries and they said, \"Well, if you want to better your life, why don't you come to America, then?\" So I think that's why he had the connection to come to the United States.": "Do you know how old he was when he came over?",
                "Do you know how old he was when he came over?": "I believe he was about seventeen.",
                "And at that time, was he interested in becoming a pastor, do you know?": "I think maybe that's when he started thinking that he wanted to become a minister, yes. And then that's why he went on to Yale to get his master's. And I believe that was in the theological area."
            }
        },
        "segment 3": {
            "Segment Desc": "Mother's family background",
            "Segment Q&A": {
                "And then how did he meet your mother?": "Well, he met my mother in Tokyo. In 1924 when he was still at Yale, they passed the Oriental Exclusion Act, so no more Japanese or Chinese could enter the country. So he thought, \"Well, if I wanted to marry a Japanese woman, I'd better go back to Japan right now.\" So that's what he did, he interrupted his studies and sailed back to Japan. And he was in Tokyo, and my mother's oldest sister was living in Tokyo at that time at the home of a man where she was a tutor to his children. So the man went, I think, to some church and heard my father speak about his impressions of America. And I think he mentioned he's looking for a wife, too. So then this man asked my Aunt Hana, \"Do you know of anybody?\" (In) my mother's family, there were eleven children. So Aunt Hana then contacted my mother up in Hokkaido, the northern island, and said, \"I want you to come down and meet Reverend Watanabe.\" So that's what she did, she took the train down and came down to Tokyo and they met, and then they were married. So it was a very short courtship.",
                "Well, he met my mother in Tokyo. In 1924 when he was still at Yale, they passed the Oriental Exclusion Act, so no more Japanese or Chinese could enter the country. So he thought, \"Well, if I wanted to marry a Japanese woman, I'd better go back to Japan right now.\" So that's what he did, he interrupted his studies and sailed back to Japan. And he was in Tokyo, and my mother's oldest sister was living in Tokyo at that time at the home of a man where she was a tutor to his children. So the man went, I think, to some church and heard my father speak about his impressions of America. And I think he mentioned he's looking for a wife, too. So then this man asked my Aunt Hana, \"Do you know of anybody?\" (In) my mother's family, there were eleven children. So Aunt Hana then contacted my mother up in Hokkaido, the northern island, and said, \"I want you to come down and meet Reverend Watanabe.\" So that's what she did, she took the train down and came down to Tokyo and they met, and then they were married. So it was a very short courtship.": "And what is your father's name? I wanted to ask you...",
                "And what is your father's name? I wanted to ask you...": "Paul Yorishige Watanabe.",
                "And your mother's name?": "Chie Watanabe. Same surname, but not related. Isn't that interesting?",
                "Chie Watanabe. Same surname, but not related. Isn't that interesting?": "Okay, interesting. Both Watanabe.",
                "And what did your mother's family do in Hokkaido?": "Well, her father worked at the agricultural college in Hokkaido. (He was) in charge of taking care of the animals. So my mother says he used to bring home samples of milk, cheese and other Western type foods. So she was introduced to all that early in her life. That's what he did.",
                "And was your mother's family Christian, do you know?": "I don't think so, no.",
                "I'm wondering if your father ever mentioned how he was treated in Japan as a Christian growing up, and as part of a Christian orphanage? Just because I know that Christianity wasn't looked upon too well in Japan at that time.": "No, it wasn't. From the time he was in the orphanage, I guess it was okay, they were accepted. But then, like I said, when he went out of the orphanage to sell little things, they were taunted and made fun of and everything.",
                "And did they go right to Boyle Heights?": "No. They landed in Seattle, and then they made their way down the coast, Oregon and then to California.",
                "And that's when they went down to southern California?": "Yes, and then they ended up in southern California, right. And I believe it was in the Gardena area.",
                "Did your mother also speak English or just Japanese?": "Well, she could understand English when people spoke it, but then she was more comfortable speaking Japanese. So when we were growing up, inside the home, we would speak Japanese to her. And then once we went out the door, then it would be English."
            }
        },
        "segment 4": {
            "Segment Desc": "Growing up in Boyle Heights, a multiethnic neighborhood",
            "Segment Q&A": {
                "And what are some of your earliest memories? You grew up in Boyle Heights, what was, what were some of your earliest memories of Boyle Heights and of your neighborhood?": "I remember (...) it was a multiethnic neighborhood, there were Japanese, Chinese, Hispanic, Jewish, even Russian people there. So I think that was helpful to get along with all sorts of people. So there were a lot of Jewish shopkeepers, I remember, and so we learned to eat gefilte fish and pickled pigs feet and things like that. And one of my best girlfriends at that time was a little Jewish girl who looked a little bit like Elizabeth Taylor. So we used to pal around and she'd come to our home or I would go to her home, and our mothers were very nice to the children.",
                "So, that's interesting. So you would socialize with, like, the Jewish girls and the different ethnic groups would socialize together?": "Yes, yes, very much so.",
                "And what did (...) do you know what most people did? Like their occupation in Boyle Heights, was it sort of a working class community, was it more middle class would you say?": "I would say sort of between there. It was sort of working class and middle class. So I'm not sure what the fathers did, what the Japanese fathers did. I know one man was a newspaper man, and I'm not sure what the other fathers did.",
                "Was there an area of Boyle Heights like where there were shops or like a commercial area at all?": "No, not in Boyle Heights. But in Little Tokyo, which was a little distance away, (...) then there was the Little Tokyo community of Japanese shops and restaurants and businesses.",
                "Okay. So Boyle Heights was like, mainly residential?": "Yes.",
                "And what did your house look like, what kind of house did you grow up in, and the street you lived on and who were your neighbors?": "All right, we moved about three times when we were in Boyle Heights. And, well, I used to have some good friends there that we played with, and we would play games like jacks, we'd sit on the sidewalk and play jacks 'til my fingers were bleeding. [Laughs] Or we'd play hide-and-go-seek or kick the can. And one thing I remember we enjoyed was we'd wear roller skates and form a long line with our friends and go all the way around the block holding hands. So we had a good time. And I remember we had a pet called Happy, a little fox terrier, so we enjoyed watching him. My sister loved him so much that she kind of took care of him more than I did.",
                "Did you attend Japanese language school?": "I did. After regular school, I went five days a week to the Japanese language school. And the school was right in the church where my father was serving, the Evergreen Baptist Church."
            }
        },
        "segment 5": {
            "Segment Desc": "Father's role as pastor at a Baptist church",
            "Segment Q&A": {
                "Okay, so your father was serving at the Evergreen Baptist Church, and that was the main Japanese Baptist church of that area?": "Yes, of that area.",
                "And do you know a little bit about the history of that church? Was it in Boyle Heights?": "Yes, it was right in Boyle Heights at, I think, Second and Evergreen Avenues. And I really don't know too much about the history of the church. But my father had a nice congregation there, and I have pictures, many photographs of the church members, they all stood in front of the church, and it was a group photograph that was taken. And it looked like one happy family. [Laughs]",
                "And I imagine there was also a Buddhist church, Japanese Buddhist church?": "(Yes), there were, and then I think something called Nichiren. And yes, there were other (churches) because a lot of the Japanese people were not Christians. They believed in other things like Buddhist and Nichiren, and I can't remember what other, but it was not all Christian.",
                "Right. Do you know what relationships were like between the various churches? Like the Buddhist church, for example, and the Baptist church, were they...": "As far as I know, they didn't do too many things together like they do now, you know. Now it's more ecumenical and all the religions tried to work together. But back in those days, they stayed in their own groups.",
                "I wonder about a lot of the Japanese Christian community in the United States and if they came over and then became interested in Christianity, or it happened more in Japan and then they... do you have any idea about when then that happened?": "I think for our parents' generation, I think they were, they became Christians in Japan and then they came over. I believe that's the way it was. And a few may have become Christians after they came here, but I kind of think they were already Christians in Japan when they came."
            }
        },
        "segment 6": {
            "Segment Desc": "Memories of elementary school, celebrating holidays",
            "Segment Q&A": {
                "And what, tell me about your elementary school. What was the name of your school?": "The name of the school was First Street School. And we went there from kindergarten up 'til sixth grade. And one teacher that I remember particularly was our fourth grade teacher, Mrs. Futterman, and I remember her because she would let me fix her a lettuce salad for lunch every day, and then she had me put some French dressing on it. And that's the first time I had tasted French dressing. So she let me do that every day. And then another teacher I remember was in fifth grade, her name was Mrs. Cohen, but I really don't remember too much about her.",
                "Oh, in First Street School?": "Yeah, in your elementary school.",
                "Like in your classes, were there lots of Niseis?": "No, there were not a lot. Maybe ten percent, so it was not a lot. However, when you took the whole school, you know, I guess there was a sizeable number of Japanese students.",
                "Was it primarily Jewish?": "No, there again, I think it was mixed. We had some black students and Hispanics and Russians even, and Chinese and Japanese. So it was mixed.",
                "I was gonna ask you about what you, the food you ate at home. What kind of food did your mother prepare? Was it mainly Japanese?": "Yes, it was mostly Japanese, and she made good stir fried main dishes. So we always had rice and usually miso soup, and then she made these Japanese pickles, you know, out of cucumber or radishes. So yes, I would say it was mostly Japanese cooking.",
                "And did you do a New Year's celebration in your family? Or what holidays did you celebrate?": "Yes, well, we had New Year's celebration, so we had the usual mochi and then all the special dishes that they serve at New Year's Day like lima beans and... let's see, what else? They had, I guess, lima beans, and then they had fish, small fish, and all of those were supposed to bring good luck. So what else did they have? Oh, they had something made with seaweed flavored with soy sauce and things like that.",
                "Yes, well, we had New Year's celebration, so we had the usual mochi and then all the special dishes that they serve at New Year's Day like lima beans and... let's see, what else? They had, I guess, lima beans, and then they had fish, small fish, and all of those were supposed to bring good luck. So what else did they have? Oh, they had something made with seaweed flavored with soy sauce and things like that.": "And what were your Christmas, Christmases like?",
                "And what were your Christmas, Christmases like?": "Christmases like? Well, my parents, we always put up a tree, and every Christmas they would buy some gifts for the three children but then keep them hidden until Christmas Day and then we were able to open them, then they'd put them in little suitcases for us. So we always looked forward to that, opening them on Christmas Day.",
                "Christmases like? Well, my parents, we always put up a tree, and every Christmas they would buy some gifts for the three children but then keep them hidden until Christmas Day and then we were able to open them, then they'd put them in little suitcases for us. So we always looked forward to that, opening them on Christmas Day.": "Segment 6> - Copyright ©2009 Densho. All Rights Reserved."
            }
        },
        "segment 7": {
            "Segment Desc": "Visiting Japan as a child",
            "Segment Q&A": {
                "And you took a trip to Japan. Can you talk about that trip? How old were you when you were...": "I think I was about eight or nine, and my sisters were like eight and three. So we sailed to Japan. In those days, it took about two weeks to cross the Pacific, and we went on a ship called Montevideo, which originated in South America. And first we went to visit Gifu where my father was from. And one thing I remember about Gifu is their (...) show where the cormorant birds, they would tighten their necks, and then they would go into the lake and then get the fish and keep them stored in their throats. And then they kept them there to feed the young, and there were a lot of boats there and they were all decorated with colorful lanterns, and this was held mostly in the evening. So people from all over Japan would come to see this event. And then my mother took us to Hokkaido, to the northern island, and my mother came from a large family so we got to meet, first, her parents, who were very nice, our grandmother and grandfather. And then we got to meet her sisters and some of her brothers. And one uncle in particular, Kiyoshi, gave us a ride on his bicycle, I remember. So we enjoyed it. We enjoyed Sapporo very much.",
                "And do you remember when you were in Japan, I mean, as an American but someone of Japanese ancestry, how were you treated by just, I mean, people in Japan maybe on the street? Or did people know that you were American or, I guess, did they assume you were Japanese?": "Yes. Well, back in those days, I didn't notice too much how they perceived us, how the Japanese people perceived us. But later on, after becoming an adult, there is a big difference in how we were perceived. But at that time, we were like, just eight or nine. So I did not notice that they were, that they thought we were different.",
                "And how long were you in Japan?": "The whole summer vacation, so about three months.",
                "And was that your only, only trip back there in your childhood?": "Yes, during my childhood that was the only trip.",
                "Did your father travel back and forth at all?": "You mean to Japan?",
                "You mean to Japan?": "Yes, to Japan?",
                "Yes, to Japan?": "No. And then on that particular trip, he did not go with us. So he stayed in the States and just my mother took us children."
            }
        },
        "segment 8": {
            "Segment Desc": "Losing family home to fire",
            "Segment Q&A": {
                "And something that you wrote about in your written memoirs was something very frightening, the fire that broke out in your house. Can you talk about that (morning)?": "Well, it was early Sunday morning, and we had some houseguests, so they were sleeping in the front part of the house where my parents usually slept. So the rest of us, five of us, were in the back bedroom. And early that morning, I could hear, something woke me up and I could hear crackling. So I thought, \"Oh, I wonder what's the matter,\" so then I woke up and opened the bathroom door, and all these huge tongues of orange flames came at me. So I quickly closed the door and shouted, \"Fire.\" And then my parents woke up. They were sound asleep and they didn't even hear any of the commotion. And what had happened was our hot water heater had blown up quietly, it didn't make any noise, and then that set the place on fire. Oh, so then we had to hurry and, you know, get up, and then we had to go out the front door, we couldn't go out the back door. So we knocked on the bedroom door where our guests were staying, and we all went out and crossed the street and watched our house burn down. That was very frightening.",
                "And how old were you at this point?": "I'm trying to think. So it was after we went to Japan, maybe I was early teenage. That was awful."
            }
        },
        "segment 9": {
            "Segment Desc": "Parents' founding of the Fundamental Baptist Mission",
            "Segment Q&A": {
                "I wanted to talk a little bit more about your father's, the Evergreen Baptist Church, your father's church when you were younger. And did the church sponsor, like, social activities or was it like a community center as well?": "I think they did have some activities. I know they had a young people's group, and then they had the Japanese school. But aside from that, I'm not sure what other meetings they had. Because I guess I was kind of young, and I just didn't notice all the things that were going on in the church.",
                "Can you talk about that a little more?": "Well, my father was at the Evergreen Baptist Church for several years, but then he found that a lot of the members didn't believe the way he believed, you know, in, like the virgin birth and the miracles that Jesus performed, things like that, and (did not believe) everything in the Bible. And so that bothered my father a lot, and he just couldn't seem to get them to \"think the way that they should,\" because he had a very fundamental, evangelistic view of religion. So then he decided, well, the best thing would be to just resign, so he did. And then he decided he wanted to found a mission called the Fundamental Baptist Mission to the Japanese. So he did everything completely on faith. He didn't have anything lined up, really. So what he did was in the summertime, he would travel to Illinois, Kentucky, Ohio, and speak to the churches, fundamental Baptist churches. And they all welcomed him as a missionary. And so then they would take up offerings to help my father's work. So back in Los Angeles, my mother and he opened up this Fundamental Baptist Mission to the Japanese, and they started with children. They figured if you bring up a child in the way he should go, he would stay with it. So they opened a kindergarten. And we had quite a few little youngsters come over. And so my mother made soup for them every day for lunch, and the children heard Bible stories and they had craft work and other things. Then other people came to help there, too, help with the work.",
                "Yeah, the authorities said he had to stay, right? They separated you, basically.": "Right, they did. And so the Caucasian minister friends, Baptist minister friends, appealed to the government to, \"Please, can the Watanabe family stay here with their father until he got better?\" But we could not get special permission to stay. So then he had to undergo three surgeries. So after his first surgery, then we just had to bid him goodbye and leave for camp.",
                "Right, they did. And so the Caucasian minister friends, Baptist minister friends, appealed to the government to, \"Please, can the Watanabe family stay here with their father until he got better?\" But we could not get special permission to stay. So then he had to undergo three surgeries. So after his first surgery, then we just had to bid him goodbye and leave for camp.": "Going back a little bit to your father's mission, I imagine it was difficult for him to sort of start over again?",
                "Going back a little bit to your father's mission, I imagine it was difficult for him to sort of start over again?": "Very, very difficult, yes. So that's where their faith really played a big role. He just trusted in God. So God took care of him, so that just shows how deep his faith was that God would take care of him and his family.",
                "And he spent a lot of time traveling, it seems, and getting support from more of a national group?": "Right. But mostly he was traveling during the summertime. Because during the other months, then he was working in the mission. So as usual, in the summertime, he'd visit these different churches. One of the Caucasian ministers would make out a schedule for him. \"Today you go here, tomorrow you go there,\" like that. So it was hard because every day he was in a different city and had to talk at each place. So it was very difficult.",
                "And so he traveled outside of the West Coast, right? So these were to mainly, like, Caucasian congregations?": "Oh, yes, they were all Caucasians, yes.",
                "That's interesting. Did he ever talk about how he was received by them? I mean, were they interested in him, his background because he was Japanese?": "Yes, I think they were all interested. That's why they came out to hear him, and that's why the Caucasian ministers announced to their congregation, \"Well, tomorrow Reverend Watanabe is coming to speak,\" like that. So yes, they welcomed him. Yes, there was no prejudice at that time.",
                "And when your father left the Evergreen Baptist Church, was it sort of a, was it a friendly departure, or was there a little tension there?": "Yes, there was tension. For sure there was tension. So it was not an easy thing to do. Because he could have stayed and just had a comfortable life, because the church was going very well. So it was very difficult making that decision to leave. And then, of course, he knew he had a family to support. So it took a lot of courage to do what he did.",
                "And did he have the services or the kindergarten you were saying, was that in your home?": "Yes, it was in our home. We had a large enough home that it would accommodate those children.",
                "And how large was, how many children, I guess, were there at its peak?": "Maybe about fifty."
            }
        },
        "segment 10": {
            "Segment Desc": "Attending high school",
            "Segment Q&A": {
                "And tell me about your high school experience. Which high school did you attend?": "I started out at Roosevelt High School in Boyle Heights, but then after a year, they encouraged those of us who lived to the east, that since the school was too crowded, we should go to Huntington Park High School, so I transferred there. And I remember I was in the glee club there, and I learned clogging as part of the physical education program. So I remember we had to take a streetcar to get to the high school, which was kind of far. But we enjoyed it. It was a good high school to go to.",
                "What were some of your favorite subjects?": "Subjects? I liked music, so I think I was a member of the glee club. And I liked English literature and things like that, and math I did not like. And yes, that's about it. I think English I liked and then History I kind of liked, and then music, too.",
                "Subjects? I liked music, so I think I was a member of the glee club. And I liked English literature and things like that, and math I did not like. And yes, that's about it. I think English I liked and then History I kind of liked, and then music, too.": "I'm just curious about your father's views towards education. He was quite educated himself, and if he encouraged you girls to have careers or to pursue higher education?",
                "I'm just curious about your father's views towards education. He was quite educated himself, and if he encouraged you girls to have careers or to pursue higher education?": "Higher education? He certainly did. And especially me, since I was the oldest child, he kept saying, \"I hope you'll go ahead and get your graduate degree, get your PhD,\" and so forth. Yes, he stressed education very much. But we didn't have that chance to pursue education like that, because he died.",
                "Higher education? He certainly did. And especially me, since I was the oldest child, he kept saying, \"I hope you'll go ahead and get your graduate degree, get your PhD,\" and so forth. Yes, he stressed education very much. But we didn't have that chance to pursue education like that, because he died.": "And so it seems like, you know, when you were growing up in elementary school in Boyle Heights, that all the different ethnic groups sort of mixed together and socialized. Was that the same? Did that continue when you were in high school?",
                "And so it seems like, you know, when you were growing up in elementary school in Boyle Heights, that all the different ethnic groups sort of mixed together and socialized. Was that the same? Did that continue when you were in high school?": "Yes. Now, when I went to Huntington Park High School, there was not that mixture of nationalities there. It was mostly Caucasian. So it was a little different, the atmosphere was different.",
                "And how many, like, Niseis were in your class at Huntington Park?": "Huntington Park? Oh, there were none.",
                "Huntington Park? Oh, there were none.": "Oh, so you were the only ones?",
                "Oh, so you were the only ones?": "(Yes), right. So I think most of my Japanese friends, they continued on at Roosevelt High School. They stayed in Boyle Heights.",
                "And where was, where was the high school located?": "I believe it's east of Los Angeles, Huntington Park.",
                "And at that time, what were some of your hobbies or things that you would do, social things on the weekends or after school?": "Well, I used to take piano lessons. So I took piano lessons for several years. And social activities, I don't think I had any special, except that I had my Japanese friends and we would just do the usual thing.",
                "Did your father's mission have, I know he was working mostly with younger children, but was there a youth group or anything, or did you do any activities with your father's mission?": "You mean after he changed to the --",
                "...in that area?": "Yes, it was. And I'm sure there were other denominations with a fundamental background, but then among the Baptists, my father's mission was the only one. So it's too bad that he didn't have a chance to really develop it. That's what he was planning to do. Because he wasn't really that old, he was only fifty-six when he died."
            }
        },
        "segment 11": {
            "Segment Desc": "Hearing about the bombing of Pearl Harbor; preparing for removal while father is very ill",
            "Segment Q&A": {
                "So let's talk about December 7, 1941, the day that Japan bombed Pearl Harbor. Can you tell me your memories of that day?": "Let's see. That was a Sunday, I believe. I think I was at home and had the radio on. And I can't remember, if it was a Sunday, we would go to church, but, so that part is kind of fuzzy in my mind. But I think I was at home, and then the news came on the radio of what had happened in Pearl Harbor. But that's the only remembrance I have of it. I don't really have any vivid memories.",
                "And what about, like, going to school the next day? How was that for you and your sisters?": "Well, it was kind of uncomfortable. Because the people looked at us like we were the enemy, because they didn't differentiate between Japanese in Japan and the Japanese in this country. So yes, it was uncomfortable. And even in later years whenever December 7th came, it was very uncomfortable because people would kind of stare at us. And we felt guilty, which we shouldn't feel guilty about, but yes, it was uncomfortable.",
                "And do you remember your father or your mother talking with you about Pearl Harbor, or do you remember their reactions to the news?": "See, at that time, my father was sick, so we didn't really get to talk to him about it. It would have been interesting to get his take on it, because he was really interested in world affairs and things. And my mother was, she was more quiet, so we really didn't have too many discussions about it.",
                "So was that, was he in the hospital at that point?": "Well, it would be after Pearl Harbor that he entered the hospital, right. So I remember when we got the news that we had to be evacuated and my father was still at home, but he was very thin and weak. And he was helping with the packing, putting all of his books, because he had so many books, into these crate boxes and he was trying to pound nails into them. But I remember he was very weak. So then we had to get help from another young man to help us with the rest of the packing.",
                "And... I just, I can't imagine how, sort of, difficult and scary that time must have been for your family with your father sick. And here you are, you hear news that you have to be going to camp somewhere, being removed. And how did your mother cope during that time? You as the eldest daughter, did you feel like you had more responsibility?": "(Yes). My mother was a very strong person. She didn't talk a lot, she was quiet, but I'm sure she suffered. But she was very strong, and again, she had her faith in God to carry her through. But we sort of talked about it, that since I'm the oldest, then I'd have to help her. So it was a very difficult time.",
                "And then sort of preparing for camp, to be removed from the city, what happened to your possessions, your home, everything like that?": "Well, we had to, (sell out) appliances and furniture (...). And there were always people who would take advantage of people trying to get rid of their things. So I'm sure we practically gave away most of our things. And some of (my father's) books and things (...), some of our Caucasian ministers said that they would store them for us, which was very helpful. And some of our, like, albums and things that we didn't want to lose, they held for us. So we were fortunate that we still have all those things, albums, and my father's sermon notes, he had boxes and boxes of sermon notes, some of which I have donated to the Japanese American National Museum.",
                "When did it... so you were talking before about, your father was in the hospital. When did it become clear that you would be separated from him, that he would have to stay in the hospital and you were gonna, basically, have to leave?": "Well, when we got the evacuation order, when our neighborhood was supposed to be evacuated, that's when we realized, oh, then we have to leave our father. So it was hard having to just leave him by himself, as sick as he was. And then we were put on these old troop trains, and we didn't know where they were taking us, they didn't tell us, and we didn't know how long we would be gone either. So it was just a very, kind of a scary time."
            }
        },
        "segment 12": {
            "Segment Desc": "First impressions of Poston: having to share a barracks room with another family",
            "Segment Q&A": {
                "Okay, so we were talking about kind of that time you were leaving Los Angeles. And can you tell me about that day that you left and your memories of the day that you left for camp, basically, had to leave Los Angeles?": "Well, we had to meet at a certain location, and then we were put on these troop trains, these old troop trains. And there were these MPs with rifles guarding us (...). We weren't told where we were going or how long we were going to be gone, so that made it even harder. And then, so I remember we went on the train and then we crossed the border from California into Arizona, and then that's where they dropped us off. And that was a place called Poston, and we went to Poston I. And it was an old Indian reservation in the desert, completely bare and hot, and very dusty. The first thing they told us after we got off of the train was we had to stuff our mattresses. They gave us some cotton ticking materials, bags, and they said, \"Okay, there's the pile of straw there, (you are going to) fill that up for your mattress.\" So we did the best we could, so it was not very comfortable. But I remember my mother saying that was really just the most forlorn feeling to first be taken out of your home and out of the state, and then (having) to stuff our own mattresses. It was very demeaning, but we did it. And then, I mean, do you want me to go ahead and talk about the camp?",
                "Well, we had to meet at a certain location, and then we were put on these troop trains, these old troop trains. And there were these MPs with rifles guarding us (...). We weren't told where we were going or how long we were going to be gone, so that made it even harder. And then, so I remember we went on the train and then we crossed the border from California into Arizona, and then that's where they dropped us off. And that was a place called Poston, and we went to Poston I. And it was an old Indian reservation in the desert, completely bare and hot, and very dusty. The first thing they told us after we got off of the train was we had to stuff our mattresses. They gave us some cotton ticking materials, bags, and they said, \"Okay, there's the pile of straw there, (you are going to) fill that up for your mattress.\" So we did the best we could, so it was not very comfortable. But I remember my mother saying that was really just the most forlorn feeling to first be taken out of your home and out of the state, and then (having) to stuff our own mattresses. It was very demeaning, but we did it. And then, I mean, do you want me to go ahead and talk about the camp?": "Sure, yeah.",
                "So after we stuffed our mattresses, then we were assigned rooms in each of these barracks, like these army barracks, was divided into four rooms or apartments, they called it. And you had to have five in the family to deserve one room. But since there were only four of us, and we told them we expected our father to join us pretty soon, can we still, can we have one room? But they said no. And so we were put in this room, my mother and three daughters, and then with another couple, a man and his wife. Because there were just two of them, so they had to share it, and then there were only four of us, so we had to share. So we put a blanket across the room, and you can imagine six cots in that small area, it was smaller than 20 feet by 20 feet. So six cots in there. And so they had to serve as our bedroom, (and) living room, there was really no privacy.": "Well, and you were living with complete strangers, too.",
                "Which was where he went, right?": "He went to school, correct. So he asked them, could he send his two daughters, two older daughters, on scholarship to the school. So these professors and school people remembered Paul, his name was Paul, they remembered him from many years back. So they said, \"Well, if it's Paul's daughters, we welcome them.\" So we were able to leave camp so that we would not become wards of the government. So we went there, and then we had to leave my mother and youngest sister in camp. So it was kind of a scary time when we left camp. We didn't know how it was going to be on the outside world, and we were just sixteen and seventeen at the time. So, (yes), it was really scary.",
                "Right, right. So on the way, on the train, we would see signs that read, \"black,\" \"white,\" in front of the drinking fountains and the toilets. So my sister and I looked at each other (and) we thought, \"Where do we fit in? We're not black, we're not white.\" So we thought, \"Well, we must in between there somewhere.\" But it was very uncomfortable because we were kind of unsure of our identity, you know. Because here we've been placed in these camps partly because of our race. So it was kind of an uncertain time for us. But luckily, we made it all right. And then --": "Oh, I'm sorry, I was going to say it must have been different for you, too, coming from a background in Boyle Heights where everything was so diverse, right? And so many different ethnic groups, and then going to somewhere like Texas, traveling down there where you see it's all segregated and separate.",
                "Oh, I'm sorry, I was going to say it must have been different for you, too, coming from a background in Boyle Heights where everything was so diverse, right? And so many different ethnic groups, and then going to somewhere like Texas, traveling down there where you see it's all segregated and separate.": "Yes, it was. Because we had never seen, you know, that much about segregation. But we made it there all right."
            }
        },
        "segment 13": {
            "Segment Desc": "Coping with life in Poston, passing of father",
            "Segment Q&A": {
                "So I wanted to go back a little bit and ask you about Poston. So you were, were you a senior in high school when Pearl Harbor happened?": "(...) I was in the middle of my senior year. I just really had one more semester to go.",
                "When did you, do you remember when you arrived in Poston? Is that, it was 1942, but do you remember the month?": "Right. I think it was the end of May.",
                "And you never went to an assembly center?": "No. At least we didn't have to go to an assembly center, at least they gave us that break, that we didn't have to go to the assembly center. So we went directly from home to Poston, the permanent camp.",
                "And was that because of where you lived, or was that because of your father and the intervention?": "No, I guess that was because we did get permission that we could stay a little longer because of our father.",
                "Did you ever, was there ever any interaction with the people living on the reservation, or did you see them?": "Oh, no, we didn't see any Indian people, no. Just Japanese.",
                "And what about the food in Poston? What do you remember about that, what you ate?": "Well, the only thing I remember was we were fed lamb stew. We had lamb stew day in and day out, and the meat was not tender, it was more like mutton, tough meat. And it had carrots and potatoes in it, but it was not very tasty. But that's what I remember, the lamb stew. So I don't like lamb to this day. It just reminds me of camp. And I guess we had other things, but I don't really remember. It was not too good.",
                "...five months, but was there like a Christian church that was set up, or any type of religious activity?": "No, nothing was organized at that point. And I remember Dr. (Paul) Nagano, he started out in Poston I where we were. But then they moved to Poston III to start up a church. But then during the time I was there, there were no organized churches.",
                "Okay. And so when you were in Poston, your father actually passed away, is that right?": "Yes. It was twenty-five days after we arrived in camp, then we got the news that my father had passed away. So then they said, \"Well, all right, then you could go back to California to make the final arrangements and attend the funeral service.\" So my mother and the three daughters got on the train and we went back to Los Angeles, and two of the minister friends met us at the station, and they had a beautiful service for him. And, of course, there were no Japanese people, just Caucasian people. But it was good that they had something, a service for him. And then when we came back, then the Japanese ministers had another service for him. Because there were quite a few Japanese ministers there of different denominations, and they kept in touch with other. The Baptists, they kept in touch with the Methodists and the Presbyterians and so forth. So they were good enough to have another service for him, so it was very touching. And my mother said that they had these little flowers made of colored Kleenex, you know, and empty coffee cans filled with sand, because at that point, there were no flowers or anything. So that was very touching."
            }
        },
        "segment 14": {
            "Segment Desc": "Leaving camp to live and work in Texas as a schoolgirl",
            "Segment Q&A": {
                "But did you have to finish high school first, or how did that work?": "(Yes), what we did was we finished high school in Texas.",
                "So you were very young, and what were your impressions of Texas? I mean, where were you living...": "Well, we went to live with two families, two Caucasian families, of course, and we were called schoolgirls, to work for our room and board. So I lived with a family who had three children, and the father and mother had a pharmacy, so they were gone most of the time, so they needed someone to help with the housework and the cooking and so forth, so that's what I did. I had to work pretty hard, and one thing I remember are the piles of ironing I had to do. Because in those days, there were no knit fabrics or pressed, permanent press, so everything had to be sprinkled and rolled up, and that's how we ironed. So then I got calluses on my right hand, in the palm of my hand, because you have to press down real hard, you know. And during the winter, I would have to get up a little earlier to light all the gas heaters in each room for the family to get up, so they would have a warm room. And I used to study until late at night, maybe from about nine o'clock on, I started my studies, because until then I was doing some housework. But they were good to me, and I enjoyed the children. And that went on for maybe two and a half years, because then, my mother and the youngest sister were able to join us from camp. So then we didn't have to live with the families any more, we had our own apartment, so that made it nicer.",
                "Was your sister also a schoolgirl living with a family?": "Right, she lived with a family who had only one little boy, so she didn't have as much work as I did. And on weekends, we got together, at least they gave us Sunday off, so then we could meet other Japanese students. There were some other Japanese students not at Hardin Simmons, but at another college called McMurry College in Abilene. So we were able to meet them and do things together.",
                "How was that time for you? I mean, I guess, emotionally, you were separated from your mother and youngest sister and your father had passed away very recently, and you were seventeen and living in a brand-new place. How were you... I mean, what were you feeling and thinking about during that time?": "Right. You know, I guess it's because we were kept so busy that I didn't really think about it too much. And maybe it's a good thing because it could have been kind of tough. But I guess the main thing is we were kept so busy that I didn't really think about it. So we got along all right. Except that there was a camp, Camp Barkeley near Abilene, where soldiers would come into Abilene, to the downtown area, and I remember they used to stare at us, my sister and me, they just stared and stared and stared, which was incredibly rude on their part, you know. But I guess that's a form of discrimination. However, it was not like they didn't see other Japanese Americans because there were other soldiers, Japanese American soldiers at Camp Barkeley, and many of them had families still in the camps. And they had enlisted to show their loyalty to the United States, the country of their birth. So it was not like they didn't see any Japanese Americans, but I guess it was a sort of prejudice, racial prejudice, (that) they stared so much. But then when we were in the university community, they accepted us and we felt very comfortable.",
                "What about the town of Abilene? What was there? What was that like?": "Oh, well, they had a nice downtown, but then like I said, I didn't like to go into town because we were stared at so much."
            }
        },
        "segment 15": {
            "Segment Desc": "Attending college",
            "Segment Q&A": {
                "What was the college like? I mean, what sort of classes were you taking and who were the other students?": "I remember I took a chemistry course there that I enjoyed a lot. And then I remember the chemistry professor, and he would take us to different meetings of chemical societies, I remember, he drove me and some other students to a meeting of chemistry students, and, of course, we had to take religion courses, too, which was interesting. And we had physical education, and I'm trying to think what else. Well, I majored in business administration, so then there were typing classes, shorthand classes, and, let's see, what else? That's all I can remember.",
                "I remember I took a chemistry course there that I enjoyed a lot. And then I remember the chemistry professor, and he would take us to different meetings of chemical societies, I remember, he drove me and some other students to a meeting of chemistry students, and, of course, we had to take religion courses, too, which was interesting. And we had physical education, and I'm trying to think what else. Well, I majored in business administration, so then there were typing classes, shorthand classes, and, let's see, what else? That's all I can remember.": "And your sister also attended the same university?",
                "And your sister also attended the same university?": "Yes.",
                "Oh, it was a Christian college?": "It's a Baptist college, very much so.",
                "And were you able to, so you were able to attend church and services through the college, then?": "Right, right. So that was a good atmosphere to go to school, especially at that time. Because I just felt that we were accepted there, and (the) people knew my father, so I didn't feel so strange when we lived in Abilene.",
                "And where did you end up living? You got your own place?": "Right. So we had our own apartment, and my mother went to work as a (housekeeper). She didn't just stay home, (said), \"Well, I've got to be useful,\" so then she went to (work for) a family there where she did, she worked really hard there, did all the housework and things like that.",
                "When your mother came and joined you, was there any conversation about where you would go? I mean, you had to finish, you had to finish college, but after that, were you planning on going back to Los Angeles? What was your mother thinking that she would do?": "Yes, well, we had an uncle in Chicago, so my mother thought that she would contact them, 'cause her sister was married to this uncle. So she managed to contact them to see if we could move up to Chicago then. So we did, and then we eventually got an apartment in the building that they owned in Chicago."
            }
        },
        "segment 16": {
            "Segment Desc": "Moving to Chicago after graduating from college",
            "Segment Q&A": {
                "So what was, what was Chicago like, I mean, when you first arrived? What were your impressions of the city?": "Well, I just thought it was a huge city, and I wasn't quite used to that. But then I started working right away at the Church Federation of Greater Chicago in downtown Chicago. So we took the El train every day, we had an apartment on the south side, and we took the train in every day. And it was a Christian office, Church Federation, so everybody was nice and we enjoyed it. I first was secretary to a person in charge of relations, public relations, so that was enjoyable. I liked that field because it dealt with people. So I worked for this Reverend Weatherbee, but then after a while, then he decided to go back to Boston where he was from. So then the head of the Church Federation said, \"Well, Grace, would you like to be the office manager?\" So I thought, oh, that was a nice opportunity, but then I foolishly decided to go to another office, and that was a bad mistake. I should have just stayed there. So then, shortly thereafter, I got married, so I didn't work there for a while. Then we moved to New York.",
                "Well, I just thought it was a huge city, and I wasn't quite used to that. But then I started working right away at the Church Federation of Greater Chicago in downtown Chicago. So we took the El train every day, we had an apartment on the south side, and we took the train in every day. And it was a Christian office, Church Federation, so everybody was nice and we enjoyed it. I first was secretary to a person in charge of relations, public relations, so that was enjoyable. I liked that field because it dealt with people. So I worked for this Reverend Weatherbee, but then after a while, then he decided to go back to Boston where he was from. So then the head of the Church Federation said, \"Well, Grace, would you like to be the office manager?\" So I thought, oh, that was a nice opportunity, but then I foolishly decided to go to another office, and that was a bad mistake. I should have just stayed there. So then, shortly thereafter, I got married, so I didn't work there for a while. Then we moved to New York.": "Going back a little bit, you said you lived in the south side. Was that, at the time, a primarily black neighborhood or was it Japanese?",
                "Going back a little bit, you said you lived in the south side. Was that, at the time, a primarily black neighborhood or was it Japanese?": "No, no. See, that neighborhood changed after we lived there. Because it was near the University of Chicago where we lived, and in fact, Eugene was a student there working for his PhD degree. So, no, there were Japanese families and other Caucasian families, but it was not primarily black like it is now.",
                "And was there like a Japantown in Chicago at that time? I know it became a destination for a lot of people coming out of the camps.": "Yes. There was an area there on Clark and Division, somewhere in there, where there were Japanese shops and offices and so forth, yes. And grocery stores, so it was nice. We had someplace that (we) would go to for Japanese things. But there was nothing on the south side, but it was sort of near downtown Chicago.",
                "And did your family, your mother and your sisters, were you pretty set on staying in Chicago? Was there ever any talk about going back to California or to the West Coast?": "No, because we had no one left in California. My father was buried there for the time being, but then we had his ashes brought to Chicago so that we could all be together. So we really didn't have any ties anywhere, no relatives or anything in California. So, yes, we just decided Chicago was where we were going to stay.",
                "And what, I mean, before you met your husband, what did you do for social activities? Was there, like, a community place where Japanese could go and socialize, or what were some activities that you would do?": "I know I belonged to a girls' club, and there were several girl's clubs like that. So it was nice, there were about a dozen of us gals who met regularly. And then sometimes we would go out for dinner after work, so it was nice to meet some other Japanese. And then we joined the JACL chapter, and that way we got to meet other Japanese, you know. So it was nice. I mean, we didn't feel lonely or anything, because there was a network of Japanese Americans in Chicago.",
                "And the JACL, what types of things were they doing at that time? I mean, I know part of it was social, but were they doing other activities?": "Yes, I think they were working toward civil rights or human rights matters. And I'm trying to think if the redress matter was... at that time, no, they had not started it. It came afterwards, you know. But that was a good organization for Japanese Americans, because you could meet others like yourself there. And it happened that the president of that chapter was (Shig Wakamatsu), Eugene knew him because they had taken a chemistry course together at the University of Chicago. (...) His sister was really my best friend in Chicago, and she and her minister came to call on us when we first moved there. The minister (was) from the local Baptist church. So they came to visit us, and we became good friends. We still are good friends.",
                "What is her name?": "Toshie Suyama. And her brother is Shig Wakamatsu.",
                "And where was she from? Was she in camp and then had resettled to Chicago?": "She was from the state of Washington. She must have gone to camp, I really don't know. She must have, though, if she lived in Seattle. I don't know what camp, though.",
                "(...) You're talking about at that time?": "Yeah, like when you were in Chicago, kind of in the years after the war."
            }
        },
        "segment 17": {
            "Segment Desc": "Meeting future husband and getting married",
            "Segment Q&A": {
                "How we met? Oh, okay. We met at a meeting of the JACL. And so it turned out that he and I lived about four blocks from each other near the University of Chicago. So we got to see each other quite often, and we started dating, I guess for about two years. And then we were married in one of the chapels at the University of Chicago. And Shig Wakamatsu was the best man, and Toshie Suyama was my matron of honor, and it was very nice.": "And tell me a little bit about his background and where he was from.",
                "And then you met?": "Right, right.",
                "So you married in Chicago but then did not stay in Chicago too long, right? You ended up moving to New York?": "That's right. Right after we got married, Gene was already working in New York. So then right after we were married, we left for New York."
            }
        },
        "segment 18": {
            "Segment Desc": "Sisters' wartime experiences",
            "Segment Q&A": {
                "And just, what were your sisters doing at that point?": "My sister, the one right under me (who) went to Abilene, together with me? All right, she got married right out of college. After she graduated, she got married in Texas, so she stayed there. And her husband's family is called Saibara, and they were at one time a big rice growing family, Edward's father was. So she married into that family.",
                "My sister, the one right under me (who) went to Abilene, together with me? All right, she got married right out of college. After she graduated, she got married in Texas, so she stayed there. And her husband's family is called Saibara, and they were at one time a big rice growing family, Edward's father was. So she married into that family.": "So they were from Texas?",
                "So they were from Texas?": "(Yes).",
                "Oh, interesting. Japanese American family?": "Right. Of course, (...) Jessie's husband, is a Nisei, but then his father is the one that started that rice growing business. And at one time, they were very prosperous and doing well.",
                "Oh, she's still there? Wow.": "Yeah, she is.",
                "So then in Chicago it was just you and Ruth and your mom, your mother?": "Right, (yes), just the three of us.",
                "Let's see, where was she about then? Yes, she went to high school. Oh, she went to Hyde Park High School on the south side, and so she finished there. And then she started at Northwestern, and then that's when she met her future husband. So then she got married and she didn't finish (college).": "And did she stay in the Chicago area after that?",
                "And did she stay in the Chicago area after that?": "Yes, they live in a place called Joliet, Illinois, so that's about a half an hour from where we live, we live in LaGrange Park, so she lives close by.",
                "And does Jessie live near Abilene still?": "No, a place called Webster. Webster, (...) southeast of Abilene.",
                "And is her husband's family still involved in that rice business?": "No, no. They stopped that a long time ago. Then eventually Edward's father died. And after the father died, the business sort of slowly closed down, which is too bad."
            }
        },
        "segment 19": {
            "Segment Desc": "Living in New York, having children",
            "Segment Q&A": {
                "In Yonkers?": "In Yonkers, right.",
                "When you were in Manhattan, who were the people in your neighborhood? I mean, were there any Japanese people there, really?": "No. When we were there, we didn't see any Japanese. But I'm pretty sure there was a New York chapter of the JACL, I'm sure there were. But we didn't stay in New York City that long, so I really didn't have a chance to explore what there was. But I'm sure there were some Japanese Americans.",
                "Did you and your husband ever have trouble finding apartments? I mean, because you were Japanese, did people ever discriminate against you in terms of your housing?": "No, we didn't meet up with that. We were fortunate.",
                "And in Chicago as well, when you were living with your mother? Were you ever, did you ever have trouble finding places?": "No, we did not. Because basically in Chicago, we lived in the building (which) he owned. So we didn't have to go look somewhere else. So no, that worked nicely for us, that he had this apartment building. So we had an apartment in there.",
                "Yes. But it was a different kind of building. See, in New York, we lived in a brownstone where they had apartments. But this was a private home, and we were on the second floor. And so in those days, there was no air conditioning, it would get hot, so my husband decided to make a fan. And so he built this frame and then he put this powerful fan in there so on hot summer nights he'd turn that on. It would make an awful lot of noise, so the poor landlady, she didn't say anything at first, but I'm sure it bothered her. And then another time we bought a washing machine because I had the two babies, so I wanted to do the diapers in there. But it rattled and shook the house, actually, from the second floor. So then Mrs. Minehan said, \"Oh, would you get rid of that washing machine? And I'll pay for the diaper service.\" [Laughs] So then that's what we did, we got rid of the machine. So she paid for the diaper service, so it worked out okay. And she was a nice landlady, very nice. She and two of her spinster daughters lived with her, so they were very nice to us. There was no discrimination there.": "Did you find a church in Yonkers and before that in Manhattan that you were able to go to?",
                "Did you find a church in Yonkers and before that in Manhattan that you were able to go to?": "No, I'm sorry to say, in Manhattan we didn't go to church. And then same thing in Yonkers. I don't remember going to a church.",
                "Was there a Japanese American community in Yonkers?": "No, no, there certainly wasn't. Maybe we were the only Japanese Americans in Yonkers.",
                "And at that time, was Yonkers mainly sort of a Caucasian community?": "Yes, it was. So there were no other Japanese that I know of."
            }
        },
        "segment 20": {
            "Segment Desc": "Raising children, moving back to Chicago",
            "Segment Q&A": {
                "And Kathryn and Eugenie were born in Yonkers, but Alan, you said was born in Illinois?": "In Waukegan? Yes, Waukegan.",
                "In Waukegan? Yes, Waukegan.": "When did you make that move from New York?",
                "When did you make that move from New York?": "Let's see, the girls were just two and three years old, and then we moved to Chicago. And then that's when Alan was born. And we lived for a while in a place called Winthrop Harbor, and that's on the borderline between Wisconsin and Illinois. And it was a nice home to raise children, it was a big stucco house, two-story stucco house (with) huge kitchen, living room and dining room and the bedrooms were all upstairs. And so at one point, there was no bathroom on the first floor, so Eugene decided he'd like to maybe make a little bathroom on the first floor. So he borrowed some tools from Abbott Laboratories where he was working, and he made a big hole in the floor there and he made a nice little bathroom for us. But there was no heat, so in the winter it was kind of cold, but during the summer it was fine. One time we had a gerbil that the children wanted as a pet, so the poor thing, we left him out in the porch where there was no heat, and it froze to death. So we felt bad about that.",
                "And your mother was living still in Illinois at that time?": "Yes, she was in Chicago at that time. But then... let's see, I'm trying to think. In 1949, the year before I was married, my mother remarried. And she married a man by the name of Mr. Katsuno, Araki Katsuno, K-A-T-S-U-N-O, and he had his own business making artificial flowers and leaves. And at one time he had big accounts like Marshall Field and other big stores like that. So then my mother went to help in that business.",
                "And where was Mr. Katsuno from? Was he from Chicago originally? Or he was Issei?": "Yes, he would be Issei. So (yes), I don't know when he came to Chicago, but he was living in Chicago. And he was very active in one of the churches, and so I guess the minister of his church introduced the two of them. And so they were married. Actually, my mother was married longer to him than to my father. And my mother lived to be ninety-two, ninety-two years old.",
                "And Eugene, what type of work was he doing in New York and then when you moved to Illinois?": "Right, he's a pharmacologist, and he was in research, testing drugs and so forth. So he was doing that in New York, and then he got a job at Abbott Laboratories just north of Chicago. He worked there for maybe thirty-one or thirty-two years as a pharmacologist and toxicologist to test for drugs to see if they're safe and things like that.",
                "And did you work again? Did you return to work?": "(Yes). When Alan was in high school, then I decided to go back to work. So then I worked for one company as a legal secretary, and then I worked at the Northern Trust downtown, so I commuted from Morton Grove, we lived in Morton Grove at that time. So I commuted on the train to downtown. And it was an interesting job, I was an administrative assistant in the international banking department, so it was very interesting. But the commuting sort of got to me because I'd get home late and I'd have to leave early. So then I decided to switch to another company close by. But now I wished I had stayed with the Northern Trust, that would have been a better company.",
                "Really? What did you end up doing after you left Northern Trust and you got that other job?": "Okay, then I worked for a company called G.D. Searle and Company, that was a pharmaceutical company. So I worked in several departments, and then I ended up in the CEO's office as the assistant secretary to him. So that was very interesting, it showed me how corporate America works, and the perks that they get when you're up on that level, corporate officer, you know. So that was very interesting. Then Eugene retired in 1989, so I thought, \"Well, I'm going to retire, too. Why should I keep working?\" [Laughs] So that's when I retired.",
                "Okay, then I worked for a company called G.D. Searle and Company, that was a pharmaceutical company. So I worked in several departments, and then I ended up in the CEO's office as the assistant secretary to him. So that was very interesting, it showed me how corporate America works, and the perks that they get when you're up on that level, corporate officer, you know. So that was very interesting. Then Eugene retired in 1989, so I thought, \"Well, I'm going to retire, too. Why should I keep working?\" [Laughs] So that's when I retired.": "And I'm just curious, when your children were growing up, I mean, did they ask you questions about your background and about camp?",
                "And I'm just curious, when your children were growing up, I mean, did they ask you questions about your background and about camp?": "Not too much. They didn't ask too much. But then later, as they got older, then they started asking questions more, the specifics. But during the time that they were growing up, I don't remember their asking things like that. Maybe they were so involved with their own activities. But then as they got older, once they got married and got settled, then they started asking questions. And now, they're the ones who are saying, \"Get your story told.\" They're the ones who are pushing."
            }
        },
        "segment 21": {
            "Segment Desc": "Testifying at the redress hearings",
            "Segment Q&A": {
                "And how did you feel about redress? When the redress movement was happening and when it finally, the government finally apologized, did the formal apology and the monetary payments, how did you sort of feel about that?": "Oh, we felt very good. We thought it was a long time coming, and it was a real struggle to get that passed. And so yes, we were very thankful that it did pass, and that people were awarded something. It wasn't a lot of money, but it helped. So, oh (yes), we were very happy about that. And then they had this Commission on (Wartime Relocation and) Internment of Civilians?",
                "Oh, we felt very good. We thought it was a long time coming, and it was a real struggle to get that passed. And so yes, we were very thankful that it did pass, and that people were awarded something. It wasn't a lot of money, but it helped. So, oh (yes), we were very happy about that. And then they had this Commission on (Wartime Relocation and) Internment of Civilians?": "Right, it's the CWRIC.",
                "Really?": "There were, I think, about forty of us that day that testified before this commission of, what, ten people or something. So I gave my testimony then. So, (yes), we were glad that we had the opportunity to tell our story.",
                "How did you get involved with that, with testifying? How did that come about?": "Let's see... I think we were at a meeting of Japanese Americans, I can't remember what meeting it was, but they were asking for volunteers, \"We want some people to testify.\" So I guess that's when I volunteered.",
                "And did you sort of have a prepared statement that you read?": "(Yes), because they said to keep it under five minutes. We were limited in how much time we had because there were several of us who wanted to speak. So yes, I had a prepared (report). We called that the oral testimony, and it was a short version of the other one, the written testimony.",
                "And who was listening to your testimony?": "It was this commission, and I'm trying to think who all was on there.",
                "And what did you -- that seems like such a short amount of time, five minutes, to sort of sum up what your experiences were. So what did you focus on, do you remember your testimony?": "Well, I think I focused on the hardship that our family experienced, you know, because of my father's illness, and we were taken away from him. And I think that's what I tried to focus on. Then I told them a little about camp life, but it was mostly the hardships that we experienced at that time, where our family was separated.",
                "How did you feel sort of going public with your story?": "(Yes), it was kind of strange, you know, because we hadn't talked about it or really thought about it for a long, long time. But it felt good to be able to tell that story because it was a long time coming, and I think, (yes), I felt good about it, and I think all the others who testified felt the same way. It wasn't until we were urged to talk about it that we did, and it felt good."
            }
        },
        "segment 22": {
            "Segment Desc": "Reflections: legacy of parents",
            "Segment Q&A": {
                "Well, is there anything else you'd like to share before we wrap up? Anything we didn't cover or anything that you want to say, any final thoughts?": "Well, I'm just grateful for this opportunity to tell my story. And I just hope that people who will see it or read about it, or see it on the website, I hope that they will learn something about what we went through. And, well, I just think it's a good thing for posterity."
            }
        }
    }
}