{
    "Narrator_Name": "Grayce Uyehara",
    "Bio": "Nisei female. Born July 4, 1919. Raised in Stockton, California. During World War II, removed during senior year at College of the Pacific, Stockton, California. Incarcerated at the Stockton Assembly Center and Rohwer concentration camp, Arkansas. Resettled with family members in Philadelphia. Graduated from the University of Pennsylvania School of Social Work. Active volunteer with the JACL: co-organizer of the Philadelphia chapter, and member of both the National JACL Redress Committee and JACL Legislative Education committee. Volunteer with the JACL Legislative Education Committee from October 1985 to February 1986. From 1986-88 partially compensated for role as executive director of JACL Legislative Education Committee.",
    "Title": "Grayce Uyehara Interview",
    "Interviewer": "Larry Hashima",
    "Location": "University of California, Los Angeles",
    "Date": "September 13, 1997",
    "Densho ID": "denshovh-ugrayce-01",
    "transcript": {
        "segment 1": {
            "Segment Desc": "Life history and reasons for participating in the redress movement",
            "Segment Q&A": {
                "This is a Densho interview with Grayce Uyehara. Interviewer is Larry Hashima on Saturday, September 13, 1997 in Los Angeles, California. Thank you very much for agreeing to speak with us, Ms. Uyehara. I want to begin with some background questions. A lot of people got involved in redress because they had personal experiences during the wartime that made them feel compelled to do the redress movement. Was that the case for you?": "Yes, I think if one considers the fact that I was born on July (4), 1919. I was by that time a college student, a senior at the College of the Pacific in Stockton, California. And before the actual graduation ceremony I was called into the college president's office and I saw some military officers there and got a little concerned, but actually they were there because in Stockton they have a Quartermaster base and air force, and they needed someone to teach Japanese and I guess the college president was vouching for me. And also, I was recommended by some other people. Interesting part is that I am -- was not a good student of the Japanese language because as a music major, most of my time was spent practicing the piano, so I never followed through with going to Japanese school. And therefore, I said to these officers that there are many other people who can teach the Japanese language at the Quartermaster base. They replied that the lesson was all prepared and because I'm of Japanese ancestry they were certain that my pronunciation was correct. And so I agreed to do that so I felt that I was doing my patriotic bit."
            }
        },
        "segment 2": {
            "Segment Desc": "Having the opportunity to go to college",
            "Segment Q&A": {
                "I want to go back because you mentioned that right before the war broke out you were actually ready for graduation from the College of the Pacific. Did you actually get to graduate and receive your diploma from Pacific?": "No, one of the requirements was to play a piano concerto and I was at the stage where I had the first movement all memorized, and then you have to practice with a college orchestra and perform in a recital at the college conservatory auditorium. I did not meet that particular requirement, but I also was a student who had made the honorary musical sorority, so they figured that I had met everything else. So I received my degree in absentia and that was another heartbreaking incident, because for me, I really wanted to have my parents see me receive that diploma and it was mailed to me.",
                "Well no there are, my brother was also going, but I guess my mother was an unusual Japanese mother, because many of my Nisei friends, as we talk about growing up and about our education, there are some women friends who actually have a residue of anger left in them because of the whole Japanese culture of focusing on the male. And I guess because my mother wanted to become an opera singer herself, and came from the upper class of the Japanese family where women just married properly and that sort of thing, she steered all of her children as much as possible into music. And I guess again that was unusual, because at that particular time in most Japanese families, only males went to college, okay? [Laughs]": "Segment 2> - Copyright © 1997 Densho. All Rights Reserved."
            }
        },
        "segment 3": {
            "Segment Desc": "Resettling on the East Coast through the student relocation program",
            "Segment Q&A": {
                "Okay, well, we're going to skip ahead a little bit. But after you left the camp, did you return to California?": "No, I never returned to California, and I'll tell you what went through my head. I figured if they didn't want me, I just didn't need to go back to California. So from Rohwer, I went to St. Cloud, Minnesota, to state teachers college, figuring that the original plan in those days was to work more or less in the Japanese American community. Engineers, you know, couldn't find jobs, they ended up as draftsmen. Lawyers practiced in their communities, dentist, doctors and so I was going to become a piano teacher, meant that I would be teaching in that community since I was already the church pianist and organist. And so that would have been my, the route I would have taken if I had stayed behind in California. And so going into a big area like Philadelphia, where they have, you know, the Curtis Institute and top musicians, all of those kinds of things -- just teaching piano wasn't something that I wanted to do. But nonetheless I felt that I had to have more credits, and that was why I went to Minnesota to get some actual teaching credentials. And then the level of work at the school was not at the level that I wanted to study, so went back to camp and from camp I went back out to Richmond, Virginia, to work with the Southern Baptists and became their editorial secretary, in Richmond, Virginia."
            }
        },
        "segment 4": {
            "Segment Desc": "Helping other Japanese Americans resettle in Philadelphia, working with the War Relocation Authority",
            "Segment Q&A": {
                "And this was immediately after the war that you started doing this?": "Yes, (during and after the war). After getting over there, all because the War Relocation Authority needed that kind of help. They needed help in terms of finding housing and employment and things like that, meeting trains, they just didn't have enough paid personnel. And so, I guess both of us, the fellow that I married and myself, we are that, we just both thought that way, that we should help our community. So we met trains and did all kinds of things to help people get established. Eventually a family came from the Arizona camp and I don't know which one, but they were more rural kinds of people, and just because they knew my parents, they came out and that was really a big mistake for very simple people to come to a big sophisticated city like Philadelphia. And within a year, the mother had a mental breakdown, and I had to make arrangements to have her placed in a mental hospital, you know, right outside of Philadelphia. So there were tragedies taking place, too, family breakdowns, and at the same time there was opportunity to do things that made life easier for other people."
            }
        },
        "segment 5": {
            "Segment Desc": "Deciding to go into social work",
            "Segment Q&A": {
                "Well, given your sort of work with immediately after the war, and all these social welfare programs for the community, how did that eventually sort of dovetail into the redress movement for you?": "Before it dovetailed into the redress movement, all of that work led our, the director of the International Institute -- her name was Marian Lantz -- okay, it comes back, that's what usually happens -- then arranged for a scholarship for me to go the University of Pennsylvania School of Social Work. She told me that I was a natural born social worker, that she saw that I had capacity to be a leader, and so that the board of directors felt that I would make a difference in the community. And so that was a real great opportunity that almost turned my life around, because with proper credentials... and it also opens fields for you and it also makes, it helps you to get the right contacts, you know, in terms of the helping process. And so if, once you become a social worker, and the Penn philosophy is a functional one where you involve the individual and use, you use the individual's strength and help them to see options and be able to make choices and help them to go through the process. And I thought that that was also the right school for me. And so I eventually helped women who came from Japan married to American GIs, half of them were married to blacks, and there was division and separation among, between them and to bring them together. So that was another skill that I learned that I eventually, when I worked for the educational school system, I ran conflict resolutions for the whole school district and in two districts that I ran, it was a topic that no one else wanted to take. So personally, there was an evolvement that I was not consciously doing, but I somehow changed from the way I was brought up, that as a female I was to stay in the background and not to open my mouth too much. But I guess I was already doing that when I was back in Stockton, because my uncle was the elder of the church, and on some Sundays he would appear at our house and tell my mother that she really had to clam my mouth. Those were not the exact words, and so I guess I was already that way. But I learned that I had to speak out and that you got nothing by being a \"quiet American.\""
            }
        },
        "segment 6": {
            "Segment Desc": "Organizing the Philadelphia chapter of the Japanese American Citizens League",
            "Segment Q&A": {
                "So do you think that the degree at Penn, sort of the work you did at Penn, and the school, the School of Social Work, was that really something that sort of motivated you for the next for the next years of your life?": "Well, those things have to, the opportunities have to come and you don't know when the opportunity is going to come. But we started and continued the work in Philadelphia, we eventually -- after we got married, the following year we established the Philadelphia Japanese American Citizens League. 'Cause we felt tying in with a national organization will help us to know what is going on among our people and the rest of the country.",
                "And what year was this that you organized?": "We organized the Philadelphia JACL in 1947. So we just earlier this year celebrated the 50th anniversary of the Philadelphia JACL. So that it gave me opportunity to meet Japanese American leaders throughout the country, but that was not my very first impact with JACL. When I was a freshman in college, JACL had been sponsoring national oratorical contests, and the Stockton chapter encouraged me to compete and my high school English teacher also helped me to write out the oratorical speech. And both in 1938, when I went to Portland -- no, Los Angeles -- and in 1940 to Portland, I represented Northern Cal. At that particular time, the California JACL was divided into half and we had a Northern Cal district and a Southern Cal district. So that I am thankful for, because I never had any fear of appearing in public, and if one is to go out there and fight for any cause, you really have to be able to stand up in front of a group and, you know, say what needs to be said, and not be hesitant about saying what you want to say."
            }
        },
        "segment 7": {
            "Segment Desc": "Gaining support for redress among non-Japanese American organizations",
            "Segment Q&A": {
                "So what were some of the important coalitions that you built to support redress on the East Coast? What were some of the other organizations that you wanted to contact and definitely wanted to get their support?": "Well, you know, it's very interesting and I'm sure most of the Nikkei people involved with redress agree that initially, besides the Quaker group, who always were very fair-minded people, there was also the Jewish organizations. And the JCRC -- that's the Jewish Community Relations Council -- is in almost every city. And then we have the Anti-defamation League of B'nai B'rith, and those are long established Jewish organizations and because of their experience with the Holocaust, there was no need to take our issue before them. In fact, it was just gathering of the minds, common cause. And then we did get into bringing an understanding of why we call our camp experience a concentration camp experience. We said we understand the Jews went to death camps, and we really should not use that terminology, because we were not in death camps. But I said, \"What they suffered was done by a despot and the government was fascist and ours here in the United States has a Constitution as the background of how we are to operate. And so for a nation to set aside its fundamental laws, and lock us up without due process of law, by golly, it is a concentration camp when you see it in the context of a democracy.\" And so we were very clear about our issue and how we were framing it. Because right from the start I knew I was an American. I knew that because my parents gave me a name for the fact that I was born on the Fourth of July. And sometimes names place a burden on you, just as your sexual identity places some certain responsibility, especially like in the Japanese family. You know, you marry, oh boy, you better produce a son, to carry on the family names. Those are given. So we explained this all to our Jewish friends and they understood. And so since they were long-established and they went through the process, they gave us a lot of help and we went and spoke before them. But that help came through very immediately when I went to Washington. Now, I think before I jump to Washington, I really should discuss how is it that I went to Washington."
            }
        },
        "segment 8": {
            "Segment Desc": "Beginnings of the redress campaign",
            "Segment Q&A": {
                "Yes, we were already into redress nationwide, and I was doing that as representing the Philadelphia JACL chapter. But I saw that there were so few of us, and it was only in Philadelphia -- that didn't cover the rest of Pennsylvania -- so you had to find people. You know, go to like the War Relocation Authority and, or among ourselves -- \"Do you know somebody in Pittsburgh?\" You know, \"Where are some of our people living?\" So you try to cover the whole state. Well, you begin to do that in New Jersey and then we had a chapter in New York. This sister who graduated from the University of North Carolina then had gone on to Smith College, so she was practicing in Boston and lived (near) Harvard, which is not too far from there. And another gal who also had been in camp and she was already smart enough to be active politically, so these people began to do their thing and they had workshops in the Asian American community, 'cause Boston's Chinatown is well-established. So those connections all came in to help. And so as the Eastern District Council Coordinator for the five chapters on the East Coast, I was already getting a lot of practice.": "seems as though when they made that decision in 1978 to proceed, they set up this lobbying arm, but you know we have to -- we're not fast movers, we people of Japanese ancestry. We don't act as soon as we think about something, everything had to be neat and to do it right. So it took until 1985 before fundraising started. And anybody with any sense of responsibility knows that if you are really going to mount a campaign and you intend to win, you have to raise money to have the ability to send out information at the right time, to go out and train people to do these kinds of things, and have the materials that they can use so that every person doesn't have to remake his wheel to fit into the program. Those kinds of things, those coordinated programs I learned as a member of the League of Women Voters, who have been very, very effective. Their major program was to have good information when it came time to elect presidents or governors, and they conducted series of radio and television programs and then training for all the membership and putting out materials. So it wasn't that I had to think through what is it that you have to do, because I had become active in all of these mainstream organizations whose purpose is to change what is wrong in America's system. So some folks in Washington -- and I'm talking about people of Japanese ancestry, the Nikkei members and people like Mike Masaoka. I knew him very personally, because he was one of the most dynamic speakers to come out of our community. We're not very verbal people, we don't have people who articulate as well as Mike can, but Mike was an exemplary orator. The other very, very top speaker was Min Yasui. Min Yasui was a dramatic, flamboyant, exciting speaker. He would just mesmerize his audience, because his feelings, he was able to unleash his feelings. Most people of Japanese ancestry retain a certain amount of control, but out of Min, it would just flow out, and you knew the anger and the suffering and all was felt by him personally. So that I had models. But when we didn't raise enough money, and had only $40,000 raised, then they needed somebody to go without salary.",
                "I... see, the word had gotten around that I had retired from the school district. I could have continued to work but this whole redress effort began to consume me because the Isseis were dying, and I was old enough at the time I left to know that the greatest harm was done to the Issei generation. Because what little they had gained was through such intense, intense pain and suffering, I mean, no other generation went through the same thing. Yes, like we couldn't get the job that we trained for, or people still, you know, say to you, no matter how long you've been in this country, \"When did you come to this country? Oh, you speak English without an accent. Where did you study?\" And finally, I'd begun to say that in all my speeches, that I will forever be a Japanese, all because of this face. So we realized that the educational program was going to be the major program. Because as I said to you, it's working in the school system and these intelligent teachers always wanted me to talk about Japan. And so one time I got so angry I finally had to say, \"You know, I really respect you, and I always thought you were all very outstanding teachers, but I think somewhere in your education you just did not get it right, because,\" I said, \"I am an American just as much as you are. It just so happened my parents came from the other side of the Pacific. And so if you wish for me to speak about the Japanese American experience and about racism in the United States, I will come and speak to the students. But I will not bring my kimono and my rice bowl and chopsticks -- [laughs] -- and do that kind of routine.\"": "Segment 8> - Copyright © 1997 Densho. All Rights Reserved."
            }
        },
        "segment 9": {
            "Segment Desc": "Role as the East Coast Japanese American Citizens League redress coordinator",
            "Segment Q&A": {
                "Well, I want to go back to what you were saying earlier because it was actually something that you touched on, but you really didn't develop, that I'd really like you to go more toward. You mentioned the fact that when the time came to go to Washington, and actually sort of pick up the lobbying effort full-time and doing the fundraising full-time, that someone had to go without salary. Now, I'm not sure what you meant by that, so could you expand on that?": "Oh, without salary? Well, if the goal was to raise $250,000, that was the budget for the year, which would include salary, and you raised $40,000. And the idea is to develop a big network of redress coordinators, like captains and then all these people to work under them, and if you're going to get it started then you'd better be prepared to give them things that they can work with. Because once you ask for commitment, and you don't provide them the tools and the materials to go out and do the lobbying then the thing can fall flat on its face. And I know that at that particular time in 1985, people had just really gotten back on their feet. They had lived many years without things, and then when you begin to let them feel like other Americans, you know, you have brand new cars and begun to buy homes and now maybe you want a bigger house and you're trying to send your kids to the right schools and things like that. Well, you're not feeling too rich yet and so... 'cause success in America unfortunately is based on how much you earn. $40,000, when there was a lot of publicity that the time has come, we must really act together to get redress. Nobody was that excited, so only $40,000 came in. So when the leaders -- and this included a group in Washington, and Mike Masaoka and Min Yasui and I understand Grant Ujifusa was in that group. Because by then he had written his political book. And these guys, again, whether this is a Nisei mentality, my name came up.",
                "Oh, without salary? Well, if the goal was to raise $250,000, that was the budget for the year, which would include salary, and you raised $40,000. And the idea is to develop a big network of redress coordinators, like captains and then all these people to work under them, and if you're going to get it started then you'd better be prepared to give them things that they can work with. Because once you ask for commitment, and you don't provide them the tools and the materials to go out and do the lobbying then the thing can fall flat on its face. And I know that at that particular time in 1985, people had just really gotten back on their feet. They had lived many years without things, and then when you begin to let them feel like other Americans, you know, you have brand new cars and begun to buy homes and now maybe you want a bigger house and you're trying to send your kids to the right schools and things like that. Well, you're not feeling too rich yet and so... 'cause success in America unfortunately is based on how much you earn. $40,000, when there was a lot of publicity that the time has come, we must really act together to get redress. Nobody was that excited, so only $40,000 came in. So when the leaders -- and this included a group in Washington, and Mike Masaoka and Min Yasui and I understand Grant Ujifusa was in that group. Because by then he had written his political book. And these guys, again, whether this is a Nisei mentality, my name came up.": "is what Mike Masaoka wrote just before he died. You know, he says, \"One day I'm going to tell you a story about how it was that you came to Washington.\" And so the guy said, \"Well, Grayce resigned from a job because she is a East Coast coordinator\" -- which is strictly a volunteer job. And the reason why I wanted to coordinate the whole East Coast and not just Virginia, Maryland, Delaware, Pennsylvania, New Jersey, New York, and Massachusetts. There are just as many other states up and down the coast, and I understood politics enough to know that this redress battle was going to be won by the efforts we accomplished in the Midwest and the East, because I knew the makeup of the judiciary committee. If you can't convince a judiciary committee of the House first, then we'd be at it forever. That much I knew. So they said to me -- Min actually, Min Yasui approached me and said, \"You know, we decided that we needed somebody to do this full-time. Will you come on as a volunteer? We'll pay you your, we'll pay you to travel to Washington,\" 'cause I lived in Westtown, Pennsylvania at that time, and so that meant staying at a hotel Monday, Tuesday, Wednesday night, come back Thursday. And they bought me copier, I already had a good typewriter. And then we converted our family room into an office, a redress office. So Friday, Saturday, Sunday I worked out of that office, so it became a seven-day job. So that's the start of the JACL redress campaign, in October of 1995.",
                "is what Mike Masaoka wrote just before he died. You know, he says, \"One day I'm going to tell you a story about how it was that you came to Washington.\" And so the guy said, \"Well, Grayce resigned from a job because she is a East Coast coordinator\" -- which is strictly a volunteer job. And the reason why I wanted to coordinate the whole East Coast and not just Virginia, Maryland, Delaware, Pennsylvania, New Jersey, New York, and Massachusetts. There are just as many other states up and down the coast, and I understood politics enough to know that this redress battle was going to be won by the efforts we accomplished in the Midwest and the East, because I knew the makeup of the judiciary committee. If you can't convince a judiciary committee of the House first, then we'd be at it forever. That much I knew. So they said to me -- Min actually, Min Yasui approached me and said, \"You know, we decided that we needed somebody to do this full-time. Will you come on as a volunteer? We'll pay you your, we'll pay you to travel to Washington,\" 'cause I lived in Westtown, Pennsylvania at that time, and so that meant staying at a hotel Monday, Tuesday, Wednesday night, come back Thursday. And they bought me copier, I already had a good typewriter. And then we converted our family room into an office, a redress office. So Friday, Saturday, Sunday I worked out of that office, so it became a seven-day job. So that's the start of the JACL redress campaign, in October of 1995.": "'85."
            }
        },
        "segment 10": {
            "Segment Desc": "Raising money for the redress movement",
            "Segment Q&A": {
                "I guess eventually with various groups, other groups also beginning to really get excited that it looks like things are going to happen, more and more groups came into it. And, of course, Bill Hohri made the choice of doing it through the courts, and that's our American system, isn't it? That all of us have the right to make choices, and so people could align with any group that they want and follow through with how they wanted to fight for redress. But within JACL we had a strategy that was worked out by Grant Ujifusa, because he is the guru. But then, there also, fortunately for us, were the four Nikkei members of Congress. And theirs is a daily experience right there on the hill, and they talk with other members of Congress each day. So I always felt most comfortable with the advice that the four members gave. Because they'll say, \"Well, so and so is coming on, can't you find somebody to really give it a push?\"": "give you one example of a push. The state of West Virginia, can you imagine the state of West Virginia? I guess none of us would go there, right? Now there's coal miners and whatever else, so Harley Staggers is on the judiciary subcommittee, and he's a nice guy, his father was a former congressman if I remember correctly, and he's a graduate of Harvard, a very well-educated member. And one major problem -- his legislative aide said they haven't received one call, not one letter from anybody about HR442. Now, the Congressman really believes the cause is right but the way things work in Washington, you're going to hear from your constituents if you act on a certain bill. Well, the Congressman felt that if he heard from some of his constituents, he could say, \"I heard from my constituents that I should support the Japanese American Redress bill.\" So then that meant... and this was repeated over and over, that's part of the whole strategy. I call Tom Kometani of New Jersey, who is very active in his Methodist church (where) he spoke of (redress), I also told him Harley Staggers is a Methodist. You have to, you have to get the information about a congressman that will be useful for your coordinator to do some follow-up. So he went to his bishop for this Northern New Jersey area, and being a bishop, it meant that he gets to all the national meetings and things so he would know more people. Bishop said, \"Oh, yes I know the minister, the bishop of that area and also the minister. And so through that contact, that network, letters came to Harley Staggers' office. Another, a judge who went to Harvard also. And then I spoke at the University of Pittsburgh, and fortunately this teacher asked me to send him articles or information about redress, because he wanted to follow some and put it into his curriculum on U.S. History. So I was told, \"Just get half a dozen letters,\" 'cause I thought I had, you had to send a whole lot, but no, he can say he heard from his constituents. And I understand at least that a dozen letters came in, okay? So that's an example.",
                "give you one example of a push. The state of West Virginia, can you imagine the state of West Virginia? I guess none of us would go there, right? Now there's coal miners and whatever else, so Harley Staggers is on the judiciary subcommittee, and he's a nice guy, his father was a former congressman if I remember correctly, and he's a graduate of Harvard, a very well-educated member. And one major problem -- his legislative aide said they haven't received one call, not one letter from anybody about HR442. Now, the Congressman really believes the cause is right but the way things work in Washington, you're going to hear from your constituents if you act on a certain bill. Well, the Congressman felt that if he heard from some of his constituents, he could say, \"I heard from my constituents that I should support the Japanese American Redress bill.\" So then that meant... and this was repeated over and over, that's part of the whole strategy. I call Tom Kometani of New Jersey, who is very active in his Methodist church (where) he spoke of (redress), I also told him Harley Staggers is a Methodist. You have to, you have to get the information about a congressman that will be useful for your coordinator to do some follow-up. So he went to his bishop for this Northern New Jersey area, and being a bishop, it meant that he gets to all the national meetings and things so he would know more people. Bishop said, \"Oh, yes I know the minister, the bishop of that area and also the minister. And so through that contact, that network, letters came to Harley Staggers' office. Another, a judge who went to Harvard also. And then I spoke at the University of Pittsburgh, and fortunately this teacher asked me to send him articles or information about redress, because he wanted to follow some and put it into his curriculum on U.S. History. So I was told, \"Just get half a dozen letters,\" 'cause I thought I had, you had to send a whole lot, but no, he can say he heard from his constituents. And I understand at least that a dozen letters came in, okay? So that's an example.": "Segment 10> - Copyright © 1997 Densho. All Rights Reserved."
            }
        },
        "segment 11": {
            "Segment Desc": "Methods used to gain redress: legislation, education, judicial",
            "Segment Q&A": {
                "So you fellas also pick up a lot?": "In terms of..."
            }
        },
        "segment 12": {
            "Segment Desc": "Thoughts on current issues in the U.S.",
            "Segment Q&A": {
                "Well, what are some of, that unfinished business that you think needs to be taken care of?": "Well, I think the health care problem. This nation with its wealth, it almost makes me angry that with all the education and the intelligence that's there, and of course, one knows that things are decided in the United States on a political basis, so that's why I'm saying I want us to get back into that process. And now, from our experience that we have been empowered, not just to act for us. 'Cause I think when we act on issues that help other people then we become even freer and we find strength and power to speak out more about things that happened to us and... because there's still anti-Asian violence going on and the failure yet to see people of Japanese ancestry who have, whose brain power has been recognized, but I don't know of anybody who's on the board of a major corporation. If they want to use our brain power to create the things that we sell, why can't some of our people be on the board to make decisions like that so that we will someday feel that we are truly part of this country, the decision-making process. So that's the goal I see ahead and I hope that that's going to happen."
            }
        }
    }
}