{
    "Narrator_Name": "Henry Bruno Yamada",
    "Bio": "Nisei male. Born 1923 on the Island of Kauai, Hawaii. Volunteered for military service shortly after graduating from High School. Served in the 442nd Regimental Combat Unit in a mortar platoon during World War II. (The 442 was an entirely Asian American segregated fighting unit.) After the war, he lived on the U.S. mainland for many years before finally returning to Hawaii.",
    "Title": "Henry Bruno Yamada Interview",
    "Interviewer": "Matt Emery",
    "Location": "Honolulu, Hawaii",
    "Date": "July 3, 1998",
    "Densho ID": "denshovh-yhenry-01",
    "transcript": {
        "segment 1": {
            "Segment Desc": "Working on the cane plantations on Kauai, Hawaii",
            "Segment Q&A": {
                "I guess the first thing I am curious about is, where did you get your nickname?": "Well, one of my friends that were in the same hut with me, Tom Umeda, his name. He called me that Bruno one, one time, and that name sticked with me all through Europe, Shelby, Europe, and even now. And I still carry that name. I don't know what it really means. I know it's Italian, but -- maybe it's after, after Bruno Haupman.",
                "Remember that person that kidnapped Lindberg's baby?": "Uh-huh.",
                "I like it. Can you tell us where and when you were born?": "I was born in Lawai, Kauai, island of Kauai, January 1st, 1923.",
                "Now, you were born there. Did you grow up there?": "I, yeah. I really grew up there, yeah, 'til high school, anyway.",
                "Okay. So what was it like growing up on Kauai?": "It was pretty rough on me because my mom, my, left us when I was about eight or nine years old. And I lived with my father until, until I left the islands.",
                "So it was just you and your father, or did you have any siblings?": "No, nobody. Just two of us. So he cooks. Sometime I used to cook. And I did some of the shopping, yard work. Was a pretty rough life. I work in the plantations when I was nine years old.",
                "You started working when you were nine?": "Yeah, part-time. On the weekend...",
                "What were some of your responsibilities on the plantation?": "Well, I used to, we, I used to do, we, getting rid of the weeds in the cane field. We used to call that hoe hana.",
                "Hoe hana?": "Hoe hana, yeah. That's with a hoe. You're working with a hoe. And also I used to plant sugar cane. And I used to cultivate sugar cane when -- and that's about it.",
                "Wow. So you just did this part time so you were still able to go to school, right?": "Yeah. This was only weekends and holidays.",
                "Okay. Were you a pretty good student?": "No. I wasn't a good student. I went there to, to eat my lunch, I guess. [Laughs]",
                "You were in recess, right?": "Yeah.",
                "Did you do any sports?": "Well, I played football in the weight league, 130 pound, 125, 130, football team for the plantation.",
                "What was that like?": "Oh, it was a lotta fun, yeah. We used to travel all over the islands, and playing league games, regular league games. I used to really enjoy that."
            }
        },
        "segment 2": {
            "Segment Desc": "Growing up poor",
            "Segment Q&A": {
                "Bruno, it sounds like you were very busy as a young man. You were going to school, plus you had to work on the plantation and you had to help your father. What types of values did you learn growing up?": "Well, I, I learned that life was, wasn't too easy. And I, I tried to make the best, although my dad wasn't a rich person or had any money, much money, I tried to live within his means. I even went fishin' to supply the table for food. And I went out in the fields to pick wild fruits, and even did some hunting to put food on the table.",
                "Were there things that you ever wanted or longed for, but you couldn't have because of financial situations that you were in?": "Well, I used to, I didn't think too highly, but I, I wish I could have gotten better clothes, automobile. I, I got an automobile later on my own when I started high school. But I really wanted a automobile. And, and I, I don't know what I would have done if, if my dad didn't give me a little bit of his wages.",
                "So Bruno, when did you leave Kauai, and where did you go?": "After I finished high school, I left for Honolulu. I lived in Honolulu. And I started to work for a bakery, Love's bakery. And I had three, about three friends I used to live with. And we all sign up for different kinda job, defense job, working at the Pearl Harbor, Hickam Field. And I was very happy when I got call for the 442nd.",
                "Was that hard to say goodbye to your friends on Kauai?": "What's that?",
                "What's that?": "Was that difficult to say bye to your friends and father on Kauai?",
                "Was that difficult to say bye to your friends and father on Kauai?": "Well, sort of. But they had their own problems, so -- I, I, I really didn't miss them too much at that time. But I was happy, very happy to go into the army. I, I was inducted. I was called to do my physical at the old Triple R Hospital near Fort Shafter. And then I was called to go to Schofield for my (training) -- basic."
            }
        },
        "segment 3": {
            "Segment Desc": "The call for volunteers in Hawaii: joining the U.S. Army",
            "Segment Q&A": {
                "What was that like when you, when -- first of all, tell me, how did you find out that you were going to be able to volunteer?": "It came in (the newspapers). We, we were always on the lookout for thing like that. And when we saw that article, that the, the Niseis were forming, I was really happy to, to get into the army.",
                "Why were you so excited?": "Well, never, things like that never happened to me before. And, for one thing, I really thought that I wasn't gonna be picked. This was a big opportunity for me. And several of my friends also went along with me. And some were rejected, and I really felt sorry for them.",
                "Why were they rejected?": "I know one of 'em was weight problem. (He was only 94 pounds.)",
                "What was the ceremony like? Where did that take place, and what was the ceremony like?": "Well, we all, we marched down to the Iolani Palace. And then they had a big ceremony. Think the governor was there. And we all gathered at the palace grounds, and our friends, families were there. My family didn't come because, well, they live on another island, and I didn't expect them to be there. But, but I really felt proud at that time. And I think we went back to Schofield, and one or two days after that we had to march back to the ship early, at the Pier 10.",
                "To the troopship? What was that march like?": "Oh, that was a heck of a march because we had to carry our own (duffle) bag. And the walk was from the railway station to the Pier 10, about 3-quarter of a mile or one mile. And it was really tough.",
                "Did your shoes and your uniform fit okay?": "Huh?",
                "Huh?": "How about -- did your shoes fit okay -- the new uniform and the new shoes? Did everything fit?",
                "How about -- did your shoes fit okay -- the new uniform and the new shoes? Did everything fit?": "Well, it was a little oversized, but it didn't matter because when we went to Camp Shelby, Mississippi, we got it changed to a better size.",
                "Okay. When you were marching to the troopship did you have anybody to say goodbye to you at that point?": "Yeah. There was some people wait -- this is supposed to be a secret movement."
            }
        },
        "segment 4": {
            "Segment Desc": "Journey to and first impressions of U.S. mainland",
            "Segment Q&A": {
                "So you got on the ship, and you were heading to the mainland. What was the, what was the boat ride like?": "Oh, for one thing, we were lucky we got the beautiful ship, the Lurline. And the ride was pretty smooth, although we were kinda cramped up in the ship. Going to the chow line was kinda, kinda, crowded. But all in all, I think it was pretty good.",
                "Did you get seasick?": "A little bit. Some of my friends were real bad. Yeah, they got sick as heck.",
                "So you hit the mainland in San Francisco?": "San Francisco, yeah.",
                "And then, eventually you made it to Shelby?": "Yeah, they put us in trains. We passed through the Midwest.",
                "Any stops along the way?": "Yeah. I remember stopping at Arkansas, Little Rock, I think. And the people were curious. They all came out, and they were friendly. Most of them were friendly. But it was our first chance to look at someone else besides our own troops.",
                "First time you saw mainlanders, right?": "Yeah. Yeah, right.",
                "What did they think of you?": "Well they, they're curious. They think of us as either prisoners or, or unwanted group of people -- gonna be shipped out someplace.",
                "When you arrived at Shelby, what were your first impressions?": "Well, I, I didn't expect too much because I heard lotta stories about Mississippi. But all in all, it was pretty good. They put us in barracks, and they divided all of us into, I don't know how they chose us, but in different groups to go to different outfit, like artillery, engineers, or I Company, K Company.",
                "And where were you chosen to go?": "I first went to the field artillery. Then later on, I don't know how, how, but we were transferred to the line company, I Company.",
                "Now, what did you think of the mainland boys that were there at Shelby?": "The kotonks? Well, we, we asked another team. We didn't expect much from them. But we became friendly. Very, very quickly.",
                "The kotonks? Well, we, we asked another team. We didn't expect much from them. But we became friendly. Very, very quickly.": "Was it rough at the beginning, though?",
                "Was it rough at the beginning, though?": "Yeah. They were really nice to us. I don't know whether they, they knew that, they knew that we weren't gonna be there or what, but the cadres were mostly mainland people. The sergeants and people that were gonna train us. And they were really, really nice people. They became friend --",
                "Who were some of the mainland boys that you became friends with early on?": "Well, I landed in a hut. And my sergeant was George Suzuki, I think he's from California. And another person by the name of Kim Uchida. He's from Seattle. And, we became pretty good friends and then he introduced us to Shiro Kashino. And then they tried to help us, especially -- we were from Hawaii. We don't know the mainland too well. So when furlough time came around, for, time to go to furlough --",
                "Did they ever take you to one of the internment camps?": "No, I didn't go. I had all the chance, though, but I didn't go. I met lot of them at the, at the dances they have on the posts --"
            }
        },
        "segment 5": {
            "Segment Desc": "Making friends on the long trip to Italy",
            "Segment Q&A": {
                "What did you first think of Shiro Kashino when you met him?": "Oh, first time I met him, I kept wondering, what kinda guy is this? I -- in fact, when, the short while I know him, I know he was a real (friendly) -- guy who can take it. You can joke with him. We used to call him kotonk. And we used to call him \"Hirohito.\" And he used to laugh over it. And we got to, get to like him. Kash -- Shiro.",
                "Oh, first time I met him, I kept wondering, what kinda guy is this? I -- in fact, when, the short while I know him, I know he was a real (friendly) -- guy who can take it. You can joke with him. We used to call him kotonk. And we used to call him \"Hirohito.\" And he used to laugh over it. And we got to, get to like him. Kash -- Shiro.": "He was a pretty fun-loving guy?",
                "He was a pretty fun-loving guy?": "Yeah. Well, he was well-liked. And then, while we were going overseas -- oh, before that, I think I told you that my friend Matt Tanaka.",
                "So he went off with the 100th?": "He went with the 100th, yeah. It was a sad time for me, that moment. But anyway, going, while going over on the ship, Liberty Ship to Italy, we had a boxing matches on the boat.",
                "Oh, really?": "And that's how I got to know Shiro pretty well. He never refused. He, he would, he would take on anybody that we put him against.",
                "Did you box, too?": "Yeah. He was a good boxer, surprisingly.",
                "Did you box?": "I did a little too --",
                "You did a little bit?": "Yeah.",
                "Did guys place bets on the side?": "No, nothing like that.",
                "No bets, huh? [Laughs]": "No. This guy, I don't know, if you folks know in Seattle Tommy Umeda, the guy I told you that gave me the name?",
                "No. This guy, I don't know, if you folks know in Seattle Tommy Umeda, the guy I told you that gave me the name?": "Yeah.",
                "Bruno, when, when you look at this picture here -- what, what do you think of when you see this picture?": "These are all the boys from our hutment.",
                "Who's that handsome guy right there?": "[Laughs] Yeah.",
                "What goes through your mind when you see old photos like this of the boys?": "Oh, it's sad. Some of them are not there. Yeah -- we used to have lotta fun. Doin' weightlifting --",
                "So, you told me that there, you, there was boxing on the, on the ride over to Europe?": "Yeah.",
                "What else did you guys do to, to kill the time?": "Oh... (we played cards, sang songs and talked about the past and the future.)",
                "Did you practice your Italian?": "Huh?",
                "Huh?": "Practice your Italian?",
                "Practice your Italian?": "Little bit, yeah. And we sang songs, and learned Italian songs and --",
                "Where did you first land?": "We landed in Sicily, Italy. And, that's our first engagement with Italian people. They gave us some oranges, and we, we offered them some money. We, we became pretty popular with them.",
                "You got along pretty well with the civilians?": "Yeah. Then from there we went to Naples, from Sicily.",
                "How was Naples?": "Oh, I thought it was a terrible town. I mean, you know, the outlook of the place.",
                "Very war-torn?": "Yeah, war-torn. People begging for food. But when you look back, I feel sorry for them."
            }
        },
        "segment 6": {
            "Segment Desc": "First combat experience and battlefield duties",
            "Segment Q&A": {
                "At, at one point, you were reunited with your good friend, Matt Tanaka?": "Yeah.",
                "When you reunited with the 100th. What did you guys talk about? 'Cause he had actually seen --": "Yeah, combat.",
                "Some combat, right?": "Yeah. He advised us not to do this, not to do that. He, he, he came to meet us at a staging area, PM Civitavecchia. And he would tell us to, not to be too brave. Just -- and he told us not to volunteer for too many things. Just do your duty. And we would accept what he say. And then we didn't see him no more.",
                "That was it?": "Yeah.",
                "That was the last time you saw him?": "Yeah.",
                "What happened?": "He, he went on a patrol. And he -- but he, he got shot, I think, by a sniper, and was killed.",
                "When he was giving you that advice and telling you what combat was like, what, what was going through your mind at that time? What were you thinking?": "I was thinking, gee, how rough things gonna be. He said -- he was telling us about tree bursts, and getting hit while, while going to the water hole, and this and that. He said, and he used to tell us, don't volunteer for too many things. And we all thought that he gave us some really good advice.",
                "Where was that, and what was that like?": "That was in Suvereto, Italy. And, it was, it was a -- well, to me at that time, it was hectic because we went on the line, and we were pinned down the first day. And we couldn't move. They all tanks came to support us. They got knocked out. And we, we tried to, to advance, but the enemy, they were on the hill. They wouldn't, they wouldn't give in. So our mortars and, our heavy weapons fired on them. And later the, the 100th Infantry went, surrounded them. And then they got, they, they, they did a lotta damage to the German troops then. We were able to go on.",
                "So, so Bruno, what were your specific duties on the, on the battlefield?": "I was a mortar man. Mortar --",
                "Mortar platoon?": "Mortar assisting, kinda.",
                "Okay. So what, what did you have to do, then?": "Well, we stayed, we actually in the back of the riflemen. They're in the front, and we in the back. And we helped them out with, when, whenever they got attacked, we lob some shells over.",
                "What was your sergeant's name?": "Harold Watase.",
                "So not being right in the front, then, was that not as dangerous as being on the front lines?": "Well, to me every place was dangerous but, yeah, I think we had a little bit more cover than those people on the front line."
            }
        },
        "segment 7": {
            "Segment Desc": "Memories of combat: wounded, the first injury",
            "Segment Q&A": {
                "When did you first get injured?": "I got injured in France, in the Vosges Mountain, just prior to the Lost Battalion.",
                "What happened?": "We were advancing, and then we heard lotta mortar shells. There were, there were tree bursts all over and, my friend and I were right next to each other. Both of us got hit on the leg. And the other person who was in the machine gun squad, got killed -- three of us were hurt then. And there were some other people got hurt, but I don't recall what their name were.",
                "So how many -- everybody was wounded, and how many people died there?": "Well, out, out of that moment, just one of, one of the person that was with us, he got kill. And my gunner, and -- I mean, assistant gunner, both of us got hurt. I don't remember. But I know quite a bit of people got hurt.",
                "What was that like seeing your friends get killed, seeing your friends wounded, and seeing yourself get wounded? How did you deal with that?": "Oh, gee, I don't know but, it wasn't nice. Shi -- Shiro, I think, got wounded, too, several days later. This -- when we got wounded I was just two days before the, reaching the Lost Battalion. And one day before that we were pinned down, the whole company were pinned down and, Shiro and, and everybody was on the verge of retreating. And Shiro would say to, to, not to retreat. Keep on going. And, and he relinquish a very bad disaster.",
                "What was Shiro like on the battlefield?": "Oh, he was a fantastic person. I think he, he was a real marvelous person. Plenty of guts. He would never retreat. I think he was well respected. Everybody liked him.",
                "Great soldier, huh?": "Yeah, he is. Same thing, even in Italy, the last portion we had, Po Valley. He, he held the company together. He's only a noncom, now. There was officers, but he, he does the job as an officer. And he holds the company together, and tells us not to retreat -- hold your grounds.",
                "After you got wounded, how long did you have to stay in the hospital area?": "I stayed in only about eight days.",
                "Eight days?": "Yeah.",
                "What were you thinking at that time? Were you ever thinking, oh, this -- did it ever seem hopeless to you or...": "No. My, my wound wasn't too bad. Got it wrapped up and, in fact, in fact, they didn't know that even the bullet went through the, my, other leg was bullet or shrapnel, but they don't, they didn't know whether it went right through my leg or not. They had it wrapped up -- when they released me, when I went back to the line, I found out that the, it came out the other end."
            }
        },
        "segment 8": {
            "Segment Desc": "Lessons learned in the military",
            "Segment Q&A": {
                "Were you pretty eager to get back into combat?": "Well, I wanted to go back with the boys, yeah. When I got back they already had pulled back a little bit for rest. And Shiro was gone already from the company. He, he probably was in the hospital, too.",
                "Did you correspond with anybody while you were in Europe? Did you...": "Yeah. I had some friends, a lady friend. And a Dr. Fujita, oh and, classmates.",
                "What would you write in your letters?": "Oh, I would write how miserable it is on the line. I'd tell 'em that, that I have lots of brave friends, that I never believed that human being can be such --",
                "Bruno, did, did you learn anything about yourself during your time in Europe?": "Did I learn anything? (I learned how important it is to have friends. Sometimes it is really lonesome when you're alone in the foxhole.)",
                "Did I learn anything? (I learned how important it is to have friends. Sometimes it is really lonesome when you're alone in the foxhole.)": "About yourself?",
                "About yourself?": "Well, I learned that I wasn't too brave a person. [Laughs] But...",
                "Do you ever think about, today, do you ever think about the boys that didn't make it back?": "Oh, yeah. Yeah. I had several friends who I, miss badly, I miss, like Mr. Wally Fukeda, Take, Takesu -- what's his name? -- Onaga.",
                "Oh, yeah. Yeah. I had several friends who I, miss badly, I miss, like Mr. Wally Fukeda, Take, Takesu -- what's his name? -- Onaga.": "Lots of friends gone."
            }
        },
        "segment 9": {
            "Segment Desc": "Breaking the Gothic Line",
            "Segment Q&A": {
                "All right, sir. I wanted to ask you about the breaking of the Gothic Line. Can you, can you tell me about that?": "Oh, you mean we had to climb that moun -- mountain?",
                "Oh, you mean we had to climb that moun -- mountain?": "Yeah.",
                "Huh?": "I can't remember either but, tell me what that was like.",
                "So most of the climbing was done in the, in darkness, right?": "Yeah, in darkness, yeah. Hold hands and climb up. And when we reached the top -- the Germans never expected us to climb that mountain. And it was, in fact, they were sleeping. So we, we had a easy time taking the place.",
                "Did you have any training in, in climbing mountains?": "No, no.",
                "Wow. What were you thinking? Did, did you think you were going to make it?": "Well, we didn't expect it to be like that, but as we kept going, we kept going step by step, until we reached the top. We didn't know it was that steep then.",
                "What was it like when you looked down?": "I think the name of the mountain is in that book, I think.",
                "What was it like when you, when you looked down?": "Oh, it was just like looking down from the Empire State Building.",
                "What was the battle like when you got up to the top? How long did it take?": "It didn't take too long, because they didn't expect us up there. And, the 100, I think, came in through one end, and another company, I think was L Company, also attack and took, took the place pretty, pretty fast.",
                "Are there any other experiences from Europe, or any special times that you remember, or any combat experiences that really stick out in your mind even today from your time in Europe that you'd like to tell us about?": "Well, there was a mountain called Carara town, yeah. We were, we were up there. And I think Kashino had a, had a squad or platoon on top of the mountain. And they were, they would, they had a heck of a time, too. I remember one of the boys that got hit in the leg. And they had to take, take them out to the side of the mountain, and we had to carry him down. His name was Terumi Kato, I think."
            }
        },
        "segment 10": {
            "Segment Desc": "Attending reunions",
            "Segment Q&A": {
                "Tell me about some of yours and Shiro's experiences after the war. When you came back, you guys were together, weren't you?": "Yeah.",
                "Where?": "In Chicago. Well, even in a -- right after he came out of the stockade, we went over to visit him. And well, that guy, he would, he, he would, he was the best. I mean, everybody liked him. A very compassionate person. He honest, very honest. And he's a good leader. He's also, he's also what the Japanese say yasashii.",
                "What does that mean?": "Very compassionate, and he's a good family man too. He has all those wonderful daughters, granddaughters. And I'm glad they all over here.",
                "Yeah. How do you feel being here today at the reunion and seeing his family members and everything? How, how do you feel?": "I feel sad because Shiro never missed a reunion. He came to, oh, this supposed to be his fifth reunion, I think. And his wife and daughters came in four different reunions. And it's the first time we're not gonna see him. Even, we also used to see him in Las Vegas and Ren -- Reno. And he would always volunteer for any kinda, anything that you want him to do. He's easy guy to get along with, he even go singin' or dancin'. And master of ceremonies, he would take part. In fact, I, I have some pictures at home showing him doing the hula dance, and also singin' with the boys.",
                "What did you guys do together in Chicago? Did you go to school together?": "Yeah. We went to school called Chicago Tech. It's a refrigeration and air conditioning school.",
                "Oh, okay. What was that like?": "We met by accident at the school. I didn't know that he was registered there.",
                "What, what did you guys study at this school?": "Air conditioning and refrigeration."
            }
        },
        "segment 11": {
            "Segment Desc": "Meeting future wife and getting married",
            "Segment Q&A": {
                "Just a couple more questions here, Bruno. When, when did you meet your wife?": "I met my wife when, after I came home. I came home from Los Angeles.",
                "Where was that picnic?": "It was in Bellows Field. They used to have the all 442 picnics out there. And so, her cousin brought her over, and I was pretty good friend with the cousin, so I got to, get, meet her. I got to meet her.",
                "I see. Love at first sight, right?": "Yeah.",
                "Yeah. What about the first time you went back home to Kauai? When was that, and what was that like?": "That was after we got married.",
                "That's great. So where are you living now?": "I'm living in a condominium in Aiea, called Pearl One.",
                "That's close by?": "Yeah.",
                "On the island here?": "Uh-huh.",
                "Any kids?": "Yeah. I have a boy and a girl living in Los Angeles.",
                "Grandchildren?": "Not yet.",
                "What we're doing with our interviews, we'r -- we're going to preserve them for generations and generations to come, so that people can learn and hear about the experiences of, of Japanese Americans and the 442. And I was just wondering if you had any words of wisdom or anything that you'd like to say to future generations? It could be, it could be to your unborn grandchildren, or it could be to, to anyone at all. Just an -- any, any final comments that you might have.": "Well, I hope situation like this never comes again, but if it does, I hope that they would volunteer and do their best, and preserve our legacy. And as far as Shiro is concerned, we gonna really miss that guy. He, he's the best that we ever met from afar. Our love for him will live forever in our hearts. Thank you."
            }
        },
        "segment 12": {
            "Segment Desc": "Memories of bombing of Pearl Harbor, restrictions on Japanese Americans in Hawaii",
            "Segment Q&A": {
                "I forgot to ask about your reaction to Pearl Harbor. Because you were actually working at Pearl Harbor, weren't you?": "Right.",
                "When Japan attacked?": "Yeah.",
                "So where were you on that Sunday?": "I was home that day.",
                "Did they say it that nicely, though?": "Huh?",
                "Huh?": "Did they say, because --",
                "What did they say?": "They say, they say, Japs gotta get out. So... but the next day we went back, and they let us in. Not the same guard, but some other guard.",
                "So eventually you were able to return to work?": "Yeah.",
                "Okay. How, how were you feeling with this? This was racial discrimination. How did you feel when they didn't let you in?": "For one thing, we were, we were Japanese so we had to take, I guess, some crap. And, and -- but sometimes they got a little out of their hands. And some of the guys would get mad at them. But to me, I figure, well, let it go.",
                "Well, thanks, Bruno, was there anything else that you wanted to say before we wrap up?": "No."
            }
        }
    }
}