{
    "Narrator_Name": "Hitoshi H. Kajihara",
    "Bio": "Nisei male. Born March 12, 1928. Incarcerated at Tule Lake concentration camp, California. Served as fundraising chair for the Japanese American Citizens League's Legislative Education Committee from 1984 to 1985 and raised over half a million dollars for the redress effort. Became president of the National JACL in 1986.",
    "Title": "Hitoshi H. Kajihara Interview",
    "Interviewer": "Tom Ikeda",
    "Location": "University of California, Los Angeles",
    "Date": "September 11, 1997",
    "Densho ID": "denshovh-khitoshi-01",
    "transcript": {
        "segment 1": {
            "Segment Desc": "Remembering Pearl Harbor day",
            "Segment Q&A": {
                "So this family wanted to adopt you, you mentioned they wanted to adopt you? And that was to keep you there instead of being, going to the camps, incarcerated?": "Right, correct.",
                "That was interesting, do you still stay in touch with these people?": "No, they're deceased."
            }
        },
        "segment 2": {
            "Segment Desc": "Playing baseball before leaving for camp",
            "Segment Q&A": {
                "Okay, you mentioned you were thirteen years old. You're a boy, thirteen, what memories -- when you think back to being thirteen and this was happening -- what memories sort of really stick in your mind about this period?": "You know, I was a fairly good baseball player. And normally seventh and eighth graders made the team, but I made the team when I was in the sixth grade. And so... and we all wanted to get into the junior varsity in Olympia High School. That was a goal of all these small schools all over, you know, to make the team in high school. But so that's my memory, the fact that I couldn't make, I couldn't play, 'cause I was taken away. And when I was in camp I still vividly remember that, you know... here's the funny things that you miss, first of all, I missed the neon lights -- pitch black in camp. I missed the hamburgers and hot dogs, and then most of all I missed my friends, I missed my friends back home. In fact...",
                "These were your Caucasian friends that you missed?": "My Caucasian friends, yeah, back in...",
                "Just going back a little bit to that, I'm curious, you mentioned baseball, what position did you play?": "Oh, I played shortstop.",
                "Right. Well, I was thinking -- because of sports and I played a lot of sports and I know there's a lot of camaraderie -- how did your, especially your Caucasian teammates, sort of react to you leaving or having to leave? Did you have any interaction with them?": "Well, they couldn't understand, and they also couldn't understand why I couldn't just leave. But we were still thirteen, twelve and thirteen, so you know, there wasn't any other reactions, I guess. But this Wilbur Cane wrote me a letter for one year, that is periodically perhaps. And I kept every letter, I read every letter. And you know, but after a year when we were separated we have not much in common to talk about. So the letters gradually decreased and pretty soon I was cut off from the outside world completely. And, but I... you know, the thing that I missed the most in camp was my friends, there's no question. And I pictured even them playing baseball, and I was not on the team and so on."
            }
        },
        "segment 3": {
            "Segment Desc": "Remembering Tule Lake concentration camp",
            "Segment Q&A": {
                "So you're thirteen, you're a boy, those are formative years. If you were to try to sort of summarize the camp experience, how would you summarize or characterize your experiences in camp?": "[Pauses] Well, that's... characterize...",
                "Let me ask you, how long were you at Tule Lake?": "Yeah. I was in Tule Lake for three and a half years and released in 1945, December 1945. It was not, well, it's hard to recollect, you know. I don't want to overdramatize because we were kids, so I really didn't appreciate what we were being subjected to, the injustice and all, until, of course, much later. What I remember is we had good teachers. Mostly they were Quakers. We went to school... there was no school for about, I would say about eight months to a year, I guess, when we went in and then they started school and then we went continuously. I went to both English school, and Japanese language school in Tule Lake. So I was taking about ten subjects and still had a little time to play softball. It wasn't hardball in camp, we would only play softball. I think, as I recollect now, I think camp was good to the extent that my teachers kept telling me that we were good Americans and that we should go on and show what good Americans we were. And I think that registered and so I've always felt that I must do much better than my competition. And so I think I studied hard, always studied hard. And one thing I want to say, the school in Tule Lake was wonderful and I will give you one example. A fellow classmate of mine, his name is Richard Tanaka, and we both were in the same class in camp and at Richmond High School where we went one semester before we went to Berkeley. And when you went to Berkeley he got all A's except one, he got a B in ROTC. Now, I didn't do that well, but I managed to get out. But that tells you the kind of school we had."
            }
        },
        "segment 4": {
            "Segment Desc": "Attending college",
            "Segment Q&A": {
                "So three and one half years in Tule Lake. After Tule Lake, what did you do? You sound like you went to another high school in Richmond and then to Berkeley.": "I went to one semester in Richmond Union High School and then I went to University of California in Berkeley. And I studied engineering, electrical engineering, because what I really wanted to become was a math professor. And so, but the only reason I couldn't -- and incidentally I want to say I wanted to be in a school environment forever, I loved school, you know -- but first of all, I know I had to get a Ph.D., if you wanted to become a professor. But I wasn't accepted, because in the liberal arts that's where they give the degree in math and I didn't have foreign language because I was taking ten courses and they didn't accept Japanese at that time. So college of engineering was the only school that would accept me without a foreign language. So that's how I got, so accidentally I became an electrical engineer."
            }
        },
        "segment 5": {
            "Segment Desc": "Getting involved in the Japanese American Citizens League and the redress movement",
            "Segment Q&A": {
                "Okay, let's move on now to more recent times. I want to ask you, what were you doing when you got involved in the redress?": "Right, this is 1980. Ventura JACL chapter was dormant for seventeen years, and I felt that we needed, we needed an active JACL. So my wife and I reactivated the JACL. Before that, however, I was coming to the San Fernando Valley JACL. But I was just... they had great programs, but that's all I went. I didn't hold any offices because the valley is about sixty miles from where I live. So that's how I started. And then I attended a convention -- Gardena convention in 1982. And that's what really opened my eyes to what was going on. And then Min Yasui -- and I consider Min Yasui \"Father of Redress,\" but maybe I should say 'my father redress,' because of the other fathers. But he came -- and you know Min Yasui, he was the one that defied the curfew -- so he came and he came to Santa Barbara, Santa Barbara installation dinner. I think that was in 1983 or '82, I can't remember. But anyhow, there was not a single dry eye, you know. He related his experience in his pursuit for redress and there was not a single dry eye.",
                "So that was a real defining moment for you?": "No question in my mind. I was so... I heard him speak about all his experiences and I knew I had to help Min. To get involved in redress and do whatever I could."
            }
        },
        "segment 6": {
            "Segment Desc": "Moving into leadership positions in the Japanese American Citizens League",
            "Segment Q&A": {}
        },
        "segment 7": {
            "Segment Desc": "Raising funds for the Japanese American Citizens League and redress",
            "Segment Q&A": {
                "No, I was drafted. One month after the Gardena convention, our Governor, Cary Nishimoto, said to me, \"Would you become a fundraising chair?\" of the district, that is. So I said, \"Okay.\" And it's kinda funny, because he kept on talking over the phone, and I had said, \"Yes,\" to him. But he didn't expect me to say anything, because that was a tough job. So that was kind of funny, I guess, at that time.": "And what experience did you have with fundraising before this point?",
                "And what experience did you have with fundraising before this point?": "I had raised some money for like Warren Furutani one year. And then I know when Mineta was going to be honored down here... This is the Democrats from Los Angeles area, and I think this is true, that I raised about half of the money that the Democratic organization... I guess they call it the Democratic organization of southern California something, but I worked in Oxnard area and raised money. So this is the first time I got to meet Mineta, and in fact, I didn't meet him, it was over a phone line, I think, but his video, and so, and afterwards I met Mr. Mineta."
            }
        },
        "segment 8": {
            "Segment Desc": "Fundraising strategies for the redress movement",
            "Segment Q&A": {}
        },
        "segment 9": {
            "Segment Desc": "Establishing fundraising mechanisms for the redress movement",
            "Segment Q&A": {}
        },
        "segment 10": {
            "Segment Desc": "Donor reluctance, fundraising strategies for the redress movement",
            "Segment Q&A": {
                "And when you thought about going out for these fairly large contributions of two thousand dollars or more, and you started doing that, what were the, what kind of resistance did you get from people to contribute those amounts?": "Well, they were very hesitant, you know. They didn't want to tell you. Well, I myself got to a point where people didn't, you know, they would cross the street when they would see me. And I'm sure that that's the experience of other people, that were called prime solicitors. Cherry Kinoshita, she raised the second largest amount of money for this whole program. Grace Uyehara was number one. And I'm sure that they met the same experience. 'Cause, and people would say, \"Okay, we'll donate,\" and I could go back and you never hear from them. And the chapter sponsor collects these sponsors, programs, to raise money.",
                "Well, do you think people's reluctance to donate was because they didn't believe in the project itself or the goals of the project, or are they just reluctant to donate in general? What do you think was going on?": "Well I, I think both. People are reluctant to (being locked in to) donate, and they have their own, own places they like to donate to. They have their own... so, and I think a lot of people, I believe, didn't think this was going to fly. They were just, you know, it'd be just be money wasted. I can't tell, you know, but whether that's what they thought. But for whatever reason, it was very difficult to raise the money, I should say that. That's why I always look at your five hundred thousand dollar Microsoft or other things out there and say, \"Oh boy.\" 'Cause ours was... one of the things we wanted, the board members contributed a thousand dollars up front. And incidentally, we wrote our -- Min and myself, we took out a two-page Pacific Citizen, two sheets, I should say -- an insert for launching the fund drive. And I think, I attribute the success, that we accounted for every penny, that is, with the periodic report on income and expenditures. That's critical. You have to tell the people -- particularly if you're depending on donations -- who donated. And I wrote about twenty articles during my -- in the Pacific Citizen, that is -- with the feed back, and the status. And also we had this donor's listing. And in fact I have one there. It lists everyone of the people who donated. And we computerized this thing, Bacon Sakatani kept the computer, but the money came to myself and I manually transcribed off of each of these listings, donors and addresses and so on.",
                "With all this work, I mean, how successful was the program?": "Well, under my chairmanship we raised half a million dollars, and that was over two years, a period of two years. And then Dr. Mae Takahashi from Fresno followed me because I became national president in 1986. And we raised another half a million, and these are not big companies. There... and I think it was successful to the extent that this funded the LEC operation totally. And so they were in office -- we had a Washington, D.C. office -- and that was from, let's see, '80... oh incidentally, I should say that we started with twenty three thousand dollars. That is... you know, JACL couldn't engage in lobbying. So at the Honolulu convention they said, \"Okay, we're going to turn this lobbying effort to the LEC of JACL.\" Twenty three -- no, not, twenty-three hundred dollars, because we had a donation of about that, or thirty-two hundred, something like that from the floor, and that's what we started with. And I consider the whole operation for the, from that period to redress, was 1988, so that would be about four years, I guess -- funded totally. And the staff, maintained a staff in Washington, D.C. is critical. In fact, I think that's the reason that JACL... a lot of people, in fact, different organizations, worked on it -- but then you really had to have a network of chapters throughout the country so that they could lobby their congressperson."
            }
        },
        "segment 11": {
            "Segment Desc": "Leadership role with the Japanese American Citizens League",
            "Segment Q&A": {
                "So after successfully raising half a million dollars, you then transitioned to more an executive role with the JACL. Can you tell me, sort of, your move there and how that came about?": "Well, I ran for office for national presidency and I won by three votes, and at the Chicago convention in 1986. And we totally put our effort into redress, and I think under my presidency, I think that the goal and the work of all staff and volunteers was redress strictly. I mean, there was no... this was important and we had to do it. Because so many Nisei were -- older Niseis were dying off. And so it become a number one thing to pursue and no question, and anybody that had a question on it... [laughs]",
                "In those two years under your presidency, what were the major obstacles or challenges for JACL at that point regarding redress?": "Well, it was to get the Congress, enough congresspeople to support it. And that was tough because a lot of them still didn't know about Japanese Americans. And my personal feeling is if we didn't have those Nikkei congressman, this would never come to pass. And if I can just cite one example, you know, just about a month ago, Senator Torricelli from New Jersey -- and he's on this hearing, the fundraising -- not the fundraising, the, the hearings they're having right now in the Senate. And that he made the following statement, that he cautioned those, the senators up there, that they must not broad brush and give the whole Asian a bad name just because a few Asians got involved in this illegal contribution act. But you know, and he based that on his, the Kefauver hearings -- where the Italian Americans were broad brushed, that hearing had to do with the Mafia. Now the thing is, it was later, reporter dug up, that he would have to be five days old to have heard the Kefauver hearing, okay? So Sunday, all these political talk people (had a) field day joshing Toricelli. The thing is, but there is no Japanese American or Asian commentator. Because if I was on these Sunday talk shows, I would have stressed the important part of the point that he was making, not joshing him. But not one, no one mentioned. So my point is -- and there is no Asian Americans on the talk shows on Sundays. Consequently if it wasn't for those congressmen, this issue would never have been taken up, is my belief. So I think we owe them, and the veterans, the veterans, you know, the 442nd people, it's those two things.",
                "Well, it was to get the Congress, enough congresspeople to support it. And that was tough because a lot of them still didn't know about Japanese Americans. And my personal feeling is if we didn't have those Nikkei congressman, this would never come to pass. And if I can just cite one example, you know, just about a month ago, Senator Torricelli from New Jersey -- and he's on this hearing, the fundraising -- not the fundraising, the, the hearings they're having right now in the Senate. And that he made the following statement, that he cautioned those, the senators up there, that they must not broad brush and give the whole Asian a bad name just because a few Asians got involved in this illegal contribution act. But you know, and he based that on his, the Kefauver hearings -- where the Italian Americans were broad brushed, that hearing had to do with the Mafia. Now the thing is, it was later, reporter dug up, that he would have to be five days old to have heard the Kefauver hearing, okay? So Sunday, all these political talk people (had a) field day joshing Toricelli. The thing is, but there is no Japanese American or Asian commentator. Because if I was on these Sunday talk shows, I would have stressed the important part of the point that he was making, not joshing him. But not one, no one mentioned. So my point is -- and there is no Asian Americans on the talk shows on Sundays. Consequently if it wasn't for those congressmen, this issue would never have been taken up, is my belief. So I think we owe them, and the veterans, the veterans, you know, the 442nd people, it's those two things.": "And so you recognized that it was a shared commonality, I mean, some of the experiences the Italian community went through and for him to have that sensitivity to sort of also direct that or share that with the Japanese or Asian communities."
            }
        },
        "segment 12": {
            "Segment Desc": "The decision to form the Commission on Wartime Relocation and Internment of Civilians",
            "Segment Q&A": {
                "Okay, Harry, I now I want to bring you up to date, to actually today, and for you to look back in hindsight and to think if... when you think of what happened with redress, whether or not you would have thought there should have been a different way of going about the whole process?": "No, I think that was the right way. There's no... would have been the same thing. I think, you know, in regards to, there were some people who didn't like to go in the commission route. But that commission enabled us to have this government issued document saying that an injustice was done. And so, for example, just picture the, we asking for $20,000, or whatever it is, that would, the Congress would never buy anything like that. But if the government says, \"Yes, we did something wrong,\" then... so we have the document forever, that justice denied document. I'm so overjoyed, because there it is -- a hundred years from now, people that get involved in this thing will refer to it. And so, no other way, this is it, the correct way."
            }
        },
        "segment 13": {
            "Segment Desc": "Reflecting on the accomplishments of the redress effort",
            "Segment Q&A": {
                "The final question I have is, you've dedicated a large part of your life on the JACL and the passage of the Civil Liberties Act. When you now think about the passage and what has happened since then, do you think that we've accomplished the goals of the redress movement?": "Yes. I think we have, because never again the U.S. government will incarcerate a certain ethnic minority. And the reason they won't do that is because it costs them money. I don't know that the attitude, the discriminatory attitude has changed. I just heard some congressman making snide remarks in this recent hearing. And so I think they're insensitive and I don't think that's ever going to change. And I think the Sanseis and the Yonseis are going to meet the same kind of discrimination, perhaps not so overt, but then they'll be able to contend with that. But one thing they won't do, is they're not going to put anybody in incarceration center like they did the Japanese Americans. And, you know, I'd like to say that... just one thing, final thing is that, you know, in an odd way, we were the chosen ones, because I think we wrote a page in history -- U.S. history. And it was a hard way, but I think that we have really contributed to the betterment of a \"more perfect union.\" One little sentence, not even a page, 'cause very short history. And I feel real good about that and I think that's just... and I also feel, I'm appreciative of the Sanseis and Yonseis, but I think also that I think the Sanseis and Yonseis feel proud of what the Niseis did. And that's a great feeling, because this is something I don't think at the beginning people ever thought we could ever do this, I mean, redress. Isn't that a wonderful thing that was done?",
                "Yes. I think we have, because never again the U.S. government will incarcerate a certain ethnic minority. And the reason they won't do that is because it costs them money. I don't know that the attitude, the discriminatory attitude has changed. I just heard some congressman making snide remarks in this recent hearing. And so I think they're insensitive and I don't think that's ever going to change. And I think the Sanseis and the Yonseis are going to meet the same kind of discrimination, perhaps not so overt, but then they'll be able to contend with that. But one thing they won't do, is they're not going to put anybody in incarceration center like they did the Japanese Americans. And, you know, I'd like to say that... just one thing, final thing is that, you know, in an odd way, we were the chosen ones, because I think we wrote a page in history -- U.S. history. And it was a hard way, but I think that we have really contributed to the betterment of a \"more perfect union.\" One little sentence, not even a page, 'cause very short history. And I feel real good about that and I think that's just... and I also feel, I'm appreciative of the Sanseis and Yonseis, but I think also that I think the Sanseis and Yonseis feel proud of what the Niseis did. And that's a great feeling, because this is something I don't think at the beginning people ever thought we could ever do this, I mean, redress. Isn't that a wonderful thing that was done?": "Segment 13> - Copyright © 1997 Densho. All Rights Reserved."
            }
        }
    }
}