{
    "Narrator_Name": "Jim Hirabayashi",
    "Bio": "Nisei male. Born October 30, 1926, in small town of Thomas, Washington, on family farm. Attended school in Auburn, Washington, before being removed to the Pinedale Assembly Center and Tule Lake concentration camp, California. Left camp to work in Idaho, and was subsequently joined by family. Postwar, became a social anthropologist, and later became only the second Nisei to teach at San Francisco State University. Instrumental in the struggle to establish the field of Ethnic Studies. Brother of Gordon Hirabayashi, who defied the curfew and removal orders in 1942, and was arrested, convicted, and imprisoned. Gordon Hirabayashi's conviction was vacated in 1986.",
    "Title": "James Hirabayashi Interview",
    "Interviewer": "Megan Asaka",
    "Location": "Denver, Colorado",
    "Date": "July 4, 2008",
    "Densho ID": "denshovh-hjim-02",
    "transcript": {
        "segment 1": {
            "Segment Desc": "Making the decision to study anthropology as an undergraduate",
            "Segment Q&A": {
                "Well, it was about a month after the end of the war, and I had just graduated from high school in Spokane, John Rogers High School. And so got on a bus and returned to Seattle about a month before school opened. And I stayed with the director of the YMCA where my brother stayed before the war. And he took me in, he got me job. Let's see, I was working on flower gardens as a way of getting a little money before school started. And, you know, I was raised on a farm so I knew what things were like. So I was working in the garden one day, and the lady comes by, the lady of the house comes by and says, \"Oh, you're planting those bulbs upside down.\" They were flower bulbs, I didn't know anything about flowers. And she says, \"Oh, well, you're Japanese, I guess, so you know what you're doing.\" [Laughs] So anyway, that's how I started out. Got enough money to enroll at the University of Washington. And I went there. At first I was going to go take something like pre-med, because that's what all parents want you to do. And, but I wasn't sure I wanted to do that, and I was talking to a friend of my brother Gordon's who was going there, and she sort of looked out for me like an older sister. And she said, \"Well, why don't you just take pre-major, and take a series of different kinds of courses?\" And she says, \"Well, why don't you try anthropology?\" And I says, \"What's that?\" And so that's how I took anthropology the first term. But I just took pre-major until I was about a junior, and then people says, \"Well, you can't graduate unless you have a major.\" And so around that time, I went on an archeological dig to Eastern Washington, Moses Lake area. And I liked the companionship and everything else, but I didn't like archeology because it was too much like farm work, and I went to college to get off the farm. And so I went into social and cultural anthropology. And it was around junior year that I went there, I mean, switched majors. And finally got my BA in anthropology, and I started my M.A. program there.": "At the University of Washington?",
                "At the University of Washington?": "At the University of Washington."
            }
        },
        "segment 2": {
            "Segment Desc": "Doing field study in Japan for master's degree",
            "Segment Q&A": {
                "And what was the focus of your research at that point, kind of when you were starting your M.A.?": "At that point, I was just, you know, going according to what the department was emphasizing. And of course, they were in the Pacific Northwest, so there was a lot of emphasis on the Northwest Coast Indians. And so I was just taking courses, and then someone told me, \"If you want to go into anthropology, you might specialize on Asia.\" And they says, \"Well, do you know some Japanese? So why don't you specialize in that area?\" And I had gone to Japanese school when I was a kid, and that ended right when the war started, of course. And so I started taking Japanese courses, and that really helped me because I was way ahead of everybody else in the class. And so I didn't hardly study at all, but I get, five unit courses, and I get A's, and it really boosted my gradepoint. And so then I applied for a graduate program there, and I got my M.A. degree, and I sort of minored in Far Eastern Studies as well.",
                "At that point, I was just, you know, going according to what the department was emphasizing. And of course, they were in the Pacific Northwest, so there was a lot of emphasis on the Northwest Coast Indians. And so I was just taking courses, and then someone told me, \"If you want to go into anthropology, you might specialize on Asia.\" And they says, \"Well, do you know some Japanese? So why don't you specialize in that area?\" And I had gone to Japanese school when I was a kid, and that ended right when the war started, of course. And so I started taking Japanese courses, and that really helped me because I was way ahead of everybody else in the class. And so I didn't hardly study at all, but I get, five unit courses, and I get A's, and it really boosted my gradepoint. And so then I applied for a graduate program there, and I got my M.A. degree, and I sort of minored in Far Eastern Studies as well.": "Was there any work being done, at least in anthropology, on Japanese American stuff?",
                "Was there any work being done, at least in anthropology, on Japanese American stuff?": "No, there was, I think there was some work possibly being done -- well, you know, of course, Frank Miyamoto had done his study. And then before that, well, that was in 1920 that there was an exchange student from Japan, and he got his master's degree in sociology. And he did his master's thesis on Japanese farmers in the state of Washington, and he published, I mean, he submitted it in 1926. So there were things like that, I guess, happening, but it was, there's not much emphasis on ethnicity. It's only after the Ethnic Studies period that all this boom sort of... so anyway, I just decided to focus on Japan. And then I got a Fulbright Scholarship, and it was 1954 or so. I think I got my B.A. degree in '49. And then that year, I think there were six Fulbright Scholarships at the University of Washington, and three of them were in anthropology. And so I went to University of Tokyo. I figured that if I have to do a dissertation, I might as well find out about myself. So that I decided to do field work in Nagano-ken, where my parents are from. And I went up there and found a village in Nagano-ken, and lived up there for a year. And my wife and Lane, Lane was about two years old then, so we lived there for a year and I did my field work.",
                "And what was the focus of your field work? What types of things did you study?": "Well, my focus was on, you know, the social culture change in the village. This was after World War II, so there's a considerable amount of social change there. Where the village initially was very, kind of, isolated, it was in a real rural area, isolated, and then after the war, there was this big postwar economic change where industrialization kinds of things happened. And that affected the way in which the village articulated with the rest of the country. And all these social changes that were coming about is what I focused on.",
                "How were you accepted by people there as a Japanese American?": "Well, you know, Japanese are very, kind of, hierarchy conscious. And the thing was, however, is right after the war, and I came in as someone associated with the winners, I guess. So, you know, I think the Japanese attitude towards immigrants there, low-class immigrants that went off, so however, because of the nature of the war, I think I was treated more or less like an equal, I guess, and they knew I was in the university and all that. So that's the kind of feeling that I had. I thought there was some kind of, somewhat a kind of reserve, but anyway, they knew my parents had come from the region, and so I think it was as good as it could have been. But later on, I've noticed certain kinds of changes. I think that, sort of the attitude towards the overseas Nikkei, I think there's a kind of, I feel kind of a superior attitude amongst some of the people.",
                "Among people in Japan?": "Yes."
            }
        },
        "segment 3": {
            "Segment Desc": "Enrolling in the anthropology PhD program at Harvard, obtaining a faculty position at San Francisco State",
            "Segment Q&A": {
                "Is that compared with the program at the University of Washington?": "Yeah. It's quite a drastic change for me, because going to the University of Washington during, right after the war, and then going back to Harvard, even though I had a PhD, I mean, a Master's degree, my peers over there at Harvard, you know, they're educated at those small liberal arts colleges, Swarthmore and Haverford, Bryn Mawr and places like that. And I found out that I wasn't really educated in a general sense. You know, I didn't have a good literature background in English, any of that kind of stuff. And so, but I managed to hang in there, and I wrote my dissertation on the research that we did in Japan. I had to shift it around quite a bit because the orientation at Harvard is quite different from the University of Washington.",
                "Were there other Asian Americans at the, especially in the humanities at that point?": "No. I think when I got my PhD in anthropology, there were something like a half a dozen other Japanese Americans who had gotten their PhDs in anthropology in the whole country. And then I was hired at San Francisco State. I wanted to, well, as I say, my family's in Seattle and all that, and I didn't want to go back to the University of Washington because when you're a student, it's hard to come in as a peer, you know. And so I was just looking hopefully to get somewhere in the west, and then this opening came out at San Francisco State. And I was only the second Asian American on the faculty at San Francisco State.",
                "Who was the first one? Was that Hayakawa?": "The first one was S.I. Hayakawa. And, of course, he had an international reputation as a semanticist. And then after... well, I was hired in 1959, and I was busy just trying to fit into the program. Anthropology's an interesting field, and I was focusing on ethnic groups in San Francisco as a source of field material for students, you know, and all that."
            }
        },
        "segment 4": {
            "Segment Desc": "Teaching at San Francisco State, getting an opportunity to go to Eastern Nigeria",
            "Segment Q&A": {
                "And then they would compare to sort of the more urban conditions?": "Yeah, compare, and I traveled in the Southwest at that time, went into Pueblo and Navajo groups. Navajo were quite interesting because they were trained as special linguistic in the army also, interpreters, so some secret codes would be sent out in Navajo language, which Japanese didn't know. And anyway, I would go to some of their ceremonies, and they would have veterans doing ceremonies, and they cleanse themselves from... and sometimes they would have Japanese scalps as part of the ceremony. I said, \"Oh, my golly.\" But anyway, after that project, soon after that project, there was a colleague of mine who happened to be working on a project in Nigeria, Eastern Nigeria. He was training administrators there, and he's a psychologist. And I played on the faculty baseball team with him. All that baseball experience I had in camp came in... well, and I played on the social science team. And the project that he was on had an anthropologist who was moving to another area of Nigeria, and so he wrote and says, \"Hey, do you want to come to Africa?\" I says, \"Heck, yes.\" Because I hadn't, I'm not an African specialist, so that I hadn't taken any courses. And I figured if I don't go there with an opportunity like this, I'll never get a chance.",
                "Yeah, compare, and I traveled in the Southwest at that time, went into Pueblo and Navajo groups. Navajo were quite interesting because they were trained as special linguistic in the army also, interpreters, so some secret codes would be sent out in Navajo language, which Japanese didn't know. And anyway, I would go to some of their ceremonies, and they would have veterans doing ceremonies, and they cleanse themselves from... and sometimes they would have Japanese scalps as part of the ceremony. I said, \"Oh, my golly.\" But anyway, after that project, soon after that project, there was a colleague of mine who happened to be working on a project in Nigeria, Eastern Nigeria. He was training administrators there, and he's a psychologist. And I played on the faculty baseball team with him. All that baseball experience I had in camp came in... well, and I played on the social science team. And the project that he was on had an anthropologist who was moving to another area of Nigeria, and so he wrote and says, \"Hey, do you want to come to Africa?\" I says, \"Heck, yes.\" Because I hadn't, I'm not an African specialist, so that I hadn't taken any courses. And I figured if I don't go there with an opportunity like this, I'll never get a chance.": "I took leave and I went to eastern Nigeria to work for the Eastern Nigerian government in rural community development. And three months after I got there, Eastern Nigeria seceded and became Biafra. And three months after that, the Biafran civil war started, and it started about fifteen miles from where I was working, so I could hear the artillery and everything. And it was, so I was one step ahead of the army. Oh, by the way, I should say that they were fighting over oil then, in about 1967, and they're still fighting over oil there. And the Biafran civil war, there were a million Nigerians that were killed. International powers jumped in on both sides because of the oil reserves. There's one other large oil reserves at the mouth of the Niger River there, and it's still bad, bad, bad there, after all these years."
            }
        },
        "segment 5": {
            "Segment Desc": "Description of field work in Eastern Nigeria",
            "Segment Q&A": {
                "And how you were treated there as a Japanese American, and what your experience was?": "Well, you know, I was, of course, a stranger by the Nigerians themselves. They thought I was Chinese. Because the Chinese have restaurants and laundries, it seems, all over the world, there's been movement. So that in any big city you go in, that's what I did, is I'd look up and find the Chinese restaurants and get food that way.",
                "Was there a Chinese community?": "There wasn't a community, but, well, not, not huge Chinatowns and things like that. They're just scattered around, a few in each of the urban areas. And when I'd go to the native markets, little kids would run after me and say, \"Chinee, Chinee, Chinee,\" you know, things like that. So, and then there were hardly any Japanese around. I think in Eastern Nigeria, I heard that there were a couple in one of the southern cities, but I never ran into any. And when I was there in the capital city of Eastern Nigeria, Enugu, there was a Korean doctor, worked for the World Health Organization. And he grew up in Korea at the time of Japanese occupation, so he was fluent in Japanese. And then while I was there, the television people in Eastern Nigeria hired a young fellow from Japan to come and help set up their TV station. And so he arrived on the scene, and he was, oh, I would say he was still in his twenties. And hardly knew any English, but you know, technology, I guess, vocabulary is the same, so he was working there, and he used to meet with the Korean doctor and me, just so that we could speak Japanese and eat Japanese food, you know, we'd cook it ourselves. And when the war started, I was afraid to... the Korean doctor got shipped out right away by the World Health Organization, and then I got orders from the Ford Foundation I was working for, to go back to the capital city. And I was afraid to leave him there by himself, so that I went over to the TV station and I argued with them. I says, \"Hey, his family is flying into the capital city, we have to go and pick up his family,\" and I just told them a line, you know, and got him to go with me. And we drove to the border where the separation from Eastern Nigeria and federal territory. There's a bridge going across the Niger River. It's like the Golden Gate Bridge, it's a suspension bridge. And they had federal troops on one side and Nigerian troops, I mean, East Nigerian troops on the other side, the Biafran troops, and they wouldn't let us cross. So I sent the car back with the, chauffeur back to the capital, and then the ferry was running underneath the bridge as if there were no war at all. And so we just jumped the ferry and went over to the other side, Ford Foundation met us, and we drove back to the capital city of Enugu, and I took him over to the embassy there. And they were really thankful, they were worried about him, didn't know what was happening. So that's the last I saw of him, then I came back.",
                "What were people, especially in maybe Eastern Nigeria, what were people's views towards the United States?": "Well, you know, I don't think that they were very much aware of what -- you know, they knew that various forces were at it, and it was kind of a funny alignment. The British were the colonialists there for fifty years. And Nigeria got independence around 1950, so that it was independent only about half a dozen years before I got there. And the problem in Nigeria is there's something like 250 different tribes there. And colonialism in Europe, you know, the European powers would divide up according to their politics and whatever, you know. And so, as I say, there were 250 different tribes, and there are three big ones. And then during the Biafran war, the British were still, had a lot of power. And they were on one side, and then there were, I guess the Russians and even the Israeli had some. So that the fallout was sort of different. And the United States, although they were officially neutral, I saw a lot of surplus stuff, GI stuff there. And so they were much more on the Biafran side, I think. So anyway, the ordinary people, of course, they were, they didn't have power, you know. So they sort of treated us, put us on pedestals and that kind of stuff. And what I was trying to do was help in any way in the rural area. And I, the Minister of Rural Development, he just told me, \"We've got all kinds of problems. Do what you think you need to do.\"",
                "So how long were you in Nigeria?": "Well, I was in there, oh, maybe about eight months or so."
            }
        },
        "segment 6": {
            "Segment Desc": "Returning to San Francisco State during a time of student unrest",
            "Segment Q&A": {
                "And then you were sent back to San Francisco?": "Then I got back to San Francisco just in time for the fall semester. And then the fall semester year before the strike.",
                "So the Asian American Political Alliance, was it Japanese American, Chinese American? What was the ethnic makeup?": "Yeah, well, it was mainly Japanese American, but there were Chinese Americans in there. The Chinese students had a separate organization, a Chinese students organization, which was much more, all Chinese. So I don't know why the Japanese students didn't have a Japanese students organization or something like that, they just, I guess the radical Sansei got together, and then they talked to Yuji. So there were Chinese, a few Chinese and maybe other people in that initial, Korean, maybe, I don't know.",
                "And can you talk a little bit about San Francisco State University at that time and what the student body was like, especially in comparison with Berkeley? Because those two are oftentimes mentioned together, but they were quite different.": "Yeah, well, of course, I didn't know what was going on at Berkeley very much. There was this free speech movement. As I say, just during this period, I was in Africa, so that I was sort of trying to catch up. And the other thing that affected me at State in regards to these things is that my officemate started a labor union, the AFL, I guess, American Federation of Labor. You know, we had this university professor, professor's organization, which is more of a professor's organization, which is more of a professional organization, it wasn't a labor union. And my (officemate) and some of his colleagues thought that we needed really a more vigorous labor oriented. And so they started the union, and they were often meeting in my office. And, you know, in those days, I just wanted to keep my nose clean, get my tenure, you know, get some security, inasmuch as Japanese weren't getting jobs like that. They would get the degrees at the universities and end up, as they say, working on their farms, parents' farms and vegetable stands and that sort of thing, you know."
            }
        },
        "segment 7": {
            "Segment Desc": "Work with the Asian American Political Alliance and Third World Liberation Front, ethnic student organizations",
            "Segment Q&A": {
                "In going back to the Asian American Political Alliance, what types of things were they fighting for or what was their mission?": "Well, at that time, there was, you know, as I say, there were things associated with the, with the civil rights. Civil rights was fair play and employment and housing and all these kind of things. And I was involved in some of those kinds of things in Mill Valley where I lived, it's kind of an upper-middle-class area. And so we would go down and send a black couple in to a real estate agent, and they would say, \"Oh, that place is already rented,\" or something like that. Then we'd send a white couple in, and of course, it would be available. And so we'd go and picket the place. We did things like that. And similar things were happening in employment, companies were being picketed and that sort of thing. And then, the students began pushing for courses that were more oriented towards their own life experiences. And at that time, there was a kind of a radical teacher by the name of Nathan Hare that the university hired, sort of as a way of hedging their bets against the pressure that they were getting from the students that was building up. And as I say, the ethnic student organizations formed a coalition called the Third World Liberation Front, and they're the ones that pushed and started the strike. But the, that year, this coalition got involved in the social sciences because the social science division decided to organize a kind of ethnic studies class in response to all this pressure that's building up, and Nathan Hare was going to give the lectures. But it was the social science division, that's where I was in, so that the dean came to me and said, \"Would you be the official faculty member for that class?\" And I said, \"Okay,\" sounded interesting and all that. And so I started to organize the class, talking to Nathan Hare about his lectures. And I was getting my graduate students in anthropology to become TAs in that class.",
                "Well, at that time, there was, you know, as I say, there were things associated with the, with the civil rights. Civil rights was fair play and employment and housing and all these kind of things. And I was involved in some of those kinds of things in Mill Valley where I lived, it's kind of an upper-middle-class area. And so we would go down and send a black couple in to a real estate agent, and they would say, \"Oh, that place is already rented,\" or something like that. Then we'd send a white couple in, and of course, it would be available. And so we'd go and picket the place. We did things like that. And similar things were happening in employment, companies were being picketed and that sort of thing. And then, the students began pushing for courses that were more oriented towards their own life experiences. And at that time, there was a kind of a radical teacher by the name of Nathan Hare that the university hired, sort of as a way of hedging their bets against the pressure that they were getting from the students that was building up. And as I say, the ethnic student organizations formed a coalition called the Third World Liberation Front, and they're the ones that pushed and started the strike. But the, that year, this coalition got involved in the social sciences because the social science division decided to organize a kind of ethnic studies class in response to all this pressure that's building up, and Nathan Hare was going to give the lectures. But it was the social science division, that's where I was in, so that the dean came to me and said, \"Would you be the official faculty member for that class?\" And I said, \"Okay,\" sounded interesting and all that. And so I started to organize the class, talking to Nathan Hare about his lectures. And I was getting my graduate students in anthropology to become TAs in that class.": "I'm just curious about the curriculum for that class and what you focused on.",
                "Well, you know, this is what I was going, leading up to, is that when I met with Nathan Hare and the leaders of the Third World Liberation Front, all the student leaders, the Black Students Union and the Latino organization, Chicano organization, and the Native Americans, we met to talk about how we should organize the class and what we should lecture. And the students just lit into me. And I had my assistants there ready to go, and they said, \"Nathan Hare's going to do all the lecturing, you don't lecture at all.\" And then they said, \"We're gonna do the TA work, not your, your anthropology students.\" And I was wondering, \"What the heck is going on?\" And all during this period, I was trying to catch up on what was going on politically. And so I was treating that course as, like any other course we where the teacher has sort of control over the curriculum and everything else. And so I was adapting, and I says, \"Well, if you guys don't want me to lecture, that's fine with me.\" And then that fall, I think maybe we only had about a month of classes, and the strike started. So we never finished that term. And the strike lasted for several months, and after that, you know, I was eventually appointed the... well, the strike ended in the, we won the right to start Ethnic Studies, there were faculty positions allocated and everything else. And the first year, I was splitting my time fifty percent with anthropology, fifty percent with Asian American Studies. And I was appointed the chair of Asian American studies.": "I was curious about the strike. Did faculty also strike with the students?",
                "I was curious about the strike. Did faculty also strike with the students?": "Yeah. The students struck first, and then the faculty union joined them."
            }
        },
        "segment 8": {
            "Segment Desc": "Work with S.I. Hayakawa, president of San Francisco State",
            "Segment Q&A": {
                "What was your relationship with him like before the strike, when you two were just professors and faculty?": "He also lived, lived in Mill Valley, and so, you know, he, well, as a matter of fact, his kids would commute with me sometimes. And there was a niece of his that came to live with him from Japan, and she commuted with me. So, you know, we had sort of a casual relationship. He invited me to the theater one time, and we went to see \"Rhinoceros\" or something like that. And he always invited me to his New Year's Day cocktail party. You know, he would have all these hoity-toity people there, so that I used to end up in the kitchen talking to his maid and eating his Japanese pickles that he used to make himself. [Laughs] And the year of the strike, I didn't get my invitation. When he -- he was involved in the ruckus during the early period. He jumped onto the, you know, there's the famous event there, and things like that happened. And then after the strike -- well, it was even before the strike was over, I had occasion of having to debate him in the Japanese American community. And the Japanese American community, particularly the JACL, the leadership of the JACL is fairly conservative. And I never joined the JACL formally, I would do things with them and things like that, but I never joined them because they hassled Gordon during Gordon's trial and all of that.",
                "What did they, how did they hassle him?": "Well, they thought Gordon was rocking the boat. What the JACL wanted to do is to cooperate with the government and go meekly off to camps to show how loyal they were to the United States and all that kind of stuff. So it was the leadership of the JACL who took that position. And so my other brother and I, Ed, in between Gordon and me, we never joined the JACL. And then during the strike, however, the JACL, the San Francisco JACL had a subcommittee, the Civil Rights Committee. And in that group were all the liberals, and they supported the students. But the leadership of the JACL were on Hayakawa's side. And that year, at the annual dinner, they invited Hayakawa as a keynote, and the students went over there and picketed. So we had things like that, but on the Civil Rights Committee, there was people like Edison Uno, and he's a very interesting character in and of himself. But there were, you know, the various liberals, including people like Kathy Reyes, who was, who was sort of accused of being a cohort of Tokyo Rose, because she was in Japan at that time, married a Filipino guy and was working in the radio business there. But anyway, there are people like that that really supported the students. And eventually, that Civil Rights Committee split off and formed the Golden Gate chapter of the JACL in San Francisco.",
                "Did they split off because they were maybe frustrated with the politics?": "Whatever, yeah. And I became a charter member of that group, but I never went to any of the meetings. [Laughs]",
                "So you talked about a debate that you had with Hayakawa. What was the topic?": "Yeah, well, the JACL wanted to, you know, wanted to find out what was going on, and so they asked Hayakawa to a meeting, and they asked me to be... and people from the Civil Rights Committee, and also including a fellow named (Reverend) Lloyd Wake. Lloyd Wake is the minister of the Methodist church, and they had a Japanese American congregation in San Francisco. And he was a liberal and supportive of the liberal causes and that kind of stuff. And so it's, we had a general discussion about what the strike was all about and why we were striking. And Hayakawa giving, he's always been sort of an assimilationist. And I was kind of, well, surprised because initially I thought of him as being a lot more liberal, because his wife was on the board of the Berkeley Co-op and stuff like that. And so, and the wife was related to Frank Lloyd Wright, I think she was a niece or something. And her brother eventually inherited Frank Lloyd Wright's school in Arizona, that kind of stuff. So I thought, you know, but Hayakawa was continuing to shift more towards the right, and after being president of San Francisco State, he then became a senator representing the Republican party. And 'til the day -- I used to see him every once in a while -- he always was, pushed the assimilationist kind of theme, and his writing was all in that area."
            }
        },
        "segment 9": {
            "Segment Desc": "Description of San Francisco's Japanese American community",
            "Segment Q&A": {
                "I was curious about the Japanese American community in general in the Bay Area, in San Francisco at that time. What was the state of the community and what, can you describe that a little bit?": "You know, I wasn't a part of the Japanese American community in San Francisco before the strike. You know, the Japanese American community is kind of insular, so when you come in from the outside, unless you spent a lot of time trying to enter into the scene. So I never did, because I was busy trying to settle in at San Francisco State, and that was my main problem. And then when we initially came to San Francisco, I couldn't get housing right away because of discrimination. Because I was looking for apartments in a, the better districts because the schools were -- I found out which grade schools were better, because I wanted the kids to have a good education. And when I first drove into San Francisco, I remember driving around the Twin Peaks area because I heard... and there'd be signs, I'd go over there, and they said, \"Oh, the place has been rented,\" or something like that, and I couldn't get in. And then we even had to sleep in the car one night because we couldn't find a place to stay. And finally, we found somewhere in San Francisco, and then my wife started looking around to, so that we could buy a house right away. And we were looking various places, and then found this house in Mill Valley, and Mill Valley has real good schools. And so we found a house there, and as I say, Hayakawa happened to be living there also, but we didn't, of course, know him at first. And that's, it's mainly because of the elementary schools that we were making these kinds of choices. And you know, there weren't very many Japanese living there. There weren't very many ethnics living there, except in a place called Marin City, a housing development that developed there during the war, because they were recruiting people to work in the shipyards in Sausalito. And lot of African Americans came up from south, and Marin City is still largely African American. But the rest of Mill Valley, there's not too many ethnics, except there's a community in San Rafael of Latin Americans."
            }
        },
        "segment 10": {
            "Segment Desc": "The impact of the San Francisco State strike on ethnic studies",
            "Segment Q&A": {
                "...can you talk about the impact of the strike on, on academia and in general, what the impact was?": "Well... how should I say it? As far as I'm concerned, the irony of the strike was that the very people we had to force to recognize us, that is, the administration and the Board of Trustees, still sat in judgment of everything we did, because they controlled the budget, all right? Now, who's on the Board of Trustees? You don't know their names, but without knowing that, you knew that they were white, old, rich, males, businessmen or lawyers. And how do they get there? They're appointed by the governor. Who does the governor appoint? He appoints people who have contributed to his campaign and stuff like that. So they tend to be somewhat conservative. And they want the educational system to train students that are some value to them. And, \"What the heck is Ethnic Studies anyway?\" They're not interested in Ethnic Studies. Now, the administrators at San Francisco State are, they're passed on by the Board of Trustees, of course, the president and people like that.",
                "Well... how should I say it? As far as I'm concerned, the irony of the strike was that the very people we had to force to recognize us, that is, the administration and the Board of Trustees, still sat in judgment of everything we did, because they controlled the budget, all right? Now, who's on the Board of Trustees? You don't know their names, but without knowing that, you knew that they were white, old, rich, males, businessmen or lawyers. And how do they get there? They're appointed by the governor. Who does the governor appoint? He appoints people who have contributed to his campaign and stuff like that. So they tend to be somewhat conservative. And they want the educational system to train students that are some value to them. And, \"What the heck is Ethnic Studies anyway?\" They're not interested in Ethnic Studies. Now, the administrators at San Francisco State are, they're passed on by the Board of Trustees, of course, the president and people like that.": "so, you know, there are things like, I'll give you an example. The Chinese American students wanted a course on Chinese American community. I says, \"Okay, we'll go into Chinatown and we'll find somebody who's lived that life, thought about it, written about it, and we'll hire him.\" So we find somebody like that, and we go back, and I go to the Dean of Faculty, and I said, \"We want to hire this person.\" And the dean says, \"What's his qualifications?\" I'd say, \"What do you mean?\" He says, \"What's his degrees?\" And I said, \"What the heck has that got to do with anything?\" I said, \"If I applied for the job, you guys would be happy because I have a fancy Ivy League degree. But the only way I can teach that course is as an anthropologist because I'm not Chinese American.\" So I'm going to start with anthropological models of analysis like kinship systems, patrilineal societies, so on and so forth. All the theories and all that kind of frame of reference would be anthropology. Well, no Chinese in Chinatown goes around with anthropological models of kinship in his head. His world view is something else again. And if we're going to teach Chinese American kids about self identity and community, we don't start with outside/in models, we start with inside/out models. After all, whose definitions of us put us into concentration camps? It wasn't ours. So anyway, that's what we needed to do in Ethnic Studies. Well, even if I talked the Dean of Faculty into hiring this guy -- oh, by the way. Do you know why he asks that? It's because San Francisco State is accredited every ten years or so. One of the criteria for accreditation is how many PhDs you got on your staff. You know, this reminds me of a quote by a social scientist. It said, \"The system secretes its gastric juices so as to polish the rough stones of dissent into smooth pearls of conformity.\" And right away, if I hire somebody from the community and he wants a promotion or anything like that, he has to publish in the traditional journals, overseen by traditionalists. So the system has its way of, even after we get people with our orientation, to pressure them into -- and I can't complain and say, \"Hey, you can't have promotions.\" They're raising their family and everything like that. So little by little, I think it gets eroded away.",
                "so, you know, there are things like, I'll give you an example. The Chinese American students wanted a course on Chinese American community. I says, \"Okay, we'll go into Chinatown and we'll find somebody who's lived that life, thought about it, written about it, and we'll hire him.\" So we find somebody like that, and we go back, and I go to the Dean of Faculty, and I said, \"We want to hire this person.\" And the dean says, \"What's his qualifications?\" I'd say, \"What do you mean?\" He says, \"What's his degrees?\" And I said, \"What the heck has that got to do with anything?\" I said, \"If I applied for the job, you guys would be happy because I have a fancy Ivy League degree. But the only way I can teach that course is as an anthropologist because I'm not Chinese American.\" So I'm going to start with anthropological models of analysis like kinship systems, patrilineal societies, so on and so forth. All the theories and all that kind of frame of reference would be anthropology. Well, no Chinese in Chinatown goes around with anthropological models of kinship in his head. His world view is something else again. And if we're going to teach Chinese American kids about self identity and community, we don't start with outside/in models, we start with inside/out models. After all, whose definitions of us put us into concentration camps? It wasn't ours. So anyway, that's what we needed to do in Ethnic Studies. Well, even if I talked the Dean of Faculty into hiring this guy -- oh, by the way. Do you know why he asks that? It's because San Francisco State is accredited every ten years or so. One of the criteria for accreditation is how many PhDs you got on your staff. You know, this reminds me of a quote by a social scientist. It said, \"The system secretes its gastric juices so as to polish the rough stones of dissent into smooth pearls of conformity.\" And right away, if I hire somebody from the community and he wants a promotion or anything like that, he has to publish in the traditional journals, overseen by traditionalists. So the system has its way of, even after we get people with our orientation, to pressure them into -- and I can't complain and say, \"Hey, you can't have promotions.\" They're raising their family and everything like that. So little by little, I think it gets eroded away.": "the same sort of thing happens with classes. The Black Students Union had a class on African American music. And so I wanted to hire people like John Handy, an internationally-known... and so I tried to split time with the, with the music department. Have Handy half time music, half time in black studies. And the music department said, \"Oh, you know, we don't have enough of a position even for half time.\" He was teaching one course there. Well, gosh, who controls the music department? It's people who focus on nineteenth century Western music, symphonies, you know. There's nothing wrong with that, but John Handy plays to an audience that's quite large, and it's part of our music tradition now. And so it's things like that that make it very difficult to innovate in the educational system, because it's based on tradition.",
                "the same sort of thing happens with classes. The Black Students Union had a class on African American music. And so I wanted to hire people like John Handy, an internationally-known... and so I tried to split time with the, with the music department. Have Handy half time music, half time in black studies. And the music department said, \"Oh, you know, we don't have enough of a position even for half time.\" He was teaching one course there. Well, gosh, who controls the music department? It's people who focus on nineteenth century Western music, symphonies, you know. There's nothing wrong with that, but John Handy plays to an audience that's quite large, and it's part of our music tradition now. And so it's things like that that make it very difficult to innovate in the educational system, because it's based on tradition.": "So Ethnic Studies as it was envisioned by the students of the Third World Liberation Front, is that even possible to exist in academia, in an academic environment like San Francisco State or Berkeley?",
                "So Ethnic Studies as it was envisioned by the students of the Third World Liberation Front, is that even possible to exist in academia, in an academic environment like San Francisco State or Berkeley?": "Well, it was a start. And we did make a lot of changes, and it still exists to some extent. My feeling is that down the pike, if the trend continues and Ethnic Studies comes to be looking like any other department, then it's time to do something else. But you know, this, although we've made a lot of changes in race relations in this society, it's not gone by a long shot. Look what's happening with Obama right now, you know. So it's, lot of it has changed in form, and it's gotten a little bit more subtle and things like that."
            }
        },
        "segment 11": {
            "Segment Desc": "Participating in a research study in Guam: influence on personal ethnic identity",
            "Segment Q&A": {}
        },
        "segment 12": {
            "Segment Desc": "Teaching and traveling in various countries",
            "Segment Q&A": {
                "Well, it's kind of hard for me to think what the future might be. It's, you know, I can't predict what's going on in the country anymore, and with the world. Human beings are supposed to be intelligent, and we keep killing each other. And as I say, oil was a problem in Nigeria when I was there in the '60s, and it's still, Nigeria is corrupt. It was corrupt then. When I went there, I taught there for two years. Oh, after I finished about six years as the Dean of Ethnic Studies, I was, you know, getting continually frustrated. A friend of mine had been in my department at Anthropology, and taught two years in Northern Nigeria. And he says, \"Well, you want to come here and replace me?\" And I says, \"Heck, yes.\" And so I went to Northern Nigeria, at Ahmadu Bello University, and I taught there for two years. And I tried to teach the students about what we were doing in Ethnic Studies, and about self-determination and all that. And I tried to tell them not to, you know, copy, emulate British colonialism. And I don't think they listened to me very much because all during this time, the elite saw how they could gather in the money by controlling power and everything like that. And it's been that way ever since.": "after two years of teaching there, I returned to San Francisco State. And I didn't want to start teaching right away after all that experience, so that I had a sabbatical leave stored up. I had requested a sabbatical leave right before the strike. And since they went on strike, they wouldn't act on any of that. And I heard that I got it, but then after the strike they asked me to be chair of Asian American Studies and then the Dean of Ethnic Studies, so that I never took the sabbatical. And I wrote back from Nigeria saying, \"I want it now.\" And I took it, and I backpacked the long way home, through East Africa, Kenya, and then my brother (Ed) in between Gordon and myself was a foreign service officer, and he's working in Ethiopia at the time. So I visited him, and it was the tenth year anniversary of the Marxist revolution in Ethiopia, and so that they were having a big celebration. There were posters two stories high of Marx and Engels. So I went to spend a month in India, just bumming around, very interesting. And, you know, I was affected by the poverty there. Everywhere you went, people were begging for money. But I got to the various sites like the Taj Mahal and places like that, you know. Taj Mahal in moonlight is what people would always say, so I managed to get there. Then went up to Nepal and to Burma, Thailand. And while in Thailand, I went right up to the edge of China into the Golden Triangle where all the opium comes from, heroin, and then into Indonesia. From Indonesia, Singapore, and then into the Philippines, and then into Micronesia. And I went to Truk, where the Japanese fleet was sunk. You know, Truk was part of Japanese territory at one time, between World War I and World War II. And then to Hawaii, and then I ended up in Mexico where Lane was doing his field research, and back home. It took about six months. And it was really a wonderful trip for somebody trained in anthropology."
            }
        },
        "segment 13": {
            "Segment Desc": "Thoughts on the future of Japanese American studies, community",
            "Segment Q&A": {
                "Especially after the Nisei generation, you know, is gone. What will happen?": "Well, at the Museum, I keep saying that, well, our job is to explain as best we can what happened to the Issei in the context of what was happening to them in the whole society. We have to do the same thing for the Nisei, the conditions changed, the transformation from the Issei community to the Nisei community. And then there have been changes with the Sansei, particularly things like the strike and things like that. But the Museum puts all these kinds of things out so that people understand what happened and why in the context of their times. And it's for the next generation to look at all this, decide for themselves in the future context what they want to do. But we can't tell them what to do. The best we can do is say, \"Hey, look at what happened, and what's there, and what meaning does it have for you? How do you want to take all this and alter your own lives to suit what you want to do?\" As far as I'm concerned, that's what the Museum is there for.",
                "Well, at the Museum, I keep saying that, well, our job is to explain as best we can what happened to the Issei in the context of what was happening to them in the whole society. We have to do the same thing for the Nisei, the conditions changed, the transformation from the Issei community to the Nisei community. And then there have been changes with the Sansei, particularly things like the strike and things like that. But the Museum puts all these kinds of things out so that people understand what happened and why in the context of their times. And it's for the next generation to look at all this, decide for themselves in the future context what they want to do. But we can't tell them what to do. The best we can do is say, \"Hey, look at what happened, and what's there, and what meaning does it have for you? How do you want to take all this and alter your own lives to suit what you want to do?\" As far as I'm concerned, that's what the Museum is there for.": "So you see the role of, like, community-based organizations being pretty strong and continuing Japanese American studies?",
                "So you see the role of, like, community-based organizations being pretty strong and continuing Japanese American studies?": "Yeah. But for them, I don't expect them to just emulate and copy things as if the context of their times is not changing, you know. So I think we're not only in the communication field, but globalization. This is why this is quite interesting for Lane and I to be involved in the International Project, where we got funds from the Japan Foundation to do this International Project. So we gathered together scholars from North, Central, South America and Japan, we had all kinds of seminars, and so we had to have interpreters, 'cause there was Portuguese, Spanish, Japanese and English. Although these were professionals, they weren't academicians, so that I could tell between English and Japanese that the interpretation wasn't exactly on, you know. It's like looking at subtitles on movies, you know.",
                "And what was the focus of this conference that you were talking about?": "Oh, well, we have a book called New Worlds, New Lives that was a result of the project, and it's, Akemi Kikumura and Lane and I are the co-editors. And we wanted to compare the different kinds of adaptations, innovations, on the part of overseas Japanese communities. I'll give you a for-instance. The women got -- you know, we split them up into smaller groups. You know, it's hard to get academicians to agree on anything. And here you have four different languages to deal with, in addition. And it's interdisciplinary. I have enough trouble trying to get academicians in one discipline in one language to cooperate on anything. Well, so anyway, we got the women to form a group, and Audrey Kobayashi from Canada was talking about all the, the majority of immigrants to Canada these days are young women. And what's happening is that they're leaving Japan to escape Japanese paternalism. And when they get over there, of course, they run into Euro American paternalism. [Laughs] So Audrey starts talking to the ones from Mexico and Peru and Brazil, and they're talking about their Mediterranean type paternalism. And so it's a real, kind of an interesting comparison between what happens when you get one culture bumping up against so many others, and then we learn out of this. Again, we find out what's happening, what people are doing in the context of where they're, where they're at. And I think this is important things for the current generation to look at. And this is only the first step in research of this sort. But because of this project, I was able to travel back down to Latin America, and of course, Lane is fluent in Spanish, although when we were in Brazil, the taxicab drivers would say, \"Hey, you're speaking Spanish with a Mexican accent,\" you know. But Lane and I went to Brazil and to Peru, Ecuador, and Guatemala when he was about a sophomore in college."
            }
        },
        "segment 14": {
            "Segment Desc": "Traveling with son",
            "Segment Q&A": {
                "At UCLA?": "UCLA, and he's been in Asian American Studies ever since.",
                "You mean people who, Japanese who had come, immigrated after World War II?": "After the war, yeah. So it's really quite a different scene. After Japan's economic boom -- of course, there are more Japanese in Brazil than the whole of North America. Because after the immigration stopped in the U.S., it shifted to Brazil. And so they're one generation behind. When we got there, all the Niseis down there were Sansei age, 'cause they started their migration about 19, mid '20s. And anyway, we got to, in Chile, it's been after Japan had an economic development after the war, then their connection. So the population there is really much more Japanese. Japanese-Japanese. And then, because University of Colorado made, joined a group to sponsor a festival in Santiago, Cuba. If you have educational reasons for going to Cuba, you can go directly, you don't have to go through another country. So University of Colorado had this for the festival in Santiago. And so I went with Lane to Santiago, then we went up to Havana. And Havana, Evelyn had a connection with a Chinese American artist there.",
                "In Cuba?": "In Cuba. Isle of Youth, I guess it's a, they put Japanese in camps, but it was just the males that were taken there.",
                "This was during World War II?": "Yeah. And the females and kids stayed wherever they were. And there was a guy named Mikasa who was a student at that time, and joined the revolution. And he did travel up to San Francisco not so long ago, and I was able to meet him. But someday I want to go and visit that Japanese community there in Cuba.",
                "What is the, I guess, status of Chinese, Japanese, in Cuba? Did you get a sense of that when you were traveling?": "Well, you know, as I say, both of these people were part of the revolution, so that they're still working in the small, you know, they have small community groups. I never got to go to the Japanese section during my visit, but with the Chinese, the neighborhood group is still operating as a Chinese Cuban group. And I guess with all the fuss and the embargo and everything else, what I have to say is that when I was wandering around Havana, I didn't see any homeless on the streets like I do in San Francisco. So that can't be all bad. [Laughs]"
            }
        },
        "segment 15": {
            "Segment Desc": "Influence of the World War II stand taken by brother, Gordon Hirabayashi",
            "Segment Q&A": {
                "Diary?": "Diary, and they added the violation of curfew. And so it was two things that he was tried for: internment and curfew. And then I think the judge, I don't know if he felt sorry for him or what, he gave him sentences for both so-called \"crimes\" to run concurrently. So when it went up to the Supreme Court, the Supreme Court didn't want to deal with evacuation, so they dealt with the curfew. Since it was concurrent, they could ignore the other. And it took the Korematsu case for them to have to face it. But so my, I guess, my influence had the same kind of influence as my parents, but I would say that Gordon's situation being the eldest in the family was much stronger in all the kinds of things that they wanted to teach the kids. And particularly important was the fact that they went to an academy in their town before migrating to learn English, and they were converted to Christianity there. I don't know if you know that particular story. But being the eldest in the family, they get different kind of upbringing, I think. And they're the ones that are supposed to carry on the family tradition, particularly the males. And so I think there was a very strong relationship there. By the time I came along, I was the third child, and by then, the kids were speaking English, you know. And so the influence by the parents are not as strong, I think. They're all, we're speaking English to each other, and communicating with our friends and that kind of stuff. And as I say, I was just fifteen at the time. And so I went to church and that kind of stuff, but I was more interested in playing basketball and that kind of stuff. And I don't think my training was near as strong. And then with Gordon, he also belonged to an interdenominational Japanese American group called the Auburn Christian Fellowship. Young people got together and they had meetings and they had conferences, and they had dances, it was a social group as well. I never -- well, of course, I was, just finished my sophomore year in high school, so I wasn't even really into the urban, we lived out in the farm, not even in the urban group of high school kids as yet. I was working into that.",
                "This was the mukyoukai?": "Yeah, mukyoukai. So it was no accident, I think, that Gordon decides to become a Quaker. And today he's a Quaker, and he was for a long, long time on the national board. And I went to, I think I went to a Baptist church in Idaho, and I went to a Presbyterian church in Spokane, but that was because they had basketball teams and I played on the basketball team. They wouldn't let me play unless I went to church. [Laughs] But when I went to University of Washington, I never went to church again. Now, my sister belongs to a Methodist church, and she's a couple years younger than me, three years younger than me. But my brother Ed and I, I don't think we ever went to church after that. But my brother Ed was in Tule Lake even shorter than I was, and he went to Utah. And then from Utah, the Quakers got him into Guilford College, which is Quaker college in North Carolina. And he was the best athlete in the whole family, he played on the college team and stuff like that. And he got into philosophy, and he was slated to go to a theological seminary in New England, when my mother, who lived back in Seattle at the time, said to him, \"Come on back. I just want the family together.\" So he comes back, and he goes to the University of Washington instead, and focuses in on psychology and philosophy. And then he ends up at Columbia in the Asian Studies PhD program, but he starts teaching before he finishes his dissertation. He's teaching in the New York system, and from there he goes right into the State Department. So he liked to travel and live in different countries. He was in Brazil and Ecuador, Zaire, Yemen. So he had quite a -- and I'd visit him whenever I could. So Gordon was kind of a, kind of a distant model to emulate, but never, never got up to his standards, I guess.",
                "Your activism?": "Yeah. But when he came to visit me during the strike period, he really didn't understand what was happening down here, because he was in Canada, you know. And then students were kind of using him as a hero and model. And my brother was saying, \"Well, I don't know about any of these things and why it's happening like this.\" I said, \"Shut up.\" [Laughs] \"Let the students use you as a model, because they need it for their activities and things like this.\" And then he came around to understanding why, what we were doing and why we were doing it, and why he was linked into this process.",
                "He's been a model for a lot of people, I think. So can you talk then about his, I guess, historical importance and his legacy?": "Well, you know, I think that historically it's quite important. Because particularly the position that the Japanese Americans are put in, and the way in which the majority of the Niseis were reacting in order to prove their Americanism, I guess. So I think it was very important, in a broader sense of civil rights, that Gordon took the stand that he did. And this is what I think his importance is. And as I say, as far as I'm concerned, the battle is far from being over, and so his significance remains. I think it's important for all of us to know and to understand."
            }
        },
        "segment 16": {
            "Segment Desc": "Reflections: importance of museums and educational nonprofits",
            "Segment Q&A": {
                "Is there anything else you would like to share? Any thoughts or about anything that we've talked about?": "Well, I guess just to connect it down to this conference; I think this is what it's all about. When I started working for the Museum, it just, some ways, the Japanese American community really needs the Museum because as a nonprofit, I'm having similar sorts of problems as I did in education. The people in control of the nonprofits, because nonprofits have to raise money to do whatever they're doing, basically are rich people. [Laughs] So I've had my problems at the Museum on this.",
                "What types of problems?": "Well, you know, there was an internationally known lawyer on the board, and he wrote a, he wrote a position paper to the Board of Trustees that we had to sing a little bit more of an assimilationist tune if we want to get money from rich American corporations. And that made me angry, and so I wrote a rebuttal, but I thought I did it diplomatically. I said, \"If we did that, what's the use of having the Japanese American National Museum? Why don't we just hire the Smithsonian to do it for us?\" And I gave all the arguments, my perspectives and points of view and things like that. Well, I never saw the lawyer again in another board meeting. So I wrote an apologetic letter to Irene saying, well, \"Since I can't do your job,\" which is to keep the Museum going, I says, \"I'm just going to give you my advice. And if you don't take it because of your needs, I'm not going to complain to you anymore.\" [Laughs] You know, Irene is a fantastic director, and I could, I can't talk to rich people like she does. [Laughs] So anyway...",
                "Well, you know, there was an internationally known lawyer on the board, and he wrote a, he wrote a position paper to the Board of Trustees that we had to sing a little bit more of an assimilationist tune if we want to get money from rich American corporations. And that made me angry, and so I wrote a rebuttal, but I thought I did it diplomatically. I said, \"If we did that, what's the use of having the Japanese American National Museum? Why don't we just hire the Smithsonian to do it for us?\" And I gave all the arguments, my perspectives and points of view and things like that. Well, I never saw the lawyer again in another board meeting. So I wrote an apologetic letter to Irene saying, well, \"Since I can't do your job,\" which is to keep the Museum going, I says, \"I'm just going to give you my advice. And if you don't take it because of your needs, I'm not going to complain to you anymore.\" [Laughs] You know, Irene is a fantastic director, and I could, I can't talk to rich people like she does. [Laughs] So anyway...": "But it's interesting that you drew the parallel between the nonprofit world and your experience with the Museum, and then at San Francisco State and Ethnic Studies, and the importance of trying to push, you know, what you think is important.",
                "So then how do we, as younger generations, like my generation, how do we continue to fight within these structures?": "To understand these kinds of structures, and then, you know, all this growing gap between the haves and have-nots, people around the world are starving, you know. And gee, as intelligent human beings, can't we do better? And then the question is, what are you people going to do, your generation? You inherited this big mess, and you have to make it right. And so, again, this is why I think it's important that we have conferences like this, to understand the process. And the question is, what to do? Particularly in the future, in the context of being different. But learn from our mistakes, and don't repeat those mistakes. But I'm hoping for a better world for everybody, and it begins at home.",
                "To understand these kinds of structures, and then, you know, all this growing gap between the haves and have-nots, people around the world are starving, you know. And gee, as intelligent human beings, can't we do better? And then the question is, what are you people going to do, your generation? You inherited this big mess, and you have to make it right. And so, again, this is why I think it's important that we have conferences like this, to understand the process. And the question is, what to do? Particularly in the future, in the context of being different. But learn from our mistakes, and don't repeat those mistakes. But I'm hoping for a better world for everybody, and it begins at home.": "I think that's a great place to end, that message. So this has just been a wonderful interview. So thank you so much for your time, I appreciate it."
            }
        }
    }
}