{
    "Narrator_Name": "Joan Ritchie Doi",
    "Bio": "Nisei female. Born in Los Angeles, California. During World War II, removed to the Pomona Assembly Center, California, and the Heart Mountain concentration camp, Wyoming.",
    "Title": "Joan Ritchie Doi Interview",
    "Interviewer": "Raechel Donahue",
    "Location": "California",
    "Date": "2010",
    "Densho ID": "denshovh-djoan-01",
    "transcript": {
        "segment 1": {
            "Segment Desc": "Growing up in Los Angeles and preparing for mass removal",
            "Segment Q&A": {
                "And were your parents American citizens? Tell me about your parents.": "Yes, my parents were American citizens. My mom was born in Hawaii, my dad was born in Japan. Now I have to stop and think about that. But he is mixed, Italian and Japanese.",
                "And your mother was Japanese?": "My mother is Japanese.",
                "And they were, of course, both American citizens?": "Yes.",
                "And where did you go to school?": "I went to school at Malabar elementary school in Los Angeles.",
                "What was your typical life like before you went to camp here in Los Angeles?": "Before we went to camp? I guess we were just kids growing up, going to school, going to Japanese school, just having fun. It was just kind of a normal life.",
                "Before we went to camp? I guess we were just kids growing up, going to school, going to Japanese school, just having fun. It was just kind of a normal life.": "When you said you went to Japanese school, that's separate from your regular school?",
                "When you said you went to Japanese school, that's separate from your regular school?": "Yes. Every day after school we went to Japanese school.",
                "So you have quite a mixed culture. So you speak Japanese?": "No. [Laughs] I mean, I speak very little Japanese because it was interrupted when we were quite young.",
                "And do you remember hearing about the war or being notified that you were going to be taken to the assembly camp?": "Yes, because some of our neighbors, some of them were businessmen, and they were taken first and they were put in a different camp. They were Japanese schoolteachers and whatever, so they were taken away. And then we had to get ready to go, so, of course, parents were trying to sell everything that we possibly could sell.",
                "And how old were you when you went to the assembly camp?": "Let's see, I was ten, I believe.",
                "Did you go to Santa Anita?": "No. I was in Pomona Assembly Center. We lived where the horses lived, in the stables.",
                "That's the camp that I remember, because I went to school in Riverside. So I knew a lot of people. And so your family, did they own property at the time?": "No, they did not. So I guess all they had was neighbors or someone who just kept different possessions for us, but no, we did not own any property.",
                "Did you get everything back afterwards?": "No, I don't believe so.",
                "That's amazing. I knew people who lost nurseries and gardens and homes and all of that. So what was your first impression as a young girl coming to the assembly camp?": "I believe it was a little scary and also kind of dirty because the living conditions were so different from in a home. And I remember having to fill up bags with hay that would be our mattress. I don't know, it was just pretty different, so it was scary. As we got older it became a little different.",
                "I'm sorry, what?": "As we became older and went on to Heart Mountain, it was a little different. By this time we're used to living in this style and things were a little bit better, I believe, in Heart Mountain than in Pomona.",
                "Yeah, probably, but not much, from what I've seen. What did your parents tell you about why you were going?": "Well, I think we were aware of the war, and because we were Japanese, well, we knew they were sending us off to war. And as we got older, then we understood who was behind sending us to camp. But it took us a while to understand that. I was too young, really.",
                "What did your parents do to for a living?": "Actually my father was in jewelry business, but he had gotten sick. So at that point, my father had just gotten over being ill, so he wasn't doing anything. And my mom was working, she used to monogram handkerchiefs, men's shirts and things, and that's what she did to keep the family going.",
                "So you sold everything so you would have money to go to the camp, right?": "Uh-huh."
            }
        },
        "segment 2": {
            "Segment Desc": "First impressions of Heart Mountain",
            "Segment Q&A": {
                "Tell me about the trip to Heart Mountain. Did you go back by train?": "Yes, we did. And I remember they had us pull down all the blinds because they didn't want anyone to see us. You know, I don't know at that point if we were afraid because we didn't know where we were going or we were just afraid because it was so mysterious, why do we have to pull the blinds down, etcetera. But I guess my mom and dad probably tried to keep us as calm as can be. And, actually, my dad didn't have to go, but he went with us, so...",
                "He didn't have to go?": "Right.",
                "Why?": "",
                "Because his surname was Italian?": "Yes. My last name was Ritchie, which was, originally was R-I-C-C-I, which is Ricci, but when he came to America, he changed it so it's more anglicized where people knew how to pronounce it.",
                "That's interesting. And what was your first impression of Heart Mountain? Do you happen to remember what time of year you went?": "No, I don't. But it probably was more in the summertime, because I remember later on having to buy winter clothes, warmer clothes, and ice skates for ice skating and etcetera. You know, I can't really remember whether at that age I was really upset about it all other than leaving your old friends behind and what our life was gonna be like, and all of us crammed together in one room. I have three sisters and a brother, but we also had another girl come live with us because her mother got sick, her father had passed away, and this lady asked my mom to take her child with her. So we were six of us all in one room. My mom and dad had a separate room. So it was just different for us to get used to living that way. Cold... no, maybe the cold came later.",
                "You had snow pops. It was kind of like snow pops. And what about the guards? What do you remember about the guards at Heart Mountain?": "Well, we were in Block 27 where the guards were right there. So it was scary. That part was scary, you know, 'cause they were right there. And I guess we probably just never went near the guards, we just stayed away, although our barrack was lined up alongside of there. But, you know, I'm not sure how long they were there. I don't remember if they were there.",
                "So what did you expect to see in Wyoming? Did you expect to see, I don't know, cowboys and Indians?": "No.",
                "Didn't know where you were going?": "No, didn't know where we were going.",
                "Do you remember the swimming hole?": "Oh, yes, I've got pictures of the swimming hole. I was in Girl Scouts, so we camped out there. So that was fun.",
                "So did your mom and dad fix up the barracks after a while?": "The best they could, they did. And my dad never ate in the cafeterias, he didn't like doing that. But my mom worked in the cafeteria, so she would bring his food home to him, and all of us would all just go with our friends to eat at the cafeteria. But my dad was spoiled.",
                "Were you allowed to cook in the barracks?": "No, I don't believe we did. Maybe later on we did because we used to have a couple of priests who came to play bridge. My mom and dad were bridge players, so they would come over and play bridge in the evenings with my mom and dad. So probably my mom did cook them things.",
                "Do you remember getting stuff from catalogs?": "Yes, I think that's how we got all our clothes. But there wasn't that much money because I remember having to wear hand-me-downs.",
                "There was a little boy that drowned in the canal, I mean, in the swimming hole, the irrigation ditch. Do you remember that?": "No, I really don't remember that."
            }
        },
        "segment 3": {
            "Segment Desc": "Going to school with future husband in camp",
            "Segment Q&A": {
                "[Laughs] I wonder who that was. You mean it was that short little guy that was in my class? And then he grew up and then I married him.": "What do you remember about Roy?",
                "What do you remember about Roy?": "You know, I don't really remember that much about Roy. I was never boy-crazy, I only liked to play with the boys, but we played games and baseball or whatever, so I was not, I guess I was more immature, young, whatever you want to call it. But I then met Roy later on in life and it was love at first sight, so what can I say?",
                "You know, I don't really remember that much about Roy. I was never boy-crazy, I only liked to play with the boys, but we played games and baseball or whatever, so I was not, I guess I was more immature, young, whatever you want to call it. But I then met Roy later on in life and it was love at first sight, so what can I say?": "Tell me how you got married.",
                "How did we get married, Sweetheart? The date we picked and etcetera? Well, we picked February 14th so Roy would never forget the day. And then we went to buy a lot of penny Valentine cards, and that's how we announced our marriage to everyone.": "I've heard you were first in line at the chapel.",
                "Oh, that we were. In the middle... what time was it? First thing in the morning.": "How long was that after you re-met?",
                "How long was that after you re-met?": "It's embarrassing, not long.",
                "Hours, days?": "No, no, it was days."
            }
        },
        "segment 4": {
            "Segment Desc": "Looking back on camp experiences",
            "Segment Q&A": {
                "Okay, let's go back to the camp for a second. Do you keep in touch with anybody that you knew in camp?": "Do I keep in touch with anyone I knew in camp? You know, you kind of forget whether you know 'em from camp. No, I don't believe I do.",
                "Do I keep in touch with anyone I knew in camp? You know, you kind of forget whether you know 'em from camp. No, I don't believe I do.": "And then what happened, how did your parents rebuild their lives afterwards and what did they tell you about it? Because I remember a lot of Japanese families that were all Japanese -- not that your father was... he was half, but still -- that said just the Japanese expression for \"it can't be helped\"?",
                "And then what happened, how did your parents rebuild their lives afterwards and what did they tell you about it? Because I remember a lot of Japanese families that were all Japanese -- not that your father was... he was half, but still -- that said just the Japanese expression for \"it can't be helped\"?": "Well, I guess maybe it was a little easier for my mom because my dad went out from the camps to, and they found these trailer camps to put people in, so they had somewhere to move to. And I remember first we moved to Santa Monica, and I don't remember what kind of home we lived in there. And then once the trailer courts were set up, then we moved into the trailer court. So we had that little advantage because my dad was one that went out looking for places for other people.",
                "Was he allowed to leave the camp more than others?": "Yes, he was. If someone was ill, say, one of our friends was born deaf, he was able to go to Chicago and find a home for them, a school to go to. So he was able to go in and out of camp.",
                "Did he not look Japanese?": "I guess he did. Definitely mixed. You'll see the pictures of him.",
                "We'll see. And finally, I find it interesting that there is such a lack of bitterness about people, or is it, do you think, that you just managed to suppress it all, or did you really not feel angry?": "You know, I don't think I'm angry. I think I'm more upset, because I feel like I'm insecure, I wish I could be more outgoing. I think in that way, it's upsetting.",
                "What do you think would happen if the American government tried to do it to today's young Japanese people?": "Never happen, I do not believe. The younger generation, our children, there would be no way they would go.",
                "And why do you think it's important for them to know all of us that we're talking about?": "So that it doesn't happen to anyone, actually, whether Japanese, Muslim, whatever, it shouldn't happen to anybody else.",
                "Oh, that's right. And when you came out of camp, did you feel like you had an increase in discrimination or racism from people on the street?": "I think we were... I'm not sure on the street, but I think that's why I became uncomfortable again to meet these people. Not that I think anybody, my classmates were intentional or anything like that, but I think it was all my insecurities."
            }
        }
    }
}