{
    "Narrator_Name": "Joe Yasutake",
    "Bio": "Nisei male. Born 1932 in Seattle, Washington. Father employed by the U.S. Immigration and Naturalization Service as interpreter for twenty years, until separated from family on December 7, 1941 and interned as an enemy alien. Removed from Seattle with mother, sister and two brothers in 1942. Attended school (fifth through sixth grades) while incarcerated at Puyallup Assembly Center, Washington, Minidoka concentration camp, Idaho, and U.S. Department of Justice internment camp at Crystal City, TX. Reunited with father, Jack Kaichiro Yasutake, who was transferred from the U.S. Department of Justice internment camp in Lordsburg, NM to Crystal City, TX camp in 1944. After release from Crystal City camp, moved with parents to Cincinnati, OH. Moved with parents to Chicago, Illinois where father served as Executive Director of the Chicago Resettlers Committee. After high school graduation, attended Lawrence College in Wisconsin. Graduated from University of Illinois. Commissioned as lieutenant, U.S. Army, 1954, assigned to artillery and served in Germany. Returned to U.S. in 1956, discharged from the army. Married, had three sons. Late wife died in 1984. Was remarried in 1988 and has one stepdaughter. Received M.A., New York University. Moved to Ohio, employed by U.S. Air Force as psychologist. Received Ph.D. in Industrial Psychology, Ohio State University, Columbus OH. Moved to Denver, CO. Retired in 1986 from the U.S. Air Force Human Resources Laboratory. Moved to California, employed by Lockheed. Serves in a volunteer capacity with community organizations, including as president of the Japanese American Museum of San Jose, and speaks at schools to educate students about the experiences of Japanese Americans and loss of constitutional rights during World War II. Also serves as chair of the San Jose Japantown Preservation Committee.",
    "Title": "Joe Yasutake Interview",
    "Interviewer": "Alice Ito",
    "Location": "Seattle, Washington",
    "Date": "October 9, 2002",
    "Densho ID": "denshovh-yjoe-01",
    "transcript": {
        "segment 1": {
            "Segment Desc": "Memories of Crystal City internment camp, Texas: \"I feel like I'm goin' to a prison.\"",
            "Segment Q&A": {
                "During this time, when you communicated with your mother, would you say it was a mix of Japanese and English? Or maybe she spoke mostly in Japanese and you replied mostly in English?": "Yeah, yeah, yeah. She, she knew a lot of English phrases, but of course her primary language was Japanese so we conversed -- I mean, she spoke to me in, in Japanese except for like, except for words like \"socks\" or \"pants\" or something, you know, she would insert English words like that. But most of our conversations were in Japanese. With my father they were pretty much all in English. I don't recall ever talking with my father in Japanese. It just, it just seemed like it was a natural thing to speak in English."
            }
        },
        "segment 2": {
            "Segment Desc": "Life in Crystal City internment camp, Texas: living quarters, shared facilities",
            "Segment Q&A": {
                "So had you and your mother been at Crystal City very long before he joined you there? Or...": "It seems like he was there. When we got there I just vaguely remember that he was waiting for us and that I saw him for the first time in, in quite a while, because, of course, I was not on that trip that my brother and sister talked about to Lordsburg. So it had been at least a year, you know, over a year since I had seen him.",
                "And where, what was your living situation there like? Were you as, the three of you as a family in your own room or unit?": "Yeah. And, of course, at Minidoka we had a room to go to the bathroom and everything, and to eat you had to go to some, to some, some other building. But in Crystal City, as I recall, it was like a little, like a studio apartment in a sense, because my mother was -- I don't know where she got the food or how she got it, but we used to be able to eat as a family in, in, in our own little studio apartment, if you will. So from that aspect it was a lot better than Crystal City -- or better than Minidoka.",
                "-- everything?": "Uh-huh. Still, we didn't haven't a private or anything. We still, we still had public facilities as far as the toilets and where you cleaned up and things like that were concerned. I can remember one time when I was sitting on the potty and there was a -- for whatever reason, I knew what a black widow spider looked like, and he was crawling right up the side of the, of the toilet bowl, and it scared the daylights out of me. [Laughs]",
                "-- in Crystal City?": "I was -- somehow, each movement seemed to kind of last over an academic year. And, and I think, as I think I said before, that for -- in, in Seattle, you know, the fourth grade ended in about February or whenever it was that we, we were hauled off to Puyallup, and then I was moved in the next, the next time, to the next grade, to the fifth grade in Minidoka. And I'm almost certain I finished the fifth grade in Minidoka before, and I think it was over the summer or early fall that we went to Crystal City. And the same thing with when we moved from Crystal City. It was at least at the beginning of the school year, because when we arrived in Cincinnati, the principal had to take me to my first class because the class was already in session and so, so he could kind of introduce me to the, to the teacher and the, and my new classmates and so forth."
            }
        },
        "segment 3": {
            "Segment Desc": "Activities in Crystal City internment camp: judo, sumo and baseball",
            "Segment Q&A": {
                "In '45?": "When we left Crystal City the war was still on.",
                "I think I remember hearing that there were some families at Crystal City that were eventually planning or thinking that they might return to Japan -- the parents were thinking of going. Did you know of any families like that? Or...": "The only ones I remember talking like that were the, were the Peruvian Japanese, through the kids. I don't recall any -- in fact, I don't even remember any parents, meeting any parents of my friends there, and I'm not sure what kind of discussions had been goin' on. I don't think it ever occurred to my dad or my parents that that's what they might want to do. I never heard them say anything like, you know, like that, but I do recall that -- and, and it didn't surprise me that the Peruvian Jap-, you know, I heard that they were interested in doing that because they were -- they just seemed more Japanesey to me than even my own parents, and, you know, the, the way they carried themselves and bowed and were very, very formal and so forth. They just seemed to be more \"old country,\" if you will, to me than, than the mainland people were."
            }
        },
        "segment 4": {
            "Segment Desc": "Moving to Cincinnati, Ohio after World War II, witnessing parents unhappily employed as domestic help, attending school and participating in sports",
            "Segment Q&A": {
                "Well, now, then what about the transition out of Crystal City, leaving Crystal City and going out to Cincinnati?": "Yeah, that was --",
                "How was that for you?": "That was a big move for, for a number of reasons. One is that when we -- you know, we moved to Cincinnati because my oldest brother and my sister were there, and then by the time we got there I think my brother was already gone to Boston and my sister was, was there, but she was busy with school and all that. And we, we stayed in the hostel that was being run by the American Friends, and, and I remember being there. In fact, it was a house kind of built like this one, in the sense it was -- it looked like it was a two-story, probably something built in the 19-, early 1900s kind of a building."
            }
        },
        "segment 5": {
            "Segment Desc": "Parents' experiences as domestic help; \"I was ashamed of the fact that my parents were servants.\"",
            "Segment Q&A": {
                "-- property?": "The home where we lived was not quite as enormous as the first place. I mean, the first place was literally a mansion on an estate that wouldn't quit, you know, but this house was large but -- and our quarters were actually a little bit more modest. It was right off the kitchen, whereas in the other house it was a wing, you know, in effect that we had by ourselves. And this was just, as I recall, really just two bedrooms off the kitchen, with a bath, but I felt much better there. The only thing is -- I'm kind of ashamed to think about it, but I was ashamed of the fact that my parents were servants, and when I was in school the kids knew where I lived and they assumed that was our house. And I can recall just not wanting to tell people or even bring them home because they would find out then that I, you know, that we were in the servants' quarters kind of thing.",
                "my father had a kind of a hard time at the beginning, because he knew absolutely zip about gardening. I mean, he just knew nothing, and my mother had to tell him everything about -- oh, I can remember him -- you know, watching my mother go out one time to kind of tell him about something. He came in to ask something, and she noticed that there was this humongous weed growing in the middle of the garden. And apparently my dad thought it was some kind of exotic flower, you know, and he had cleared all the area around it and was just cultivating this thing. [Laughs] And my mother looked at him and said, \"What are you doing?\" [Laughs] So he was in that kind of, you know -- and he mowed the grass. I used to help him mow the grass and things like that. And they had a pool, so we, you know, had to clean the pool. And, and in those days they didn't have a mechanical cleaner or anything, so you had to dig, dig the scum off the walls and so forth and so on. But in the main, they were much happier simply because the, the relationship between them and the employee, employers, were, were just much warmer and easy to get along with.": "Segment 5> - Copyright © 2002 Densho. All Rights Reserved."
            }
        },
        "segment 6": {
            "Segment Desc": "Father's status as \"enemy alien,\" adhering to \"parole\" restrictions",
            "Segment Q&A": {
                "Right. In fact, wasn't there a, also a travel restriction on him while he was on parole?": "There was. While we were in -- and I don't remember whether it was -- I think it was when we were in, in Cincinnati proper. He had been offered a couple of jobs, one as a, one at I think it was Penn-, University of Pennsylvania, and the other one at the University of Michigan to teach Japanese, and so I remember him being ecstatic. You know, that, \"Oh boy, finally,\" you know, kind of thing. And then, then the Immigration Department -- not Immigration Department, but the FBI -- would, would not grant him permission to travel to take the job, so he couldn't. He couldn't take those jobs, and I don't know what it -- well, it must have been the end of the war, I guess, at that point, in '45 when we were in Cincinnati is when the war ended, and it must have, there must have been some mechanical, automatic thing that happened when the war was over that he was no longer a parolee, a parolee or something like that, because when the, when the job offer from Chicago came I don't recall there being any, you know, question about whether we were gonna go or not."
            }
        },
        "segment 7": {
            "Segment Desc": "Memories of the atomic bombings of Hiroshima and Nagasaki, the end of World War II",
            "Segment Q&A": {
                "Well, now, at the ending of World War II, with the bombing of, the atomic bombing of Hiroshima and Nagasaki, do you recall your father or mother making any comment at that point? Or your own recollection of that, that day.": "Well, I knew the atomic bomb was really bad, and, you know, it was huge and it killed a lot of people kind of thing, and, and I can remember my mother saying -- I can't remember the words she used, but showing grief about, about so many people -- [cries] -- about so many people dying. But... you know, the funny thing is... I don't remember it really affecting me at that time. And, you know, all our, all of our relatives, of course, were in Fukuoka, so we knew that they probably were not affected directly."
            }
        },
        "segment 8": {
            "Segment Desc": "Experiences as one of the only Asian Americans in Terrace Park, Ohio, isolated incidents of racism",
            "Segment Q&A": {}
        },
        "segment 9": {
            "Segment Desc": "Moving to Chicago, Illinois, attending high school and joining the swim team",
            "Segment Q&A": {
                "And so you moved there in 1947, was it?": "19-, that's right, in 1947. Yeah, I, I can remember when he got the job offer, and of course he was elated and decided that we would go, and he told the, the, Mr. and Mrs. Cole, who were their employee, employers, and they were devastated. You know, they didn't want to lose my mom and dad, and so they started to offer them more money and more time off and all kinds of things. And I can recall my dad -- this was the first time I ever heard him say anything, you know, derogatory -- not derogatory, but just kind of against them when he was saying, in Japanese I remember him saying, \"What do they think, that I like this job?\" [Laughs] You know? He couldn't believe that they thought that if he would, if they would offer him more money that he would stay here and so forth. So of course we did, we did go to Chicago.",
                "19-, that's right, in 1947. Yeah, I, I can remember when he got the job offer, and of course he was elated and decided that we would go, and he told the, the, Mr. and Mrs. Cole, who were their employee, employers, and they were devastated. You know, they didn't want to lose my mom and dad, and so they started to offer them more money and more time off and all kinds of things. And I can recall my dad -- this was the first time I ever heard him say anything, you know, derogatory -- not derogatory, but just kind of against them when he was saying, in Japanese I remember him saying, \"What do they think, that I like this job?\" [Laughs] You know? He couldn't believe that they thought that if he would, if they would offer him more money that he would stay here and so forth. So of course we did, we did go to Chicago.": "they, they sent me off to a, a summer camp during the year that -- well, during the time they were moving from Cincinnati to Chicago I went to a summer camp in Michigan for the summer while they made the move, so when I came back from the summer camp they had already moved into, into Chicago and he was in place working at the Chicago Resettlers Committee. So that was much more of a job in line with my dad's background and just the kind of talents he had. So the first, the first school I went to actually in Cincinnati, or in Chicago, was pretty -- you know, his office -- we lived in the building. We lived in Resettlers Committee office for the first month, month or so while he was finding, trying to find a place to live and so forth, and so it was in a pretty rough neighborhood. And I went to school, and it was Wells High School in Chicago, and it was, it was a pretty tough neighborhood. I mean, I was, you know, I was kind of concerned about going there every day, but nothing happened. It just, it just seemed very, very hostile to me.",
                "And those were your high school years then?": "Yes."
            }
        },
        "segment 10": {
            "Segment Desc": "High school experiences: very little ethnic identity, planning for college",
            "Segment Q&A": {
                "So at that time, do you recall having a, any sense of yourself? In some -- in high school sometimes identity is a big issue for some kids.": "Uh-huh.",
                "Do you have any sense of your identity then? Feeling Japanese --": "You mean ethnic identity?",
                "You mean ethnic identity?": "Right. Ethnic identity, feeling Japanese, feeling American, or --",
                "And looking ahead to your own future. What kinds of hopes and dreams or thoughts did you have about your future for after high school?": "Well, during those days -- well, I knew I was goin' to college. I didn't know exactly where, but I think about my -- in fact, my grades in high school were just kind of very average for the first couple years, and I thought, \"Jeez, if I'm goin' to college I better shape up,\" you know, so my last two years my grades went up considerably. So I, so I, I must have always been planning on goin' to school. There was no question about it. As far as what I was gonna do beyond that, in those days it was mandatory military service for, for males, and so I knew that whatever I did when I got out of school I was goin' in the army. So that kind of took care of my immediate future, so I really didn't have to think about, about that. And I really didn't think about that until I was halfway through in the army and was gettin' ready to think about getting out, because I knew there was no way I was gonna stay in the army as a career or anything.",
                "I think that during high school my only thought was what might I do as an occupation, and I had no idea at the time. I could -- you know, a lot -- I knew that like my, a lot of my siblings' friends were engineers and, or in the sciences and stuff, and I hated that. You know? [Laughs] I just knew that I was not gonna go into engineering. There was no way I could do that. But beyond that point, I, I wasn't sure what I, what I was gonna do, except that I was gonna go to college and after I got done with college I was goin' in the army, and that was about, that was about the size of it. I guess I didn't -- I wasn't much of a... I didn't have much foresight in terms of what was coming up in my future.": "Segment 10> - Copyright © 2002 Densho. All Rights Reserved."
            }
        },
        "segment 11": {
            "Segment Desc": "Encountering discrimination when trying to join a fraternity at Lawrence College",
            "Segment Q&A": {
                "Well, so when you graduated high school and went on to college, that was 1951?": "'50."
            }
        },
        "segment 12": {
            "Segment Desc": "Finishing college at the University of Illinois, acceptance into ROTC influenced by older brother's service with the 442nd Regimental Combat Team during World War II",
            "Segment Q&A": {
                "...your junior and senior year?": "Uh-huh, I did. And I had joined the -- something interesting had happened. I think I joined the ROTC at Lawrence in the air force, and I thought, \"Well, maybe I'd like to be a pilot,\" you know, but it turns out that my eyes -- I took the physical -- and I was a little short, too, but they, I think they would have given me a waiver on it, but I found out that my eyes were really bad and they were not correctable. So they said that I couldn't, they couldn't accept me into the pilot program, and thereby they said that I couldn't go on -- at that time they only wanted people who could fly, either navigators or pilots, and since I didn't qualify then they weren't gonna allow me to go into the senior or junior-senior level.",
                "So Tosh hadn't talked too much about his experiences at that point? That was still --": "No, he, he had not.",
                "Certainly not about the war. And he, when he came back -- you know, he, since he was in the 442nd he had a lot of contact with Hawaiians, he talked pidgin, and when he came back from the army I thought, \"What in the heck had happened to this guy?\" You know? [Laughs] He talked so strangely that -- and I didn't know what pidgin English was at the time, and, and I thought maybe he'd gettin' hit in the head or something, and had affected his brains or something because, I mean, he really talked with a heavy pidgin kind of a -- and it, I guess it's kind of infectious or something. [Laughs] If you get exposed to it you just automatically start talking that way. I don't know. My, my late wife was, was Hawaiian, but even she didn't talk that way, so... [Laughs] But, but yeah, he...": "I finished up at Illinois and got my commission, and, and, and then it was just a matter of time before I was gonna go in the service. So as I said, I didn't think too much about the future because that was my future right then. That, fortunately the Korean War was just over, the shooting war was over, so I knew that there wasn't any imminent danger. But for a while there I was a little bit con-, you know, when I was still goin' to school it was still goin' on, so I thought, \"Well, I guess that's, that's what's gonna happen.\" But fortunately it was over by the time I got done with school, so..."
            }
        },
        "segment 13": {
            "Segment Desc": "Joining the military, getting married, and being sent to Europe",
            "Segment Q&A": {
                "And that, that was in 1954 that you graduated from Illinois?": "That's right, 1954. So I was in the service from between 1954 -- well, I got married to my late wife at that, at that time. She was -- as I mentioned, she was from Hawaii and I had gotten to know her through a mutual friend when I was going to the University of Illinois, and so we started dating and we had known each other about a year. And then when I, when I went in the army I had to go to this, what they called the Field Artillery Officers Course down at Fort Sill. Actually, I had it easy because there were some people in the, like in the training that they had to go through, through OCS that had a rough time because they went through the same academic training we did but they had to do all the soldiering on the side, and since we as lieutenants were already commissioned, we just, all we did was go to class. But even with that, I started thinking that, \"This is not a life to be by myself,\" and so I talked my, my... was she my fiance at the time? I can't -- yeah, she was. That's right. We'd gotten engaged before that, and we were gonna wait until I got out of the army and then I decided, \"Nah, let's not wait anymore.\" [Laughs] So I called her down to the, down to Oklahoma, and we got married down in Oklahoma.",
                "That's right, 1954. So I was in the service from between 1954 -- well, I got married to my late wife at that, at that time. She was -- as I mentioned, she was from Hawaii and I had gotten to know her through a mutual friend when I was going to the University of Illinois, and so we started dating and we had known each other about a year. And then when I, when I went in the army I had to go to this, what they called the Field Artillery Officers Course down at Fort Sill. Actually, I had it easy because there were some people in the, like in the training that they had to go through, through OCS that had a rough time because they went through the same academic training we did but they had to do all the soldiering on the side, and since we as lieutenants were already commissioned, we just, all we did was go to class. But even with that, I started thinking that, \"This is not a life to be by myself,\" and so I talked my, my... was she my fiance at the time? I can't -- yeah, she was. That's right. We'd gotten engaged before that, and we were gonna wait until I got out of the army and then I decided, \"Nah, let's not wait anymore.\" [Laughs] So I called her down to the, down to Oklahoma, and we got married down in Oklahoma.": "What was her name?",
                "What was her name?": "Her name was Elsie Kurisu, was her maiden name, and she was, she was born and raised in Kauai in Hawaii. So she had never experienced cam, of course, so she knew nothing about, about any of that kind of thing.",
                "So you got married there at Fort Sill, Oklahoma?": "Uh-huh.",
                "And then what happened after that?": "Well, and then we got, I got assi-, assigned overseas, and for, for a while I was afraid I was gonna go to Korea because that was still smoldering there, and you couldn't take dependents to Korea. But fortunately I'd asked to go to Europe, and I got my -- that's what they let me do, so I was able to take my wife over with me, so that turned out, that turned out well from that standpoint. We went overseas and got -- I was assigned to Ulm, Germany, which is just a little bit outside of Munich. And aside from all the war games, I was out in the field. I was in the artillery, and so they just continuously had war games over there where we'd go out and dig through the mud and fire rounds at artillery and all that stuff for about eight months out of the year. But the other four months were pretty neat because we were back in the garrison, and we could take leave. You know, my wife and I were, we were really young, like we were twenty-two, and so -- and we had our own car and our own apartment and had a maid. You know, it was kind of pretty high living for a, for a young couple. So we traveled around Germany and went to Switzerland and things like that whenever I could get off, so it was -- if it hadn't been for the army it would have been like a honeymoon for that time period. [Laughs] So it was, it turned out, it turned out well."
            }
        },
        "segment 14": {
            "Segment Desc": "Realization of responsibilities as a military officer, maturing as a person",
            "Segment Q&A": {}
        },
        "segment 15": {
            "Segment Desc": "Life after finishing military service: having three sons, working for the air force",
            "Segment Q&A": {
                "And you had been rotated back to the United States. And so at this point, what had you decided to do then?": "Well, you know, I didn't know. And we stopped in New York because May lived there, and, and probably more than anything else because I didn't quite know what to do at that point, I decided to enroll at NYU, and I hadn't even been accepted there yet. [Laughs] I hadn't even applied, but I thought, well, you know... and then my wife loved New York. As soon as she hit the port there she just absolutely loved, fell in love with the place. So we decided to stay there for a while, and so I started going to school and she got a job. She was a registered nurse, and she got a job in an operating room fairly easily. So I started taking classes as a special student, and, and then eventually I got accepted as a regular student. And so we lived in New York for about, about two years while I was finishing up my master's degree. And during that time, of course, we interacted with May's family quite a bit because she was there. You know, she had a home and all that. And we were living in a basement apartment, so we spent a lot of time at their place in our spare time. And so we were there for about two years.",
                "Now, as your kids were growing up there in Denver -- and excuse me, what are their names? Your --": "My oldest son's name is Jack and the second one is Shawn and then my third one is Paul, and none of them have Japanese names. We, we struggled with that for a while, I mean, each time a child was born, and we decided, well, since they have the name Yasutake it's not like we have to identify their identity and so forth, so we just decided to give them -- like Joseph Jack is my oldest son and then Shawn Michael is the second one, and so forth, so they, they have just regular English-type names before the Yasutake comes up."
            }
        },
        "segment 16": {
            "Segment Desc": "Being one of the few Asian American families in Denver, Colorado, not much awareness of Japanese ethnic identity",
            "Segment Q&A": {
                "Well, and as they were growing up there in, in the Denver area, do you think they had any experience with any sort of prejudice? Or did you recall ever talking to them about any issue about being Japanese American? Or --": "Not really, and that's the whole, my whole time period of life where we, we really had no Japanese identity. My whole world was, was a Caucasian world. As you can imagine, the air force world is, you know, not only Caucasian but male-dominated kind of a society. The neighborhood where we lived, both in Dayton and in -- of course, in Dayton they were too young anyway -- but in Colorado, especially in Denver, it was a completely, you know, there were probably a handful of Asians in the neighborhood or even in the school that they attended, so they lived in a pretty much of a all-white world, too. About the only contact they ever had with Japanese culture kind of things was when we'd go down to some kind of a like an akimatsuri or something that was being held down in downtown Denver. And we used to go shopping at the grocery store down there for Japanese stuff. So other than that, though, we lived, we lived a suburban kind of life. And, and even myself, you know, I, I don't recall more than once or twice anybody at work ever asking me about, about camp or the subject even coming up. And, and so my, my Japanese American-ness just kind of not there really. Just -- and, and something that just never occurred to me."
            }
        },
        "segment 17": {
            "Segment Desc": "First wife's passing; moving to San Jose, California, getting remarried",
            "Segment Q&A": {
                "What's her name?": "Her name is Judy, and she's Chinese. She's actually from New York City. She was born and raised in New York City, and she -- so, and she has a daughter. I have a stepdaughter now who's a senior in, in college, and she -- we got married in '88, so I think her daughter was about the fourth grade or so when, when we got married. And when we came out to California -- actually, because of my stepdaughter, and my wife is very, very much of a churchgoer and she wanted to find a church that had a nice program for kids, and it just so happened that the Japanese -- at the United, Wesley United Methodist Church, which is in San Jose, is ethnically probably 85 percent Japanese, Japanese American at this point. And so we started, started going there to, to the church there, and that's when I started to kinda reconnect with my Japanese American-ness, if you will."
            }
        },
        "segment 18": {
            "Segment Desc": "Involvement in the Japanese American community; recognizing the relevance of history",
            "Segment Q&A": {
                "Somebody asked me if I would be willing to talk about my camp experience -- a guy named Ken Iwagaki -- to some classes that he was associated with -- it was called the Japanese American Resource Center and Museum at that time -- and so I casually said, \"Yeah, I think I could do that.\" And then he, then about two days later he came back and said, \"How about next Thursday?\" 'Cause he already, he obviously already had somebody that had asked. So I said, \"Well, okay.\"": "then I suddenly realized I didn't know anything about it. You know? I mean, I had lived through it and so forth, and I suddenly realized I really didn't know anything about camp. So during that week I read feverishly, whatever I could get my hands on, and the more I read the more -- I don't know if it was angry or, you know, just sort of, \"What the heck happened?\" kind of thing, because I was -- you know, all those years in, in, in my life I just never thought about it, didn't read anything about it, knew nothing about it. And so I, as I read all that stuff, I just started to get much more intense about, about things. So I started going out to classes. And, and as I was doing that, this REgenerations Project came, and he asked me if I would be interested in, you know, being involved in that, so I said, \"Sure, that sounds like it might be interesting.\" And so I got a little more acquainted with oral history, and in fact they took us down to the National Museum and gave us like a three-day seminar class kind of thing on collecting oral histories and so forth.",
                "then I suddenly realized I didn't know anything about it. You know? I mean, I had lived through it and so forth, and I suddenly realized I really didn't know anything about camp. So during that week I read feverishly, whatever I could get my hands on, and the more I read the more -- I don't know if it was angry or, you know, just sort of, \"What the heck happened?\" kind of thing, because I was -- you know, all those years in, in, in my life I just never thought about it, didn't read anything about it, knew nothing about it. And so I, as I read all that stuff, I just started to get much more intense about, about things. So I started going out to classes. And, and as I was doing that, this REgenerations Project came, and he asked me if I would be interested in, you know, being involved in that, so I said, \"Sure, that sounds like it might be interesting.\" And so I got a little more acquainted with oral history, and in fact they took us down to the National Museum and gave us like a three-day seminar class kind of thing on collecting oral histories and so forth.": "that's kind of how I started to get involved in Japanese American history and the incarceration and all that kind of thing. And the more I had got involved with it, the more I realized -- even before 9/11 I was saying that we need to -- because there are things that happen all the time. You know, like when the, when the Oklahoma bombings occurred everybody immediately started to talk about the, the Arabs. And even I can recall seeing accounts of the FBI stopping Arab Americans at airports and interrogating them as to where they were going and why they were going and all that kind of stuff, and it just kinda started reminding me of the kind of things that happened during the Second World War to Japanese Americans. And, of course, since 9/11 it's just really come to, come to the forefront, and, and it just reinforces my, my beliefs that, you know, this ancient history from sixty years ago is just as relevant now as it ever has been and that we really need to press on and keep that story on the, you know, on the -- alive in front of the American people to as many factions as we can get the story to."
            }
        },
        "segment 19": {
            "Segment Desc": "Importance of the vocal stance of Japanese American communities, feeling concerned about people's hesitation to speak out",
            "Segment Q&A": {
                "What, what kinds of things are you most concerned about now in that regard? Some of the things that you think are problems that remind you of the past and --": "Well, it's the -- I think the main thing is the, the aura that exists. This, you know, the, the -- it's sort of like the McCarthy days when, you know, if you were not against Communism you had to be un-American. And in the same way now, it's sort of like if you're not for the war, for example, on Iraq, then you must be unpatriotic kind of thing, and that kind of thing disturbs me. The fact that people are afraid to -- even the -- it appears to me like, you know, as we sit the Democrats are, are very concerned about saying something about it, even though many of them I know feel that there is something wrong here, because they're afraid of being painted as being unpatriotic or something. And that's the general attitude that I am most concerned about -- that, that people have got to be able to speak up, you know, and feel free to speak up no matter, no matter what, without people accusing them of being a Communist or being undemocratic or what have you. And, and, and I feel that to be very, very important."
            }
        },
        "segment 20": {
            "Segment Desc": "Experiences speaking in classrooms about parallels between the Japanese American experience and September 11, 2001",
            "Segment Q&A": {
                "How do you think the students now, since 9/11, when you go to the classroom and talk about things like the constitutional rights and protections and civil rights -- now, of course, you're talking about that today in this atmosphere of fear of war and an atmosphere of government and media officials talking about national security and, as you were just saying, about patriotism or so-called patriotism -- what kind of reactions are you getting from the students in classes?": "I'm not sure, because at that point I'm always lecturing to them -- [laughs] -- and perhaps I shouldn't be doing that. But I see kids nodding their heads. I certainly see teachers and, and, you know, the adults nodding their heads when I say things like that. The main thing I'm trying to, that I try to bring across is that, yeah, there are parallels between -- and I always say something like, you know, sometimes people -- and they do. Sometimes people ask, \"Well, why don't you just forget this? That was sixty years ago. Why not press on?\" Well, because it's very relevant right now, especially right now, and it has been relevant for, you know, since the days of, certainly of Oklahoma and, and things like that. And as I talk about things like that, I see, I see people nodding their head, and sometimes they'll have a comment or two. So, but then I'm sure everybody doesn't agree with me. You know? So I don't know how to respond to your question about that, but all I can do is kind of point out these things and hope that maybe it'll catch in some, some quarters of the audience that perhaps I might be talking to, and maybe it might have some kind of a effect at some point if we do it enough times and to as many people as we can.",
                "I'm not sure, because at that point I'm always lecturing to them -- [laughs] -- and perhaps I shouldn't be doing that. But I see kids nodding their heads. I certainly see teachers and, and, you know, the adults nodding their heads when I say things like that. The main thing I'm trying to, that I try to bring across is that, yeah, there are parallels between -- and I always say something like, you know, sometimes people -- and they do. Sometimes people ask, \"Well, why don't you just forget this? That was sixty years ago. Why not press on?\" Well, because it's very relevant right now, especially right now, and it has been relevant for, you know, since the days of, certainly of Oklahoma and, and things like that. And as I talk about things like that, I see, I see people nodding their head, and sometimes they'll have a comment or two. So, but then I'm sure everybody doesn't agree with me. You know? So I don't know how to respond to your question about that, but all I can do is kind of point out these things and hope that maybe it'll catch in some, some quarters of the audience that perhaps I might be talking to, and maybe it might have some kind of a effect at some point if we do it enough times and to as many people as we can.": "not that I'm against war, but there's gotta be a reason for it. And, you know, it... for, for me to think that the United States is simply going to attack somebody because they might do something, then who's next? Is Cuba next? And then, you know, is, is China next? I mean, who do we go after? Spain is -- you know, where there's a dictatorship. We don't like dictatorships. Are we going after them? I mean, where do you stop with that kind of thing? It's just totally insane to me, that kind of rationale. And it, and it's amazing to me that it's not insane to more people -- [laughs] -- than just, you know, just a few people that seem to be willing to speak up about it. So I don't know. All I can hope is that as we talk to more and more people that maybe there's a wider realization that this kind of thing is something people ought to think about and, and just even in terms of past history.",
                "not that I'm against war, but there's gotta be a reason for it. And, you know, it... for, for me to think that the United States is simply going to attack somebody because they might do something, then who's next? Is Cuba next? And then, you know, is, is China next? I mean, who do we go after? Spain is -- you know, where there's a dictatorship. We don't like dictatorships. Are we going after them? I mean, where do you stop with that kind of thing? It's just totally insane to me, that kind of rationale. And it, and it's amazing to me that it's not insane to more people -- [laughs] -- than just, you know, just a few people that seem to be willing to speak up about it. So I don't know. All I can hope is that as we talk to more and more people that maybe there's a wider realization that this kind of thing is something people ought to think about and, and just even in terms of past history.": "Segment 20> - Copyright © 2002 Densho. All Rights Reserved."
            }
        },
        "segment 21": {
            "Segment Desc": "Feeling upset by the U.S. government's actions following September 11, 2001",
            "Segment Q&A": {
                "Well, some people have mentioned that when the redress campaign efforts were going on for Japanese Americans incarcerated during World War II, a lot of people were saying, \"Well, we're -- we would like to see this redress happen as a lesson for our country so that it's not repeated.\" And when you think back to that time about redress, and in fact the redress legislation did pass, in -- but now in the present time we're, we may be seeing a repeat of this. What's your thinking on that?": "Yes, we are seeing a repeat of it, and certainly if there, if there are terrorists in this country we need to dig them out. But I think, you know, if due process is not taken care of at the same time, we're gonna lose the whole thing anyway. It just doesn't -- to, to do away with due process and the Constitution and so forth because of national security, which is what they said during the Second World War, is, is something that we should have learned, and that, yes, we must, you know, capture people who are going to do harm or perhaps may be doing harm, but at the same time we can't do it by giving up the constitutional rights of everybody. And, and I think that's the, the most important thing I can think of in this, in this, the current times that I would -- it just upsets me when, when I hear things about, you know, the fact that, \"Well, we're in a time of crisis, and in a time of crisis you gotta give up certain civil liberties,\" and that kind of thing. It's bothersome to me.",
                "Is there anything else that you'd like to add?": "No, I don't think so. I think we've covered quite a bit in the time that we've had. [Laughs]"
            }
        }
    }
}