{
    "Narrator_Name": "Aiko Herzig-Yoshinaga",
    "Bio": "Nisei female. Born August 5, 1924, in Sacramento, California. Grew up in Sacramento and Los Angeles. During World War II, removed to the Manzanar concentration camp, California, and transferred to the Jerome concentration camp, Arkansas. Washington representative and researcher for National Council for Japanese American Redress (NCJAR) and primary archival researcher for the Commission on Wartime Relocation and Internment of Civilians (CWRIC), and the three coram nobis cases. Consultant to the Smithsonian Institution's National Museum of American History exhibition. \"A More Perfect Union: Japanese Americans and the United States Constitution\"; and consultant for the Justice Department's Office of Redress Administration.",
    "Title": "Aiko Herzig-Yoshinaga Interview II",
    "Interviewer": "Tom Ikeda",
    "Location": "Torrance, California",
    "Date": "July 7, 2009",
    "Densho ID": "denshovh-haiko-03",
    "transcript": {
        "segment 1": {
            "Segment Desc": "Description of siblings",
            "Segment Questions": [
                " TI: So today is Tuesday, July 7, 2009, and we're in Torrance, California, at the Holiday Inn in a hotel suite. And on camera we have Dana Hoshide, and the interviewer, I'm Tom Ikeda. And so, Aiko, I'm going to just start at the very beginning. Can you tell me when you were born? ",
                " TI: And were you born in a health facility or with a midwife, do you know? ",
                " TI: Okay, good. And when you were born, what was the name given to you at birth? ",
                " TI: Any middle names or anything like that? ",
                " TI: Good. Before we talk about your father and mother, can you tell me your siblings kind of in birth order so we can have that? ",
                " TI: And generally between Frank and Aya, Ei, Johnny, what was the age difference between everyone? "
            ]
        },
        "segment 2": {
            "Segment Desc": "Father's background: interest in pursuing education",
            "Segment Questions": [
                " TI: So let's talk about your father next. Can you tell me his name and where in Japan he was from? ",
                " TI: And do you know anything about his family, what they did? ",
                " TI: Oh, that's interesting. You mentioned, sort of, half sisters. So was your father married in Japan and had children? "
            ]
        },
        "segment 3": {
            "Segment Desc": "Finding out about mother's first marriage",
            "Segment Questions": [
                " TI: Your mother, what was her name and where was she from? ",
                " TI: Well, and so how did your mother and father meet? ",
                " AH: I never knew that. I asked my father one time, and he said, \"I called over the mountain and she came.\" [Laughs] That's the only thing I know. And it was, my mother apparently had been married before. And it was probably hard for a woman who had been married once before to be remarried. But it was interesting that when I was divorced, my mother chastised me for bringing embarrassment to the family. And then, many years later, I found out she too had been married before. So I confronted my mother, who was a sweet, gentle soul, one of the sweetest women I ever knew. And I said, \"How come you got on my case for having been divorced?\" And as little Japanese as I understood, I was able to understand this much from her. She said, \"Well, in those days, way back in the end of the 19th century, we didn't have things called divorce. So my then-husband didn't get along with my mother. And so he just walked off into the sunset and I never saw him again. That's the same as a divorce, but we didn't have to go through this messy court stuff. So it's not the same as you divorcing.\" [Laughs] \"Okay, okay, Mom, I got it.\" That was so funny. ",
                " TI: That's interesting that you didn't know, and I'm guessing the community didn't know that she had a previous husband? ",
                " AH: I think they didn't. I don't think anybody did. 'Cause apparently, that marriage didn't last very long. There were no children. And I guess my mother's mother was pretty tough. It was a yoshi case, what is it, when a man comes and marries into the woman's family instead of vice-versa and takes the family name, that woman's family name and drops his own last name, right? ",
                " TI: Right, and that was the second husband or the first husband that was yoshi? ",
                " TI: And what was... oh, that's right. Going back to your mother's family, what kind of work did her family do? "
            ]
        },
        "segment 4": {
            "Segment Desc": "Description of parents: running a hotel",
            "Segment Questions": [
                " TI: Okay. So this is interesting. So your father had three children, and he's recently married to your mother. And at that point, they decide to come to the United States? ",
                " TI: And do you know what he found in America, where he settled? ",
                " TI: Yeah, that's a good idea. So when you were born, you mentioned earlier you were born in Sacramento. So your father was doing different things, and I wanted to ask, what was your father like? I mean, he's doing these different things, you described him as sort of scholarly. What kind of personality did your father have? ",
                " AH: Well, he looked stern, but he wasn't. He just had that \"I'm the boss\" kind of look, but he was not. And never laid a hand on us, and just his demeanor, if he was displeased, would be very sharp and stern. But (...) I think I was spoiled. I'm pretty sure I was. But he, unfortunately, because of the language barrier, I didn't communicate with him too much. He knew English, he spoke some English, he read a lot of English, but he didn't communicate in English very much. And my mother didn't -- so busy taking care of all of us kids that she had no time to go like women often do now. She was... and of course because the economic situation being so poor in the '30s, early '30s and all, she didn't make time or take time to learn English. So, of course, that's one of my biggest regrets, that my relationship with my mother was so brief in terms of our being able to communicate. I fault myself a great deal for not appreciating my mother more by not embracing the opportunity to learn Japanese. So I keep thinking now, even this late day when I'm pushing eighty-five years old, how was I able to communicate and develop any kind of relationship with my mother when we hardly talked? We did the best we could with her poor English, with my poor Japanese. But she was a devoted mother. And so, always so kind, sweet and gentle. Loved music, she was a good shamisen player, she played the koto, she loved to dance the odori, mostly Bon Odori during the summer months. And it was a joy to see her do that because she worked so hard all the time. ",
                " TI: And how about her relationship with her husband, your father and mother? How would you describe that? ",
                " AH: Sort of what I figured was typical of Issei parents, that Papa was the boss, Mama did all the work, and he had the last word. But my father was not stern that way, so I think she might have had it a little easier. He was not a bossy type. I think... isn't that strange? I don't remember a lot of the communication between the two of 'em, they must have had their own private moments. "
            ]
        },
        "segment 5": {
            "Segment Desc": "Moving from Sacramento to Los Angeles with family at age nine",
            "Segment Questions": [
                " TI: Okay. So you were quite young, but do you recall kind of the differences between Sacramento and Los Angeles when you went? Was it quite a bit different or about the same? ",
                " TI: And how about things like school? Was that about the same, from Sacramento to Los Angeles? ",
                " TI: When you look at your school, so elementary, junior high and high school, what were, like, the percentage of Japanese Americans in your schools or your class? Do you remember? "
            ]
        },
        "segment 6": {
            "Segment Desc": "Memories of community activities as a young person",
            "Segment Questions": [
                " TI: I wanted to ask you about community events when you were growing up. Did you participate in Japanese community events in Los Angeles? ",
                " TI: I wanted to go back to those clubs, and especially the boys. When you had all these different clubs, did they ever get into fights or anything like that? Was there that kind of competition? ",
                " TI: How about the girls' clubs? Did they ever compete against each other in different ways? ",
                " TI: Now, in your club, the Junior Misses, did they have, like, different positions of authority? Like a president of the club and things like that? What was your -- the question, I guess, what was your role in the Junior Misses? Did you take a leadership role? Were you like a leader of the Junior Misses? ",
                " AH: Isn't that strange? I can't even think whether we had a chairman or a president. We just all met periodically, maybe once or twice a month, and planned to maybe support a church activity or to try to sponsor some kind of sport event and make plans for dances. But I... you know, isn't that strange? I think there were a few girls who always sort of had the leadership quality, but I do not recall ever saying, \"Oh, she's the president of the club,\" or, \"She's treasurer of the club,\" and things like that. I think, I'm not sure if this is standard, but as I recall... I'll have to ask one of my, the few of us who are left to see if they recall. "
            ]
        },
        "segment 7": {
            "Segment Desc": "Growing up in a musical family",
            "Segment Questions": [
                " TI: In my notes, I have listed that you also spent a lot of time dancing. Can you describe your dancing, what kind of dancing you did? ",
                " TI: Well, did your other siblings get the same opportunities to do music lessons or dancing lessons? ",
                " TI: As a family, did you ever play together, music, like around the piano and sing together? ",
                " TI: Now, when you would go to your friends' homes, or other relatives, and they had, on holidays, did you hear the same kind of singing that was in your home, or was your house maybe a little different? ",
                " TI: How large was the church in your growing up experience? I mean, how important was church to you? "
            ]
        },
        "segment 8": {
            "Segment Desc": "Coming to terms with Japanese American identity: wanting to become a popular entertainer",
            "Segment Questions": [
                " TI: So during this time, you were doing things like dancing. And I'm just thinking of popular culture, which was very sort of white dominated. And the kind of movie stars and dancers you mentioned were white, and you wanted to be a dancer. And it seemed to be, perhaps, a very conflicted or confusing time for you to be in this larger popular culture, but yet being Japanese. Can you talk a little bit about that, sort of how that felt for you? ",
                " TI: And when you say \"resentful,\" who were you resentful towards? ",
                " TI: Yeah, so in this kind of climate, how did you, what did you feel about being Japanese? Was it something that you viewed as a positive, a negative? I mean, how would you view being Japanese? "
            ]
        },
        "segment 9": {
            "Segment Desc": "Growing up with Japanese cultural values",
            "Segment Questions": [
                " TI: Do you recall your parents ever, or other relatives talking about Japanese and what that meant in a prideful way about being Japanese? ",
                " TI: Or maybe certain expectations that because you're Japanese, you should act a certain way? ",
                " TI: And how did those values come through? How do you find out that you're supposed to be the best you can be, you don't bring shame? How does that happen? "
            ]
        },
        "segment 10": {
            "Segment Desc": "A few role models during adolescence",
            "Segment Questions": [
                " TI: During this sort of growing up in Los Angeles time period, were there any individuals that you viewed as role models, or really helped you out in terms of advice that you can recall? Someone you looked up to during this time period? ",
                " AH: Somebody that I looked up to... in the Japanese community? ",
                " TI: No, it could be a teacher, it could be anyone, an adult that you thought... or maybe some even older, a little bit older, that perhaps mentored you or helped you in any way? "
            ]
        },
        "segment 11": {
            "Segment Desc": "Experiencing prejudice in school following the bombing of Pearl Harbor: \"At that point, I was mad at Japan\"",
            "Segment Questions": [
                " TI: So I'm going to switch gears here now and go to December 7, 1941. And at this point, you were still a high school student. But can you describe that day for me in terms of how you heard about the bombing of Pearl Harbor? ",
                " AH: My best recollection of it was that we had, I had just been at a party, and we were going home in one kid's car, and the radio announced it. We just couldn't believe it; we were sort of in a state of shock, and thought, \"Well, this must be a farce.\" But when we got home, my... I think it was my father, my brother said, \"Did you hear?\" And then my neighbor, who was Japanese, we got together and said, \"Just can't believe it.\" It was such a shock. And at that point, it was just shocking. Didn't think until a day or two later, the effect of it, what this meant for us as Nihonjin. Of course, that came soon enough afterwards. But it was unbelievable. We knew that there was a connection between what happened and us, simply because we were Japanese, but we had no idea the extent of the damage that would be done to us as a community. ",
                " TI: And so, for instance, like the next day, when you go to school, did anything happen that indicated that, \"Oh, this is going to be different\"? ",
                " TI: Well, like at school, did the administration or teachers do anything either positive or negative to influence how the community looked at Japanese Americans? ",
                " TI: Now, how did the principal tell the Nikkei or Japanese American student that they were not going to get, they were not going to graduate? ",
                " AH: It was. And at that point, I was mad at Japan. [Laughs] \"Why did you put us in this position?\" you know. \"I didn't choose to be born Japanese, but here I am now because of what you did, Japan. Look what's happening to us.\" So I was really angry at Japan for a long time because of that. But I figured, I didn't know at that time. Of course, now that I know more about the causes and effects of Pearl Harbor, I fault this country more. "
            ]
        },
        "segment 12": {
            "Segment Desc": "Rushing into marriage for fear of being separated during mass removal",
            "Segment Questions": [
                " TI: During, when you find out that the families, the Japanese American families are going to start being removed, what did you do during this time period? In particular, I'm thinking that you had a boyfriend during this time period. Can you tell me what kind of things were going on for you? ",
                " AH: Oh, yeah. Well, we were all looking for specific instructions and facts. And, of course, the army, government, really didn't know what it was going to do at that time, making decisions on the fly. And with General DeWitt and all those details we didn't know about until we started doing the research, of course, forty or fifty years later. But most of us just spent our time worrying about what's going to happen. At first, I thought only our parents, as aliens, would be affected. I never dreamed at the very beginning that, oh, we're American citizens, this is not gonna bother us, even though we had some social pressures on us. But eventually, of course, it turned out that all of us would be affected in some ways, and we spent our time worrying about, \"Well, what are we gonna do?\" In my particular case, we didn't know until quite a bit later, probably in February or March, that in Los Angeles, where there was such a large community of Nikkei, that we would be divided into certain areas and be sent somewhere. None of us were told where. I really felt that maybe they're going to take us out someplace in the desolate area and shoot us all. I really thought that they might do that. So there was a lot of fear. Maybe other people didn't feel that, but I thought, \"Why would they be sending us away unless they're going to do something bad?\" So there was this kind of fear, at least on my part. ",
                " And then I had the personal thing. At that time, my boyfriend was living on the east side of Los Angeles, and here I was on the west side. And when we were told that we'd all be sent to different places, I panicked. And I thought, \"Oh, my gosh, I'll never see this boyfriend again.\" And so when it came time, pretty close to time to go, as a matter of fact, only a few days before, we ran away and got, we eloped. I falsified my age, I was seventeen but I said I was eighteen. He was already nineteen, I guess, then, couple years older than I was. So that way I was able to go with his family wherever they were gonna go. Of course, that devastated my family terribly because they, my father did not, I think, did not want me to hook up with this young man. Because my father -- oh, he had a thing about every time I got a new boyfriend, he would say, \"Is he going to go to college?\" [Laughs] And I had no idea whether or not Jake was going to go to college, I said, \"I don't know.\" \"Well, you'd better pick somebody who's going to go to college.\" [Laughs] So when the time came, and the community in that particular area of Los Angeles, the Boyle Heights area, had to go to the train station, I joined, the night before, joined Jake and went with the family to Manzanar. ",
                " TI: Going back, before we go to Manzanar, so your parents must have been upset about the, about you marrying Jake and eloping. And how about your brothers and sisters? What was their reaction? ",
                " TI: Now, would this, going back to that date, would this have been sort of out of character for you to have done something like this? ",
                " TI: Now, in retrospect, do you feel like, perhaps, this was, for you, a rushed decision? Something that if it weren't for the war and the camps, that this wouldn't have happened? ",
                " AH: No, I had been only going with him for about a year or so. And it was always on dates, and you're always on your best behavior, everybody is when you're on dates, right? Maybe that's the reason I'm not that much against, even though we used to raise eyebrows for young couples to start living together before they were married. Remember? That was, oh, a no-no. But nowadays, it sort of makes sense to me. You find out what, does he snore too much? Does she, is she a good cook? You find out a lot of those things, and then you can make your decision, \"Yeah, I think I could tolerate and live with this person.\" But during those days, of course, that was never the thing to do. So I sort of don't raise my eyebrows on that kind of living arrangements these days. It's nice to be.. abstinent, it's nice, but just to get to know somebody better, it's hard to do unless you live together. "
            ]
        },
        "segment 13": {
            "Segment Desc": "Coping with birth of first child in camp",
            "Segment Questions": [
                " TI: Okay. So you joined your husband's family, and you go to Manzanar. So why don't you describe what Manzanar was like for you? ",
                " AH: Oh, well, when we got there, as you know, it was such a desolate area so far from civilization, I thought, that I said, \"Oh, this is where they're gonna shoot us. Nobody would know the difference.\" That was my immediate reaction when I got there. But then, there were so many of us, that we just took comfort in the fact that there were a lot of (us) in the same situation. And just seeing the living arrangement was, it was a real bummer. Thinking that, wow, this room has one light bulb. [Laughs] And there were seven of us in one small room. I think it was sixteen by twenty feet: me, my husband, his brother and his wife, newly married, too, Jake's older sister, her husband, and a little baby. So there were six and a half of us in this one tiny room. Of course, they gave us our little separate spaces later on, but it was several months before that took place, maybe, not quite a year. But it was not very comfortable for newlyweds, especially, or any family, to live that close, not have the privacy. Which is the thing... I think liberty and privacy is what I miss the most. Not being able to just walk out to the corner drugstore, get an ice cream soda, or the privacy, not being able to change your clothes when you wanted to. Of course, we all put up little partitions later, as you know. (...) We had three different families in one room. The guys put up slats and then put a blanket, nailed a blanket to separate our living quarters. And since it didn't take me long to get pregnant, it was difficult because the bathroom was in another building, no running water. So it was hard; it was hard. And at that time, I was aware that my mother was not well then, so how was she going to manage and how where they going to manage her food? No cooking facility, how are they going to manage toilet? Yeah, it was a hard life, especially for the ill and the infirm and the old. ",
                " TI: And so you mentioned being pregnant and delivering. What were the medical facilities like for a woman going through pregnancy and giving birth to a child? ",
                " AH: Because we lacked the kind of nutrition that we know about today that would be best for a pregnant woman, I guess, in retrospect, I think we lacked the kinds of foods, particularly, that would have been helpful to produce a healthy child. Not just that, but the fact that if there's no running water, little things like rinsing out diapers, soiled diapers, was a big problem. Washing three dozen diapers a day in a tub with a washboard, like there's no washing machine. For the pregnant woman like me, the food was not the best, I think. So I think most of the children who were born in camps like my daughter, had, at least the first growing up period, they were not really healthy. They didn't have the immune system developed that worked in if we had had better food. The hospital was run by a doctor, who I heard later on, not at that time, but later, from people who worked in the hospital, that the white doctor was an alcoholic. And most of the work was done by Nisei nurses or some Nisei doctors, who, as you know, were paid the highest wage. Was it nineteen dollars a month? Oh, boy. Teachers, doctors, nineteen dollars a month, to do the kind of hard, hard work that was required. And I don't know, not having associated myself with hospital facilities, if they were, had the kind of equipment or supplies that a normal outside hospital would have had. I know in the case of my father, in Jerome, when I went to, transferred to Jerome, there (weren't) enough flashlights. For example, the night before he died, Christmas Eve of 1943, he had an oxygen tank to keep him alive, and we were not permitted to light candles or something because of the danger of explosion, and the electricity was out. There was a... what is the word for it when the electricity was... ",
                " TI: A blackout? ",
                " TI: And do you have a sense, was there like a, very many other mothers giving birth about the same time? Were there quite a few births happening? ",
                " TI: But how was it for you? Because you're seventeen, eighteen years old, you're pregnant and delivering a baby. Most of your friends, same age, didn't have that life. I mean, they were maybe finishing high school or going to the camp dances, things like that. How did you deal with that? Were you frustrated about it or what did you think about that time period? "
            ]
        },
        "segment 14": {
            "Segment Desc": "Transferring to Jerome concentration camp to care for dying father",
            "Segment Questions": [
                " TI: In terms of your family in Jerome, did they correspond? Did you write letters back and forth? ",
                " TI: So that seems unusual or somewhat harsh that they wouldn't let your husband go with you. Here you're a family unit, husband, wife, child, asking to be transferred, and they separated you. They treated you more like, still, your previous family, there's this kind of division. Do you know why the government did that? ",
                " TI: So, Aiko, where we left off from the first section was you had just returned to Jerome because your father was deathly ill. And you arrived with your newborn child and you. I'm curious, what was the family reunion like when you got to Jerome? ",
                " TI: And what did he die of? ",
                " TI: And what about the rest of the family? What was the reception for your mother, your sisters, your brothers? ",
                " TI: And how did you know they forgave you? What happened? ",
                " TI: How about discussion? Was it ever discussed what you had done? ",
                " AH: No. As I recall, no. Even my oldest brother, with whom I didn't get along too well, he never got on my case, and he didn't say, \"Why did you do that?\" or all that. Come to think of it, I never thought about the fact that when Jake finally joined me, what was their attitude about him? Isn't that funny? I hadn't even thought about that. I must try and reflect to see if I can reconstruct what the family's reaction was. I guess they thought we were just misguided kids, and they were right. [Laughs] "
            ]
        },
        "segment 15": {
            "Segment Desc": "More stable living conditions in Jerome",
            "Segment Questions": [
                " TI: I was going to ask, in terms of comparisons between Manzanar and Jerome, what were some of the differences between the two camps? ",
                " TI: And do you have a sense in terms of just the... what's the right word? In terms of the tension -- I know Manzanar, especially in those early days, there was some unrest, I mean, there was some, they call them the \"Manzanar riots\" for instance, and things like that. And I didn't hear as much about Jerome in terms of unrest, and I was just wondering in terms of just the community attitudes, if you had a sense of any difference between Manzanar and Jerome. "
            ]
        },
        "segment 16": {
            "Segment Desc": "Husband's overseas military service; separation puts strain on marriage",
            "Segment Questions": [
                " TI: You mentioned how your husband Jake eventually joined you, but then you said he went into the army from there? ",
                " TI: Okay. And so what service did go to? ",
                " AH: Well, he went to Camp Blanding, and then he was sent to Germany. But he never talked about it, so I don't know if it was part of the 442 or where did the Nisei who were trained in Camp Blanding; were they integrated into the 442? Do you know? I'm not sure. ",
                " TI: But now I'm thinking about your relationship. I mean, here you got married, you eloped right before you went to Manzanar, then once you got to Manzanar, there was no privacy, and then you became pregnant and had a child. And then you were separated from your husband because you went to Jerome to be with your sick father for several months. And then he comes just for a short time and then goes to the army. So what happened to the relationship? It seemed like it never really had much of a chance. ",
                " TI: And when were you in Japan? "
            ]
        },
        "segment 17": {
            "Segment Desc": "Returning to Los Angeles after leaving camp",
            "Segment Questions": [
                " TI: So let me see if I can summarize this. So from Jerome, you went directly to New York? ",
                " AH: No, from Jerome I went to, while Jake was still in Germany, I went to Denver, Colorado for several months, because part of the Miyazaki family, my in-laws, were living there. They said, \"Come out here, 'cause it's nice in Denver.\" So I went to Denver, but I just didn't dig it. I just wasn't comfortable, I didn't care for it. And so I said, \"No, I think I'll just pick up, go back to California.\" And without any, it just shows how stupid and non-thinking, and didn't consider the future. I just picked up with Geri and a few suitcases and went to, came to Los Angeles without even knowing, when I left, where I was gonna sleep when I got here. [Laughs] And by sheer coincidence, when I reached here and I checked into a hotel, Geri. (...) I decided to go to the Relocation (office of) the War Relocation Authority relocation office, to see what available facilities I could look into, apartment or something like that. And on the way, I met one of my in-laws, and he said, \"Hey, what you doing here?\" I said, \"Well, I decided to move from Denver to here.\" He said, \"Where are you going to stay?\" I said, \"I don't know, I'm just going to find out.\" \"Then come home with me, and we'll put you up.\" Holy Moses, what luck. I had, born with a silver spoon in my mouth, I thought. Well, they were so kind to me and they took me in, and I was one of, I think, twenty-one in a three-bedroom house. We took turns, as I recall, sleeping, eating. But this family was so generous and wanted to help way beyond the call of duty. This sister-in-law of mine and her husband had three kids. They had Ted's father, mother, brother, and a daughter, and two brothers and me and Geri. I think there were about twenty, twenty-one of us. And we just made do. I don't know how we did it, but they were amenable, friendly, respectful of each other. Imagine. All one related family. Such generosity. He said, \"Come home with me.\" [Laughs] I'll never forget that. ",
                " TI: And what did you do in Los Angeles during this time? ",
                " AH: Oh, I first went to, with the blessing of my sister-in-law and her husband, they said, \"Okay.\" I said I wanted to go to a stenotype institute. At that time, before tape recorders became the easy way to record things, the stenotype institute taught people how to use this very condensed, abbreviated typewriter-like (instrument), where you had to learn the combination of keys for the missing keys to take dictation or to take speeches at conventions, which I learned to do. And I was working to take speeches at conventions, or get hired out from this institute to a letter shop, where I would be rehired by, say, lawyers who worked in that building to take dictation and do temporary work. That was the first time I had direct experience with a guy. I went with my stenotype instrument, walked into his office, and he looked at me and he said, \"Are you the temporary secretary?\" I said, \"Yeah.\" \"Are you Japanese?\" \"Yeah, my parents are from Japan.\" \"I don't want you. Tell your boss to send me someone else, not Japanese.\" I was shocked. I had never had somebody tell me right to face, because I'm Japanese, \"I'm not going to use you.\" Didn't know what I could do, what I couldn't do. I was really devastated at that. Well, I took this course and I graduated, so I got some work as a court reporter, but I never had to go to court. I went to conventions (like) Veterans of Foreign Wars conventions, (or taking) dictation and things like that, and then transcribing them. So I did that for a while until Jake came back from Germany, and then we split. So I moved to New York, back to my family again with Geri. "
            ]
        },
        "segment 18": {
            "Segment Desc": "Living in Japan with other families of military intelligence servicemen",
            "Segment Questions": [
                " TI: And then so you're in New York for about how long before you go to Japan? ",
                " TI: To '49? ",
                " TI: Boy, I'm guessing that was a big shift for you, to live in Japan? ",
                " TI: And what are some memories from Japan? ",
                " TI: How about other Japanese Americans? Were there very many other Japanese Americans that you got to know? ",
                " AH: In Japan? ",
                " TI: And so how were these years for you? It was like four or five years you're in Japan, was this a good time for you? ",
                " AH: Yeah. Well, it was sad in a lot of ways because it was sad to see the country and its people deprived of so much. By the time, when we first went there, it was still, the country was still reeling from the aftereffects of the devastation, and there were little kids with no shoes walking hadashi, barefoot, (...) and people with not enough food or clothing. But by the time we left, 1954, it was just amazing to see how much the Japanese had picked themselves up and took advantage of the opportunities (arose) whenever it appeared. And they really pulled themselves up so fast from the bootstraps. I compare that with the European countries that were so negatively affected by World War II, how long it took them to come up from all this devastation, and how quickly the Japanese did. They became one of the economic powers, right, in twenty years, thirty years? While Germany and all those other countries were having to struggle. That made me very proud, you know, when I think back. It was... I enjoyed that, certain parts of it. I didn't like some of the Americans who went into Japan as conquerors, and they let the Japanese people know we're here because \"we beat you.\" And that kind of attitude really bothered me. There were a few Nisei who were like that, and I didn't like that very much. ",
                " TI: So I'm curious, when you saw like a Nisei or someone else act that way, did you ever say anything to them? ",
                " AH: Oh, no, I never did. I was chicken. But I thought about it a lot and said, \"Gee, why did he have to talk like that to this houseboy or this salesperson or something like that?\" as if he was the almighty. And it just made me unhappy. I tried to avoid people like that, because it made me just uncomfortable to be with people like that. But I didn't learn that the best thing to do is to speak your mind right away until much later, and I decided, be more honest and upfront with people, yet try to be tactful. [Laughs] It's a fine line, I think. ",
                " TI: Now, earlier, you mentioned how quickly Japan sort of recovered. Why do you think Japan was able to recover so quickly compared to the European countries? ",
                " TI: And you really saw that in those five years that you were in Japan? ",
                " TI: And so any other ways that you were changed by being in Japan those five years? "
            ]
        },
        "segment 19": {
            "Segment Desc": "Getting remarried, having two more children",
            "Segment Questions": [
                " TI: So then why did you come back to New York after five years? ",
                " TI: Now, what was your second husband's name? ",
                " TI: And then New York, and then you have three children, and you're now back in New York. And so what do you do in New York? "
            ]
        },
        "segment 20": {
            "Segment Desc": "Living in New York City and working for several nonprofit organizations",
            "Segment Questions": [
                " TI: Okay, and so, and coming back to New York, and then it sounded like you went back to school or something? I guess maybe that was where... ",
                " TI: Yeah, '54 now, what happened? ",
                " TI: And how was it that you could, what were the children doing during this period? ",
                " TI: And about what years were these? What year was this? ",
                " AH: When was that? ",
                " AH: Yes, it was. And it was the first time I had such close contacts with blacks. It was only, the office where I worked was only a block or two from where Mary Yuri Kochiyama lived. And, of course, we were involved anyway, starting with AAA then. But it was such a wonderful experience for me to be able to relate to the blacks, and to understand what they meant when they said, \"I wake up in the morning and think, 'What kind of shit am I gonna face today?'\" You know, just to be, understand their feeling. Whereas it was a good experience for me to get to live among them for so many hours a day. ",
                " TI: And so how, I'm curious how you got this job. Because here you're kind of in your early forties, you're a Japanese American, and this is right after a lot of racial unrest in places like Harlem, and you're now right in the middle of that. I mean, how did you get that job? "
            ]
        },
        "segment 21": {
            "Segment Desc": "Getting involved with AAA, Asian Americans for Action",
            "Segment Questions": [
                " TI: And so it feels like... what's the right word? It feels like you're awakening to something new? ",
                " TI: Can you talk a little bit about that? What's awakening in you? ",
                " TI: And would you say that that was the core, or the main reason that really got you more aware of these things, AAA? "
            ]
        },
        "segment 22": {
            "Segment Desc": "Deciding to marry one more time",
            "Segment Questions": [
                " TI: And then married and went down to D.C. But I guess the first question is how did you meet Jack? ",
                " AH: Well, actually, I met him in Japan. It's interesting that you ask that. [Laughs] Because he, Jack happened to belong to the same CIC unit, the Counterintelligence Corps unit that my then-husband belonged to, which was headquartered in Kyoto, but the sub-branch was in Otsu, where we lived. And so we used to see a lot of each other during that time, and we were all friendly. We used to join each other at the officer's club and have dinner at each other's homes. Then when Jack and his family left Japan in the summer of '54, and just at that time, we were transferred from the Kyoto area to Nagoya. So we were in Nagoya from early spring or summer to the end of '54, December, when we came back to the United States. And we had exchanged, our families stayed in touch, we exchanged Christmas greetings and things like that. But, and then all of a sudden, in 1976, when I was in New York, living in Manhattan, I get this call from Jack saying, \"Hi, this is Jack. I'm downstairs.\" [Laughs] So how many years? Twenty years or... '54, '64... yeah, twenty-something years had gone by. \"Oh, Jack. Okay.\" So it turned out that he had separated from his wife, and eventually his wife passed away anyway, she was very sick. But it was twenty-something years, and we picked up the... there was something right about, there's, nothing happened in Japan, but all those years, we just sort of stayed in touch. And it was, so it seemed like, \"Oh, haven't seen you since yesterday,\" kind of feeling. I think when the chemistry is right, that kind of feeling prevails. So it was that many years. [Laughs] We decided to get married. 'Cause I'd been, by that time, I'd been separated for fifteen more years or so, longer than that, when Davis said he wanted to get remarried, so can we be divorced? We had been separated the umpteen years. I said, \"Sure.\" ",
                " TI: And so when you got married to Jack, how old were your children at that time? ",
                " AH: How old were they? ",
                " AH: This is '76, okay, 1978 is when we got married. Lisa was born in '51, so what does that make her? ",
                " TI: And David? "
            ]
        },
        "segment 23": {
            "Segment Desc": "Doing key archival research at the National Archives",
            "Segment Questions": [
                " TI: Right. And you're, at this time, fifty-three years old, about fifty-three? ",
                " TI: Or fifty-four? Fifty-four. And so what do you do in D.C.? ",
                " AH: Oh, right, okay. Well, Jack was still working when I first started doing archival work, but then he did retire, so he wanted something to do. So I asked him if he would pick up on the archival work searching for information for the Commission on Wartime Relocation. And so, oh, he was very happy to do it. And the more he learned about it, the more incensed he got at his own country. And he got -- I might have mentioned this in a previous interview, but he became incensed at the idea that here he was in his paratroop role, paratrooper role, fighting the enemy, Japan, for our constitutional guarantees, the freedom, liberty, equal opportunity, equality under the law, and at the same time, we were being mistreated, we American citizens. And the more he thought about it, the more he thought, \"Gee, we were fighting for principles, and I lost so many good friends, fighting for principles that we were not living up to ourselves.\" And it just made him so mad that he got into this archival research of an injustice against the Japanese American community like a bulldog. So he helped me dig out things. I would ask him to look at certain records that I didn't have a chance (to see). He would look it up, and we would Xerox these copies to give to the Commission, so that they could come up with their recommendations (to) Congress. Then we were asked by the National Council for Japanese American Redress, William Hohri's group, to do research for them because they were planning to file a class action lawsuit. So Jack helped me on that, because I was tied up with the Commission office a lot. So he helped me to pull together the things that would be helpful to the class action lawsuit. Then the coram nobis lawyers said they could use some help, too. So Jack helped me, and we tried to help the coram nobis cases do the research. And just about the same time, the Smithsonian was planning to open up its exhibition on Japanese Americans. What was it? \"A More Perfect Union: Japanese Americans and the United States Constitution,\" and they asked me and Jack to be consultants on the content of the exhibition. So we were busy helping the curator on that. Then after the bill was passed for Civil Liberties Act of 1988, the Justice Department asked Jack and me to be the consultant on locating all eligible people for redress. So we were involved with that, to especially locate (and verify names) of people who applied for redress but (whose) names weren't on official records. We were able to direct the Justice Department to the master list, which was the most useful one, listed everybody who was in the ten camps, and those who were in the internment camps, which was different, of course. So we were able to locate rosters and names of those who were in the internment camps. And especially for people who applied, but whose name didn't appear, they asked us to find. So Jack was involved with me every step of the way. ",
                " AH: Right. He was very convinced that those who said the magic cables justified the actions taken against the West Coast Japanese Americans, he said that's not true. Because those magic cables were not verified or... what is the word in cryptology they use? Confirmed and... we discussed this at great length with Michi, because she had collected a lot of the magic cables. And we were fortunate enough to have access to additional cables that became public, that became declassified. So I shared that with Michi, and together we were going to write something about the falsehood of magic cables -- of Pearl Harbor being a sneak attack, through the magic cables. Well, Jack studied this a lot, and with his background on intelligence, he decided he'd like to write a piece, which he did, and I think you might have seen it, in the Amerasia Journal in 1984, to try to debunk the fact that the magic cables was one of the main reasons to show that it, (the government), was justified to incarcerate, expel and incarcerate the West Coast Japanese. His background prepared him well for that. "
            ]
        },
        "segment 24": {
            "Segment Desc": "Significance of role in redress movement as archival researcher",
            "Segment Questions": [
                " TI: I'm now going to switch gears. I'm not going to ask you questions about your archival work because it's well-documented in other places, especially the, I think what you call were the nuggets that you found as a researcher like the first edition of DeWitt's Final Report would be an example of that. But it's been pretty well-documented that your, the work that you did was really important to not only the coram nobis and also the redress, but just in terms of uncovering lots of information that was really helpful to scholars about what really happened during World War II. And I'm just curious in terms of your role and how you, when you look back at it, you had such a pivotal role. What do you attribute that to? I mean, why were you the person who was so key in finding so much? ",
                " TI: But let me, let me make sure I understand this. 'Cause when I talked to some of these others, they said in terms of constructing the story, but it wasn't like they were trying to construct the story, and then they called you, Aiko, and said, \"So, Aiko, can you find this document or this document?\" it was more of a matter that you uncovered things that were really powerful, and then had enough knowledge to say, \"Oh, this is probably important,\" and you then gave it to them. And it was this really rich source of materials that they said, \"Oh my gosh, with this material, we can now construct the story.\" I think, wouldn't you say that that was the case, more? ",
                " AH: I have to say, I think it took more -- I think I was fortunate enough to have come across certain documents that brought light to a particular subject, but it took somebody else with a different mind to interpret it in such a way as to be beneficial to either the coram nobis case, or to the Commission report, or to the class action lawsuit. So I don't want too much credit given to me. Just the fact that I did find, for example, the first version of the DeWitt report, that, I must say, it was good that I recalled certain things that pointed to the fact that there was a first version. And so what is it that the Supreme Court in 1944 relied upon in order to convict Korematsu, for example? I said maybe this is it. It was intuitive. But legally, I didn't know, and it took, it took the coram nobis people and Angus Macbeth to say, \"Ah, racism, this proves injustice on the part of a general in the army, plus falsehoods of facts.\" So it took other minds to bring out the importance of what I did find, but I must say, I was glad I had remembered certain facts that called my attention to the possible importance of this thing. "
            ]
        },
        "segment 25": {
            "Segment Desc": "Role as an archival researcher: \"It was like a second career for me\"",
            "Segment Questions": [
                " TI: But when you think of the work you did in terms of the... I look through the reports and things, and the enormity. I mean, I've been in archives before, and it's not a nice and tidy type of work. I mean, it's opening boxes, looking through things, and it's so easy to miss something or not look at something, and realize the importance of it. It is almost like looking and finding the needle in a haystack sometimes in terms of looking at this. And I'm wondering, in terms of what happened especially in the '80s, with the coram nobis or redress, I mean, it's pretty clear to me, without some of these key documents, it would have been very difficult to have made the case. How, as a community, how close were we not to finding some of these documents? I mean, how, I mean, when I listen, I talk to Peter Irons sometimes, he says, he'll call it outright luck sometimes. ",
                " TI: That when he met you and his example of getting lucky, and how lucky were we as a community that all these pieces came together? ",
                " AH: I think so. I agree with you, and that was why I took it upon myself to do what some people call unnecessary extra work. But I documented everything I got exactly where it, what file, what box, what record group and everything else, so that when the Commission wrote its report, people couldn't say, \"How can that be?\" Here's proof officially written by top government, top government, here's proof. So it took a lot of extra time on my part, and I know people were saying, \"Oh, you're just so piddly about details.\" But that helped to augment and strengthen the report so people couldn't deny it. ",
                " TI: I mean, was there ever times when you thought that this work would have been part of an effort to, I guess, in some ways, recover over a billion dollars in redress payments, overturn Hirabayashi, Yasui, Korematsu? I mean, were those things kind of going through your mind when you were doing this kind of research? ",
                " TI: When you think back to your contribution, is there anything else, is there any one or two things that really comes to mind in terms of, where you feel really good about what you did? ",
                " AH: You mean any particular action? ",
                " AH: Well, I think the only thing is that I think about, this was sort of like a second career for me. I had not trained to do this. But that things happened to fall my way, and so I was glad, because of the political awakening that I experienced in New York through the AAA, that I was really, I think, happy to have had that kind of experience with AAA that opened my mind to all the possibilities of the historical importance, and that I was able to unearth some of this with the help of Michi Weglyn, of course, and her initial opening of the doors, as to the importance of proving the government misconduct. So I'm very, I'm happy about that, and I'm happy that I had the opportunity. Getting married and going down there, \"Oh, what am I gonna do now? Okay, I'll look at the archives.\" And then in my amateurish way, starting to collect some of these and saying, \"Oh, this sounds very interesting and important. I think I'll save a copy.\" And having that small notebook accumulate to a total of 154 boxes that I sent, that UCLA has, I still have a few more boxes to go through, but it was, I think, (152) boxes that we donated, mostly documents. So I feel good about, if there is, whatever can be called contribution, that I had a little part in it. "
            ]
        },
        "segment 26": {
            "Segment Desc": "The accomplishments of the redress movement",
            "Segment Questions": [
                " TI: When I interview people who were involved, in particular, with redress or coram nobis, they got involved because they wanted to right a wrong, to sort of do it so that similar things wouldn't happen in the future, that they use terms like \"never again.\" And in the '80s, Reagan signed the Civil Liberties Act of 1988 apologizing and sort of authorizing payment to Japanese Americans. The coram nobis cases, where, as you mentioned earlier, they vacated the convictions of Fred Korematsu, Gordon Hirabayashi and Min Yasui. So did we accomplish that? Are we, did we make... I guess the question is, is that enough? I mean, did we accomplish, did you and others accomplish what they were after? ",
                " AH: Not totally. I think just the fact that some of the story will be now included in our history books in school is a good step forward. But -- and this goes back to 1984 or so, or '85, maybe -- when to prove a point that, how much have we accomplished or was it worth it? I was on a television show with, I think Norman Mineta was one of the panel members. But there was a congressman, Norman Shumway from California, who was on the screen. He couldn't appear at the studio, but they got him on the screen. We were talking about the redress bill that was being debated, and he said, what comes back to me all the time to show how the, at least Congress was viewing the redress bill. He said, \"If you think for one moment that this bill, redress bill, which calls for 1.2 billion dollars, (...) is going to make any difference in the way the government will react in times of emergency such as after Pearl Harbor, that we have to take action against a potential enemy, you think it's going to make any difference that the government will not pick up a group of, say, misfits or ethnic group, then you're barking up the wrong tree. Don't kid yourself.\" He says, \"We spend more than a billion dollars every day, every minute, every hour,\" he said. \"So this isn't going to make a dent.\" I was furious with him when he said that, but it turned out to be the truth. When the war broke out after 9/11 and this country started picking on Arab Americans just because they were Arab Americans, ooh, shades of deja vu. We didn't learn anything. And what made me think was, okay, if Hohri vs. U.S., the class-action lawsuit that would cost the government, the treasury, 27 billion dollars, if we had passed that, would this country have remembered? I'm wondering whether or not the bottom line on this in this country is always the almighty dollar. Yes, we got an apology, a letter of apology from Bush and Clinton, and twenty thousand dollars per survivor. But Congress, even the new members of Congress (today) don't know anything about it. We didn't make a dent, we didn't affect how this country was looking at Arab Americans after 9/11. So I'm thinking, what do we have to do to make Americans aware? The only thing I see, the plus in our experience, is that now some of the stories of the 442 Regimental Combat Team, our exclusion, incarceration, will be in the history books. Maybe that's a start. But, well, jiminy, it's how many years since this happened, and we still, you know, don't know enough, and we repeated the same mistake when 9/11 happened. What do we have to do to awaken this country? I have questions about that. "
            ]
        },
        "segment 27": {
            "Segment Desc": "Thoughts on the current state of the United States government",
            "Segment Questions": [
                " TI: So let me ask you, so going forward -- it was a little ironic, because you sort of started this work when you were about fifty-three, fifty-four, this second career. And it just so happens, I'm fifty-three years old. And so I'm thinking, well, going forward, what advice would you give me, thinking, okay, how would, what's still, like, unfinished business, or what can be done so that there is a difference? Or do you think it's possible? ",
                " AH: I don't think it's really possible, but I really would like to see an international tribunal putting the United States on this, charging the United States, charging the United States for not living up to its democratic principles. Not just 9/11 and the aftermath of Guantanamo and all, but going back to our situation. Even though we have had the Civil Liberties Act of 1988, compensation and apology, just the fact that it happened again in terms of Arab Americans who were deprived of the same kind of rights that we were. I really don't think it's... I don't know if it's not possible, but I would like to see an international tribunal put the United States government on trial and go over some of these misbehavior that the government has been involved in, to see what the international court would say about what the United States has done in terms of its minority groups. I wish that this were a possibility. I think that they've been talking about it after the Iraq situation, they've been talking about an international court in terms of Guantanamo alone, I think, but not the administration's actions. But I think I would like to see if there is a possibility to have an international court look at the situation that the United States has prostituted its principles for other self-aggrandizement goals of either individuals or groups in the United States. Think that's a dream? ",
                " TI: Good. So, Aiko, I'm at the end of my questions, and wanted to know if there's anything else that you wanted to talk about, kind of in this vein? "
            ]
        }
    }
}