{
    "Narrator_Name": "Albert A. Oyama",
    "Bio": "Nisei male. Born April 10, 1926, in Portland, Oregon. Grew up in Montavilla, Oregon, where father ran a Japanese-language newspaper. During World War II, removed to the Portland Assembly Center, Oregon, and the Minidoka concentration camp, Idaho. After the war, served in Korea in the U.S. military. Returned to Oregon and became a physician.",
    "Title": "Albert A. Oyama Interview",
    "Interviewer": "Janet Kakishita",
    "Location": "Lake Oswego, Oregon",
    "Date": "November 10, 2013",
    "Densho ID": "denshovh-oalbert-01",
    "transcript": {
        "segment 1": {
            "Segment Desc": "Family background",
            "Segment Questions": [
                "JK: Today's date is Sunday, November 10, 2013. This interview is taking place at the residence of Albert and Masuko Oyama in Lake Oswego, Oregon. Todd Mayberry and Betty Jean Harry from the Oregon Nikkei Endowment are observing this interview, and Ian McCluskey from NWDocumentary is the cameraman. I am the interviewer Janet Kakishita, and I will be interviewing my uncle, Albert Oyama, for this project, sponsored by the Oregon Nikkei Endowment, part of the Minidoka oral history project. Uncle Albert, we're going to start with some personal questions getting to know you, like when and where were you born?",
                "JK: And at that time, where were your parents living?",
                "JK: And what was the name that you were given at birth?",
                "JK: And is there any significance to your name?",
                "JK: Okay. And let's talk a little bit about your father, get to know your father. What was his full name?",
                "JK: And how about your dad? Was he going to school then?",
                "JK: Okay. And how did he decide to come to the United States?",
                "JK: Do you know how many brothers and sisters he had?",
                "JK: And then let's talk about your mom. What was her name?",
                "JK: And what kind of work did your mother's family do?",
                "JK: And how did your mother decide to come, her family decide to come to the United States?",
                "JK: Okay, let's talk about both of them now. How did they meet and get together?",
                "JK: Do you know?"
            ]
        },
        "segment 2": {
            "Segment Desc": "Father's Japanese newspaper business",
            "Segment Questions": [
                "JK: Thinking of your father, how would you describe him and his personality?",
                "JK: What else do you remember about the newspaper? Did you get to go down and help at the shop?",
                "JK: And did you do it by bike or bus?",
                "JK: What was the name of the newspaper that your dad started, and where was it located?",
                "JK: And where was this newspaper office located?",
                "JK: So if you could think back, walking into your dad's newspaper, what would a person see? I mean, what did the business look like with the twenty, thirty people working?",
                "JK: How did they do the print in Japanese?",
                "JK: We'll get back to the newspaper as we go through our interview, different phases. What was your mom like? What was her personality?",
                "JK: And what did you observe about the relationship between your mom and dad? How did they deal with difficult situations, or how did they show affection?"
            ]
        },
        "segment 3": {
            "Segment Desc": "Prewar recreational activities",
            "Segment Questions": [
                "JK: I'm going to talk now about your childhood. You said you had a sister Minnie. Was she older than you or younger?",
                "JK: What kind of activities did you do as a young person when you were out in Montavilla?",
                "JK: And so your basketball team was mostly hakujins?",
                "JK: And did you move from Montavilla?",
                "JK: Were there... what was the population like at Washington? Were there Japanese there?",
                "JK: And what kind of activities did you continue to pursue or start up there?",
                "JK: How did your family decide to move to Montavilla and then to the Washington High School area?",
                "JK: And so this is how your family helped to keep you involved with the Japanese community?",
                "JK: And did you do other things besides, did you go to Japanese school?",
                "JK: So what was the curriculum mostly focused on? To have the ability to do conversational Japanese or to read and write?",
                "JK: Did you have a part in the recital, too?",
                "JK: Did you live in houses when you were growing up?",
                "JK: Uh-huh. What do you remember about them?"
            ]
        },
        "segment 4": {
            "Segment Desc": "Picnics and holidays",
            "Segment Questions": [
                "JK: Did you have any other responsibilities, too, when you were growing up, besides keeping the fires going?",
                "AO: No, not much. There wasn't much to do. I remember my father saying that... he had a car, of course, and he used to drive us around. And when I became fifteen, close to sixteen, he said, \"Well, pretty soon you're going to be driving, but you have to know a lot more about cars than putting in gas and water.\" So I said, \"Like what?\" And silence. [Laughs] He didn't say anything else after that. I got to learn how to drive after I turned sixteen.",
                "JK: Did he teach you?",
                " JK: Before you could learn from Dad, okay. Thinking of your family life, what was mealtime like? Did your dad come home for dinner?",
                "JK: Were there any special meals you remember that your mom used to cook?",
                "JK: But any favorite dish that your mom made that you enjoyed eating?",
                "JK: Okay. Did your family do activities together for outings or for fun?",
                "JK: Okay, well, think about the picnic. What do you remember about the picnics that you attended?",
                "JK: And what kind of food did they have at the picnics?",
                "JK: And how about Nichiren? What kind of activities do you remember at church taking place?",
                "JK: Did they have any special holidays that they celebrated?",
                "JK: Did they try to include American holidays in your celebrations?",
                "AO: I don't know. I can't remember. Oh, in our family, you mean?",
                "JK: Okay. Your school. Probably Montavilla would be your grade school, right?"
            ]
        },
        "segment 5": {
            "Segment Desc": "Attending school",
            "Segment Questions": [
                "JK: What do you remember about grade school days?",
                "JK: And what do you remember about your classroom or your classmates? Were they mostly hakujin?",
                "JK: How did the kids, the other kids in the classroom treat you?",
                "JK: Were they interested in your culture and heritage? Did they want to learn more about what Japanese was?",
                "JK: So you had no opportunity to share. Would they come home to your house and do things with you?",
                "JK: Okay, how about when you moved to Ankeny area and went to Washington High School? Do you have any interesting memories of your high school days?",
                "JK: Were your parents worried or did they know that you were doing this?",
                "JK: And so your mom?",
                "JK: How about your tennis team, your table tennis team? Were they concerned or did they help you?"
            ]
        },
        "segment 6": {
            "Segment Desc": "Participating in Japanese community activities",
            "Segment Questions": [
                "JK: What are your memories of Japanese community events when you were growing up? You talked a little bit about the picnic, but are there other community events that your family or you participated in?",
                "JK: Did your parents have expectations about keeping Japanese culture alive in you and Minnie, or did they talk about how you have to be Japanese and how you have to American?",
                "JK: When you went to Japan, do you have any memories of that? You were like six years old, you said. Can you remember anything? Did it impress you?",
                "JK: So they spent a while there with family, and you were able to meet family, but you were very little then?",
                "JK: How did you travel? Was it by ship?",
                "JK: What do you remember about that trip? Was it long?"
            ]
        },
        "segment 7": {
            "Segment Desc": "Description of father's newspaper business",
            "Segment Questions": [
                "JK: Your father's business, we talked about that, and we talked about that you did have some responsibility delivering the paper. Is there, did your father own this himself?",
                "JK: So then your dad bought the business from him?",
                "JK: Because it distributed not only to Portland, but where else was it being distributed?",
                "JK: And your dad covered local news, national news, and international news?",
                "JK: Where was he getting his international news from?"
            ]
        },
        "segment 8": {
            "Segment Desc": "Father's arrest by the FBI following the bombing of Pearl Harbor",
            "Segment Questions": [
                "JK: When Pearl Harbor happened, where were you? How did you first find out about Pearl Harbor being bombed?",
                "JK: And what did you do?",
                "JK: What were your feelings at the time you saw the FBI searching?",
                "JK: And what happened when they took him? Did you know where he went?",
                "JK: What did you two talk about?",
                "JK: What was your mom's reaction? How was she reacting to all this happening to your dad?",
                "JK: How about your sister Minnie?",
                "JK: How were your neighbors or your schoolmates responding about Pearl Harbor or what was happening to your dad?",
                "JK: Did you find out from other kids that their fathers were also taken?",
                "JK: Were you supportive of each other or kept each other updated?",
                "JK: When you did receive notice that you needed to pack and report to the assembly center, what did your family have to do to get ready besides packing away your father's printing presses? How did your mom and you and your sister handle your home, your personal effects?",
                "JK: And what did you pack special in your bag?",
                "JK: And how did you get your father's things to him? I mean, how did he get ready to go to his relocation?"
            ]
        },
        "segment 9": {
            "Segment Desc": "First impressions of the Portland Assembly Center, Oregon",
            "Segment Questions": [
                "JK: When you went to the assembly center, what was your first impression when you entered?",
                "JK: And what about your living quarters? What were they like?",
                "JK: And what was your daily routine like for you? You were fifteen?",
                "JK: Did they pay you?",
                "JK: What about your mom? What was she doing?",
                "JK: Did you go to school at the assembly center too?",
                "JK: Did they have activities for you to do?",
                "JK: And was this the championship just for the assembly center?",
                "JK: Did they have basketball there for you, too?"
            ]
        },
        "segment 10": {
            "Segment Desc": "Daily life in Minidoka",
            "Segment Questions": [
                "JK: Did they tell you when you would be relocated again, or was it still unknown what was happening?",
                "JK: And how did you get to Minidoka?",
                "JK: Did they tell you anything about what to expect at Minidoka before you arrived?",
                "JK: Okay, and when you got to Minidoka, what did you see there?",
                "JK: What was your day like in camp, a typical day for you? What would it be like?",
                "JK: Was it similar to school that you were going to in Portland, or was it different?",
                "JK: After school, what did you do, after your classes ended?",
                "AO: Oh, in summertime, you mean?",
                "JK: What was your mom doing?",
                "JK: And when she wasn't waitressing, how else did she use her time?",
                "JK: Did she participate in crafts?",
                "JK: How about your sister Minnie, what was going on with her?",
                "JK: How did your family keep in contact with your dad? Were you able to? Because he was somewhere else.",
                "JK: Did he say anything about his camp life or what it was like for him?",
                "JK: And how long was your dad away from you? All through your internment at Minidoka, or did he get to join you at Minidoka?",
                "JK: So he did come to Minidoka?"
            ]
        },
        "segment 11": {
            "Segment Desc": "Returning to Oregon; father tries to restart newspaper business",
            "Segment Questions": [
                "JK: And then when you returned home, you came back home. You didn't have a home to come to because your rental home wasn't available to you anymore. Where did the family go then?",
                "JK: And how did your dad restart his business, his newspaper?",
                "JK: So his newspaper, from a staff of twenty to thirty people became a staff of two?",
                "JK: And what were you doing? You didn't live in Vanport, you moved on?",
                "AO: No, before I came back from evacuation, from Minidoka in ('43) I went to Chicago in November of ('43), stayed there for a couple months, and then went to college, Southwestern College in Winfield, Kansas, in January of ('44). I went there because it was a Methodist school, and I got exposed to the Methodist church here in camp, in Minidoka. And so I got a Methodist scholarship to go to this Methodist school in Winfield, Kansas, and became baptized as a Methodist there. I turned eighteen in April of '42... no, that would have been '44, I'm sorry. I spent a year in Minidoka going to school, so I turned, in April of '44 I turned eighteen, and I got my draft notice to go in the army. And the war wasn't over yet in '44, so I left Southwestern College at the end of the semester, in May, and went to Salt Lake City to be inducted into the army at Fort Douglas in Salt Lake City. And so then I had my physical exam there, and I flunked it. I was a 4-F, which is not fit for military duty. And I didn't like that designation, so I said, \"Is there anything else you can put me in?\" and they said, \"Well, we can put you in 1-A limited, and as long as the war is going on, you won't be taken because we don't want limited, physically limited people fighting overseas.\" So I said, \"Okay, put me in 1-A limited,\" and they did. So they didn't take me in the army, and so I decided to do something else. And so I went to work on the railroad, the SP&S Railroad, which is between Spokane, Portland, and Seattle, was hiring Japanese people to work on the railroad. But we couldn't work in the Portland to Seattle area because that was still an area where Japanese could not be present. So I worked from Spokane to Pasco.",
                "AO: Well, I can say that I went to work for the railroad for a year, and then the war ended, World War II ended in August of 1945. I was still working on the railroad at that time, but because the war ended in August, I felt that, well, I might as well leave the railroad and come back to the West Coast, which was now open, and attend school. So in September of '45, the next month after the war ended, I came back to the Portland area and got a scholarship to attend Pacific University in Forest Grove. So I spent the following year there in Forest Grove. At that time, my wife -- I wasn't married then, of course -- Mas was attending Linfield at McMinnville, so we were able to see one another every so often. The summer of '46, after the school year, from '45 to '46 was over, I didn't know what I was going to do in the summer of '46. And Yosh Inahara, Dr. Toke Inahara's brother, was also attending Pacific University. So he said, \"Why don't you come out to our (farm) in Ontario? You can work on the farm during the summer.\" And I said, \"Okay, I'll go with you.\" So we both went to Ontario, and I was working on the farm there."
            ]
        },
        "segment 12": {
            "Segment Desc": "Serving in the military",
            "Segment Questions": [
                "AO: And then when I left the Forest Grove area and went to Ontario, the draft quota in Ontario was very short. And so their draft board said, \"Well, you're in Ontario, you're being drafted now.\" So they drafted me and told me to go to Fort Douglas in Salt Lake City. I figured, well, another 1-A limited, so I'll just go there, take another physical, and come back to the farm. So I went there, and they gave me another physical, and they said, \"You pass. You're 1-A.\" I said, \"Well, I was 1-A limited before. How could I be 1-A now?\" And they said, \"Well, your feet aren't as flat as we thought they were, and your eyes are correctable to 20/20, so you're 1-A.\" So they took me in the army. And that was in June or July of '46, so they sent me to Aniston, Alabama, Fort McClellan, for my basic training. So I spent the summer there, June, July, August, September, doing basic training work, doing regular marching and rifle toting and stuff to become an infantryman. At the end of the basic training, everybody was going to get their assignments to go someplace, and the caption of our group says, \"Are you interested in going to Officers Candidate School?\" They said, \"You have a year of college, and you sound intelligent, so you're eligible.\" I said, \"Oh, okay,\" I thought, sure. I figured that was better than being a rifleman or a foot soldier. So I went to take an exam, and I passed the mental exam, but I flunked the physical exam. And I said, \"What's the matter with my physical exam?\" And they said, \"You've got flat feet and you've got poor eyes.\" So those same two things that kept me out of the army before, but let me go back in, now kept me from becoming an officer. And so they assigned me to go to Korea.",
                "And so that was September, October of '46. And so I got to Camp Stoneman in California, and got on a ship to go to Korea. Interestingly enough, the ship that we were going to sail over on was a victory ship, and the victory ship had been made in Vancouver, Washington, because that was the kind of ship that the Vancouver shipyards were making for the navy. And so I got on this victory ship, and we set sail for Korea, which was where our entire group was going to go. It took us twenty-six days to get to Korea, which sounds like an awful, awful long time, and it was. And the reason it was was because the ship had to go southward, because there was a typhoon in the Japan and Korea area, and so the victory ship could not sail into the typhoon area. So we had to spend a few days extra going farther south and waiting until the typhoon had passed by the Korea/Japan area. Then we landed in Inchon, which was the famous port where MacArthur landed for his invasion of Korea later on. But anyway, we landed in Inchon and we were all sent to the replacement depot for infantrymen. In other words, we'd be assigned to the infantry battalion somewhere on the island of, in the country of Korea. When I was at that replacement depot, before I got my assignment, one of the sergeants came up to our group and says, \"Anybody here know how to type?\" I said, \"I know how to type.\" So they said, \"Okay, you're assigned to be a clerk typist. Your MOS is now clerk typist instead of an infantryman.\" I said, \"Oh, that's great.\" ",
                "So they sent me to headquarters company at a place called ASCOM city, which was very close to Seoul, Korea. And so I spent my months in the army doing clerk typist work for the ASCOM city, the city where the Korean, the U.S. troops were centered in Korea. While I was there, I was at the barber shop once, and some of the Koreans saw that I was an Asian and said, \"Do you speak Japanese?\" And I said, \"Yes.\" And all the Koreans knew Japanese because they had been under Japanese rule for thirty-something years. And so they said, \"Well, we want you to speak to our PX manager because we want a raise. We've been cutting hair for a long time and we haven't had a raise.\" An so they asked me if I would be interpreter for them and get them a raise. I said, \"Sure, I'll be happy to.\" So I met with the captain of the PX and I gave him the story, and the captain said, \"Sure, we'll give them a raise. They haven't had a raise for a long time.\" So I went back to the barber shop and told them, and they were all just very, very happy. And they gave me free haircuts for all the rest of the time that I was in Korea because of that. [Laughs]"
            ]
        },
        "segment 13": {
            "Segment Desc": "Returning to Oregon and deciding to become a doctor",
            "Segment Questions": [
                "JK: And then when you came back to Portland, did you continue your schooling?",
                "AO: Yes. So I came back, and it was the summer of '47, and I didn't know what I was going to do, but I wanted to go back to school. My sister Minnie was working as a nurse at a surgical hospital, Matson Memorial Hospital in Portland, and she was a surgical nurse. And she says, \"Why don't you come to the hospital and see what the doctors do? Maybe you can be a doctor, because it's a very interesting profession.\" I said, \"Sure, okay.\" So I went with her to the hospital. They let me change to the green uniform, cap and mask, and I sat next to an anesthesiologist there, he was very kindly and showed me what he was doing. The surgeon was very kindly and told me he was putting in a replacement valve in a patient's heart. And it all was just fascinating to me because I'd never been exposed to anything like that before, so I decided right then that I wanted to go to medical school. So I went, had to take general chemistry, and I hadn't taken chemistry, which is, of course, one of the first-year courses for medicine. And so I took that at Vanport University, or Vanport College, which became Portland State University. So I spent the summer at Vanport College taking a general chemistry course. And I transferred to University of Oregon in Eugene. And I had a hard time because all the veterans had come back from the war, and there was no housing, no more housing available at the campus, so you had to find your own housing, approved housing, or not go to school. So I asked what's approved housing, they said, \"Well, you can work as a houseboy at some family, and that's approved, and you can then go to school.\" So I became a houseboy at a doctor's family there in Eugene. And so I was a babysitter and vacuum cleaner work, and weeder at this doctor's house for a year while I went to school in pre-med there.",
                "JK: Did the doctor know that you were interested in becoming a doctor?"
            ]
        },
        "segment 14": {
            "Segment Desc": "Losing mother in a flood",
            "Segment Questions": [
                "JK: While you were going, in between the University of Oregon, did you stay at Vanport at any time at the family home?",
                "JK: It must have been very hard for your father, because in his newspaper, he had written, they had written a story asking for help or any information. Were they ever able to find your mom?",
                "JK: So they were able to find it?"
            ]
        },
        "segment 15": {
            "Segment Desc": "Finishing school and getting married",
            "Segment Questions": [
                "JK: And then you went to medical school. How did the path go there?",
                "JK: And is there anything you did differently with them than you did with your, than your dad did with you?"
            ]
        },
        "segment 16": {
            "Segment Desc": "Reflections",
            "Segment Questions": [
                "JK: So you've been doing community service and supporting the cultural kinds of things, and things that promote better understanding of Japanese, the Japanese American community and the medical field. You had, in our pre-interview, you had a really good story about the support of a hakujin friend that grew up with you, and when you were at the assembly center, he did something special for you?",
                "JK: Is there any lesson or experience that you want to pass on to your grandchildren or your great grandchildren about the war experience that you went through?",
                "JK: Is there anything else, a question that I didn't ask you that you wanted to add to this interview?",
                "JK: Everything covered?"
            ]
        }
    }
}