{
    "Narrator_Name": "Alice Matsumoto Ando",
    "Bio": "Nisei female. Born January 2, 1933, in Portland, Oregon. Grew up in Portland, where parents ran a hotel. During World War II, removed to the Portland Assembly Center, Oregon, and the Minidoka concentration camp, Idaho. After leaving camp, returned to Portland.",
    "Title": "Alice Matsumoto Ando Interview",
    "Interviewer": "Betty Jean Harry",
    "Location": "Portland, Oregon",
    "Date": "June 13, 2014",
    "Densho ID": "denshovh-aalice-01",
    "transcript": {
        "segment 1": {
            "Segment Desc": "Family background",
            "Segment Questions": [
                "BH: We'll start with some personal details. Alice, when and where were you born?",
                "BH: And where were your parents living when you were born?",
                "BH: And what was the name you were given at birth?",
                "BH: Is there any significance to your name?",
                "BH: Okay, now, let's talk about your parents. Your father was born May 10, 1881. What name was he given, or what was his name?",
                "BH: And where in Japan was he from?",
                "BH: And did he have any brothers or sisters?",
                "BH: He was the oldest. Why did he come to the United States?",
                "BH: And he came over quite young then, didn't he?",
                "BH: Okay. And your mom, she was from Wakayama also, correct?",
                "BH: She was born August 20, 1905. What was her name?",
                "BH: And where did they go?",
                "BH: And your mom had a brother, didn't she?",
                "BH: And then after your grandparents were up in Washington, did they have more children?",
                "BH: Right, same as you. Okay. So on Bainbridge Island, what did they grow?",
                "BH: Uh-huh. Do you remember visiting your grandparents?",
                "BH: What was it like?",
                "BH: And didn't you have an aunt who also lived up there with them?",
                "BH: So how did your parents meet?"
            ]
        },
        "segment 2": {
            "Segment Desc": "Parents' hotel business",
            "Segment Questions": [
                "BH: Now, what did your dad do when you were born?",
                "BH: Was that in Canada as well?",
                "BH: Right. So you had how many rooms in the hotel?",
                "BH: So what was it like to grow up there, downtown? But you didn't have a yard to play in.",
                "BH: Did you ever go down to the waterfront, to the Willamette River?",
                "BH: So what kind of a person was your dad? How would you describe his personality?",
                "BH: Your dad did that rather than your mom?",
                "BH: How much of an age difference was there between your mom and your dad?",
                "BH: And your mom, what kind of a person was she?",
                "BH: What was the makeup of the tenants who stayed in the hotel?",
                "BH: And were these Japanese?",
                "BH: And what kind of a relationship did your mom and dad have?",
                "BH: Yeah. Did he speak some English?",
                "BH: That's impressive for an Issei. And you have one sister?",
                "BH: And her name?"
            ]
        },
        "segment 3": {
            "Segment Desc": "Attending elementary school",
            "Segment Questions": [
                "BH: And when you were growing up, you mentioned that your dad did the cooking. Did he cook Japanese food or American food?",
                "BH: In what ways was your family connected to the Japanese community in Portland? Did you belong to a church or temple?",
                "BH: Did you celebrate Japanese holidays as well as American holidays?",
                "BH: Where did you go to elementary school?",
                "BH: What was the name of the school?",
                "BH: Now, your family was devout Buddhist, and yet your parents allowed you to attend this Catholic school?",
                "BH: And what did you think of the teachers?",
                "BH: Do you remember the names of some of the other Japanese kids who went to that school?",
                "BH: And I understand one of the nuns is still living?",
                "BH: And she's out at Maryswood now?",
                "BH: Okay. So who did you play with? Did you play with...",
                "BH: What did you do about lunch at school? Did you take your lunch?",
                "BH: I believe you mentioned that you also went to mass as well as to Buddhist church?",
                "BH: After second grade, then where did you go to school?",
                "BH: And were there Japanese families who went to Couch?",
                "BH: And if it was raining, how would you get to school?",
                "BH: And living downtown, then where did your family get groceries? Where did you do your shopping?",
                "AA: Well, my dad, I remember going shopping with them because they, on Yam hill there were a lot of shops, there were a lot of little stores with vegetables. And I don't know if there was a Fred Meyer then, but he must... oh, I know maybe down on Front Avenue, there was a... what would you call it? There was a store where people brought their produce.",
                "BH: Like a farmer's market?",
                "BH: Did you go to Japanese school?",
                "BH: That's very interesting. At the Catholic school, the nuns had the foresight to teach Japanese. So did they do that, did they bring somebody in?",
                "BH: And your parents were okay with that?",
                "BH: Which Japanese school did you go to?",
                "BH: What'd you think about going to Japanese school?",
                "BH: So was it Monday through Friday?",
                "BH: When you were growing up in the hotel, you were pretty young. Did you have any responsibilities at the hotel, or were you just being a kid?",
                "BH: What kinds of things did you look forward to as a kid? Did you take any family vacations or anything like that?",
                "BH: Going to visit relatives in the summertime?"
            ]
        },
        "segment 4": {
            "Segment Desc": "A child's memories of the assembly center",
            "Segment Questions": [
                "BH: So you were pretty young when Pearl Harbor was bombed. Do you remember anything about that?",
                "BH: Yeah, in case something happened. Now, your dad was prominent in the Oregon Buddhist Church at the time. The FBI came through Portland and met with some prominent people. Do you recall them?",
                "BH: Did your family talk about the war?",
                "BH: Your family being in Portland ended up going to the Portland Assembly Center in North Portland, the old Pacific International Livestock Exposition. What do you remember, what did you see when you got there?",
                "BH: Was oatmeal something that you would ever have at home?",
                "BH: Now, at the assembly center, you were then surrounded by all these different Japanese families. What was that like for you?",
                "AA: Well, I remember... what would you call these? Cubicles that we stayed in. And, you know, my friends were there, so I didn't really, I mean, I wasn't afraid or anything. It was just unusual to be packed in there with all the other Japanese people.",
                "BH: Were you able to continue grade school?",
                "BH: Did you have books?",
                "BH: So not at first. And where did you and your friends play, what did you do?",
                "BH: Now, who were some of your neighbors at the assembly center?",
                "BH: How did you get new clothes and things?",
                "BH: How did your parents pass the time at the assembly center?"
            ]
        },
        "segment 5": {
            "Segment Desc": "First impressions of Minidoka",
            "Segment Questions": [
                "BH: And then transferred to the Minidoka camp in Idaho. How did you get there?",
                "BH: Did you know where you were going?",
                "BH: When you got to Minidoka, what was your first impression?",
                "BH: When you first got there, were the, was the plumbing working?",
                "BH: And so were paper products provided?",
                "BH: You were at first using pages from a Montgomery-Ward's catalogue for toilet paper. And were you able to attend school there?",
                "BH: And was it more similar to school at Couch as opposed to the school at the assembly center?",
                "BH: Now, your mom held a job at Minidoka. What was her job? ",
                "BH: And yeah, it's now traveling as part of a Smithsonian exhibit. What else did he build?",
                "BH: I've seen those. They're very colorful, yes. And I understand he made some sort of a partition or a screen?",
                "BH: Kept the dust out a little bit and gave you a little bit more privacy?"
            ]
        },
        "segment 6": {
            "Segment Desc": "Recreational activities in camp",
            "Segment Questions": [
                "BH: How about you and your sister and your friends? How did you guys pass the time in camp?",
                "BH: And I understand sometimes on weekends there were movies in camp?",
                "BH: And did you have popcorn?",
                "BH: So classical Japanese dance lessons?",
                "BH: Yes. And did you take any kimonos with you?",
                "BH: Were you ever in any of the plays?",
                "BH: And so you and the other children who were learning the dancing and the music, then you'd go to the other blocks and perform? Wow.",
                "BH: What were the meals like in camp?",
                "BH: You were fortunate in that aspect. Did you ever think about why you and all those other Japanese Americans were in camp?",
                "AA: Well, I was kind of awfully young to really wonder about this, but the older people would say things like it was to protect us. If we were on the outside, we might have, there might have been a lot of harm. So I really don't know if that's true. I think, in a way, too, now, that Roosevelt, who was the one that actually put us there by signing... what was it?",
                "BH: Did your parents ever talk about the war?",
                "BH: Why do you think that was?"
            ]
        },
        "segment 7": {
            "Segment Desc": "Returning home and opening a new hotel",
            "Segment Questions": [
                "BH: So eventually the war came to an end. What was the general mood in camp when people learned that the war was over?",
                "BH: So you weren't able to go back to the Kamm (Apartment)?",
                "BH: So what happened to all of your belongings? I know your dad had some beautiful antiques.",
                "BH: Yeah, you had to start all over again, your family went to a different hotel. Where was that one located?",
                "BH: Compare the Kamm Hotel to the new hotel. What was it called?",
                "BH: And were there other Japanese families who lived in the area?",
                "BH: So this was a little ways away from Couch school. Where did you end up going to school?",
                "BH: And what was the reaction all of a sudden when all these Japanese families came back and were attending school?",
                "AA: Oh, integrated? Well, someone told me afterwards, I couldn't... I never understood that the children were very good to us. I mean, they never asked questions, and they just accepted us. And someone said that they were told that Japanese children would be moving back and attending school again. And so I don't know if that was why, but Alice Kida and I, Alice and Jean Kida, we all went to Shattuck school, my sister too. And we didn't have any, any problem. They didn't torture, I mean, you know, didn't say anything.",
                "BH: No issues of prejudice or discrimination among the kids or the teachers?",
                "BH: When you returned from camp, did you return to the Buddhist, Oregon Buddhist Church?",
                "BH: Now, when you were in, those years you were at Minidoka, were there any church activities there?",
                "BH: And after returning to Portland after the war, did you go back to Japanese school?"
            ]
        },
        "segment 8": {
            "Segment Desc": "Meeting future husband and getting married",
            "Segment Questions": [
                "BH: And then after Lincoln High School, what happened?",
                "BH: So in the meantime you met your husband Alfred. How did you meet?",
                "BH: And that was Phyllis?",
                "BH: You used to write to servicemen?",
                "BH: And what did your parents think of Alfred?",
                "BH: And after he returned from the service, that's when you started dating more?",
                "BH: Okay. And when and where were you married?",
                "BH: I understand that some members of the Buddhist temple chose not to get married at the temple. Why was that?",
                "BH: And by then you were working for Mitsui?",
                "BH: And what division were you working in? What were your responsibilities?",
                "BH: And by then, had you started your family?",
                "BH: And at one point weren't you also in their lumber department?"
            ]
        },
        "segment 9": {
            "Segment Desc": "Participating in Japanese American community activities",
            "Segment Questions": [
                "BH: And when you and Albert first got married, what kind of work did he do?",
                "BH: He was delivering coffee then, and then worked in catering?",
                "BH: Why do you think it is that Isseis and Niseis have been reluctant to talk about their experiences?",
                "BH: What were some of your responsibilities as the president?",
                "BH: And you also volunteer every Thursday?",
                "BH: How did you get involved with Ikoi no Kai?",
                "BH: More than a few. [Laughs] What other activities are you involved in?"
            ]
        },
        "segment 10": {
            "Segment Desc": "Reflections",
            "Segment Questions": [
                "BH: Looking back, how did you balance being of Japanese descent while growing up in America?",
                "BH: How do you think their wartime experiences affected your parents?",
                "BH: Were your parents still around when redress happened?",
                "BH: What did you think of the whole redress movement?",
                "BH: What can we learn about, from what happened to Japanese Americans during World War II?",
                "BH: What hopes do you have for your grandchildren and your great-grandchild Lucas?",
                "BH: There's one other thing I want to bring up. You told me once that you and Alfred were going to try and rent in a four-plex or something, or an apartment?",
                "BH: Looking back, you've had a rich and experience-filled life. What do you think is important in life?",
                "BH: Are there any questions that I didn't ask, anything else that you'd like to add?"
            ]
        }
    }
}