{
    "Narrator_Name": "Alice Nishitani",
    "Bio": "Nisei female. Born July 2, 1918, in Emmett, Idaho. Grew up in Idaho before family moved to Eastern Oregon while Alice was still in high school. Married a Nisei man who served in the Military Intelligence Service, and lived in Ontario, Oregon, after World War II.",
    "Title": "Alice Nishitani Interview",
    "Interviewer": "Tim Rooney",
    "Location": "Nyssa, Oregon",
    "Date": "December 6, 2004",
    "Densho ID": "denshovh-nalice-01",
    "transcript": {
        "segment 1": {
            "Segment Desc": "Father's family background",
            "Segment Questions": [
                "TR: That's right. So always strive for something more difficult, right?",
                "TR: So we'll make it easy to start with. Tell me where and when you were born?",
                "TR: And where is Emmett, Idaho?",
                "TR: Oh, from here, just over the hill from Nyssa?",
                "TR: Okay. And what do you remember about your father?",
                "AN: What do I remember about him?",
                "TR: Uh-huh. What kind of a man was your father?",
                "TR: Did that change come about early or did he convert to Christianity while he was here or what were the circumstances and all?",
                "TR: Do you know what part of Japan he came from?",
                "TR: And did he ever talk about what life was like for him in Japan before he came to the United States?",
                "TR: Did he ever say why he came to the United States?",
                "TR: Did he ever mention how he came up with that job, how he started working on the railroad?",
                "TR: And how much did he make on the railroad?"
            ]
        },
        "segment 2": {
            "Segment Desc": "Parents' early life in the United States",
            "Segment Questions": [
                "TR: And what do you remember about your mother?",
                "TR: Were they married when they came over or did they meet here?",
                "AN: Neither one. They went to, my father went to Emmett, was forty degrees below zero in Missoula, so he decided it was time to move on. So he went to Emmett, and there Henry Fuji and Mr. Takeuchi and my father, H.K. Hashitani, they set up housekeeping in a little shack. And they, let's see, they rented eighty acres and bought a buggy, a horse and buggy, and wagons and farm equipment and set up farming together. And then I know my father then went up into the hills into the gold mining country that it was Idaho City and Placerville and Pearl and all of these little towns way, way, way up in the hills, just a really, it was, I think it was probably a lot of them were silver mine, mining towns. And he would take the wagon with vegetables and fruit, whatever, and go sell up there. And so if the roads were, I mean, the roads. It was the weather. If the weather was bad, well, he'd set up his camp fire, and then he'd put the fire out, cover it with dirt and put his blankets on top of that, and then he'd sleep on there. And if it's snowing or raining, then he'd take his wagon, get the horse to pull the wagon over that little warm, it's a little, what is it? What would you call it? A little hot, instead of a hot water bottle, it kept him warm.",
                "TR: Hot coals?",
                "TR: The hot coals from the fire?",
                "TR: Was he mining for silver or prospecting for silver in the mountains?",
                "AN: Yeah, a lantern. And so, yeah, that was quite a, Freezeout Hill was quite famous for being switchbacks and all like that. That reminds me, they bought, business must have been pretty good because they bought a Model T Ford. And so the Model T Fords, they had more power when you backed up. Did you know that? You ever heard that? But that's what they did. You back up a hill because you get more power somehow. It works that way.",
                "TR: So these four men had a farm, and they were raising crops, and then your father would sell them to people who were either living in the mountains or prospecting in the mountains?",
                "TR: -- with a horse and wagon?",
                "TR: Okay. And they bought their equipment?",
                "TR: And then how did he meet your mother?",
                "TR: So he sent her to school so she would have a skill?",
                "TR: Do you know how long she was in Seattle before they then came out to this area?",
                "TR: Do you know how old he was when he went back to Japan to marry her?",
                "TR: So you're a year old when you're born?",
                "TR: Do you know if he planned on staying in the United States or like a lot of Japanese men, planned on coming over here, making some money, and then going back to Japan and buying land, so there were kind of two points of view?",
                "TR: So the workers wore miner's caps so they could work on the seeds at night?"
            ]
        },
        "segment 3": {
            "Segment Desc": "Mother's family background",
            "Segment Questions": [
                "TR: Did your mother ever talk about what her life was like in Japan before she came over?",
                "TR: In Japan?",
                "TR: So it sounds like, if they had a maid, it sounds like her family was reasonably well off?",
                "TR: Did she ever say what business her family was in?",
                "TR: And was she from the same part of the country that your father was from?",
                "TR: So when, when your parents got married, did they then live on the farm that the four men had rented?",
                "TR: Who got what?",
                "TR: -- farmhouse?",
                "TR: And were you one of those children?",
                "TR: So how many brothers and sisters do you have and where are you in the pecking order?",
                "TR: So there were four of you?",
                "TR: Was it tobacco?",
                "TR: Tell me your three brothers' names?",
                "TR: Did they have Japanese names?",
                "TR: Do you remember what they were?",
                "TR: Did your parents call them by their English names or by their Japanese names?"
            ]
        },
        "segment 4": {
            "Segment Desc": "Helping out on family farm",
            "Segment Questions": [
                "TR: And what was life like for you on the farm?",
                "TR: Did the donkey have a name?",
                "TR: And did your father ever mention why he would buy a donkey and not a horse? I think donkeys are pretty hard to domesticate and pretty hard to control, aren't they?",
                "TR: Maybe so. Did you help in the fields?",
                "TR: But the boys must have worked in the fields?",
                "TR: Who milked the cows?",
                "TR: Did your mother ever help milk the cows?",
                "TR: How long was the average workday especially in the summertime?",
                "TR: And this would be coming in from the fields and then taking a nap on the floor, right?",
                "TR: So what was lunch?",
                "AN: What was lunch? Generally, it was rice, rice and whatever that goes with it with chopsticks. And then at night, generally, it was potatoes and meat and vegetables, typical American meal.",
                "TR: So it sounds like Japanese lunch and American dinner?",
                "TR: So how old are you at the time we're talking about right now?"
            ]
        },
        "segment 5": {
            "Segment Desc": "Attending elementary school",
            "Segment Questions": [
                "TR: So what grade school did you go to?",
                "TR: What was it like in grade school for you?",
                "TR: How many students were in this school?",
                "AN: How many students? Oh, dear, must have been about, well, there was the little room, and then there was the big room and the, in the little room was the first four grades, and they had one teacher for the first four grades and then the four grades. So the eighth grade was the big room, there's a teacher for that room, too. Oh, I don't know, must have been about twenty, maybe that many, something like that.",
                "TR: Were there any other Japanese American kids there?",
                "TR: You were the only ones?",
                "TR: And was there anything like what we would consider discrimination these days in your school?",
                "TR: Were there any other Japanese American families around where you lived? Did you have contact with any other Japanese American families?",
                "AN: Well, four miles from where we lived, the Fujis lived there. The Fujis, the ones that my parents, my father was partners with Mr. Fuji in Emmett, so they were, yes. Oh, yeah, I can remember we never, oh, there were people in Nampa which is nine miles from where we lived, and one year, our parents decided we needed to learn some Japanese. My father spoke English to us, and my mother spoke a combination of English and Japanese, and so they all decided we needed to learn some Japanese. So we learned Hirohani, what's the easiest one?",
                "AN: Hiragana. No, there's an easier, katakana, the one that's easier. I remember that a little bit vaguely. But we had, there were four of us, and then Mr. Takeuchi who was partners with my dad when they were young when they were just kids in that farm, and he sent two of his children, Lillian, Paul over to our house. And there were, then the six kids and then the sensei came and stayed at our house. And he took our old car, must been a Model T Ford, must have been, I don't know, and he drove us, six of us to start with, and then we went over four miles to pick up the Fujis. There were several of them. And then we picked up some more along the way. Somehow, we got in and went to the Nazarene College where they had the Japanese lessons. And I can remember while we were chugging along and, oh, where's Paul? We missed him. Oh, we look way back there. He was crying. I can still remember he took his cap off, dusting his cap off and crying and running, trying to catch up with us. We picked him up, took him to school with us.",
                "TR: So how often did you have Japanese school?",
                "TR: So did it stay with you?"
            ]
        },
        "segment 6": {
            "Segment Desc": "Visiting Nampa, Idaho",
            "Segment Questions": [
                "TR: Did your brothers go to Japanese school too?",
                "TR: He drove?",
                "TR: Did he make it?",
                "TR: How long did it take?",
                "TR: How far were you from the nearest town?",
                "TR: And so how often would you go in and do shopping?",
                "TR: If you had animals on the farm, did you slaughter animals for meat too?",
                "TR: Did the milk truck come to your farm to pick up milk or cream?",
                "TR: Do you remember anything about that?",
                "TR: What were your responsibilities on the farm at this time?"
            ]
        },
        "segment 7": {
            "Segment Desc": "Moving to Oregon to finish high school",
            "Segment Questions": [
                "TR: Where did you go to high school?",
                "TR: And how far away was that from the farm?",
                "TR: And how did you get there?",
                "TR: And what were things, what was it like for you in high school?",
                "TR: You said you went to high school both in Nampa and Nyssa?",
                "TR: Did you move in between there or just change schools?"
            ]
        },
        "segment 8": {
            "Segment Desc": "Continuing farming in Oregon",
            "Segment Questions": [
                "TR: So your father sold the farm in Nampa and bought another farm in Nyssa?",
                "TR: All at the same time?",
                "TR: How did he work all of that land all at one time?",
                "TR: And it sounds like by this time, the boys had already gone to college and were not on the farm; is that right?",
                "TR: I'm trying to imagine how you would work so many plots of land in so many places at the same time. How could he manage that?",
                "TR: And was he raising the same kind of crops in each place or was each plot different?",
                "TR: Do you remember if he had to rotate crops?",
                "TR: -- did he sell everything and start over here?",
                "TR: Well, what was Nyssa High School like?",
                "TR: Were there other Japanese American kids there?",
                "TR: What about dating in high school?"
            ]
        },
        "segment 9": {
            "Segment Desc": "Establishment of the Japanese community hall",
            "Segment Questions": [
                "TR: So you would have been fourteen, right?",
                "AN: Was I? Thought I was older than that, maybe not.",
                "TR: Before that, have you had any kind kind of contact with Japanese, other Japanese American boys around the area?",
                "TR: What chapter of JACL?",
                "TR: It sounds like the cultural center where, what was the name of the building that was built in Ontario?",
                "TR: The Hall? Did it have an official name?",
                "TR: Okay. Sounds like everyone called it \"The Hall\"?",
                "TR: It sounds like, to me, that that may have been kind of the beginnings of a Japanese American community, a place where people to meet that may not have had a place to meet before; is that right? ",
                "AN: Uh-huh. Well, yes. And then during the war, you could not meet. Japanese couldn't meet like we did before. But then gradually, they got so they met and then, but they didn't have a place, so we had a great big lawn out on that ranch, and so we'd have dances there. And on the lawn, and then Sonny Tsukami, who had the sound system, he supplied, always supplied the music, Benny Goodman and all those dance records. And then I remember Miss Peet mentioned having a picnic out on our lawn too. Well, they, let's see what was it? That was after, this was after the people came from the camps, and they came to work out on the ranches and so on. So then, that's when they, I remember Miss Peet had written a letter. I still have the letter that she wrote to me. And Miss Peet was the, she was a missionary to Japan, and then she came out and lived with the people who came from Minidoka and the camps. So then she had, they had services every Sunday morning. In fact, she had it over here on the, in the tent camp. There was a tent camp out here, three miles south of Nyssa.",
                "TR: This is Miss Azalea Peet?",
                "AN: Yes. Did you know her?",
                "AN: Oh, have you? Oh.",
                "TR: So it became a cultural center and a meeting center for the Japanese Americans?",
                "TR: Before that hall, had people had any kind of place where they could meet or how did they socialize?"
            ]
        },
        "segment 10": {
            "Segment Desc": "Hearing about the bombing of Pearl Harbor",
            "Segment Questions": [
                "TR: -- happened. Do you remember where you were when you first heard the news about the attack on Pearl Harbor?",
                "TR: How long after you heard about Pearl Harbor did you come back here?",
                "TR: And do you remember what the mood was here when you came back right after December 7th?",
                "TR: Do you remember exactly how they refused service to you, exactly what happened?",
                "TR: So it, we've gotten the impression from other people that we've spoken to that while there were instances of discrimination like that, that by and large Ontario was a pretty good place to be?",
                "TR: Do you remember his name?",
                "AN: I'm just trying to think of it. Elmo Smith, is that right?",
                "TR: And in what ways was he good to you?"
            ]
        },
        "segment 11": {
            "Segment Desc": "Hearing about family friends who had to go to camp",
            "Segment Questions": [
                "TR: So in April of 1942, the notification started going up in other places in the Western Defense Zone that persons of Japanese ancestry would have to assemble. Did you know people who had to go to assembly centers at that time who might have lived in other parts of Oregon or Washington?",
                "TR: Did you have any communication with them at that time?",
                "AN: Oh, I know Tom's family was from Seattle. That's my husband Tom. They were from Seattle, and they went to Minidoka, and I know Jimmy Sakamoto was a relative. He was Tom's sister's husband, and he had written for the paper, the Japanese paper in the assembly center where they met in fair, they had the fair in, what is that name of that place, where they had the fairs over in Seattle?",
                "TR: Puyallup?",
                "TR: You mentioned your husband. How did you meet your husband and when did you get married?",
                "TR: What year was that?"
            ]
        },
        "segment 12": {
            "Segment Desc": "Meeting future husband and getting married Mississippi",
            "Segment Questions": [
                "TR: And did your husband, did your husband go to camp?",
                "TR: Was he in the army before December 7th, '41?",
                "TR: He was in the army when the war broke out?",
                "TR: I want to elaborate on your husband's career too. So what date were you married?",
                "TR: Okay. Let's see if we can establish the chronology here. So he was in the army before the war broke out?",
                "TR: And had you been dating or seeing each other before the war?",
                "AN: Oh, he was, he was in, with the 442 in Hattiesburg, Mississippi, and we were engaged at that time. And so let's see, actually, he wanted me to come, and I think the idea was to say goodbye since he was going overseas with the 442. But instead of that, we got married. Yeah. And then my brother was in Washington, D.C., as an economist, and he came the very last minute, typical of the Hashitani capers. [Laughs] He decided to come, and that was, oh... oh, he came in, his bus came in just at the time I was at the church, I was in the back, and I was ready to come on, and he came in without his suit, without a shave. And he said, well, when the preacher says something, you say I will and so we changed. Let's see, who was going to give me away? Was it Major White, I think it was, either Major White or Joe Saito. I can't remember which one was going to give me away. But anyway, we had to change all of a sudden, put them away, and then my brother Ray came, and he gave me away, so that was settled.",
                "TR: How long were you in Hattiesburg before the actual wedding ceremony?",
                "TR: And how long after your wedding ceremony did he ship out?",
                "TR: So you did have a little time together before he went overseas?",
                "TR: But some time?",
                "AN: Uh-huh, yeah. Then I went on to, after he left, then I went on to New York on the way to Washington, D.C., oh, yeah. I went first to Washington, D.C. to see my brother, and he showed me around town. And I remember on the train, I talked to some man there on the train, and he introduced me to fried apple pie. Ever heard of that? It was fried apple pie. And then from there after I had visited in Washington, D.C., then I went on to New York and stayed with my singing teacher and his wife, Bud Rimley and his wife, and so I really had a good time visiting with them. I mean, I had known them well in Nampa where he was my teacher. So then he went to that New York at that university there across the river from Harlem. I can't remember.",
                "TR: Columbia?",
                "TR: -- or was it unusual?",
                "TR: So your husband went overseas with the 44nd?",
                "TR: And do you remember when that was, what month and year, approximately?"
            ]
        },
        "segment 13": {
            "Segment Desc": "Receiving correspondence from husband in the service",
            "Segment Questions": [
                "TR: So here you were recently married, and your husband soon after you were married went off to war in Europe. What went through your mind having a soldier overseas? What was it like to be a new bride with your husband overseas? ",
                "AN: Huh, well, there were a lot of uncertainties, aren't there? You just didn't know what to expect. But he wasn't there in the front lines. He was in service equipment, so that that was helpful. But he did, when they were in Rome, they went around and around and around and around. All night, the whole 442 went around and around, and every time, the roads are made that way, I guess. And so they ended up, every time, they end up right in front of Saint Peter's Dome, the church, took them all night to get out of Rome. And then they had another time that they, the group, what did they do? Oh, the general, Colonel Pence and General Ryder and a number of the, Tom was one of them and I think Mike Masaoka and oh, there were quite a number of men took off, and there was a snafu in the army where they forgot to tell the general and the colonel that they had not taken, they weren't to take off that early. They were, but they didn't know. They just took off and went and Tom was with this group, and the girls were throwing flowers at them so grateful for them, for their presence. Well, they didn't know it, but they were in enemy territory because they had taken off too early and they hadn't been told, even the general. Yeah, the boot guns, they started to shoot at them, and so they dove for the ditches, and they got one person to go and go for help, so they got out of that predicament that time.",
                "TR: And these were not necessarily soldiers who had combat experience?",
                "TR: Were you able to communicate with him when he was overseas?",
                "TR: And were the letters censored?",
                "TR: So while, you said during the wartime before he went overseas, he tried to go to see his family in Minidoka?",
                "TR: And wasn't able to get in?",
                "TR: Were you there?",
                "TR: And you said because he was a soldier, he couldn't go inside the camp?",
                "AN: In, into the camp, uh-huh, so they went out. The family went out of camp, and they met someplace in Twin Falls, strange isn't it?",
                "TR: Because it almost seems since he's serving his country, he would be more likely to be able to get into camp?"
            ]
        },
        "segment 14": {
            "Segment Desc": "Meeting Japanese Americans who had left camp to work on farms",
            "Segment Questions": [
                "TR: Can you tell me about that?",
                "AN: Well, I can imagine that they were uneasy about coming out here whether they would be discriminated against or what. And then at first, they stayed in a little tent camp as I said three miles south of Nyssa on the curve there near the railroad track, and it was just amazing. They were just little tent camps. But I know one lady was such a good housekeeper, at home, and she came out here in this tent camp, and it was so neat and pretty. I can remember the blue bedspread out there, and it was so neat and clean, and I thought, \"My goodness sakes. Here she is keeping house in a tent and doing a wonderful job. I could not never do that.\" And then Miss Peet then had Sunday school there, and where has she got it. She had a piano, an old clunker piano out there. I played it for her every Sunday and here, I wonder how she ever found a piano to take out to the tent camp? Imagine. And then afterwards, after it got a little colder to live in tents, they went out to the old, it used to be the old CCC Camp. You know what CCC Camp, Civilian Conservation Corps?",
                "TR: Were they here year round?",
                "TR: Was that just summertime farm labor or were they here year round?",
                "TR: So did the people who came to work from Minidoka, were they on some kind of temporary leave or were they what I would think of as out of camp? Were they finished with camp when they came here? Did they get permanent releases to come here?",
                "AN: Oh, I don't know how it worked when they left, but then they stayed. You know, the Japanese, they're very ambitious, and they started farming on their own. I remember they had the, they had some German, some of the Germans came out here, and they had them working out in the fields. And we had heard that they weren't getting enough to eat, so we brought some food and took it, when they came out to our place to work, well then, we took some food out there, and they wouldn't let us give it to them. Isn't that a shame?",
                "TR: Were these Germans who had been interned or were they prisoners-of-war?",
                "TR: Can you describe Miss Peet?",
                "AN: Miss Peet?",
                "TR: What was her, why was she here and under what capacity and what did she do while she was here?",
                "TR: What kind of roadster?",
                "TR: So the people who were living in the CCC Camp then were able to go out and farm on their own eventually?"
            ]
        },
        "segment 15": {
            "Segment Desc": "Hearing about the end of the war and waiting for husband to return from military service",
            "Segment Questions": [
                "TR: Do you remember VE Day and when the war in Europe was declared officially over?",
                "TR: How did you first find out he was coming home?",
                "TR: Do you remember how long it took him to get back to the States?",
                "TR: So do you remember the circumstances where you first saw him again after the long absence?",
                "TR: How long had he been gone?",
                "AN: Had he been gone? Oh, I would say several years I guess, not too long, long enough.",
                "TR: And what did you do while Tom was gone?",
                "TR: Where did you live?",
                "TR: And they still had the farm?",
                "TR: Okay. So there's no difference in the words?",
                "TR: And so do you remember, did your father ever talk about the war, the attack on Pearl Harbor, how he felt about his native country declaring war on his adopted country? Did he ever talk about --",
                "TR: Did your father say anything about the situation between the United States and Japan or how he felt about that?",
                "TR: Did any of your brothers go into the military during the war?",
                "TR: Worked on the farm?"
            ]
        },
        "segment 16": {
            "Segment Desc": "Raising a family",
            "Segment Questions": [
                "TR: What did you do?",
                "TR: And what did he raise?",
                "TR: And did you work on the farm too?",
                "TR: Well, how many children did you and Tom have?",
                "TR: And what are their names and what are they doing now?",
                "TR: So you and Tom had the farm, and did you continue on the farm through your whole lives?",
                "TR: And tell me about Tom. What kind of man was he?",
                "AN: What kind of man? Well, he's a pretty good guy. He passed away in 1990. That was the year of the cold. 1991, it was really, really cold that year. It was, I can remember, he was gone by that time, and I was, we had lived on my parents' old place. And I thought my goodness, I said, \"What's the matter with this?\" I told, David my son had come to visit at Christmastime. I said, how come this feels, this bedcovers feel kind of funny, feels odd, and no one paid any attention. Then we woke up in the morning, it was all wet. It was so cold. It was so cold at that time that the red covers had, well because of the hot, heating blanket, it had turned this frost to water and the lining was white, so it had turned red because it was so cold. It was terrible. Out in the country, you don't have that heating. And then the other bedroom, I had painted it lavender and had frost on it on the walls, and it was so pretty. Lavender frost on the, oh, it was so pretty.",
                "TR: How did Tom pass away? What happened?",
                "AN: He had cancer. He had, yeah. That seems to take a lot of people, doesn't it?"
            ]
        },
        "segment 17": {
            "Segment Desc": "Reflections",
            "Segment Questions": [
                "TR: Looking back over all the experiences of your life, what has it taught you about living in the United States?",
                "TR: And if your father were here today and listened to this whole conversation and how your life had progressed and the things you've done, what do you think he'd say?",
                "TR: Can you tell me when your mother and father passed away and what the circumstances were?",
                "AN: Well, my father had cancer, and he died on the home place. And of course, my mother has never been well. She never was really strong, so that's why she didn't do an awful lot of work out in the field because she wasn't very strong. But she had heart trouble and high blood pressure, and it ended up with kidney problems, and so she died about two months after my father. But then one thing is she didn't, they didn't have to see what my brothers, my brothers all died. My brother Ray was in an auto accident, and he was killed instantly, and then my brother Roy drowned, and then my brother George had an auto accident. A man ran into him, so then he was an invalid, almost an invalid for about fifteen years. And they didn't have to see that, so I'm glad for that. And I know, I remember my father saying one time, he says, this is when we lived in Nampa, and we were all young then. But he said, \"Do you know that just about all of our friends have lost a child, had some illness or accident?\" And he says, \"We are so fortunate because we're all, all four of us are still well and strong.\" But that didn't last.",
                "TR: Is there anything that we haven't talked about that you'd like to talk about?",
                "TR: Well, I have one final question. Looking back on your life and the things that you've learned, what advice might you have for your great grandchildren and your great-great grandchildren in the generations to come?"
            ]
        }
    }
}