{
    "Narrator_Name": "Anne Yuki Watanabe",
    "Bio": "Yonsei female. Born in 1990 in Champaign, Illinois. Father's family is from Canada and her mother is from Japan. Paternal grandparents were incarcerated in Tashme and Lillooet in Canada. After attending college on the East Coast, moved to Chicago and became active in the Japanese American community.",
    "Title": "",
    "Interviewer": "",
    "Location": "",
    "Date": "",
    "Densho ID": "",
    "transcript": {
        "segment 1": {
            "Segment Desc": "Moving frequently during childhood",
            "Segment Questions": []
        },
        "segment 2": {
            "Segment Desc": "Paternal grandparents' experiences as Japanese Canadians during World War II",
            "Segment Questions": []
        },
        "segment 3": {
            "Segment Desc": "Anne Yuki Watanabe Interview Segment 3",
            "Segment Questions": []
        },
        "segment 4": {
            "Segment Desc": "Finding out about family history in college, exploring issues such as intergenerational trauma",
            "Segment Questions": []
        },
        "segment 5": {
            "Segment Desc": "Anne Yuki Watanabe Interview Segment 5",
            "Segment Questions": []
        },
        "segment 6": {
            "Segment Desc": "Anne Yuki Watanabe Interview Segment 6",
            "Segment Questions": []
        },
        "segment 7": {
            "Segment Desc": "Anne Yuki Watanabe Interview Segment 7",
            "Segment Questions": []
        }
    }
}