{
    "Narrator_Name": "Art Abe",
    "Bio": "Nisei male. Born June 12, 1921, in Seattle, Washington. Grew up in an area of Seattle with few other Japanese Americans, and was attending the University of Washington when Japan bombed Pearl Harbor. Removed to the Puyallup Assembly Center, Washington, and the Minidoka concentration camp, Idaho. Left Minidoka several times on temporary work leave to work on farms in the area. Suffered tragic loss in camp when father got lost outside collecting wood and perished in the elements. Volunteered for the army and served in the signal corps, eventually working for the Civil Aeronautics Administration and Boeing. Also one of the early members of the Seattle Nisei Veterans Committee.",
    "Title": "Art Abe Interview",
    "Interviewer": "Tom Ikeda",
    "Location": "Seattle, Washington",
    "Date": "January 24, 2008",
    "Densho ID": "denshovh-aart-01",
    "transcript": {
        "segment 1": {
            "Segment Desc": "Father's family background, immigration to the United States",
            "Segment Questions": [
                " TI: And what was the date? What's your birthday? ",
                " TI: June 12th. And then what was the name given to you at birth? ",
                " TI: Good. Can you tell me, in terms of siblings, the order that you were born? So if you, like, start with the oldest and then just kind of go down the birth order. ",
                " TI: That must have been interesting. We'll talk more about that. Let's go to your father. What was, what was your father's name? ",
                " TI: And do you recall where he, where his family came from in Japan? ",
                " TI: And do you know what, what kind of work your father's family did? ",
                " TI: So why, as the eldest of three brothers, why did he come to the United States? ",
                " TI: So your father was interested. Can you tell me anything about your father's family in terms of maybe his siblings or anything about the family in Japan? You've mentioned he's the eldest of, what, three brothers? ",
                " TI: And do you know any stories in terms of how your Dad's, say, parents, like your grandparents, reacted to his wanting to come to the United States? ",
                " TI: What was your father like? If you were to describe him, what was he like? ",
                " TI: So maybe about 5'7\" or so? ",
                " TI: Okay, so let's... well, so tell me, so when he, he came as a nineteen-year-old, and so what did he do when he first came to the United States? ",
                " TI: So talk about that. I mean, so, by the time your father came to Seattle, were there other family members already here doing things? ",
                " TI: So did he start the, sort of, the greenhouse? "
            ]
        },
        "segment 2": {
            "Segment Desc": "Mother's family background: parents immigrated to U.S., children followed",
            "Segment Questions": [
                " TI: So let's, let's go to your mother's side. So what was your mom's name? ",
                " TI: And before we get to Seattle, what do you know about... so where in Japan did her family come from? ",
                " TI: So where's Tottori? That's a new one for me. Tottori is where? Do you know what ken that is? ",
                " TI: Okay, and what, what kind of work did your mother's family do in Japan? ",
                " TI: So your grandparents on your mother's side, this is a little unusual. So they were already somewhat established in Japan with children, and they decided to leave their children in Japan, come to the United States to start a business or some work? ",
                " TI: And was this the greenhouse business, then? ",
                " TI: They just sent for the children? ",
                " TI: And so your mother, was she in Japan? ",
                " TI: Oh, this is interesting. Second of four, so she... and who took care of the four children? ",
                " TI: Now, do you know much about your grandparents and what they were like to come to Seattle to do this? ",
                " TI: And so what were they like? ",
                " TI: And so is this where your father met your mother? ",
                " TI: Akichika, okay. And so that was Hiromi, and then was Sadako the second? "
            ]
        },
        "segment 3": {
            "Segment Desc": "Description of mother's family's greenhouse business",
            "Segment Questions": [
                " TI: And then tell me a little bit about the business. So this greenhouse business, where was this located? ",
                " TI: And were there very many other Japanese that lived out near the greenhouse? ",
                " TI: So, as much as you can, tell me about the greenhouse business. I mean, was this a business that traditionally Japanese would do, and who would be the customers? Can you just kind of give me a picture of this business and how it operated? ",
                " TI: Was this like a retail business or more a wholesale business? ",
                " TI: And where was the wholesale house? Where would they go for that? ",
                " TI: Like the Pike Place Market, around there? "
            ]
        },
        "segment 4": {
            "Segment Desc": "A split in mother's family between siblings born in Japan and those born in the U.S.",
            "Segment Questions": [
                " TI: And tell me a little bit about your mother. What was she like? How would you describe your mother? ",
                " TI: ...of children. Tell me about those children, who were they? ",
                " TI: And so was that, did that, were there any problems or issues with that, or was that just kind of like, just felt normal to you? Or I mean, when, so you saw your, Connie, you probably didn't, did you call her, like, Aunt Connie? ",
                " TI: She was just, like, more like a cousin, perhaps? ",
                " TI: Okay. And so, and so you talked about sort of this, maybe difficulties between the older siblings and the younger siblings? And a lot of it was the younger siblings, did you feel like they felt maybe a little ashamed because the older siblings didn't speak English as well? Is that what happened? ",
                " TI: So who, who were the north enders and who were the south enders? I mean, what was that distinction? ",
                " TI: And so your family and Yutaka and Misao's family were south end? "
            ]
        },
        "segment 5": {
            "Segment Desc": "Parents' work prewar: hotel business, grocery store",
            "Segment Questions": [
                " TI: Well, let's talk about your family now a little bit more in terms of, so after your father and mother were married, what kind of work did they, did they do in the south end? ",
                " TI: And so did he have the hotel before the war? ",
                " TI: Well, so in the '20s, what kind of work do you remember? ",
                " TI: Oh, so you're talking, when you say \"war,\" were you talking about World War I? ",
                " TI: Okay, so he did that. And then how did that go? ",
                " TI: And where was the grocery store located? ",
                " TI: So is that close to the B & O sort of restaurant? ",
                " TI: That's funny, I still go there and they have great desserts at night. Yeah, Belmont and Olive, is that why it's called the B & O? I just looked at that, B & O, Belmont and Olive? "
            ]
        },
        "segment 6": {
            "Segment Desc": "Growing up in a neighborhood with no other Japanese American peers",
            "Segment Questions": [
                " TI: Apartment houses, and if you go further north, you have nicer homes that way. And so tell me about the customers of the store. What were they like, who were they? ",
                " TI: Lived in apartments. And how about your playmates growing up in this neighborhood? Who were they? ",
                " TI: And so what kind of games would you guys play in the neighborhood? ",
                " TI: So you can't recall, like, at night or something, just playing around or doing games with some of your friends in the streets? ",
                " TI: So what school did you go to in that neighborhood? ",
                " TI: And how many other non-white or non-Caucasian students were at Lowell at this point? "
            ]
        },
        "segment 7": {
            "Segment Desc": "Being bullied as a child, finding a solution",
            "Segment Questions": [
                " TI: By being the only Japanese, did you ever feel sort of singled out or discriminated against? ",
                " AA: Oh, yes, at first I did. When I first went there, the kids used to pick on me because they, I was different. But my dad told me to keep a low profile, don't make any trouble. And so they kept on picking on me, and I didn't retaliate. Finally, I got to the point where I had to do something, so I said, \"Okay, I'm gonna put an end to this. Who wants to take me on?\" And the biggest guy, he decided he'd take me on. I, we were wrestling, and (recall) my dad had taken me to some of these judo practices, and so I just grabbed a hold of his collar and proceeded to choke him. And he was hollering, \"Unfair, unfair,\" and I said, \"What's unfairness got to do with it?\" and I kept, and I says, \"Give up? Give up?\" And he finally says, \"Yeah, okay, I give up,\" he was getting kind of blue in the face. [Laughs] And then, so I let him up and I says, \"Okay, who's next?\" [Laughs] Nobody wanted to take me on, 'cause I had beaten the biggest bully there. After that, I got along fine with all the other kids. ",
                " TI: Even after you explained to your parents why you had to do it? ",
                " TI: They still thought that was wrong? ",
                " TI: And I'm curious, some of the boys that were part of that group that bothered you, after that incident, later on, did some of them become your friends? ",
                " TI: And so the families there would send their children to Lowell, and then you would interact with them. Did you get a sense of a class difference with these individuals? Did, was, in school, was there like a differentiation between the wealthy and the not so wealthy? ",
                " TI: Did you get a sense that the, the other class got better, maybe, resources than your class? ",
                " TI: But yet, you felt like there was... did, do you ever recall your classmates in your class ever talking about the other class in a different way? "
            ]
        },
        "segment 8": {
            "Segment Desc": "Barred from a public swimming pool during a friend's birthday celebration",
            "Segment Questions": [
                " TI: Yeah, because when I think about, yeah, if you go south, that's where, you're right, it's more what I would call the Broadway district, and there's more apartments. And if you go the other way, it's more the Volunteer Park, where you have more of the larger, larger homes. Anything else you can recall in terms of... 'cause that would be an interesting school to look at, because of the, especially during those years, the disparity in wealth because, 'cause those were hard times economically, when you look at the late '20s, early '30s, you're in the Depression. And so was there any influence in terms of the Depression on, that you could tell in terms of what was going on? ",
                " TI: Do you recall how you felt being left outside when the other boys went in? ",
                " TI: But how about the mother who brought you there? You said, did you have any interaction, did she say anything to you when this happened? ",
                " TI: After the, the other boys were done swimming, did you do anything afterwards with the other boys? I mean, like, was there, like, a continuation of the party someplace, like dessert or something? ",
                " TI: Do you remember how old you were when this happened? ",
                " TI: You mentioned that at school, you got to know some of these more wealthy kids, or kids from more wealthy families. Were you ever invited to their homes? ",
                " TI: So Federal, like Federal Avenue? ",
                " TI: What did you think when you went into these, these, sort of, really nice places like this? ",
                " TI: Conversely, some of these friends, did you ever have them, or invite them to your house? Did they ever come to your place? ",
                " TI: And why was that? Was that something that you decided not to do? "
            ]
        },
        "segment 9": {
            "Segment Desc": "Attending Broadway High School; involvement in sports",
            "Segment Questions": [
                " TI: So you did sports in elementary, then after Lowell, where did you go? ",
                " TI: Oh, so Lowell went all the way through high school, or where did you go to high school? ",
                " TI: And so would you say your friends in high school were still kind of like your Lowell school buddies more than Japanese, because you went north? ",
                " TI: And so if I were to ask you, in high school, who were some of your best buddies, which names would come to mind? ",
                " TI: Oh, that's good. And so what kind of student were you, like, in high school? You mentioned earlier how you like athletics, and that eventually, you became a pretty good student. So how would you describe yourself at Broadway? ",
                " TI: And what kind of activities were you involved in at Broadway? ",
                " TI: And what events did you do in track? ",
                " TI: So back then, when you were at that level, like the fastest in your age group in, or the longest jumper and one of the fastest runners, who would be your competition? Because you're, that's all over the city, right? So they're coming from all over. So would they be mostly Caucasians, or would they be other Japanese, or would they be, sort of, black? ",
                " TI: And the other, there weren't other Japanese or Chinese at this level? ",
                " TI: So at that age, were you big for your age? I imagine, to be a sprinter, you'd have to be fairly large. "
            ]
        },
        "segment 10": {
            "Segment Desc": "Working summers to pay for university tuition",
            "Segment Questions": [
                " TI: So what, what year did you graduate from Broadway High School? ",
                " TI: Okay, 1939. And then, and then you mentioned earlier that you then went to University of Washington? ",
                " TI: And at this point, were your parents really supportive of you going to the university? Is that something they wanted you to do? ",
                " TI: And so when you said you had to work at the farms during the summer to raise money, what farms did you work at? What kind of farms? "
            ]
        },
        "segment 11": {
            "Segment Desc": "Working on a private yacht as a summer job",
            "Segment Questions": [
                " TI: Not really? So what did you have to do as, tell me about the work on a yacht, what was that like? ",
                " TI: And what happened when the ship wasn't out sailing? Would you still work, or would you... ",
                " TI: So I'm curious, how did you get this job? "
            ]
        },
        "segment 12": {
            "Segment Desc": "Attending the University of Washington knowing that it was difficult for Japanese Americans to find work",
            "Segment Questions": [
                " TI: I want to, later on, I want to talk a little bit more about your uncle, Jim Sakamoto. But before we get there, let's go back to the University of Washington, I wanted to find out, so what were you studying when you went to the University of Washington? ",
                " TI: But did your father think that if you got a business degree, that that would help you kind of run the store, or did he have bigger sort of plans for you? ",
                " TI: Whereas George stayed in, on the West Coast or Seattle, and he ended up doing gardening work. Now, so did you ever talk to these Niseis? Were they resentful that they would go get their college degrees, and then couldn't get, sort of, jobs that fit their training? "
            ]
        },
        "segment 13": {
            "Segment Desc": "Thoughts on uncle, Jim Sakamoto",
            "Segment Questions": [
                " TI: ...who in Seattle Japanese, in Japanese American history, is a very prominent figure. He started a newspaper called the Courier, and was very prominent. And I wanted to ask you about your, sort of, experiences with Jim Sakamoto. So tell me a little bit about Jim Sakamoto. What was he like? ",
                " TI: Just so I understand, so at what point did he marry your, your aunt? Was this like before he went to Princeton or after? ",
                " TI: And how old were you when this was happening? ",
                " TI: Was it because of his boxing career, or was it because of the Courier? "
            ]
        },
        "segment 14": {
            "Segment Desc": "Description of father's role in the Japanese American community",
            "Segment Questions": [
                " TI: And so you've talked about some of the things that Jim Sakamoto did, and what's hard for me to understand is, so here you have this ex-boxer who's blind, who starts a newspaper that becomes successful. What was he like as a person? What was it about him that allowed him to be so successful, even though he was blind, to do a successful newspaper? ",
                " TI: So how did your dad feel about Jim Sakamoto? Because here you mentioned, so your dad is a hard-working businessman, has a store, and then his brother-in-law, he probably will help out, but how did he feel about it? ",
                " TI: And so was your dad in the family kind of... what's the right word? Kind of the, like, I was going to say, like a foundation or someone that people went to when they needed help? ",
                " TI: Even the younger ones, I mean, the, kind of the second wave? That they would go to your mother sometimes for help? "
            ]
        },
        "segment 15": {
            "Segment Desc": "Receiving visits by FBI after the bombing of Pearl Harbor",
            "Segment Questions": [
                " TI: Were there ever any sort of direct comments made to you or your family about being Japanese at the store? ",
                " TI: But in the case of your, your family, your parents, did they have similar type of activities? When you mentioned the FBI... ",
                " TI: So do you think, you mentioned that the FBI came by the store right after you were talking about how your parents were having a hard time collecting money owed to them on credit. Do you think that possibly some of the people that owed your parents money were the ones who were talking to the FBI? "
            ]
        },
        "segment 16": {
            "Segment Desc": "Preparing for mass removal: selling the family's grocery store",
            "Segment Questions": [
                " TI: So as this was happening, at some point, a couple months later, word got out that Japanese were gonna be removed from Seattle. So what happened to the store? ",
                " AA: Well, we, we had a, we tried to put it up for sale, and we had one customer living across the street, he was in the jewelry business, and so they, government shut down all the non-essential businesses. And so he wanted to buy the store, but he didn't have enough funds. And so my dad said, \"Okay, we'll cut down the inventory as much as possible,\" and so we had a big fire sale. And we were selling things below cost, and we had heard some complaints from the Safeway store that was a few blocks away. We said, \"So what?\" we had a thing called the Robinson-Patman law that stated that you couldn't sell things that drive out the competition. ",
                " TI: And so this other, this former jewelry store owner, at that point, did he then buy the business, the store? ",
                " AA: Yes, he bought the, a fellow by the name of Spring, he bought all the fixtures and the refrigerators, ice cream cabinets, scales, and all the shelving. And he bought that at a substantial discount. But before we had a sale, my aunt May worked for a family up on Capitol Hill by the name of Ringstad. He was the assistant postmaster for the Seattle, City of Seattle. And at that time, there was talk of sugar rationing, and Mrs. Ringstad asked May, \"Hey, your brother-in-law's got a grocery store. Do you think we could get some sugar from him?\" And May called, and my dad said, \"Yeah, I guess we could.\" Sugar used to come in 100-pound sacks at the time. And so I remember loading that 100-pound sack in the car, taking it up, up there. And she says, \"Hey, don't bring the sugar in.\" Says, \"We'll leave the garage door open, and you drive in the garage,\" we closed the garage door and I unloaded the sugar. They didn't want the neighbors to see what was going on. I thought that was kind of interesting. ",
                " TI: Yeah, that is. How about, were, did any of the customers show any acts of kindness towards you or the family during this time? ",
                " TI: Do you recall customers, as people knew that you had to leave, any customers just coming to say goodbye? "
            ]
        },
        "segment 17": {
            "Segment Desc": "Feeling bitter upon being removed: \"I couldn't believe what the government was doing to us\"",
            "Segment Questions": [
                " TI: So you mentioned Puyallup, so eventually you and your family were moved to Puyallup, the Puyallup assembly center. What was that like for you and your family? ",
                " TI: What were you bitter about? Think back to that time... ",
                " TI: During this period, did you ever talk to your, to your uncle, James Sakamoto? Because during this time -- and it's a little controversial, but he was a official, high level official with the Japanese American Citizens League. And they took the stance that Japanese Americans should cooperate and go along with this. ",
                " TI: So you never got a chance to talk about... so let's go back to Puyallup. What type of activities, or what kind of memories do you have of Puyallup? ",
                " TI: ...half Caucasian. But according to the regulations, they would need to be also removed and incarcerated with other Japanese. Why were they released? ",
                " TI: So he came back to Seattle? ",
                " TI: That's... is he still alive? ",
                " TI: ...who were half Japanese, half Caucasians, how did the Japanese and Japanese Americans accept them? Or what kind of relations did they have with these Eurasian... "
            ]
        },
        "segment 18": {
            "Segment Desc": "Memories of a slow journey to Minidoka",
            "Segment Questions": [
                " TI: Okay, so let's go from Puyallup. After Puyallup you then went to Minidoka, Idaho. So describe Minidoka for me. And what time of year did you guys go to Minidoka? ",
                " TI: And did you know where you were going at this point, when you were in the, when you got on the train? ",
                " TI: Now, did you ever talk to your parents about what was going on and how they felt about first Puyallup and then going to Minidoka? ",
                " TI: And what were you thinking while you were going into all this? "
            ]
        },
        "segment 19": {
            "Segment Desc": "Leaving camp temporarily to top sugar beets, encountering discrimination",
            "Segment Questions": [
                " TI: So once you got moved in, many people were assigned or got jobs inside the camp. Did you have a job? ",
                " TI: And which uncle was this? ",
                " TI: So did you say that? Did you tell this guy that? ",
                " TI: And did you represent the other crews? Were they with you, or was it by yourself? ",
                " AA: No, I didn't know any of the others at that time. I think were one of the first ones there. And so the farmer went back and told his grocer that he was doing business with, says, \"Hey, you give these guys groceries,\" and he says, \"if they can't pay for it, I'll pay for it myself.\" And so this one grocer says, \"Okay,\" and we got groceries from him. And so there was a butcher shop that wouldn't sell us anything, and there was a barber in town that had a sign, \"No Japs,\" in the window. One Saturday evening after work, we cleaned up and we, there was a movie house that opened once a week on Saturday nights. So we thought we'd go in and see a movie. And we're standing in line waiting for the movie house to open up, sheriff came by and says, \"I want you boys back, back on the farm. I don't want you in town.\" And we says, \"What for?\" He said, \"I don't want any trouble.\" I said, \"We're not causing any trouble,\" and he says, \"Well, there might be.\" I says, \"Well, if that's going to be trouble, we're not causing it.\" And so anyway, he chased us out of town. And so we went back and told the field manager, says, \"This is, if this is the way you guys are going to treat us, you go pick your, harvest your own crop.\" And so all the farmers got together and they went to the sheriff and they says, I says, \"These guys are helping us.\" And the sheriff was an elected position, so he knew which side the bread was buttered on, so he backed off. And so we were able to go to the movies after that. ",
                " TI: How about the barber shop? Did he ever cut... ",
                " TI: So this was what, like September, October, kind of? "
            ]
        },
        "segment 20": {
            "Segment Desc": "Organizing a labor slowdown for fair wages",
            "Segment Questions": [
                " TI: And if the Japanese and Japanese Americans weren't there to harvest the crops, what would have happened? I mean, who would have, why were they in such a shortage of workers? ",
                " TI: And how would that compare to what you were being paid? ",
                " AA: Oh, we were being paid the same. About being paid the same, one fall I was down in, down in Utah picking tomatoes. The farmers had come into town and recruited a bunch of us to go down. We were down in Tremonton, we were, the FSA camp was in Preston, Idaho, and we were trucked down a few miles. We had signed a contract to pick tomatoes for eight dollars a ton, and also we were supposed to be paid prevailing wages. So we were down there picking tomatoes, and we found out that the Cash Valley Farmers Association was short of help and they had, they were paying some of the local kids ten dollars a ton. And we got wind of that, and so says, \"Hey, we want the same pay that you guys are giving the local boys here.\" And the farmer says, \"Oh, you guys signed a contract for eight dollars a ton.\" And I says, \"Yeah, but we're supposed to be getting prevailing wages.\" He says, \"That is the prevailing wage, eight dollars contract.\" So they're playing games with us. They didn't realize that we weren't a bunch of idiots, uneducated Mexicans. Anyway, we said, \"Okay, you guys want to play games?\" I was a ringleader and in our group we had about eight in our crew. And one day we went out, farmers took us out to the field, we sat down and picked about two boxes of tomatoes, sat down and ate our lunch. The farmers came by and says, \"Hey, how come you guys aren't working?\" Says, \"We're working.\" We says, \"We picked a few tomatoes.\" And the farmers insisted, \"You guys signed the contract to pick for eight dollars a ton.\" I says, \"Yeah, but the contract didn't say how many tomatoes we had to pick.\" And that stalemate went on for, oh, about a week. And what they were doing was we were picking tomatoes that were green, and we're shipping them back to New York. And they were, tomatoes were mature, but they weren't turning color yet. But by the time it took the tomatoes to get to New York, they were starting to get ripe. And so here they're starting to get ripe in the field and the farmers were getting frantic. And we were just sitting there, and they finally says, \"Okay, we'll give you ten dollars a ton, but we're gonna hold back the two dollars until the end of the season.\" I says, \"Okay, that sounds fair enough.\" And so we went and picked tomatoes until the end of the season. One day we got a deep freeze, and everything turned black. They came back and said, \"Okay, get your stuff together, we're going to take you back to camp.\" I said, \"Yeah, but how about our two dollars a ton?\" I didn't know how many tons we'd picked. Anyway, they said, \"Okay, we'll send you the money, 'cause we haven't figured out how much we owe you guys.\" I said okay, so I went back to camp. Thanksgiving rolled by, no money, Christmas rolled by and no money. So I went down to the project director's office and contacted their lawyer, and I says, \"Hey, these guys are holding back money, and they agreed to pay us money.\" And so he got busy and contacted the association. So after a few weeks, we finally got our money. But I don't know whether, you know, the money was correct or not, but at least we got the money. "
            ]
        },
        "segment 21": {
            "Segment Desc": "Father perishes in the desert outside of Minidoka concentration camp",
            "Segment Questions": [
                " TI: And what were the weather conditions during this time? ",
                " TI: And how large an area was the search, were they searching? ",
                " TI: So several square miles in terms of area? ",
                " TI: And sort of describe those three days in terms of your family and what was happening? ",
                " TI: So tell me a little bit more about just the support or the camp in terms of, you mentioned the high school going out there and looking. I mean, how many people were looking for your father at this time? ",
                " TI: And so when they did that, did they just miss your father in that first sweep, or were they looking in a, I'm sorry, a different place? "
            ]
        },
        "segment 22": {
            "Segment Desc": "Coping with sudden death of father, volunteering for the army",
            "Segment Questions": [
                " TI: Okay, so we're now going into our third hour of the interview with Art Abe. And Art, I wanted to go back, we had talked about that tragic event where your father got lost looking for greasewood in the desert, and after three days, they found his body, and so he had, he had died from, I imagine, exposure out in the cold. After they found the body, can you, can you tell me the series of events that happened afterwards in terms of what happened next? ",
                " TI: Before we go there, I'm just... what was, what was the impact on your family, like your mother? Because this was just like this sudden death. I mean, he was healthy, a prominent person, and for him to be taken away so suddenly must have been quite a shock. ",
                " TI: How about the impact on you? Like do you recall how it was for you? ",
                " TI: What was the reaction of your, your mother when you decided to volunteer? ",
                " TI: So you decided to volunteer and then what happened next? ",
                " TI: And what timeframe was this? What, when was this? "
            ]
        },
        "segment 23": {
            "Segment Desc": "Working for the Veterans Administration in New York",
            "Segment Questions": [
                " TI: Okay, so you go to New York City, and then what happened? ",
                " AA: Pardon? ",
                " TI: And so what did you do in New York City? ",
                " TI: So this would be a civil service? ",
                " TI: And so, so the people that you would process were those that were, like, killed in action and things like that during the war? ",
                " TI: So I'm curious, did you ever come across any Japanese American? ",
                " TI: So you would see the, the impact of how many Japanese Americans were being killed in the 442, 'cause you had to pull those policies. And then you went, I'm sorry, to the signal corps, so I just wanted to follow on, then you're, and then you're done with that. So what did you do after your military service? "
            ]
        },
        "segment 24": {
            "Segment Desc": "Difficulties finding work postwar",
            "Segment Questions": [
                " TI: And what year did you graduate from UW? ",
                " TI: Okay, so now you're a veteran, you're a college graduate, what did you do next? ",
                " TI: So explain this to me. Now this is after the war, and you're a veteran and a college graduate, and still you had difficulties getting a job? ",
                " AA: Yes, I was majoring in marketing, and I tried to get a job with big department stores like the Bon Marche, Frederick & Nelson, and Sears Roebuck. And I remember one day going to the employment office at Sears and they wouldn't give me a form, application form and I sat down there about three days. I finally got tired of waiting, and I had mentioned to my brother-in-law, Ted Nishimura, that, the problem I was having. And he says, \"Oh,\" says, \"I know Doc Shinbo, he's a friend of, friend of the manager at Sears Roebuck.\" And so he talked to Doc Shinbo and says, \"Oh, tell him to go down to his office and don't talk to the personnel people.\" So I went down there and says, told the secretary I'm looking for a job. So she was very pleasant and says, \"Oh, he's busy right now. Can you wait fifteen minutes?\" And I said, \"I can, I can wait hours. I can wait days.\" Says, \"I've been sitting in that unemployment office, you know, for a couple of days.\" And she said, \"Oh, that's too bad.\" She started asking me various questions and she says, \"Have you had any experience on a yacht?\" I thought that was kind of a peculiar question to ask, and I said, \"Yeah, I've worked on a yacht before.\" She said, \"Who did you work for?\" and I says, \"I worked for the Griffith family on the Sujiya.\" And she says, \"Oh, yes, we're familiar, we're friends of the Griffiths.\" And I remember at the Seattle Yacht Club when I was working there, that I used to see this fifty-some foot yacht parked about a couple of slips away, and it was, belonged to Stanley Donnoll, who was the manager of Sears Roebuck. And she says, \"Oh, I think Mr. Donnoll will be pleased to see you.\" So we got to the dock and then I told her, you know, my background, and says, \"I'm trying to get a job in the store.\" \"Oh, you're not looking for a job on Mr. Donnoll's yacht?\" I said, \"No, that's the last job I want.\" [Laughs] And she said, \"Oh, Mr. Donnoll doesn't hire, do any hiring for the store.\" She said, \"You gotta go through personnel,\" and so she ushered me out the door. "
            ]
        },
        "segment 25": {
            "Segment Desc": "Working for the Civil Aeronautics Administration",
            "Segment Questions": [
                " TI: Were you the only Japanese American in the shop? ",
                " TI: And what kind of work was this? ",
                " TI: And so you supervised all those guys who were giving you the cold shoulder all these years? ",
                " TI: And so how did that work out? ",
                " TI: Yeah, I hope so. And then how long were you with the Civil Aeronautics, CAA? ",
                " TI: So, so what did you do? So you were then demoted back to your previous position? "
            ]
        },
        "segment 26": {
            "Segment Desc": "Finding work at Boeing, going back to school for an electrical engineering degree",
            "Segment Questions": [
                " TI: And so how long did you stay with, in this area? ",
                " TI: So this is like the late-'50s, kind of? ",
                " AA: When was it? '49, '50s. ",
                " AA: '50s? Okay, the early '50s. Boeing was just building up, and they were, they were hiring. ",
                " TI: And what work did you do at Boeing? ",
                " TI: And did you ever, when you were at Boeing, get to use your business administration background? ",
                " TI: So you had a business degree and an electrical engineering degree, lots of work experience. Do you feel that given your background, your experience, that Boeing was fair to you and other Japanese Americans who worked? ",
                " TI: And why do you think that was so? ",
                " TI: And so you transferred to another group, then? "
            ]
        },
        "segment 27": {
            "Segment Desc": "Meeting future wife",
            "Segment Questions": [
                " TI: And up to this point, did you do very much dating with other women in terms of through school and after the war and all that? ",
                " TI: And what was this woman's name that you, eventually became your wife? What was her name? ",
                " TI: And what was it about her that, that attracted you to her? ",
                " TI: That's a good story. So tell me a little bit about Kay and her family. Did she have siblings? "
            ]
        },
        "segment 28": {
            "Segment Desc": "Joining the Seattle Nisei Veterans Committee, remodeling their original clubhouse",
            "Segment Questions": [
                " AA: Sab Ogishima was the, was the commander at the time. He was also my insurance agent, and he asked me to join, I says, \"Oh, I'm not really that interested.\" I says, \"I wasn't in the 442, although I had volunteered.\" And he said, \"Well, that's okay,\" he says, \"we accept everybody.\" Anyway, I says, \"Well, I wasn't in the 442 so I'm not too comfortable.\" 'Cause the organization was pretty much run by the 442, but he twisted my arm and so I figured, well, okay, I'll try it. And so when was it? Back in 1947, I think I joined. ",
                " TI: And how did the 442 guys accept you once you got in? ",
                " TI: Do you remember about what year that was, where you took it over and started renovating Vets Hall? ",
                " TI: And this is the building on King Street? ",
                " TI: Okay, so terrible shape, early '50s, no money. So how do you go about fixing up a place? ",
                " AA: Well, we figured that we had no money, so I figured, \"Why don't we set up a system where we have life membership?\" I had worked in the insurance business so I knew, I'm familiar with actuary, and so I figured, let's see, the vets are in their twenties, and we figured the life expectancy, and I figured, I calculated that at that time, the dues I think were either two or three dollars a year. I figured a hundred dollars would be a nice, came fairly close, would be fairly close, so I think that was a nice number, round number. So we set the price at a hundred dollars, and so we had enough people that became life members to pay for the materials. And we got a lot of donations. ",
                " TI: And that would give you maybe, if you had, like a hundred members, a couple hundred dollars a year. But what you said was, \"Let's front load it, let's let people pay their memberships for life in one lump sum.\" And do you remember about how many men did this? ",
                " TI: And so try to explain, about how many men -- would you do this at night, weekends, when would this happen? ",
                " TI: And, but how many men would be working on this? ",
                " TI: And how long did it take to finish the renovations at the clubhouse? "
            ]
        },
        "segment 29": {
            "Segment Desc": "Description of children",
            "Segment Questions": [
                " TI: So this last part is, you mentioned your children. Can you tell me sort of the names of your children in the order? ",
                " TI: I also see him at triathlon events, too. And then after Mike? ",
                " TI: The one who went to Annapolis? "
            ]
        },
        "segment 30": {
            "Segment Desc": "Finding creative ways of financing construction of church",
            "Segment Questions": [
                " TI: Well, we're at the end of our tape now, and I just wanted to ask you, is there anything else that you wanted to say in completing this interview? ",
                " TI: So what did you have to do for Blaine to make it work? ",
                " AA: Well, I had... we had a pledge program going on, it was three-year pledge, and money that wasn't coming in, and we had the obligation, the progress payments to make. And so I approached the congregation and told 'em, \"Hey, you people have money in the banks that are paying you four percent interest.\" I says, \"How about loaning it to the church instead, and we'll pay you the same amount?\" Not only that, I got ten of the more influential members to guarantee the amounts in case they wanted the funds, and we sold bonds in five hundred dollar increments. And so a number of people purchased those bonds, and I raised fifty thousand dollars that way. The church program was, was about two hundred eighty thousand dollars I guess. We built that time when the World's Fair was being constructed, and all the subcontractors were working on the fair, and costs were skyrocketing 'cause of the shortage of labor, and so our costs were escalating. And then the Methodist Board of Missions agreed to lend us fifty thousand. And then I got a fifty thousand dollar loan from United Savings, and the reason we got that is George Kawachi, our member, was on the board when that bank first started up. They didn't have enough assets to loan us that fifty thousand, but they parceled it out among the rest of the banks. But we had the main loan with United. And their stipulation was that the members would open up an account with them to bring up their asset base, and so we talked to the congregation and so a number of people opened an account. And they serviced that loan to the, to the Mission, the Methodist Mission. "
            ]
        }
    }
}