{
    "Narrator_Name": "Art Emi",
    "Bio": "Brother of Frank Emi, leader of the Heart Mountain Fair Play Committee (FPC). While incarcerated, helped the FPC organize.",
    "Title": "Art Emi Interview",
    "Interviewer": "Frank Abe (primary); Frank Chin (secondary)",
    "Location": "Los Angeles, California",
    "Date": "August 1993",
    "Densho ID": "denshovh-eart-01",
    "transcript": {
        "segment 1": {
            "Segment Desc": "Recollections of meeting with Fair Play Committee leader Min Tamesa",
            "Segment Questions": [
                " FA: Okay, Art, you were a good friend of Min Tamesa's. After the crucial meeting of the Fair Play Committee when they decided on the third bulletin... [interruption] when you ran into Min Tamesa, what did he tell you? ",
                " FA: So you ran into Min Tamesa, Art. What did he tell you? ",
                " FA: Art, why did you stick your neck out to support the Fair Play Committee? "
            ]
        },
        "segment 2": {
            "Segment Desc": "Description in role of helping the Fair Play Committee",
            "Segment Questions": [
                " FC: You personally knew that what Jack Nishimoto had said, testified, to be a lie? "
            ]
        },
        "segment 3": {
            "Segment Desc": "Making the decision to help the Fair Play Committee",
            "Segment Questions": [
                " FA: Art, you supported the Fair Play Committee, you could have been arrested. Why did you do it? "
            ]
        }
    }
}