{
    "Narrator_Name": "Asano Terao",
    "Bio": "Issei female. Born 1897 in Hiroshima, Japan. Graduated from Shintoku Jikka Girls' High School. Married Mr. Shizuto Terao, an Issei who returned to Japan temporarily from the U.S., through an arranged marriage, and immigrated to the U.S. Lived in Seattle until they moved to Salt Lake City, Utah, to stay with her cousin in the spring of 1942 before all people of Japanese ancestry were removed from the West Coast. After five years in Salt Lake City, returned to Seattle with her family. At the time of the interview, Mrs. Terao resided at an assisted-living apartment in Seattle.",
    "Title": "Asano Terao Interview I",
    "Interviewer": "Tomoyo Yamada (primary), Dee Goto (secondary)",
    "Location": "Seattle, Washington",
    "Date": "May 19, 1998",
    "Densho ID": "denshovh-tasano-01",
    "transcript": {
        "segment 1": {
            "Segment Desc": "Family background: born in Midorii in Hiroshima Prefecture, Japan",
            "Segment Questions": [
                " TY: Born on the third. It was 1898 [Ed. note: mistaken for 1897], wasn't it? And, you are from Hiroshima Prefecture. ",
                " AT: The place I was born was Midorii. My father passed away when I was seven... seven or eight. Then, my mother remained widow, and grandpas, both the maternal and the paternal grandpas took turns staying with us for a week to ten days each. Then, it continued for a while. Then, after it went on for a while, my father's brother -- do you know the Russo-Japanese War? He was drafted into the war. But, a bullet hit him here [Ed. note: Mrs. Terao points at her left collarbone], and when he cauterized the place with moxa, there was a mark like this, I heard it was where a bullet went through. Then, he was taken to the hospital, and at that time, he fell down where there was ice in Russia, and I heard his legs were numb from the coldness. So his legs were cut off, and a bullet went through here, right? The right hand was in the perfect condition, but the left hand was like this, well, he could move it and grab things with it, but it didn't move as much as the right hand. And, this hand was normal, but this hand became skinny, just bone and skin. There was no meat on it. But, well, he had a pension. Then, his wife, she said that she could not have fun if she stayed married to such a cripple, and she left him. She left him neglected. So, since it couldn't be helped, Grandpa and Grandma took him back in, and took care of him. But, Grandpa and Grandma were both old, and they were concerned about the future. But, my mother... my father suddenly had a heart attack in the middle of the night... one, no, no, about one thirty or two in the morning, he started saying that he felt pain in the chest, pain in the chest, like that. ",
                " AT: He said so. Now I think about it, it was a heart attack. Then, since we lived in the countryside, even if we wanted to go see a doctor, since it was so rural, it was considered to be good if we had one nearby. So, we woke up an apprentice -- because we had a construction business -- we asked him to go get the doctor. And, by the time the doctor arrived, he had already breathed his last breath. Then, we found out that he had died of heart attack. And then, my mother was still young, right? So, the maternal grandpa and the paternal grandpa came to stay with us for a long time, cleaned around the house, made some vegetables, too, as a vegetable field was right in front of our house, they made some vegetables like green onions and small cabbages. Grandpas had already been retired, so both sides of grandpas stayed with us in the house, cleaned around the house, and made vegetables. In this way, they came in turn to stay with us. I remember, I used to say, \"Grandpa, Grandpa, I like you.\" I remember that. ",
                " TY: She took him into the house. Father, your father and mother were both adopted into the Nagao family, right? "
            ]
        },
        "segment 2": {
            "Segment Desc": "Family followed the \"yoshi\" system: since they had no sons, adopted a boy to carry on the family name",
            "Segment Questions": [
                " AT: What? ",
                " AT: Yoshi? ",
                " TY: Could you explain the system of yoshi? What is it like? ",
                " TY: Why did they come to adopt yoshi? ",
                " TY: For three years, your mother remained widow, I mean, after your father passed away, your grandpa and grandma adopted a yoshi again, didn't they? ",
                " AT: At that time, grandpas came to stay with us, both my maternal grandpa and paternal grandpa took turns to stay with us for about ten days each, and they repeated that, but they were old, you know. My mother, her name was Shizuno. They said, \"Shizuno, you are still young. Why don't you take a new yoshi?\" They recommended that she remarry, so she took a yoshi. ",
                " TY: That was to carry on the last name \"Nagao,\" wasn't it? ",
                " TY: He stole the stamp? ",
                " TY: So that was what he was spending money for. Shizuno is your mother's name? ",
                " AT: What? ",
                " TY: Who is Shizuno? ",
                " TY: Who chose him, the second husband? "
            ]
        },
        "segment 3": {
            "Segment Desc": "Attended Shintoku Jikka Girls' High School after failing the physical entrance exam for another school",
            "Segment Questions": [
                " TY: In 30. Then, did your grandparents and mother tell you about the period when the era changed from Edo to Meiji? ",
                " TY: You went to Shintoku Jikka Girls' High School after you went to Gion Grade School in Gion-machi for six years, to high grade school, right? You wanted to go to normal school... ",
                " TY: Why did they have a physical exam back then to get into normal school? ",
                " AT: If there hadn't been a physical exam, it would be troublesome if schoolteachers cried out with pain due to physical problems. Then, my case, my chest was too narrow for my height. My friends, Ms. Kasaoka and Ms. Mito, they were bigger than I was, like this, [Ed. note: Mrs. Terao motions toward herself.] both of them. They were as tall as I was. Then, a doctor called Dr. Ota told me, \"Asano, you can't make it even if you go.\" I asked him, \"Why, Doctor?\" He responded that I wouldn't pass the physical exam. In fact, as he had assumed, my name was on the board because I passed the academic exam. But, my name wasn't on the board as of the result of the physical exam. So I failed the physical exam. The physical exam was very strict for schoolteachers. I said, \"I see,\" and there was nothing I could do, so I said, \"I will just return right away on the train tonight,\" and I got on the train and came back. Then I told Dr. Ota, \"Doctor, I couldn't make it,\" then he said, \"I told you so. You would probably pass the academic test, but I told you not to go because you would probably fail the physical exam!\" So I said, \"That's right, Doctor.\" [Laughs] ",
                " AT: When I went to Japan last time, everybody told me that their teachers, Ms. Kasaoka and Ms. Mito had passed away. \"Is that so?\" \"You were skinny, Ms. Nagao. You weren't accepted at normal school.\" [Laughs] They said, \"You remained and both Ms. Mito and Ms. Kasaoka passed away...\" \"Oh, they had passed away.\" We had such conversation. See, you can never tell the lives of the people. It is absolutely nonsense to assume that someone will live longer because someone is fat, or someone will not make it because someone is skinny. "
            ]
        },
        "segment 4": {
            "Segment Desc": "Memories of growing up in the town of Gion, Japan",
            "Segment Questions": [
                " TY: Gion-machi in Hiroshima-ken, what kind of town was it? Was it more like a small town or a large town? "
            ]
        },
        "segment 5": {
            "Segment Desc": "Outings to pick mushrooms in the mountains with grandfather",
            "Segment Questions": [
                " TY: Naba? ",
                " TY: So your grandfather was a farmer? ",
                " TY: Did you help your grandfather to do some fieldwork? ",
                " TY: We were talking about the story that you went to the mountain with your grandpa to get matsutake. In Japa -- in the U.S., people keep it secret where they find matsutake. Was it the same in Japan? ",
                " TY: Well, were you surprised when you heard the custom of matsutake hunting after you came here? "
            ]
        },
        "segment 6": {
            "Segment Desc": "",
            "Segment Questions": [
                " AT: My grandpa had passed away, and grandma had passed away, too. When I went back last time, with the new generation, it was different from the past. Also, we don't associate with each other on a regular basis, right? I am over here. The jo does not grow. I returned home thinking that the neighbors here are much better. But still, they are relatives, and they were treating us well because I am from their family. They treated us well, but we didn't have jo for each other because we didn't see each other often. It doesn't work. I took some candies from here with me. I heard that they were short in sweets in Japan, and they were happy with the candies. They were very happy saying that the gift was the best of all, but nowadays, we don't hear from them at all. The generations are different, they are at their children's generation. One of them came to this country to study for a while, came to study in Canada, and he stayed with us for two days and went home. That was it. We no longer have jo or any other feelings. We just think that there are relatives in Japan. So it is like that, human beings are like that. After all, jo wouldn't grow if you don't associate with each other frequently. My sister was visiting Los Angeles, but see, we had lost frequent contact since we came apart when we were young. I can talk about whatever I want to say with my friends here, so it is like this way. Nowadays, those in Japan don't write to us any longer. At my home, even though I send letters to the home I was born in, we have the three-generation difference. One of them came to this country. He stopped by when he came to Canada. We let him stay with us and took him around in Seattle, but when he went home, a letter, we received a polite letter. That was it. I don't write either. But, the grave is still there. Before Obon and the New Year's day, I sent some money as koden. But, I decided not to send since last year. When it is the generation of grandchildren and great grandchildren, there is nothing between us. They want money, so they would write to us saying this and that, but it is ridiculous, so I don't send anything any more. "
            ]
        },
        "segment 7": {
            "Segment Desc": "Learning \"ikebana,\" Japanese flower arranging, at Shintoku Jikka Girls' High School",
            "Segment Questions": [
                " AT: I went straight to his office. When I told him that I couldn't make it, he started saying, \"Didn't I tell you so?\" ",
                " TY: You were liked very much by the doctor, too, right? ",
                " AT: Yes, yes, yes. \"You can't make it even if you go. You will fail the physical exam. You will probably pass the academic exam, though,\" he said. \"But, don't go, you will fail the physical exam anyway.\" But, the first exam was in February. After that, all the exams to girls' schools took place in March. \"Doctor, but I want to go try,\" I said, then he said that in that case I could go, but that I would fail the physical exam anyway. So, when I told him that I couldn't make it, he said, \"I told you so, what did you think I meant?\" Well, I was just a kid, so I said, \"Yes, Doctor,\" and went home. Ever since then, I stopped talking about normal school. I just said that I could just go to girls' school. ",
                " AT: Then, well, there was a regular school called Yamanaka Girls' High School. And, there, five hours a day, and at Shintoku, it was six hours everyday. The reason was because they had handicraft. Also, they had a good sewing class. They even taught cloth handicraft and paper flowers. In the flower arrangement class, we used fresh flowers. Well, on every Friday afternoon, in the afternoon, they had a class. The ikebana teacher was the same teacher that I had, well, and she was learning from the headmaster. Then when I went, she said to me on the day of the entrance ceremony, \"Oh, Miss Nagao, you entered this school?\" She knew I became a student there. So I said, \"Yes.\" Then she said to me that there was a flower arrangement class on Fridays so I should stay and join it. So I thanked her. I didn't buy aspidistras for the first flower arrangement class. Everybody started with the aspidistra basket. I bought chrysanthemums. \"Oh, Miss Nagao, why didn't you buy aspidistras?\" \"I have already done it at home.\" \"Oh, is that so?\" So I arranged the chrysanthemums that day. I still remember it today. Then I called the teacher, \"Teacher, please take a look at my work since I have finished it.\" In this way, about thirty people stayed and arranged flowers. This [inaudible] teaching for a long time. She said, \"Put some here, and it will look even better if you add one stem here.\" So I said, \"Thank you very much,\" then my friend said, \"Hey, come take a look!\" and friends started gathering to my work. \"Have you arranged flowers?\" \"Yeah, yeah, it's been about a year and a half to two years.\" Then they said, \"Is that so?\" It was fun then. When we worked on flowers, they just bought aspidistras and asked me to make the leaf arrangement, so I said, \"It's not good if I arranged the leaves for you. You are learning, so you should do your own!\" Then the teacher, Ms. Shinano, a very fun teacher, said, \"Miss Terao, you can be a teacher here.\" [Laughs] ",
                " TY: Before then, before you took a class of ikebana, you had been taking classes? ",
                " AT: Yeah, I learned at home. But, I had the same teacher when I entered the girls' school, it was the same teacher, see, teachers were lining up at the entrance ceremony, right? When I was sitting on the chair in the front row, she said to me, \"Oh, Miss Nagao, you entered this school?\" \"Yes.\" \"You should join the flower arrangement, we have a class here.\" \"Thank you very much,\" and [inaudible]. [Laughs] So I started staying in school to join the class. Then everybody, everybody bought aspidistras, right? I bought chrysanthemums. \"Oh, Miss Nagao, why didn't you buy aspidistras?\" \"I have arranged aspidistras at home.\" \"Oh, that's right.\" So I said, and I arranged chrysanthemums, and the teacher, at first, took aspidistras piece by piece like this. She distinguished them. Then she divided them and talked about it. But, I had already learned it at home before, in this way, I arranged them right by myself, and I arranged them. While she was talking this and that about aspidistras, I finished arranging and started fixing it very seriously by moving a leaf this way and that way. A friend said, \"Hey, can you just not watch me, come teach me!\" It was good that I had the same teacher. The teacher was Ms. Shinano. She was good. I kept learning the flower arrangement once a week at home on the weekend, and once a week on the weekend at school for a long time. Sometimes, I just went home when I wanted to. When I attended the flower arrangement class, it was six o'clock by the time I got home. ",
                " DG: How about others? Did your friends do like you did? "
            ]
        },
        "segment 8": {
            "Segment Desc": "Description of high school",
            "Segment Questions": [
                " TY: Was it close to school, the dormitory? ",
                " TY: How was the building used during the Russo-Japanese War? ",
                " TY: Was it the temple of the Jodoshin-shuu? ",
                " AT: Who? ",
                " AT: She told me to do it? No, not particularly, she never forced me. She said, \"If you say you want to learn, then you should go learn it,\" and let me learn things. "
            ]
        },
        "segment 9": {
            "Segment Desc": "Cultural expectations of Japanese women: learning flower arranging, tea ceremony in school",
            "Segment Questions": [
                " DG: Why did you want to learn the flower arrangement? ",
                " AT: You mean, how did I come to want to learn it? I have told you that there was the barber, Mr. Tsumura. He learned the flower arrangement and arranged flowers in his shop. That looked very nice. I thought, \"Oh, how nice the flowers were!\" So I told my mother that I wanted to learn the flower arrangement, then she said, \"Say, you can go learn since the teacher comes to the Tsumura's.\" Then, Mr. Tsumura, the barber, came to where young girls lived, three of them, there were three young girls in the neighborhood. This way, 10 sen [Ed. note: Sen, an old Japanese monetary unit, is 1/100 of yen.] to the teacher. We took 10 sen each. It was the extra income for the teacher. Anyway, since my mother said that I could take lessons if it was flower arrangement, [inaudible] we did. 10 sen, 10 sen, we took 10 cents each with us and gave it to her, and we took our own flowers with us. So she taught us, and then I said, \"Teacher, please take a look at my work,\" then she came to look at my work and said, \"Why don't you go ahead and arrange in that way?\" so I arranged the flowers, and she advised me by telling me like this; \"this kind of part, you should take off the twig,\" or \"You should add one more stem since it's a little empty here.\" So she taught me. When I entered here, in this way, flowers... \"Let's see, I can do it,\" I said. \"Don't you have to buy aspidistras?\" \"I have done aspidistras long time ago, so I don't buy them.\" But, it was so many decades ago. I was like that... when I was still young. Then my friends said, \"Oh, so you have done already.\" I had the same teacher. ",
                " TY: At the girls' school, besides the flower arrangement, did you learn things like the tea ceremony or the Japanese dance? ",
                " DG: So, Obasan. Were you thinking about what you should do to shape characters then? ",
                " DG: At such time, it was good for families when women learn such things? ",
                " TY: What could you buy with 50 sen? "
            ]
        },
        "segment 10": {
            "Segment Desc": "Role of Japanese women: learning to cook and sew",
            "Segment Questions": [
                " TY: There were classes that students participated in voluntarily such as handicraft, ikebana, and cooking at Shintoku Jikka Girls' High School, weren't there? That was also... ",
                " TY: Oh, it was a regular course? ",
                " TY: Oh, I see. That was because they focused on raising the good wives and wise mothers at the girls' school, wasn't it? ",
                " TY: So back then, after graduating from girls' school, everybody, their goal was to get married after all, wasn't it? ",
                " AT: Yes, they would get married, right. If we were asked to sew at home, we sewed. In my town, there was a big kimono material and goods store called the Oshimo. The lady there liked me very much. After I graduated from school, she asked me what I was doing, so I said, \"Oh, I am just sewing various things.\" Then she asked me if I could sew items to sell at her store. I said, \"But, I can't receive money for what I do yet.\" \"I'll pay you if it turns out nice, and I won't pay you if it doesn't turn out nice. Why don't you start for us?\" At that time, I didn't know what to do. For the brides, when they had daughters married, they bought kimono from that kind of places -- everybody -- they would order one from the kimono materials and goods store, right? When she told me about that, I said, \"No, Obachan, I can't do it. I can't make kimono that well,\" but she told me that I should give it a try regardless of the result since I had learned the basics. So I said that maybe I could try just once, and I tried. Then she liked it. I sewed it by hand. It was a layered one. Since my teacher taught me to wear two layers and lay one upon the other, and to sew little by little while holding them together, so I sewed it that way, then they told me that a customer was very happy with it. It was a tailor store called the Oshimo. The customer was happy. The store lady's name was Ms. Onao. Although she was the daughter of the family, she was adopted, an adopted daughter. She repeated that it would be nice if I could sew for their store. My mother, she said this and that to me, explaining that Ms. Onao asked me to sew their items. She said, \"Why don't you sew for them? You are just playing at home and that doesn't take you anywhere,\" so I thought, \"Maybe it is good for me,\" so \"All right, why don't I,\" -- well, in English, it is the word 'try' -- \"try?\" I said. And, that was a one, two, a two-layered, and the customer liked it very much. ",
                " AT: This way, I had allowance, right? Then I started wanting more and I didn't have to get from my mother any more. "
            ]
        },
        "segment 11": {
            "Segment Desc": "First hearing about the United States from an uncle who immigrated there",
            "Segment Questions": [
                " DG: This is a little bit different subject, but then, when you were young, did you know about the United States? ",
                " TY: Was that your maternal uncle? ",
                " TY: Were there a lot of people whose relatives immigrated to the U.S. around you? "
            ]
        },
        "segment 12": {
            "Segment Desc": "School uniforms; stopping to buy food to and from school",
            "Segment Questions": [
                " TY: At the time you went to girls' school, the westernization had been advanced and you went to school in hakama [Ed. note: in this case, a pleated long skirt], didn't you? ",
                " AT: What? ",
                " TY: Hakama, in hakama and shoes, you commuted to school. Not like zori or geta, weren't they regular shoes? ",
                " TY: When? ",
                " AT: During exercise and activities. In such occasions, we all wore shoes. Some of them, they said that they forgot to bring shoes, so they participated in the activities with the slippers on. [Laughs] When they said, \"Teacher, today, I am not participating for such and such reason,\" then the teacher replied, \"Oh, no, you should participate, never mind your shoes.\" So those participated with geta on. Then, those who lived in the dorm said, \"My shoes might be a little too big for you, but why don't you try them on?\" and those who lived in the dorm let us use their shoes. At that time, we were a lot closer than nowadays. With the people in the dorm. But, they would ask us a favor instead. They said, \"Well, I feel bad to ask, but there is a candy store that sells bean-jam buns, so can you stop by quickly? I want to eat the buns, so can you go buy them for me?\" I thought about the one on the third block, the third block in Otemachi, but I couldn't get there by train. I had to get off the train and walk. Then, I said all right, and I looked here and there and jumped into the store when nobody was looking, and I said, \"Excuse me, but I want some of the round buns with bean-jam and some of those skinny long ones,\" then she wrapped them up quickly. I thanked her. The misesu [Ed. note: Mrs. Terao referred to married women as misesu.] there, she was young. She was a beautiful misesu. Then, \"These, since you buy from us all the time,\" she said, \"I am going to put extra ones, so please help yourself,\" and she would put extra pieces. Whenever I troubled myself to stop by to buy buns there, I couldn't take trains. I had to get off and walk. Promptly. Yeah, I walked! Because I walked there, the boss of the store gave me extra pieces as their appreciation. Back then, now I think about it, was the best time after all. ",
                " TY: Say, was it prohibited since you entered the store quickly? To buy bean-jam buns and other sweet-buns... ",
                " TY: That means that you couldn't stop anywhere on the way, on the way from school, right? "
            ]
        },
        "segment 13": {
            "Segment Desc": "",
            "Segment Questions": [
                " TY: Those students who lived in the dorm, they were from other cities, and they lived in the dormitory at school, didn't they? ",
                " TY: Is that so? Those people, their families must have been pretty well off. They had them stay at the dormitory. ",
                " AT: Uh-huh, well, their parents came over in the beginning of the month, paid money to church, no, to school, for food and others, left allowance, and went home. But, we commuted from home, so I said, \"Mom, I need money, I need money for tuition.\" Then, she told me to take the bankbook and our signature stamp, and to go to the bank and withdraw so and so much, and my obi, we fastened 3 feet, and they would roll the money in it. She told me that I shouldn't get distracted because I was old enough and that I should go straight to the bank, so I replied yes. When I arrived at the bank, they could tell by looking at my face. They told me to come inside, told me from the window to come inside, and they let me come to a room in the back. Then, they opened here, and the money was rolled inside of obi, and they took out the money this way. They put back the change into the obi again, and they inserted money. When we went to withdraw money, money was when mother came home, mother could not go by herself, after all. When I went, she told me to take it, then I took it to the bank, then I told them how much I needed for this and for that, right? Then I went into the back, they told me to come inside, and they let me enter from the door, and I was wearing obi like this, right? Then, from this part of obi, here, I was wearing kimono overlapping here, right? This way, in the part of kimono, in the inside, they put an envelope inside, and did like this, and they said to me, \"Don't play on the way home. Be sure to go straight back to your mother, and give her the money.\" \"Yes,\" I said. In this way, I went places on errands. "
            ]
        },
        "segment 14": {
            "Segment Desc": "Respect for a particular high school teacher",
            "Segment Questions": [
                " AT: Yeah. Well, she was a very good teacher, her name was Ms. Kobayashi. She lost her father early like I did. She liked me very much. She stayed at my house one night, she spent night. My mother had told Ms. Kobayashi that the scenery from the back of our house was beautiful, and she came. My mother had said that I should show her the scenery from the back of the house, so I told her so, then she said, \"Oh, is that so? I may come visit you, then.\" I came home with the teacher on a Saturday noon, then she stayed over night, then she went back to the dorm on Sunday, she went back there since they lived in the dorm. Ms. Kobayashi, she was a good teacher. She remained single... she graduated from a girls' occupational school in Tokyo and she had been a teacher since. She said that she was from Ibaraki Prefecture. At first, she was talking with the northern accent, so we said, \"Teacher, we don't understand you. Teacher, we don't understand you!\" [Laughs] So she spoke, but she liked me very much. After all, when you behave yourself, trust, trust and rely on teachers, teachers would come to take care of you. That's what I think. When the teacher stayed with us, my mom suggested that she should sleep upstairs, so mother had her stay on the second floor. On the second floor, there was a cluster of trees in the backyard. They might be still there. We could see a vast stretch of scenery without obstacles. Once in a while, the Keiben Railroad passed by. It was a very nice place. Then, the teacher said, \"This is such a nice place, Miss Nagao,\" and said that she was very impressed. She went home, and my mom said that she should stay with us again if she liked it so much. She thanked us for the invitation and came over one more time sometime later. I slept in the same room with the teacher... we slept on the second floor, and we didn't close the door, the door, for a long time, and we looked out of the open glass-fitted sliding door. I said, \"Teacher, this is nice. Please look outside. This, please look at the direction of the mountains, like Shiji, the Mount Shiji. Tonight, they lit the fire there.\" She said, \"Oh, is that right? That is very nice.\" I am sure those who live in the town like the scenery from the countryside. She was happy as she went home. Ms. Kobayashi was from Ibaraki. "
            ]
        },
        "segment 15": {
            "Segment Desc": "Memories of school, riding the trains",
            "Segment Questions": [
                " TY: Even back then, there were many buildings lined up in the town? ",
                " TY: You said before that you put tapes on the bottom of hakama to distinguish your school from other girls' schools, right? ",
                " TY: Was it like golden yellow? ",
                " TY: Was it in the U.S.? ",
                " TY: About the age sixteen, seventeen, right? ",
                " AT: Six, seven, eighteen. How old was I? About twenty, when I graduated. I went for three years. It wouldn't help if I just stayed home, would it? I said, \"Mother, I want to attend a research meeting.\" My mother said, \"You've had enough.\" And, there was a kimono material and goods store called the Oshimo. That place, brides chose, when mothers had their daughters married, they shopped and ordered a lot of things to be tailored. But, the store didn't have anybody to sew. I had left school, just being lazy and bored at home... that was close to us, the store. It was just like less than half a block. The lady came from the store and said, \"Asano, if you are just playing, I wish you could sew just one kimono for us.\" My mother also said, \"Well, I think it would be fine, but I don't know until I ask her. She does nothing but to play anyway.\" But, I would sew kimono right away if they were for us or for our relatives to wear. But I said, I told my mother that I didn't really want to sew something they had asked me to. She asked what was with me. Well, the feet... "
            ]
        },
        "segment 16": {
            "Segment Desc": "Description of mother: kind but strict",
            "Segment Questions": [
                " TY: Could you talk about your mother? Like what kind of person she was... ",
                " AT: My mother. Well, say, on the one hand, she was very kind. On the other hand, she was very strict. She was very good mother, but when she was strict, she was a strange mother. [Laughs] I used to think that she scolded me a lot. [Laughs] But, that was... as I grew older, she was saying it for my sake, so she was not a bad mom at all. She was a good mom. But, when I said something that she wouldn't like, she said, \"No! I don't know!\" it was like that. I flew at my mother. Then mother was, I came to understand later that she had tears welled up in her eyes in the back. I stopped doing that since I heard about it. I think, in that way, she didn't scold me too much and she reproved me. And then... now little by little, I came not to be resistant to my mother. About anything. Since my father died early, almost anything I asked my mother that I wanted her to do this and do that, she didn't say \"no\" most of the time. Most of the time it was all right. I had a friend whose name was Miss Oki. At her home, both parents were there, and they engaged in farming. She said, \"Miss Nagao's mother is very nice. She always agrees to whatever you say. At home, my father and mother both oppose me for everything,\" so she said. I really didn't feel it in my head back then. When I started going to girls' school after graduating from grade school, I started remembering, \"Oh, after all, girl... because I didn't have a father, she allowed me and tried to let my opinions go through anything, and maybe that's why she said 'all right, all right' to everything.\" I didn't understand it when I was younger. It was like that. I used to say good things about others, too. I said, \"How lucky, Miss Oki has both father and mother. Nice, isn't it?\" Then my mother would face the other way, with tears welled up in her eyes. At that time, I didn't understand it. I said it two, three times. My mother... I thought, \"Oh, mother, she must have thought what I had said was sorrowful.\" Later on, two to three years later, I said, \"Mother, when I went so and so, this way, mother, you handled it in this way.\" \"Oh, I was feeling so bad. I didn't want you to see my tears. So I looked away this way clearly and I did so,\" she said. At that time, I thought, \"How gracious parental love is.\" It happened two years before that. I came to feel this way two years later. So, \"Oh, parents are parents after all. We grow up selfish, so we don't understand the parental love.\" I even didn't understand the love of my grandparents, but I came to understand as I gained years in my life. "
            ]
        },
        "segment 17": {
            "Segment Desc": "First trip to Kyushu as a teenager",
            "Segment Questions": [
                " AT: Oh, what a good mother she was. She hardly ever said no. When I said, \"Mother, please do this. I want to do things in this way.\" She said it was all right. She let me do it. She said it was okay and let me go wherever I wanted to go visit as long as it was okay with my friends. Back then, my friends asked me if I wanted to go to Kyushu, as there was something in Hakata. She asked me if I wanted to go. I wanted to go because I had never been to Kyushu. \"Mother, for such and such reasons, Miss Oki asked me if I wanted to go to Kyushu.\" \"Just two of you?\" my mother said. \"No, Miss Oki's older sister is going, too, and they invited me if I wanted to come with them.\" \"It is all right for you to go with them if Miss Oki's sister is going.\" So, I got permission and I went to Kyushu. How old was I? Back then, I was like sixteen or seventeen years old. ",
                " AT: In this way, she took us to Kyushu. The teacher took us there, my friend invited her, and the teacher showed us around. So we visited, we went toward Kagoshima. And, where was it? It wasn't Kagoshima, Kyushu...Miya, Miyazaki, isn't there Miyazaki Prefecture in Kyushu? Then, when we saw it in the car, in the rice field, something was gushing out. I said, \"Teacher, what is that?\" Then she told us that there was a hot spring underneath. It was, well, water that was gushing out in the rice field. We said, \"That's unusual.\" My friend and I, two of us, said, \"Wow, it is good enough already by just coming here, by just seeing water gushing out in the middle of the rice field. We went home talking like that. This kind of, well, experience I had. When I went to Kyushu, water was gushing out in the rice field. I told friends that there seemed to be a hot spring underneath, then, \"Wow, you guys did interesting thing,\" our friends were jealous. ",
                " TY: By gushing water, you mean steam was coming up? ",
                " TY: Was it a school excursion? ",
                " DG: Did she have a car, the teacher? Did she have one? ",
                " AT: Yes, she did. Well, she rented one over there. She rented it because she could drive. At first, we were worried, so we asked, \"Teacher, can you drive?\" \"Yes, of course I can.\" We asked her many times. \"Don't worry,\" she said. [Laughs] Then, we went there by car, then now we had to walk. The contract was to take the car up there. So, we left the car there, and if there was a chance, they were to drive us back to the place we rented. That kind of place it was. And then, now we walked or took trains. Then, we took an electric train, and we arrived in Kagoshima. ",
                " DG: Was it your first trip? "
            ]
        },
        "segment 18": {
            "Segment Desc": "Nostalgic memories of high school, teachers",
            "Segment Questions": [
                " DG: Back then, didn't you have grade school excursions? ",
                " DG: That was Ms. Kobayashi? ",
                " AT: No, it wasn't Ms. Kobayashi then. Who, the teacher was one who came after Ms. Kobayashi. She only stayed just for a short, short while. What was the teacher's name? I can't recall her name. Ms. Kobayashi was a very good teacher. She was around thirty, thirty-one. She wasn't married. She said that she wanted to devote herself in the education for girls. She was from Miyazaki Prefecture, Miyazaki Prefecture. She spoke the northern dialect. At first, we repeated many times, \"Teacher, we don't understand you. Teacher, we don't understand you!\" [Laughs] We understood, although we only understood half of what she was saying. "
            ]
        },
        "segment 19": {
            "Segment Desc": "Losing touch with friends and teachers in Japan; some killed by the atomic bomb",
            "Segment Questions": [
                " TY: Did you write to each other for a long time with your friends and teachers later on? ",
                " TY: Was it Ms. Kobayashi? ",
                " AT: Huh? ",
                " TY: Ms. Kobayashi? ",
                " AT: No, it wasn't Ms. Kobayashi. It was a teacher from another school. She was married, married, and she was told by her parents to quit, but she didn't even have a child, so she said that she would use her experience in teaching instead of playing at home, so she was teaching the third or fourth graders in a grade school. Then, she sent me a letter saying that she felt younger when she stayed with children everyday. So I thought she was doing a good job, but she died young. Today, I don't have any friends. Only I am remaining alone among friends. Sometimes I think that I should visit the graves, so I want to go to Japan. I also think it will be great if I could visit my family's graves and my friends' graves. But, I really don't have a chance to go to Japan any more. My children tell me that they won't let me go alone. They say that someone has to go with me. Well, even if I go to Japan, I don't have my parents or siblings. After all, well, we call them relatives, but they are like strangers... We don't associate with each other, whatsoever. I don't feel close to any of them. When I think about such things, even my children ask me, \"Where are you going to stay, Grandma, supposed if you went?\" I say, \"Where to stay? I can just stay with the main family.\" But, I don't know them, so, my children, even if I say that I am going, they don't really say that I should go... They say that I should go when they go. I don't know when I go. It is like that. "
            ]
        },
        "segment 20": {
            "Segment Desc": "Relationship with Grandma Kobata; participating in an arranged marriage",
            "Segment Questions": [
                " DG: Until when was your mother around? ",
                " AT: She lived long, didn't she? Instead, my father died relatively early, right? He died at age forty-two, at an unlucky age of men. So my mother went through hardships to raise us. And also, when you have girls, you receive offers of marriage from here and there. Then, my mother really didn't want to send us to strange families or we didn't want to go. Besides, parents would be worried to send their daughters if the other side wasn't capable. Then, Terao [Ed. note: Mrs. Terao referred her husband as Terao.] came back from the U.S., and he said that he wanted a wife. There was a grandma [Ed. note: Mrs. Terao called her obaachan (grandma in Japanese), but the lady was not her actual grandmother.] in the relatives of the Teraos. The grandma's relative was also related to our family. Sister, my mother's sister was married to the grandma's relative, so in this way, she came to my house once in a while. The grandma always said that when I got married, she would arrange the marriage. Then, Terao came back to Japan from here. The grandma said that there was a good girl, so she would arrange the marriage, and she arranged the marriage. Since it's the grandma, I was not worried. She used to be a maid at a palace, so she was very, very strict about manners. See, she came and complained about everything and anything I did, like, \"Don't sit like that,\" or \"Don't walk like that!\" I always said that I didn't like Grandma Kobata coming over. [Laughs] ",
                " TY: You had been acquainted with the grandma since you were little, right? ",
                " TY: But, she liked you very much, right? ",
                " AT: Just as the grandma said. And, mother, when mother said something, I said, \"Mom, you are complaining again.\" I didn't listen to what my mother said. I listened if the grandma told me. Isn't it funny? But, now I think about it, I think that my mother didn't complain too much because my father passed away early. I think that is why she didn't complain so much. ",
                " AT: Happy, yeah, she was happy. I arranged flowers and put them in the alcove. As soon as she came over, she did like this to Buddha. The first thing she did. She greeted him. Then, she would look at the flowers in the alcove next to the Buddha's altar. \"Today's flowers, they are fresh flowers and alive.\" Sometimes when flowers became like this, she said, \"What's wrong with the flowers. They are dead. You shouldn't put such flowers in the alcove.\" My mother said, \"Grandma complained again.\" [Laughs] The grandma had too much time to spare. I was the only young girl among her relatives. She just wanted to come and complain. She used to be a maid at a palace, and she wanted me to do exactly what she had gone through then. But, even if she came with the intention to train me, there was no way I would do it. Because she was a maid at a palace, about everything, like, \"When you walk, take this certain numbers of steps.\" Or \"Do it this way,\" who could do such things? One tatami mattress, I was supposed to take four to five steps, but I just strode in one big step. [Laughs] She was a good grandma. She was related to the Teraos. She also became related to my family because my mother's sister went into the family, so we became relatives. The grandma said that she was going to arrange the marriage to the Teraos, and so she did. ",
                " TY: So the grandma arranged the marriage. After you met Mr. Terao, your husband, how long did it take to marry him? ",
                " AT: And having fun... Because he was in the U.S., all over, he said, \"Let's have fun. Let's go to some places,\" and he took me to places. With the grandma, three of us. We went to see here and there, and then, there is Hakata in Kyushu, right? The bronze statue of Mr. Saigo, you know the big one, I wanted to see it. When I told him so, he said, \"Then, we should go see it by way of a visit,\" and we went with the grandma, and we saw it. It was nice. "
            ]
        },
        "segment 21": {
            "Segment Desc": "Arranged marriage; system of inheritance in Japan",
            "Segment Questions": [
                " TY: Before the arranged meeting, you heard various things about your husband, about Mr. Terao, from the grandma, didn't you? Before you had the arranged meeting, you saw the pictures, too. ",
                " TY: What kind of things did you hear? ",
                " TY: The oldest son only. But, why was that? ",
                " AT: Usually, it was the oldest son. Well, it is the branch family after the second boy. When considering the monetary estate, \"We give you so much land, we give you so many guns, so many mountains,\" this way, they divided and received the property, and broke into branch families. But, the money, if there were many families, many people, if there were many brothers, the property of the main family would be gone. \"Give that one a quarter acre, give this one a quarter acre, give mountains to this and to that.\" The Terao brothers, how many were there? The main family brother, Brother Kubo, Sakuyama, and him... there were five boys. For this, the main family... Well, it was fine. If they divided the fortune to the other four, they said that however much fortune they had, the main family would run down. So, those who came to the U.S. said that they could manage to make a living without receiving the fortune, and they didn't get any. To the family called Kubo, the second oldest brother, there was a young girl in the relatives called Kubo, and he went into the family as a yoshi. They didn't have to give him a share of the fortune, so he went into the family when he was asked to be yoshi. That brother, he was different. He was very stable and kept manners, and so I said, \"I get headache when I visit Brother Kubo,\" and I came home. [Laughs] He was polite. When I bowed and looked up, his head was still down, so I stooped myself like this again. [Laughs] There are such people, those who are way too polite. I don't know now. Well, he was so polite that it was excessive, the brother. Instead, he never made mistakes. The neighbors used to say, \"Oh, the master of the Kubo is so polite, so polite.\" Since he was called master, master, I said, \"Oniisan, it is this and that way,\" then he said, \"Oh, all right. Then, well, we should do that way.\" Brother, he was very gentle. Since he went into the relative Kubos from the Teraos through yoshi arrangement, he became Kubo. The wife was, she was a very good wife. She would say yes, yes, yes, yes to whatever her husband said. So, even though he was a yoshi to the family, it didn't look like he was a yoshi. Yes, so... "
            ]
        },
        "segment 22": {
            "Segment Desc": "First meeting with future husband",
            "Segment Questions": [
                " DG: When you met Mr. Terao, what did you think of him? ",
                " DG: Well, young people back then, did they think about nice physique? ",
                " DG: If you didn't like him, was it okay if you opposed it? ",
                " DG: Could you have? ",
                " TY: In that case, if he was to be a yoshi, then you wouldn't have come to the U.S., and would have remained in Hiroshima, right? ",
                " TY: Is that so, but when yoshi, the yoshi, was made to a family with one daughter, was it okay if you still moved away from home? "
            ]
        },
        "segment 23": {
            "Segment Desc": "Preparation for marriage: sewing own kimono",
            "Segment Questions": [
                " DG: What did you do to prepare for your wedding? Your... ",
                " TY: Did you sew your own kimono? ",
                " TY: How long did it take for you? ",
                " AT: Say, I don't remember. There was a big kimono material and goods store called the Oshimo, there, \"Asano, it doesn't help when you just play around.\" There was a kimono material and goods store called the 0shimo, and they prepared the wedding preparation. They asked me if I could sew for them, and they said, \"For spending money, it doesn't help when you just play around, so you should work for your spending money.\" I thought I should try and sew one piece, and the patterns at the bottom was in fashion, so I sewed one with the patterns at the bottom, then they liked it. The patterns matched. It was like that, and someone who ordered said, \"Oh, how nice it is as it is sewed so beautifully. I appreciate it,\" and she thanked the Oshimo kimono material and goods store a great deal. There was an oldest daughter whose name was Onao-san. She took a yoshi, and she inherited the store. This time, she came in person and said, \"Ms. Asano, for such and such reason, please sew for us, please sew for us.\" I said, \"I don't sew well, so I don't like it.\" She said, \"No, no, when you sewed last time,\" the bottom pattern was in fashion, \"the patterns were matching neatly. The customer was very happy, and she came to thank us. So please sew for us.\" \"Well, because I play, I just play, I don't have spending money.\" Then, my mother, when I told my mother, she said, \"Yeah, it doesn't do anything if you just play, in the middle room, in the middle room, what, the stand has already been set up, so why don't you go there and sew kimono for them?\" So I said, \"Well, then why don't I give it a try?\" Then they liked it. In this way, whenever there was a wedding, let's see, I usually got one to two extra pieces. The store was called the Oshimo. The lady called Onao-san was running it. She was the oldest girl, but she didn't marry into other family. She inherited and managed the main family business. When I said, \"Onao-san, why do you bring this many? I can't do this many,\" then she said, \"Well, please work on them all night if you have to. If the bottom patterns don't match, there is nothing more embarrassing than that.\" Then, my mother said, \"Since she is asking you, why don't you do it for them? It'll be fine.\" For a while, until I married Terao, I ended up sewing kimono. When I bought mine, at the store called the Oshimo, there was a lady called Onao-san. She said, \"Yes, if it was for you, buy this and do that. Instead, I will give you a discount.\" She brought out the items of the best quality. So she came in this way. To the Teraos, I wore that at the wedding. I went. Then here, there was something, there was something for some occasions here, and I wore it. Then everybody said, \"Oh, this is a nice pattern, very nice.\" So I said, \"I sewed it,\" then they said, \"Oh, is that right?\" ",
                " TY: So you brought it to the U.S.? ",
                " AT: I brought it over here. I brought it over, but I asked my friend to take it back to Japan. I didn't have a chance to wear it. I wore it at a Buddhist ceremony because somebody said that we all should wear kimono together. I had it sent over for the occasion. Then, my friends, the kimono was black after all. Then they said, \"Hey, you have a really nice patterns.\" When I said, \"Yeah, it went such and such way at the wedding,\" they said, \"Oh, is that so? Then, it is a remembrance.\" Then, I had it at home, but I didn't have a chance, a chance to wear it. It became a bother, so when somebody went to Japan, I asked the person to take it back. I told her that she could just donate it to anywhere. I said that I didn't have a chance to wear it here. So I said, then my younger sister said, \"If it is from my sister, I want to keep it.\" So I gave it to her. My sister, she passed away. Sometime ago. So, me, I don't have siblings any more. I also had two half brothers. The second boy -he was still small- was in my family register. His name was entered in the family register, and I had my name entered in the Teraos. My mother said that she would never make us yoshi. It happened in that way. I did more, but it wasn't worth it. They spent it all. They all passed away. "
            ]
        },
        "segment 24": {
            "Segment Desc": "Japanese wedding traditions",
            "Segment Questions": [
                " TY: Well, things like the betrothal gifts, you practiced the betrothal gifts, didn't you? Well, could you explain a little bit about the betrothal gifts? ",
                " TY: How did your husband prepare it while he was back temporarily from the U.S.? He just exchanged the U.S. money into Japanese yen? ",
                " TY: That's Grandma Kobata, right? ",
                " AT: The grandma, she used to be a maid at a palace long time ago, so she was strict with manners. She said, \"Oh, what is it, what are you doing, taking five steps to walk on the tatami, taking five steps?\" She said that it looked inappropriate. When she came over, when I noticed, \"Oh, the grandma is here again?\" I went through the kitchen secretly, climbed up the ladder, and hid myself on the second floor. They said that they were wondering why it was taking so long. [Laughs] So, my mother said, \"Go greet her. The grandma is so, so worried.\" [Laughs] ",
                " TY: Could you tell me about your wedding? "
            ]
        },
        "segment 25": {
            "Segment Desc": "Description of husband's life in America",
            "Segment Questions": [
                " TY: Could you tell me the life of your husband in the U.S.? ",
                " AT: He was farming. In the beginning, his brothers were running a business. Well, what was it? ",
                " TY: Were they the third and the fourth brothers? The oldest brother was the main family, and the second one became a yoshi to the Kubos, he was a yoshi to the Kubo family, right? ",
                " TY: Ten... since he came when he was in the second grade in the middle school, he must have been around fourteen or fifteen, right? "
            ]
        },
        "segment 26": {
            "Segment Desc": "Feelings about moving to the United States after marriage",
            "Segment Questions": [
                " TY: When you got married, when you had the arranged meeting, you already knew that you would go to the U.S. if you married him, if you married Mr. Terao. What did you think about that? ",
                " AT: Whatever it was, we thought back then that we wanted to go to the States. It was because my friend from the girls' school, what was it, I think her name was Miss Nakata. She and I were in the different classes, but to the U.S., such nice people couldn't go there. She said, \"It will be to your interest if you could just see the U.S., so if you wanted to marry him, you'd better go.\" So she said. And the person, she had a good chance. She came to the U.S. She got married and came over. She said that human characters wouldn't improve if they lived in such small closed societies as in Japan. She said, \"If one comes to such large places as in the U.S., and the person feels peaceful and does things, everything will succeed.\" She was, she came here for the farming, but at the end, they quit farming, and with her mistaa, [Ed. note: Mister. Issei commonly refer a married man as such.] she started like a small store. But, the store seemed to have been prospering. After that, they quit the business again, and they started a money lending business this time. With their talent -they understood English, and people didn't when they just came from Japan- so they did things like translation, and that's what they did. That's what a friend of Terao's told us. If it was like that, people back then suffered. At that time, what, the salary was just so cheap. Nowadays, salary is what, they say whatever hundred yen, but the things were cheap back then. But, they said they worked a lot. After all, it seems that those Japanese who came to the U.S. were mainly farmers. Those farmers made crops and sent them into the stores, right? And then, their ways to the future opened up. My husband said that this was probably how the current Japanese society today was established after all. During the time, they had children, so they had them study this much. Right? Today, people send their children to high schools and colleges in general, right? Then, they held down Americans, and the Japanese children came on the top. They became top students because they were smart. He said such things often. ",
                " TY: Did you hear success stories often? ",
                " TY: Is that so? Have you heard any failure examples? ",
                " AT: In the U.S.? ",
                " TY: You still wanted to come over even if you heard such stories? "
            ]
        },
        "segment 27": {
            "Segment Desc": "Saying goodbye to mother upon leaving Japan for the United States",
            "Segment Questions": [
                " TY: You missed her? ",
                " TY: About coming to the U.S., what did your mother say? ",
                " TY: Was it the World War II? ",
                " AT: Huh? ",
                " TY: It was the World War II, wasn't it? "
            ]
        },
        "segment 28": {
            "Segment Desc": "Visiting famous landmarks in the U.S.",
            "Segment Questions": [
                " TY: So you came to the States with an intention to live permanently? ",
                " AT: Yes, I said that it would be good enough just to see the place called Amerika. It would be nice if we could go, then we should go to the U.S., we said. So we came. We went all the way to Mexico, and to the east, we also went as far as to New York. We had fun there. That trip, it wasn't that long, though. Luckily, a friend of mine had a house in New York, so we stayed there. We played around for a week, and there is the Statue of Liberty in New York, right? The woman, what, we were taken there by ship. Forty-eight stories or forty-two stories, it was like a big tall building. There, we went up. They showed us around. We had fun for a week. ",
                " TY: Was it right after you arrived in the U.S.? "
            ]
        },
        "segment 29": {
            "Segment Desc": "Arrival in the U.S.: taking English classes in the evenings, working to make necklaces during the day",
            "Segment Questions": [
                " TY: You studied English before you came to the States? ",
                " AT: I studied a little, but it didn't help. [Laughs] I couldn't pronounce too well, right? So I got fed up with it. I said, \"Oh, I can't do it, I can't do it!\" When I need English, I take young people with me. I have them translate for me. That, my children do it for me, so I am not worried at all. ",
                " TY: Who was teaching English? ",
                " TY: In Seattle? ",
                " AT: In Seattle. Well, on the Main Street, the school was on the Main Street. It is not there any more. About twenty people went there. But, we couldn't memorize, it didn't work. During the daytime, Terao said that it was not worth going to night school. He told me to go to school. Over there, at Broadway High School, what was the place called? In the private class, there was someone who taught English. I went there for a while. But, that too, I quit again after half a year or so. During the time, I was told that there was a job and was asked if I wanted to take it. It was at a place where they made necklaces. Then, my friend told me that they wanted Japanese. My friend and I said that we should go. When we went there, they said that they would hire us. At that time, 20, 22 yen, 2 yen, 25 sen, I think. How much was it, they hired us. For the first time I was going to earn money. I was happy when I received the payment. ",
                " DG: You didn't have your children yet? ",
                " AT: No, I had one child already, but she was going to school. There was a Safeway on the way home, if I walked home. The work was where I could walk in about 15 minutes. It worked just fine because I just went home straight, stopped by at Safeway, bought groceries for dinner, came straight, and by the time I got home, the oldest daughter had already cooked rice, as I had asked her to do in the morning. We worked till four o'clock, right? We worked til four thirty. After I came home, I cooked, I mean, my oldest daughter did everything so that I just needed to make dinner. So we did. So I worked, and I received the first payment that I worked for, went to the bank, and I had never been so happy. Because I worked by myself without any help. Then, I came not to want to spend the money. [Laughs] My children, they were doing pretty well. They were fine, and they didn't get sick, so it was good. ",
                " AT: Oh, necklaces. There was an arrangement at the place where they made necklaces, so I went there. What, what was her name? I forgot her name, um... That person could speak some English, too. Something like, she was doing things like a manager. She said that if she hired hakujin, she would rather hire Japanese. She stopped by my house on the way from work. She said, \"Mrs. Terao, for such and such reason, won't you work where they make necklaces?\" I said, \"Well, necklace is that thing you hang here, right?\" \"That's right,\" she said. \"Oh, I don't mind going,\" I answered. She said, \"Then, I will stop by tomorrow morning, let's go together.\" And then, I asked, \"Please tell me what I need to do,\" and there was a board of this size, and it was cut like this. The board. I pulled out beads there, they came from Shizuoka in Japan, those beads. When I looked at it, it said Shizuoka. Those, I pulled them out, and I took them out if they had scratches. Sometimes, if the small ones were blended in the big ones, I took those out again, and in the order, here I put a big bead, and I placed smaller ones in the order. I made it 15 inches and a half. With half an inch of a kurasupo [Ed. note: Mrs. Terao said \"clasp\" with a Japanese accent.], it became 16 inches. I measured it to be such and made them. I worked there for the first time, let's see, how much did I receive then? I received a salary. I was happy. I earned salary for the first time I worked in the U.S., and I received salary that I earned and went to the bank to cash the check. I had never been so happy. That was, we only made, 10...15 or 17 yen, but I said with friends, \"Wow, the first time. This is the money we earned by ourselves.\" I remember that I was happy receiving it. "
            ]
        },
        "segment 30": {
            "Segment Desc": "Living in Seattle so husband could run a trading business",
            "Segment Questions": [
                " TY: Even though your husband lived both in Seattle and California, why did you return to Seattle? ",
                " TY: Why did he return to Seattle? Why didn't you two go back to California together? ",
                " AT: He was also told that he could just stay here instead of going to California. His closest friend, Mr. Shibukawa, he was also here, and he had a house. My husband told him that he came here in such and such way, then he asked my husband, \"Oh, where are you staying?\" then my husband said, \"I am staying at a hotel now,\" then he said, \"If you stay in a hotel, there is a vacant room in my house.\" So we stayed at the house of Mr. Shibukawa, in a bed room, and he said that we could use another room like a kitchen and we could cook there, so we lived there for about a year and a half. Then we visited houses this time, and because he said that he wanted to be independent in the house, I said, \"Oh, I want to do that, too,\" and he worked at the Mitsui Product. Then, at the Mitsui Product, he went every morning, and every morning, he went around saying, \"Good morning!\" He did not like that, so he kept saying that he was quitting soon. [Laughs] So he quit, and he went to a hakujin's company, then he didn't have to do it. So he quit and started working for the Frye. The Frye's company was with hakujin, and it was just that everybody said one good morning, right? So he worked there for a long time until he quit. Once he said, \"I am quitting,\" but the boss came and said, \"Sam, why are you quitting now? We will be in trouble if you quit now.\" He was told so. Well, he was doing something like a foreman. So he worked there for a while, then... ",
                " DG: What kind of company was the Frye? ",
                " DG: What did they sell? ",
                " TY: Beef? ",
                " TY: What kind of work did your husband do there? ",
                " AT: Uh? ",
                " TY: What kind of department was he in, in that company? ",
                " AT: Oh, at the company, that was, well, what was it called? How many cows today, this, like this and that, how much per pound it was for this part, I don't know the name. This kind of place where they got meat. That was so many pounds to this place, so many pounds went to that place, he reported to the office. To the office. So he got the job. But, he didn't like the job again. Oh, no, he was working for the Mitsui Product before that. Because he was hired last, to everybody, when he went to the office in the morning, \"Good morning!\" He had to go to everybody's desk. He said he didn't like it, and he quit after three months. [Laughs] ",
                " DG: You said a long time ago, but when you came, ten, nineteen, um, you came in twenty, right? "
            ]
        },
        "segment 31": {
            "Segment Desc": "Obtaining a passport, making arrangements to leave Japan before husband is drafted",
            "Segment Questions": [
                " TY: Nineteen hundred, you came to the States in 1920, and you started the process for the issue of your passport after you got married, right? ",
                " AT: Huh? ",
                " TY: How were they different? Regular immigrants and non-immigrants... ",
                " AT: Yeah, we only could travel the second or the first class. But, if there were many people, there were only so many first and second class, right? There were many third class. To the third class, we... Terao was going to be drafted , so we had to hurry back. Otherwise, he had to go to the physical examination for conscription. There, there was a big hotel called the Taisei-ya. They took care of it. We went there and stayed there, then they told us that they would prepare it right. So they did it for us, and we still couldn't get on the ship. We were waiting for our turn, but what was it, about ten people were waiting. Then we just skipped nine people because we had the permit, so we could get on the ship. When we arrived at iminkan, there was no examination after landing if you had the permit of non-immigrants. They just had us landed. They had us back immediately. ",
                " TY: What other places couldn't they work? ",
                " TY: Had it already been arranged that he was to work for the Mitsubishi [Ed. note: mistaken for Mitsui] in the beginning? Or, was it after he arrived in the U.S.? ",
                " TY: It was the Mitsui, wasn't it? ",
                " AT: Work... His friends, they said it was so and so, and they said that he should go and negotiate. It wouldn't do anything if he just played around, so I said, \"Why don't you go?\" Then he hated bowing to everybody. In Japan, he was called, \"The master of the Teraos, the master of the Teraos,\" so he hated bowing to people. ",
                " TY: Was that because he came here when he was young and grew up here? Or it wasn't like that... ",
                " TY: When he returned to Japan to find him a bride, he was able to stay there up till 3 months, right? If I remember correctly. Draft, to escape from the physical examination for conscription... ",
                " TY: You had to be on either the first or the second class on the ship because you had a permit, a passport of the non-immigrants. The third class was for the people who were traveling with the regular passports. How, how were they different? ",
                " AT: Which, I was, I received the permit of the non-immigrant properly from the prefectural office. So, to tell the truth, I had to travel the first class. But, all the first class was -- both the first and the second class were full. We couldn't get in. Then we had to wait for one to two months. Then my husband was close to be drafted, right? So we couldn't do that. When we told them the reason, the hotel let us board on the ship. It was okay if we traveled the third class. We took the meals from the second class, we took the meals that those who were traveling the second class were eating, and since we didn't have sheets, we just came in a room in the third class. There was a big hotel called the Taisei-ya in Yokohama. We had the place as a base, and we asked them to take care of everything. So, if the first class was available, we were supposed to travel the first class, but there wasn't any when we applied. We had to leave Japan since the physical examination of conscription was coming up for my husband. For this reason, the third class then, and we said, \"Then, let's go to the U.S. promptly,\" we took the third class. They took care of everything... [Ed. note: Mrs. Terao scratches her collar bone.] Sorry, sorry, it itched. ",
                " AT: Yeah. That was because, to tell the truth, we had to travel the first class. For the type of the passport we had. But, we were told that the ship had already reached its capacity so that we couldn't travel. There was a big hotel called Taisei-ya. We asked them, then, they said that they would try somehow, and the person, the staff of the Taisei-ya hotel went through a lot of trouble, and that was how we could get on the ship. We were supposed to leave Japan because of the army, the physical examination for conscription. It was illegal, that, that we were still in the land of Japan, right? So we wanted to get on the ship as soon as possible, and the master of the Taisei-ya said that he would manage to do somehow, and he took care of the ship, and he had us on board. He was very kind to do that for us. "
            ]
        },
        "segment 32": {
            "Segment Desc": "Arriving in the United States, staying in a hotel, looking for job openings",
            "Segment Questions": [
                " TY: Did you think it was large? ",
                " AT: I thought, \"Oh, this is Amerika,\" but it was the wharf there today. It was a dirty place, where the ship landed. As we came over toward this way, I started seeing beautiful hotels and other buildings, so I thought that they kept things beautiful in the U.S. as I expected. Then, we stayed two nights at the Fuji Hotel. Then, the older brothers, they were running a hotel called the Union Hotel. The older brother of Terao was running it. He prepared a room for us because he heard that we were coming, but we didn't know that. We thought that the letters had crossed. We stayed at the Fuji Hotel first because we had reserved a room, so we stayed there, then the brother said it was this and that, so Terao said, \"Oh, in that case, let's go to my brother's,\" so we went to the hotel that his brother was managing, then we could do whatever we wanted to do. It was called the Union Hotel, and that was on the Washington Street and the Fourth or somewhere, the Union Hotel is still there today. There, we stayed there, and, this was how the place became the congression. [Ed. note: Mrs. Terao actually said the word \"congression\" in English.] Then, from there, we thought about going to California since Terao used to live in California, and we did some things, but the brother said, \"Since you have brothers here, why don't you just live here?\". We thought, \"That is probably the right choice,\" and we couldn't just play around, so my husband thought that he should look for a job somewhere, and he looked for job openings. He heard from people about a position at the Mitsui Product, so he got the position, thinking that he could just follow what people recommended. But, he didn't like going to the Japanese office. Every morning... since he was at the bottom because he entered the company most recently. He went to everybody's desks and greeted, \"Good morning. Good morning!\" He hated it. He said that he hated going into the office and bowed to everybody. Well, he worked for about two months. This time, he said that he didn't have to do it at the hakujin's offices, then, Ken Masuda, he was a driver of Mr. Frye. His car. He was Terao's friend since they were little, and my husband told him that he came here for such and such reasons. He described the work place and said that he didn't work at such a place, then Ken said, \"Yeah, to hakujin, I will tell Mr. Frye about you, okay? Then, you can just work there.\" Cows, there was a place where they killed cows, I heard. They had cows killed, but they didn't kill cows. They divided this, meat and other parts to this place and that place, right? He was asked if he wanted to work since the position was available. That's how he went there. When he came not to like it, he finally quit it, too. Because our child, we had our first child soon after. We had to do something to put food on the table after all, right? Because I couldn't work. Then he tried many things, but we worked at a place, not the Frye. "
            ]
        },
        "segment 33": {
            "Segment Desc": "Traveling to the U.S. on the same ship as \"picture brides\"",
            "Segment Questions": [
                " TY: You were on the ship, and on the way to the U.S., you said that the picture brides were boarding as well, right? ",
                " AT: Huh? ",
                " AT: There were many people who had picture marriages. We all came together. In their sleeves, they wore kimono, they wore Japanese robes, and the ship arrived, right? The husbands-to-be were there to pick them up. They saw the pictures from the underneath their sleeves like this, and they looked for their husband, well, they looked and tried to find their husband. Then, Terao said, \"Why don't I help you look for your husband. He looks like the one in the picture, but the man in the picture looks twenty-five or six, but his face looks like he is at least fifty.\" [Laughs] He said that. It was true. They sent the pictures they took when they were young. There was a hotel called the Fuji Hotel, it is still there, right? There, they were staying. After landed, some brides already escaped within the same evening. I read on the newspapers and heard from people. ",
                " AT: There were. There were some. It was their fault because they sent the pictures from their youth, right? They sent the pictures and lied about their age. There were people like that. It created a lot of trouble back then. There was a place called the Fuji Hotel, and they hosted those brides who came from Japan, and they were there to pick them up. There were picture marriages. All of them, they wore the same style, wrapping this thing around their waist. Terao was inquisitive, so he offered that he would take a look at it, then they said, \"Yes, please take a look.\" \"If it was him, the faces are similar, but there must be a huge age difference,\" he said. There were many people like that. ",
                " TY: On the way to the U.S. on the ship, it was before they met their husbands, right? What kind of things did such brides talk about? They must have heard what the U.S. was like, right? ",
                " TY: That was with Mr. Terao, right? But, the picture brides, they came to the U.S. to meet their husbands they never met before. ",
                " TY: They came to meet their husbands, right? What kind of conversation, what did they say about the U.S.? ",
                " TY: Did the brides look happy? ",
                " TY: Did you hear such stories? ",
                " AT: What? "
            ]
        },
        "segment 34": {
            "Segment Desc": "Special treatment on the ship because of \"non-immigrant\" passport status",
            "Segment Questions": []
        },
        "segment 35": {
            "Segment Desc": "Description of the downfalls of the \"picture bride\" system",
            "Segment Questions": [
                " AT: It was... many things happened, that was, the ship arrived, right? Then, they took out the pictures from their sleeves, and they looked at them really hard to compare the faces. There were many people who said, \"That person, his face looks very alike, but he is a lot older.\" They sent the pictures from their youth. Terao was so curious. He said, \"Let me look for him for you,\" and he saw the pictures. \"Look, this picture was taken when he was thirty or younger, and his face looks over fifty now.\" [Laughs] Like this, they landed. There was the Fuji Hotel right there. It is still there. Or is it? There, most of the picture brides spent night. If they didn't check in right away, they would run away. ",
                " TY: But, those brides were in about early twenties, right? ",
                " AT: Sho ga nai, right? They lied about their age, those who lived here told lies, the lies. Even though they were in their fifties, they still told them that they were in their thirties or twenties because it was the picture marriage, right? They sent the picture from their youth. When you looked at it, they were young in the pictures. The faces are very similar. Terao, he was inquisitive, \"Let me take a look,\" and he saw the pictures, he said, \"The third from that end looks like him, but whatever the way you look at him, he looks near fifty, that person. But, in this picture, he looks about thirty.\" He said so. Then, that night, the brides ran away from the Fuji Hotel. There were many people like that. ",
                " TY: After that, after several years, did you meet the brides you met on the ship in downtown? ",
                " TY: You never met any of them again? ",
                " TY: Then, really, when you got off the ship, was it the first time you met those brides? "
            ]
        },
        "segment 36": {
            "Segment Desc": "Buying and learning how to make Western clothes",
            "Segment Questions": [
                " TY: You arrived in the U.S. in kimono, right? ",
                " TY: Did you go buy western clothes immediately? ",
                " TY: Was it a store run by Japanese? ",
                " TY: What did you do with the patterns? ",
                " TY: You bought them. Until then, you were learning hand sewing in the Japanese handicraft class, the sewing class, weren't you? Was it the first time you used the sewing machine after you came here? ",
                " TY: They were teaching how to use sewing machines as well? ",
                " TY: Were the machines here more advanced after all? ",
                " TY: What did you think of the western clothes? "
            ]
        },
        "segment 37": {
            "Segment Desc": "Buying first home in Nisei daughter's name",
            "Segment Questions": [
                " TY: You moved to the Union Hotel that Mr. Terao's brother was managing after you stayed at the Fuji Hotel for two nights, but how long did you live there? ",
                " AT: Less than a year...It hadn't been a year. We found a place, we had to live somewhere we could cook, right? We found a place, and we went there to live. We lived in 721 Yesler Way soon after that. There, twelve, twelve, thirteen, about fifteen rooms that they were renting. Those, I watched. I changed the sheets once a week, and I did that, and there, I received the room rent. That was my allowance. I did such things. ",
                " TY: That is, that came much later on, right? ",
                " AT: Huh? ",
                " TY: That was after your children grew up, right? ",
                " TY: Did you know that Issei couldn't own properties when you were in Japan or did you find out after you came over here? ",
                " AT: What? ",
                " TY: Issei, the first generation of Japanese immigrants couldn't own properties, could they? ",
                " TY: What did you think about that? ",
                " TY: Could non-immigrants enter this country in 1924? ",
                " TY: Then, you and your husbands really were one of the immigrants in the last several years, weren't you? There were laws that banned the Issei, Japanese to enter this country and to own properties, right? What did you think about the laws? "
            ]
        },
        "segment 38": {
            "Segment Desc": "Husband leaves job at a Japanese-run company to work for an American company",
            "Segment Questions": [
                " TY: Your husband, he quit the Mitsui Product after three months, and he moved to the Frye Company, right? What did you think about him moving to an American company? ",
                " AT: No. By himself, alone, he decided that he didn't work there any more. No more. In Japan, he grew up being treated as a master, that's why. In Japan, people called him, \"Master, Master,\" and once he came, \"Good morning!\" Here, there, he was a master, and he hated the polite greetings. He couldn't stand it any more. He hated working for Japanese. At the hakujin's place, they were equal, right? Greeting is done when he just said, \"Hi. How are you?\" It doesn't go that way at the Japanese places. In addition to it, if it was a company, it is special. If you had your super, superiors, you have to say very politely, \"Good morning.\" Then you have to tell everybody. Then my husband was in a bad mood. Like when he was eating dinner after he came home. So when he said that he was finally quitting, I said, \"Oh, that's fine. Go ahead and quit if you want to quit.\" I said, \"Well, we can still manage what we have somehow.\" I said so. So, to tell the truth, since he got the position at the Mitsui Product, he shouldn't have said such a thing. But, he said that since he had been here before, he didn't have to force himself to work for the Mitsui Product, and that he could just become a farmer, and he just kept complaining. Then, he had a friend in California, and he said that we should move there because there were many friends there and he could start his own business if he wanted to. But, his brother had a hotel here, it was called the Tacoma Hotel, he had it. So he said that Shizuto was, alone, that he wanted his brother. He and his wife were lonely because they did not have children. It was just him and his wife alone. We had our children at home, then they adored our children. Almost every night, after they had dinner, they came to visit us at 721. They went home after they played with children. So we didn't move because they kept telling us that it was better for brothers to live together here. For me, I was fine with wherever I was used to living. I was already used to our neighbors. Interestingly enough, we lived across from the people who came over on the same ship. I remembered that we talked many things on the ship, and we often said, \"It was fun then.\" It sure was nostalgic. So I didn't want to move anywhere else to live. That was when we lived in 721 on Yesler Way. We lived there for a long time. We were there until eviction, we were evicted, then a house on 309 Boren Avenue was on sale, so we bought it, and Issei, Issei still couldn't buy it. So we used our daughter's name, and we bought it by being her guardians, and that was on 309 Boren Avenue, I think it was. There are buildings that the city bought. "
            ]
        },
        "segment 39": {
            "Segment Desc": "Surviving the Great Depression",
            "Segment Questions": [
                " TY: Oh, then, your husband's American nickname was Sam? Everybody called him Sam. ",
                " TY: Do you spell Shizuto as a \"quiet person\"? [Ed. note: The interviewer is asking Mrs. Terao how Mr. Terao's first name is spelled in Chinese characters.] ",
                " AT: To, the part to is to ascend, so Shizuto, to ascend quietly. Then, friend, his friend called him, \"Shizu-san. Shizu-san.\" His friend from his infancy did. He called him, \"Shizu-san. Shizu-san.\" My husband called him, \"Ken-san. Ken-san.\" Well, Ken was Mr. Frye's driver. He drove his boss's truck. The Mr. Frye, the boss was so strange that when he didn't like the way the drivers drove, wherever he was at, he told them to stop, and stopped them. Then he called for a taxi. That's how he went home. But, Ken, Ken Masuda, the boss liked the way he drove. So he adored him, and Ken said, \"Hey, Sam. It doesn't help if you just play around, and I am going to talk to my boss, so why don't you start working?\" \"That's right. It doesn't help as long as I just play around. But, if I work for a bank, I hate the 'good mornings to everybody' custom,\" and he quit. [Laughs] When he went to work for hakujin, they didn't have that. Yeah. So Ken talked to his boss about my husband, and the boss said, \"Oh, the Frye, he can work here,\" so my husband started working. At the company. ",
                " TY: During the Great Depression in 1929, American economy experienced the slump, and your husband was working for the Frye Company then, right? ",
                " TY: Those who lost the jobs, were they Japanese who worked for American companies? Or, did they work for Japanese companies? "
            ]
        },
        "segment 40": {
            "Segment Desc": "Living and working in the Union Hotel",
            "Segment Questions": [
                " DG: Did friends stay at the Union Hotel? ",
                " AT: Yeah, that's right. The one called the Tacoma Hotel... the rich second oldest brother, he lived in Alaska, and he found a gold mine. He was walking around in the mountain. Like this, he brought the soil back, and he had it looked at, then they said that they found the gold in it. Then, as a token of the appreciation, he received a lot of money. Then, he came over here. He didn't have children, he wanted to adopt one of my daughters, but she said, \"Me, I don't want to go,\" so I said, \"You should go back to Japan and find someone to take care of you.\" [Laughs] In Japan, he passed away already, and I saw my nephew. So he was managing the Tacoma Hotel. At that time, my husband was asked if he wanted to manage a hotel, but he said that he thought it was better to work than to manage a hotel. He worked for the Frye. He worked for the Frye for a long time and finally quit. He retired early. You start receiving retirement money when you work until the certain age, right? Now, he was receiving the money from Union. He was receiving it. When I worked, we always had enough money for food. But, he was so laid back, and he didn't talk about money too much. He liked antiques, so when he saw antiques, he bought them without hesitation. ",
                " TY: During the depression, you said that many Japanese lost their jobs. Were you asked for the help? ",
                " AT: No, Terao was working, right? Back then, he was working for the Mitsui, so he didn't go. Then, me, too, after our children grew old enough, I was working at a place where they made necklaces. So I bought groceries at a Safeway on the way home, I shopped at the Safeway because it was where I could walk in 15 minutes. I went to work with my friend everyday. I worked there. I made necklaces. When I bought necklaces there, I could buy 15-yen-necklaces for 8 yen. "
            ]
        },
        "segment 41": {
            "Segment Desc": "The importance of passing down Japanese values to children and grandchildren",
            "Segment Questions": [
                " TY: Your children, there were one boy and three girls at home, right? Raising children in the U.S., there are such important concept as oyakoko, giri, and gimu in Japan, right? ",
                " TY: Did you think that they were important assets to raise children in the U.S.? ",
                " TY: So you taught your children such concept? ",
                " AT: I didn't say that they had to do it. But, I taught them that they should do this and do that. Thanks to that, still today, my children say, \"What are you doing, Grandma?\" and I answer that I am not doing anything, then they tell me that I will become senile. [Laughs] They say such things. My grandson, too, he is funny. \"Grandma, if you don't do anything, it's not good because you will become senile. It is still good that you can come home straight though.\" \"What are you talking about!\" [Laughs] He made me say that I am back home. [Laughs] He jokes, my grandson. After that, he must have felt awkward, when I came down here, he came near me, when I came, the oldest one do this immediately. He has things to do. Like this, this. It is nice. Now, the daughter's son, he said that he wanted to be a medical doctor, and he is attending the Princeton. He said, \"I want to succeed my daddy.\" He said that he wanted to go to the Princeton that his dad went, and he asked us if they could let him go, so we said, \"Oh, sure, you should go.\" Then, he passed the test. Then, if they were the children of the parents who graduated from the Princeton, I heard they pick those children first. Of course, it wouldn't go this way if they failed the test. They pick them first [inaudible], and they pick the rest of regular people. So he passed it, and now he goes to the Princeton. One of my grandchildren. When I asked him what he wanted to be, he said, \"Me, I am going to be a doctor,\" so I said, \"Be sure to do your best to follow your dad's path.\" He said, \"All right,\" but he is busy. He only speaks English, that boy. When he learned Japanese, he talked to me in Japanese, and when I talked to him in Japanese, he said, \"What? What?\" Still today. He's already lost it. ",
                " TY: Did you pay special attention to your children to learn Japanese? ",
                " AT: What? ",
                " AT: Yeah. We all spoke in Japanese. Japanese, they went to Japanese language school. The teacher said, \"Mrs. Terao, your children, Fusako and others, they speak Japanese very well. Are you teaching them at home?\" So I said, \"No, we are not really teaching them, but when I talk to them, I just teach in Japanese because I think it is better to use Japanese than bad English,\" then she said, \"That's good.\" Someone said, \"It's been a long time, but when I talked to Fusako and others in Japanese, they talked to me in good Japanese. They answered in Japanese,\" so I said, \"Is that so?\" Not today, no more. They are speaking English now. "
            ]
        },
        "segment 42": {
            "Segment Desc": "Changing religions from Jodo Shinshu to Nichiren Buddhist",
            "Segment Questions": [
                " TY: When your children were small, they went to the Baptist Sunday School at first, didn't they? But they changed to the Sunday school of the Nichiren-shuu where their friends went, and started going there. ",
                " TY: Then, was that the reason you and your husband who used to practice the Jodoshin-shuu changed to the Nichiren-shuu? ",
                " AT: Yeah, we changed. We became the followers of the Nichiren-shuu. The family of Terao was originally practicing the Zen-shuu. We found out when we asked. We said that we should change to the Nichiren-shuu, and we changed to the Nichiren-shuu. The school our children went to, we would crash if the parents do not follow the religion, right? Our feelings would crash. This is why we changed to practice the Nichiren-shuu. At first, we recited Nanmandabutsu. ",
                " TY: You didn't think about changing the Sunday school that your children were going? ",
                " AT: Huh? ",
                " TY: Didn't you think about changing the Sunday school that your children were attending? ",
                " AT: No. Our children, they trusted them and attended the school, so Nanmyohorengekyo [Ed. note: the casual pronunciation of the sutra of the Nichiren-shuu] was placed a little higher than Nanmandabutsu, so we said it was better that way, like that. This, Terao recommended, too. A boy who was attending the school was a very good boy. We called him Jakki [Ed. note: Jack. Many Issei pronounced Jack as Jakki.], Jakki Yamazaki, and he was playing with our children. I wondered how he became such a good boy. Properly, even though he was a child, he came for my children. He also called for them in the morning, and he walked them home after it was done, he brought them home. At such time, he asked me, \"Obasan, could you let us use your backyard?\" so I said, \"Sure, come and play.\" We had a pretty large yard where children could hop around. It was a grass field. They threw a ball there. When I told them, \"You can play there,\" with our children, he played with all of our small children. He was the oldest in the neighborhood. Then, well, he became the head, and he was suggesting that they should play this and that, like throw balls, and play baseball, and in the back, they were playing in the large part of the yard. That boy, he was a very bright boy, and his name was Jakki, Jakki. When I asked his parents what they did to raise such a good boy, they said, \"He goes to the Nichiren Buddhist Church,\" I said, \"In that case, we should send our children there,\" and this is why we sent our children to the Nichiren Sunday School, instead of to the Buddhist Church. [Laughs] That was why we joined the Nichiren-shuu church later on. ",
                " TY: If you didn't get their approval, what would have happened? From the main family. ",
                " TY: Still today, all the generations of your family are attending the sect, right? ",
                " TY: For you, Asano-san, what do you call it, a church or a temple, of the Nichiren-shuu, for you to attend there also meant the connection to the community, right? All of your good friends over years are from the Nichiren-shuu, through the Nichiren-shuu. "
            ]
        },
        "segment 43": {
            "Segment Desc": "Participation in Japanese American community events: Bon Odori",
            "Segment Questions": [
                " TY: As you said before, the Nichiren-shuu also had a meaning as a connection to the Japanese American community for you, but did you participate in other various events in the Japanese American community? There are many events such as Bon Odori. ",
                " TY: Then, your children danced, too, in Bon Odori? ",
                " TY: You never found out who stole the money? You didn't know who took it? ",
                " AT: We didn't know. We didn't know. We had Bon Odori in front of the Nichiren church, someone did it then. So many people entered the building, right? That was when it was stolen. They stopped doing at the church since then. The practice was at the hall, too, everybody practiced, they did until the day of Bon Odori. Many people came for the practice. We went and danced, too, but I didn't dance even if I said so. I went because it was fun chatting with friends. Now I don't go there any more. I don't go, because they have it in front of the Buddhist Church. ",
                " TY: Please tell us the manner, the manner that you emphasized to your children, and also the things they couldn't say or the places they couldn't go, such things. What kind of places did you teach your children not to go? ",
                " AT: Hmm. That kind of things, the teacher taught them at the Sunday school. See, my children went to the Sunday school, right? Then, they taught things like if they went to this kind of places, they had to behave like this, or if they went to this kind of place, they had to do in this way, like this, I don't know now. Before, the wife of the reverend was a very good person. The wife was teaching, and the wife of the current priest is a good person, too, but she has children. I wonder how she is doing, I don't go to the church any more nowadays. "
            ]
        },
        "segment 44": {
            "Segment Desc": "Raising children: teaching them to be careful when attending community events",
            "Segment Questions": [
                " TY: Mrs. Terao, when you were small, you said that your mother and grandpa and everybody let you do whatever you wanted to do. But, when you actually had your own children, it was in the American society where you didn't grow up, right? But, did you, after all, have your children do freely? Or, were you more careful because they were in the American society... ",
                " AT: No. Of course I was careful. As much as I could, um, how should I say, there were some not well-known meetings, right? I told my children not to go to that kind of places. That, those well-known meetings were fine because most of them were related to the temples. But, there were some irresponsible unwell-known meetings, but there were some curious people, they are not doing now, though. They were walking around quite a bit for solicitation, so I just said, \"Thank you for inviting us. Well, if we had a chance we might join you,\" and I talked with friends, and we decided not to go, and said, \"Oh, let's not send our kids to such meetings.\" ",
                " TY: Were you okay with those things? "
            ]
        },
        "segment 45": {
            "Segment Desc": "Learning to celebrate American holidays",
            "Segment Questions": [
                " TY: In Japan as well? ",
                " TY: Have you been celebrating for a long time since your children were small? In American society, people in general celebrate Christmas, right? But, the Terao family has been with the Nichiren-shuu. But, did you do it after all? ",
                " TY: Thanksgiving and Halloween, too? ",
                " TY: These events, how did you learn? Like what kind of food you eat, what kind of things and what you needed to do. ",
                " TY: Did you still practice otoshidama and nenshimawari even after you came here? "
            ]
        }
    }
}