{
    "Narrator_Name": "Beth Shironaka",
    "Bio": "Sansei female. Grew up in San Diego, California.",
    "Title": "Janice Sakamoto - Beth Shironaka Interview",
    "Interviewer": "",
    "Location": "San Francisco, California",
    "Date": "December 2, 1983",
    "Densho ID": "denshovh-sjanice_g-01",
    "transcript": {
        "segment 1": {
            "Segment Desc": "Family backgrounds",
            "Segment Questions": [
                "Q: Janice, can you tell me about the photo? ",
                "Q: Beth, are you interested in the camps, I mean, how did you become interested? "
            ]
        },
        "segment 2": {
            "Segment Desc": "First learning about the World War II incarceration experience",
            "Segment Questions": [
                "Q: Janice, can you tell Jane how you sort of perceive this issue in terms of people starting to be comfortable with it?"
            ]
        },
        "segment 3": {
            "Segment Desc": "Talking to Nisei parents about their wartime experiences",
            "Segment Questions": [
                "BS: I guess while Janice was talking, I was thinking of how different my experience has been in my awareness and how it has grown and developed over the past few years. My parents, or my mother, has always been really vocal about the camps. She's always explained that they went to camp and she even has photos of rural Arkansas which is the farthest east, farthest east that the camps were. But as I... growing up and looking at these photos, I never got the sense that this was something wrong. It shows, the photos that she has shows them playing in the snow, throwing snowballs and you know, just having a good time . So it was much later and reading bits and pieces about the history that was developing at that time, that I learned that there was something really wrong and unjust about the camps. And that, then that growing awareness made me realize that I needed to find out things for myself as far as my understanding. So I started questioning, not only my mother, but my -- well, not my father directly, 'cause I always, he never offered or volunteered information. So I kind of questioned around him, you know, when there were people, when there were Nisei in the, in the room, I would ask them, \"Well, why didn't you fight?\" or, \"How could you go through this?\" And they would explain to me. So my awareness was not, in comparison to Janice, was not quite the same because I didn't have the opportunity to go to Asian American Studies courses. Because the Japanese community in San Diego is almost nonexistent and very dispersed, so there wasn't the same kind of need or demand as there was up here in the Bay Area, so I was more, I had to go out and find out what exactly the camps were all about. ",
                "JS: What did your, the Nisei friends tell you about what they were experiencing, or how did they view the camps? "
            ]
        },
        "segment 4": {
            "Segment Desc": "Growing up Sansei: coming to terms with ethnic identity",
            "Segment Questions": [
                "BS: What is inferior? I feel inferior because... I wouldn't describe it as inferior. I would say I'm comfortable knowing that there's something different about you, yet you are American and you're American born, but your culture is not what whites experience, for example. Having gone to college and having a college experience and being exposed to other families, you kind of, I think for myself, that's when I realized my family was real different. And I think that's when you realize that that, it's not good enough, what you grew up with and what for all your life had been most comfortable, was not what was acceptable by a majority of people. You're looked at or your culture is seen to be strange. And you don't want, you don't want to be perceived as that, because everybody wants to be acceptable. "
            ]
        }
    }
}