{
    "Narrator_Name": "Bill Hosokawa",
    "Bio": "Nisei male. Born in Seattle on January 30, 1915, and attended Washington grade school, Garfield High School and the University of Washington. He grew up as a typical Nisei, working summers in Alaska salmon canneries and Western Avenue produce brokerages to pay for his education. He became interested in writing at Garfield where he was sports editor of the school paper. While attending the University he worked at the weekly Japanese American Courier published by the late Jimmie Sakamoto. A faculty adviser at the University urged Hosokawa to drop out of the journalism school \"because no newspaper in the country would hire a Japanese boy.\" Hosokawa rejected the advice, but when he graduated in 1937 he found the professor was right. After working as a male secretary writing letters, Hosokawa and his bride, the former Alice Miyake of Portland, Oregon, went to Singapore in 1938 to help launch an English language daily. A year and a half later Hosokawa moved to Shanghai to work on an American-owned monthly magazine, the Far Eastern Review. Then, sensing the inevitability of war, he returned to Seattle in 1941 just five weeks before the attack on Pearl Harbor. When war came, Hosokawa served as executive director of Seattle JACL's Emergency Defense Council helping people in the community to cope. He and his family were removed to the Puyallup Assembly Center, Washington. When other Seattleites were moved to Minidoka concentration camp, Idaho, Hosokawa and his wife and infant son were sent to Heart Mountain, Wyoming. Later, he learned he had been separated from his Seattle friends because he was considered a potential troublemaker. He was in Heart Mountain for 14 months, working as editor of the camp newspaper, the Heart Mountain Sentinel, before being released to join the Des Moines, Iowa Register in 1943. In 1946 he moved to Denver to work on the Denver Post. In 38 years at The Post he held such assignments as executive news editor, assistant managing editor and Sunday editor. He covered the Japanese peace treaty in San Francisco in 1951, the Summit meeting in Paris in 1960 and the Zengakuren student riots in Japan that same year. He also had assignments as war correspondent in Korea and Vietnam, and for 17 years was editor of Empire, the Post's prize-winning Sunday magazine. For his last seven years at the Post Hosokawa was editor of the editorial page -- a Japanese American imprisoned during World War II as a potential security risk who now directed the opinion section of a major American newspaper. After retiring from the Post in 1984 he served the Rocky Mountain News as ombudsman columnist for seven years. Hosokawa has taught journalism classes at the University of Colorado, University of Northern Colorado and University of Wyoming. He wrote a weekly comment column called \"From the Frying Pan\" in JACL's weekly Pacific Citizen from 1942 until 1999. Among other honors, Hosokawa is a former president of the American Association of Sunday and Feature Editors and a member of that organization's Hall of Fame, a charter member of the Denver Press Club Hall of Fame. He was named JACL's Nisei of the Biennium in 1958, and has published 12 books. Hosokawa and his wife Alice, who died in 1998, had four children.",
    "Title": "Bill Hosokawa Interview",
    "Interviewer": "Frank Abe",
    "Location": "Salt Lake City, Utah",
    "Date": "August 4, 1994",
    "Densho ID": "denshovh-hbill-02",
    "transcript": {
        "segment 1": {
            "Segment Desc": "Thoughts on the role of the JACL during mass removal, and suspected community informants",
            "Segment Questions": [
                " FA: Well from, from writing his book and being his friend, why was Mike Masaoka and the JACL the best people to lead Japanese America at the time of the war? ",
                " BH: Who else was there? There was no one else. JACL has been accused of seizing power. There was no power to seize. The Issei community had fought the JACL over the years, suddenly there was no Issei leadership. The entire Japanese American community was without leadership. And I don't think the JACL really wanted all that responsibility, but they saw a vacuum that somehow had to be filled. And the federal officials gravitated toward JACL because they saw no one else. ",
                " BH: I don't know about Matsumoto. I think Jimmy was the kind of fellow who, when asked about so-and-so would say, \"Yes, I know the man, and this is what I think of him.\" He was very direct. There were, there were very difficult questions. You might say, \"Do you know Mr. Yamada?\" And Jimmy or someone else might say, \"Yes indeed, I know Mr. Yamada. I think he's a good man, he's good to his family, he's good to the community. And he's been in this country a long time, and he would not hurt the United States.\" And then the question might be: \"But what if the Japanese landed this espionage team here? Would Mr. Yamada -- and they came to Mr. Yamada's home. Would he pick up the phone and call the FBI? Or might he give his people shelter overnight and say, 'Get out, you're going to cause me trouble'?\" Those were variations of what might be considered loyal or disloyal. ",
                " FA: Do you think it was a mistake even to give that kind of information to the FBI? ",
                " FA: Was it still a mistake to give that kind of information to the FBI? "
            ]
        },
        "segment 2": {
            "Segment Desc": "Discussion of the choice to comply with mass removal without protest",
            "Segment Questions": [
                " FA: Why did they, why did they do that? Why did the JACL do that? ",
                " BH: What choice did you have? When you're faced with a young guy with a gun pointed at you, and he's got a very nervous trigger finger, and they say, \"This is what you guys are going to do,\" you don't say, \"Now wait a minute, I'm going to stand on my constitutional rights.\" That's a very difficult situation, and Masaoka and the others were aware of the constitutional implications. As I said at the luncheon today, there are times to hold, hold your cards and there are times when you have to fold your cards. I think Masaoka felt that he had to fold his cards at that time. ",
                " FA: Were you ever faced with a soldier with a gun, an itchy finger? Was Mike ever faced with a gun -- a soldier with a gun? I mean... ",
                " BH: Well, that's a metaphor. I did face people with guns, yes. There were guys with guns that escorted me into the assembly center at Puyallup. But who was it? Bendetsen, in his speech at the Commonwealth Club in San Francisco, said, \"We had two plans: one was the plan we executed. The other plan was to get these people out of here on twenty-four hours' notice.\" ",
                " FA: We checked, and again, Mike talked about the army contingency plan. But we checked, and the army only had forty-nine tanks at the time. And general George C. Marshall said they had 174,000 men in the army at the time. To evacuate 120,000 Japanese Americans? I mean, it wasn't, it was not possible for the army to evacuate us all in twenty-four hours. And yet that's the argument -- ",
                " BH: How did we know? How did we know? They said, \"We're gonna move you out,\" who were we to say, \"You only got forty-nine tanks, try it.\" "
            ]
        },
        "segment 3": {
            "Segment Desc": "Mike Masaoka and Minoru Yasui's positions on creating test cases",
            "Segment Questions": [
                " FA: Mike and the JACL, Mike argued against test cases. And he argued so strongly against test cases. Why did he do that? ",
                " FA: But even, even Mr. Yasui, Min Yasui argued that, and said that, \"Tyranny, we cannot accept tyranny without resisting.\" Why did Mike challenge that so strongly? ",
                " FA: Why did Min Yasui turn so suddenly from his position that tyranny without resisting is wrong, to suddenly telling the Heart Mountain resisters that they better cooperate or the army would get people with 2 x 4s in prison? "
            ]
        },
        "segment 4": {
            "Segment Desc": "Discussion of mass removal and incarceration: decision of whether or not to protest",
            "Segment Questions": [
                " BH: Do I say that in so many words? ",
                " FA: Well, if he didn't say it, then, as a principle, it certainly was his guiding principle. And that certainly was his strategy. Why was that a good strategy? ",
                " BH: Well, let's say it worked, did it not? When you look around today and see where the Japanese Americans are in this society today, and it's interesting to contemplate where we would be today if 115,000 of us in 19', early 1942 said, \"Screw you, government, we're going to stand by our rights and shoot us down if you will.\" That would have been a very difficult time. And you have to have gone through the experience of that time to realize, to understand the hostility that we faced overnight. Suddenly we were the enemy. There were cases where a Issei fellow had a grocery store twenty years in the same corner, people had been coming in, they say, \"Hey, we've done business with Joe Yamada here for twenty years. He's a nice guy, we think he's okay, but who knows? He might have been spying for the emperor here for twenty years. Blood is thicker than water. You can't trust these slant-eyed Japs.\" And that was the tenor of the times. In Seattle, there were about twenty young Nisei girls, eighteen, nineteen, twenty years old, working as secretaries in grade school offices, offices of the principal. They were fired because the president of the city PTA said, \"These are the girls who will be answering the phone when the warning comes that the Japanese are going to bomb Seattle. Do you think that they will spread the alarm? No. There's a good chance that they will conceal that information. And for the safety of children, we've got to get rid of these girls.\" ",
                " FA: No question there's a lot of hysteria, a lot of prejudice. The JACL and yourself just keep going to back to, it was either/or. We had to cooperate willingly and cheerfully, or there would be bloodshed. What about cooperation under protest? ",
                " BH: I think that would have been a good thing. I don't think that there was a lot of cheerful cooperation. There might have been a lot of putting on a cheerful front. Now, there were pictures of young kids waving goodbye to their friends as they ride out on the train to the concentration camps. What are they supposed to do? Cry? You put on a face. There was not a lot of cheerfulness. There was anger and frustration and bitterness and despair, a tremendous amount of that. But there was the feeling that, \"By God, if this is what we are called on to do, we will do it.\" ",
                " FA: Why not cooperation under protest? The test cases, the resisters were a form of protest. Why did the JACL say -- ",
                " FA: Was that the right thing to do? ",
                " FA: That was his strategy at the time? "
            ]
        },
        "segment 5": {
            "Segment Desc": "Belief that the actions of the World War II draft resisters \"endangered a lot of other people\"",
            "Segment Questions": [
                " FA: At the luncheon today, you talked about people who have revised history. Do you feel that what we're doing here is trying to revise history, or be unfair about the past? ",
                " BH: Well, to the extent that, as Cressy pointed out today, to blame everybody in JACL and the organization for something that happened fifty years ago under great duress, and to continue to make that an issue, I think is a form of historical revision. I know that, I admit, I gladly admit that there were mistakes made, but I think that there were mistakes made by the federal government, by the army, by the general American public, by Congress, by everybody, and to point to the JACL and say, \"You guys are the bad guys, you guys are the stupid dolts that sold us down the river,\" and continue that drumbeat for fifty years, I don't see the wisdom of that. I'm fully in accord with the way the round table wound up today: \"Let's start the healing.\" Well, the healing process started six years ago in Seattle when the resolution was passed. Well, it's still an issue six years later. Where is the healing? I think they made a good effort today to start the process again. But I don't blame guys for the position they took, I think it took a lot of courage, a lot of guts, and I think that they endangered the positions of a lot of other guys. I had relatives in the military, and I supported the positions they had taken, and I would have disagreed with what they were doing, not because of the principles involved, but because it endangered a lot of other people. But to make that a raging issue a half a century later is not productive. ",
                " FA: When you say \"endangering other people,\" are you talking about the guys in the military? ",
                " FA: Can you elaborate on that? I don't understand that. ",
                " BH: Sure. Sure. Supposing that -- let's not suppose. But late in 19', sometime in 1943, the army sent out this silly questionnaire that the WRA adopted. And the army said, \"We're inviting these people to join the military, to join the army.\" And if everybody in the camps, 100,000 of us had said, \"Hell no, we won't go,\" as they did during the Vietnamese war, what would be chances of ever getting out of the camps during the conflict? A good many of us were moving out of the camps and getting back into the American lifestream, the mainstream of American life. That program would have been shut off immediately. It would have been very, very difficult to get people back to the West Coast during the continuance of the, during the conflict, and the movement back had started before the end of the Pacific war. The WRA was making efforts to get the people back to the Pacific, back to the Pacific coast a full year and a half before the, before the West Coast was really open. And you can imagine what a difficult time it would have been to pursue that program if the people in the camps were rioting and demonstrating as they did in Tule Lake, as they did in Manzanar. You should, perhaps you've read the newspapers of that time: \"Riots in the Camps,\" \"Anti-American Riots in the Camps,\" \"Revolt,\" and that sort of thing. And the press was extremely hostile at that period, there was very little effort on the part of the press to ascertain the facts. There was no in-depth reporting. The Dies Committee, the Costello Committee, guys like that in Washington were feeding the fires, and just looking for an opportunity to nail us to the wall. ",
                " FA: The JACL has always argued that, how could we have protested? If we had protested, there would have been bloodshed. But the sixty-three boys in Heart Mountain lodged a peaceful protest through legal means in the courts. And still, in 1944, the JACL urged the prosecution, urged, argued against their parole. Why? "
            ]
        },
        "segment 6": {
            "Segment Desc": "Thoughts on the Heart Mountain resisters",
            "Segment Questions": [
                " FA: What did you think of the growing resistance in Heart Mountain before you left? ",
                " FA: What do you mean? You felt this would be trouble. ",
                " FA: Why did you think that? ",
                " FA: Why not? ",
                " BH: You jeopardize the positions of other people. Isn't that a, isn't that a... what's the word? Well, it's an inconsistency. If you're docile, if you're quiet, everything is going all right, the vast majority of the people are going to be treated okay. In Tule Lake, in Manzanar, when there was violence, the people who really suffered were the innocent bystanders. The people in Tule Lake went through some very difficult times. They had, they wanted nothing to do with the demonstrators, they just wanted to be left alone. And I think this was true in Manzanar. The vast majority of the people wanted to be left alone. And anybody who was stirring up things made it difficult for them. And that is what I meant when I felt that there might be problems. "
            ]
        },
        "segment 7": {
            "Segment Desc": "The lack of information about the Heart Mountain Fair Play Committee in previously published works",
            "Segment Questions": [
                " FA: Finally, you were the historian for Japanese America, or the unofficial historian, by default perhaps, but you were the one published author in Japanese America. The resisters mentioned to me, why didn't you write about them in Nisei and JACL: Quest for Justice, and East to America, why no mention of the principled resistance of the Heart Mountain Fair Play Committee? ",
                " FA: You mean under pressure politically not to mention it? ",
                " FA: Then what did you mean by \"pressure\"? ",
                " FA: East to America? JACL: Quest for Justice? ",
                " FA: Do you think now, well, do you think the story of the Heart Mountain -- the protest and resistance of the Fair Play Committee is an important story? ",
                " FA: Do you resent that? ",
                " BH: Do I resent it? No, I haven't, I never read it because I never see the Rafu Shimpo. But I've heard of it. "
            ]
        }
    }
}