{
    "Narrator_Name": "Bill Takemoto",
    "Bio": "Nisei male. Born and raised on Bainbridge Island, Washington. During World War II, removed to the Manzanar concentration camp, California. After the war, joined the Air Force and eventually returned to Bainbridge Island.",
    "Title": "Bill Takemoto Interview",
    "Interviewer": "Frank Kitamoto",
    "Location": "Bainbridge Island, Washington",
    "Date": "August 3, 2007",
    "Densho ID": "denshovh-tbill_2-01",
    "transcript": {
        "segment 1": {
            "Segment Desc": "Family background",
            "Segment Questions": [
                " FK: What were your parents' names and where did they come from? ",
                " FK: So were they married when they both came over here to the United States? ",
                " FK: So actually, your dad then moved to the island earlier than the 1920s, is that right? ",
                " FK: Well, what did your, what did your family do for a living, then? ",
                " FK: Where did you bring your berries? ",
                " BT: I'm sorry? ",
                " FK: Where did you bring your berries? ",
                " FK: So how many kids in your family? Who are the kids in your family? "
            ]
        },
        "segment 2": {
            "Segment Desc": "Growing up on Bainbridge Island",
            "Segment Questions": [
                " FK: Now, what was it like growing up on the island at that time? You have neighbors, where did you live? What was the first place you lived? ",
                " FK: So did your parents always live there or did they live anywhere else on the island before that? ",
                " FK: So did they purchase the land or what happened? ",
                " FK: What was it like growing up on the island as far as when you were younger and going to school and so forth? ",
                " FK: What was school like? ",
                " BT: School... I don't remember too much in detail, but I know that I failed first grade, because I guess I had limited English ability, and went to school at Lincoln grade school there, intersection of, is it Madison and Winslow Way, is it? ",
                " FK: So what did you do as kids for fun at that time? ",
                " BT: A lot of work. [Laughs] On the strawberry farm. But we didn't have any neighbors real close. We had a couple of neighbors, but they were childless. But nearest neighbor with kids was about three quarters of a mile away. You remember the Beeches? I remember we went up there to play a lot. ",
                " FK: So what was a typical day for you as far as working on the farm and stuff? ",
                " FK: So did your family ever take any trips anywhere or go to Seattle, or was it mostly working on the farm all the time? ",
                " FK: What would you do when you went to Seattle? ",
                " FK: Where would you go to do that? ",
                " FK: So there were lots of clams and fish at that time? "
            ]
        },
        "segment 3": {
            "Segment Desc": "Finding out about having to leave for camp",
            "Segment Questions": [
                " FK: Now you said you were in seventh grade when you had to leave. What do you remember about finding out that you had to leave? ",
                " FK: On the farm? ",
                " FK: Do you remember anything about that day that we left? ",
                " FK: Do you remember any of your Caucasian friends or their feelings or their attitudes? ",
                " BT: Their attitude? ",
                " FK: Yeah, when they found out you were leaving and so forth? ",
                " FK: Was there any change in feeling at the school when they got the notice that we had to leave in six days? ",
                " FK: Do you remember anything about the ferry trip? ",
                " FK: How about the train ride? ",
                " FK: Now when you got to California and put on the bus and saw where you were actually going to be staying, did you have any reactions to that? ",
                " FK: Now were your parents arrested or anything before that because of being aliens? "
            ]
        },
        "segment 4": {
            "Segment Desc": "Memories of camp",
            "Segment Questions": [
                " FK: How did your parents react? Was there any reaction on their part? ",
                " FK: So what was school in concentration camp like? ",
                " FK: So what do you remember doing in camp as a kid? What are the things you remember? ",
                " FK: So you said there was a creek in camp? ",
                " FK: So what did you do there? ",
                " FK: So Ken was about your age? ",
                " FK: So you said that when you ate, you ate with your friends more than your family. Now, were most of your friends in the same block? ",
                " FK: Yeah? So they were mostly from Bainbridge? ",
                " BT: Yeah. I remember... what's Ken's wife's name? ",
                " FK: So how many families stayed in Manzanar? ",
                " FK: So did you have any feelings when everybody else left and a few of you guys stayed in Manzanar? ",
                " FK: When they started asking for volunteers out of the camps and stuff, did anybody you know go in the service? ",
                " FK: Now, did you ever end up in the service or any of your brothers? "
            ]
        },
        "segment 5": {
            "Segment Desc": "Joining the Air Force",
            "Segment Questions": [
                " BT: So you went in the service then? ",
                " BT: What year was that? ",
                " FK: 1948? ",
                " FK: So what did you do in the service? ",
                " FK: What did you fly in? ",
                " FK: So did you serve in any of the wars then? ",
                " FK: So you went overseas for those? ",
                " FK: So you were kind of career guy, then? ",
                " BT: Huh? ",
                " FK: You were a career person in the Air Force, pretty much? ",
                " FK: So where were you stationed most of the time then? ",
                " FK: So do you have a family of your own? ",
                " FK: Were you married during that time, or what? ",
                " FK: So what year did you get married? ",
                " FK: That was close to retirement or just before? ",
                " FK: So she was a, was she a Japanese national then? ",
                " FK: So what do you think about this memorial we're doing out there? "
            ]
        },
        "segment 6": {
            "Segment Desc": "Returning home and returning to farming",
            "Segment Questions": [
                " FK: When you came back to Bainbridge, did the whole family come back at the same time? ",
                " FK: You guys came back early, didn't you? ",
                " FK: Yeah, first family. So what was it like when you came back to the island? ",
                " FK: Did you have someone looking after your farm when you were gone? ",
                " BT: Well, we got evacuated in April, so we had a crop of strawberries that he, my father, I guess he contracted out to some person to harvest it. What was the original question? ",
                " FK: Did you have someone looking after your farm for you while you were gone? ",
                " FK: Who were your neighbors? ",
                " FK: So when you... was there some sort of decision made when you left? Because it seemed like that was earlier than most people were leaving, so did your dad or somebody decide, hey, we're just going to get out of here as soon as we can? ",
                " BT: Oh, you mean out of Manzanar? ",
                " FK: So what were your feelings when you saw your house and the windows were gone and things like that? ",
                " FK: So you guys just started right in repairing? ",
                " FK: And you probably enjoyed getting back to the berries, right? [Laughs] So when you came back then, how old were you? ",
                " FK: So what was that like, going back to Bainbridge High School? ",
                " FK: So when you graduated, what did you decide you were going to do? ",
                " FK: Well, did you face any animosity or any things like that because you were Japanese and the war just ended and so forth? ",
                " FK: Okay. So your mother and father pretty much went back to farming, right? And then as... let's see, where were you in the family? You were the third? ",
                " FK: The second oldest, okay. So when you left and Vic graduated and all that from high school and stuff, did Vic come back and farm, too, or what happened there? ",
                " FK: Yeah. So the farm continued with your, with the other brothers? ",
                " FK: Now, how long did your family farm? ",
                " FK: Now, do you guys still own the land there? "
            ]
        },
        "segment 7": {
            "Segment Desc": "Reflecting on wartime experiences",
            "Segment Questions": [
                " FK: So do you ever talk to your children about your experiences as far as being forced to go to camp? ",
                " FK: So what are your feelings about what happened as far as having to leave your home and stuff? ",
                " FK: What would you like this memorial we're doing to say to other people? What do you think is important for us to say there? ",
                " FK: So what do you think is gonna happen in the future? ",
                " FK: What kind of effect do you think being sent to camp had on the people of Japanese descent that live here? ",
                " FK: Do you think there was a reason why most of us didn't speak out or protest or anything like that? ",
                " FK: Looking back on things, do you have any comments or feelings about the people that actually resisted being drafted and didn't go into the service during that time? ",
                " FK: Why not? ",
                " FK: When you talk to your kids about your experiences in the service or concentration camp time, what things are important to you that they understand about what you went through? ",
                " FK: That she doesn't already know, huh? [Laughs] I see. Well, what question do you think she'd ask you if she had a chance to ask you? ",
                " FK: You mean Manzanar? ",
                " BT: Yes. They now have a... what do you call it? ",
                " FK: Interpretive center? ",
                " FK: Do you think what you went through has affected your children and their outlook on life? ",
                " FK: Has she ever told you why knowing about the internment and things like that were important to her? Has she ever talked about that? ",
                " FK: Do you have any feelings about why that might be to her? ",
                " BT: I'm sorry? ",
                " FK: Why it might be important to her? 'Cause it sounds like she's really done a lot of studying about it. ",
                " FK: What do you think the difference between the Sanseis and the Niseis are? ",
                " FK: Were there any other things they used to tell you to be careful about or what you should do? ",
                " FK: Yeah. Well, do you think any of their influence on us has been passed on to our children, too, or do you think we've avoided that? ",
                " FK: Well, are there any, excuse me, are there any messages or anything you'd like to have people know, or any feelings or any things you have that you'd like people to know that we haven't asked you about? "
            ]
        },
        "segment 8": {
            "Segment Desc": "Hearing about the bombing of Pearl Harbor, encountering discrimination",
            "Segment Questions": [
                " FK: How did you find out about Pearl Harbor? ",
                " FK: Did you have a feeling or a reaction when you heard that? ",
                " FK: Did you have any conflicts or confusions about being Japanese American and not being a Japanese national, seeming like people were confused between the two things? ",
                " FK: Now, how would you react if somebody said that to you? ",
                " FK: What's your mind thinking? ",
                " FK: Now as a Japanese American person in Japan, how did the Japanese react to people that were Japanese Americans? ",
                " FK: Was there any conflict in your wife's family when you decided to get married? ",
                " FK: So as soon as you got married, did you move to the States or did you live there for a while? ",
                " FK: Did she have much of an adjustment when you moved over to the States? ",
                " FK: So how you end up, excuse me, how did you end up in Kent? ",
                " FK: So how long did you work for Boeing? "
            ]
        },
        "segment 9": {
            "Segment Desc": "Preparing to leave camp",
            "Segment Questions": [
                " FK: Do you remember anything about the riot in Manzanar? ",
                " FK: Do you remember it being talked about in camp and stuff? ",
                " FK: Do you remember anything about the \"loyalty questionnaire\"? ",
                " FK: So how much older than you was Vic? ",
                " FK: Two years older? So he would have been, he wouldn't have been seventeen yet, either, at that time, was he? ",
                " BT: He was born 1926. He didn't get called, did he? Maybe he was 4-F, medically... I don't remember what was wrong with him. He wears glasses, but I don't think that stops. But he graduated from high school in '45 down in Manzanar. ",
                " FK: Down in Manzanar? ",
                " FK: So what do you remember about the trip home? Did you guys catch a train or catch a car, or get a car, or what happened? ",
                " FK: Do you remember the ferry trip at all? ",
                " BT: Coming back? ",
                " FK: Do you remember anybody having any bad feelings about you guys when you first came back to the island or anything like that? ",
                " BT: Say again? ",
                " FK: Giving you a hard time or anything like that when you first came back to the island? "
            ]
        }
    }
}