{
    "Narrator_Name": "Bob Santos",
    "Bio": "Male of Filipino and Native American descent. Born 1934 in Seattle, Washington. Grew up in the Chinatown/International District area of Seattle. In the 1950s, became involved in civil rights activist causes. Served as Executive Director of the International District Improvement Association (InterIm) from 1972 to 1989. In 1982, founded the Minority Executive Director's Coalition along with other members of the \"Gang of Four\": Bernie Whitebear, Larry Gossett, and Roberto Maestas. Oversaw the Seattle Chinatown/International District Preservation Authority from 1989 to 1993, and served as Regional Director of the Department of Housing and Urban Development from 1994 to 2001. Returned as Executive Director of InterIm until retirement in 2005.",
    "Title": "Bob Santos Interview II",
    "Interviewer": "Tom Ikeda",
    "Location": "Seattle, Washington",
    "Date": "June 3, 2011",
    "Densho ID": "denshovh-sbob_2-02",
    "transcript": {
        "segment 1": {
            "Segment Desc": "Spending time in the International District with father",
            "Segment Questions": [
                " TI: And today is Friday, June 3, 2011. We're at the Densho offices doing this interview. On camera is Dana Hoshide, observing we have Casey Ikeda and Nina Wallace, and I'm the interviewer, Tom Ikeda. And so, Bob, the first interview we covered pretty much the prewar and wartime, and to start this interview off, during the war your father lost his eyesight, so why don't we start right there and tell me about that? ",
                " BS: Okay, we lived in the NP Hotel, and my dad had this girlfriend. I don't know if they were married or not. When you're a little kid you don't, you're not really that... I'm living with my aunt and uncle, and I'd come down on weekends, live with my dad. So he had this girlfriend, and he was going to a doctor, and his eyesight on... his one eye, he lost sight of one eye while still boxing, and then the other eye, his left eye, started to deteriorate, so he went to the doctor and had that checked out. And they told him that we should try cataract surgery, and so he -- he didn't know much about it, and he did a little research on it and figured that that was the right way to go to save that, the left eye -- so he had the surgery, and it failed. He lost both eyes, sight in both eyes. So his girlfriend left, and so he was, he was pretty much on his own except when I came after school or on weekends to take him around. And I became my dad's seeing eye dog. So Saturday or Sunday, I'd go down Saturday morning and we had this ritual. We would, I would take my dad -- he'd get dressed up. He always wore a shirt and a tie and a suit. And as I said earlier, we lived in this one room, single room occupancy unit, nine by thirteen, and there was this closet and the closet had all his clothes, and when he was boxing he acquired a pretty nice wardrobe, and so he always dressed in a suit. So I'd take him around the Chinatown-International District -- and don't forget, I'm ten, eleven years old then -- and we'd go by the barbershop on Jackson Street, Vince's Barbershop, and we'd stop in the barbershop, and you could hear the rattling of the domino chips in the back, in the back room where they're playing haikyu. Paikyu, they call it now. And we'd go in the back and the guys that were winning would give me a little money. I always had money in my pocket. And we'd go in the back room and I'd get a nickel or a dime from the winners, right, and my dad would get a cigar from these guys, and then we'd go down and go into Delphine's barbershop. That's in the Atlas Hotel, where one of the restaurants are now, and it was Delphine's barbershop and it was the biggest barbershop in Chinatown. They had six chairs, three on each side. And in the back room you could hear the click, click, click, so I'd bring my dad there and made, oh, I might've made twenty-five, thirty-five cents going around, talking to the winners, and my dad was still a hero, sports hero, even though he had quit boxing seven, eight years before that. And we'd leave Delphine's barbershop and then we'd pass Ray's barbershop, and I said, \"Dad, why don't we go in there?\" he says, \"We're Tagalog and they're Ilocano.\" That's that, you know, that... ",
                " TI: Like tribal? ",
                " TI: And before we go there, back to Tai Tung, how did the Chinese community treat your father? ",
                " BS: Oh, he was a, they're old sports fans of the old man at that time, and he was quite a hero with the workers there, and so they had his photo up there, too, in boxing pose. And so he was pretty popular there, and so he did well in the Chinese community. To the Filipino Improvement Club and a lot of gambling going on there, and they served lunch there, but since we had hum bow already we didn't have to eat lunch. That's on Maynard, and then we'd go back to King Street. We'd walk down King Street, and Dad said, \"Let's stop into Mike's Tavern.\" Mike's Tavern was on the corner of Sixth and King, on the south, on the southeast corner of Sixth and King. It's a brick building now owned by Howard Dong. And he said, \"I want to go see my friend Felix. He's having a beer today.\" So we walk into the tavern. You know my dad had a cane. Tap, tap, tap, tap, so everybody knew he was coming, tap, tap. We walk in, and as soon as we walk in the door of the tavern we hear this argument going on, these two guys yelling at each other, and one of 'em is Felix, my dad's friend. And someone, either him or the guy that he was arguing with, the big Swedish guy, Nordic American guy, were arguing over this five dollar loan or bet, whatever it was, and we sat down and they were still arguing, and Dad said, \"Bobby, take me over to that fellow that's talking to Felix.\" I says, \"Okay, Dad.\" He says, \"Put my left hand on his right shoulder.\" \"Okay, Dad.\" So we go, tap, tap, tap, tap. I put his hand, and he goes [throws a punch] boom, and he drops the guy. My dad's blind, but he could, he could feel his shoulder, he knew where his chin was, he goes pop and he goes down. He says, \"Bobby, we better go now.\" So out the door we go, and we go down King Street. Tap, tap, tap, tap and he's dragging me down King Street and towards Fifth Avenue, and all of a sudden we hear this, \"Hey, Sammy. Sammy, stop.\" He says, \"Bobby, who's that?\" I said, \"It's the cops, Dad.\" He says, \"It's okay. Let me do the talking.\" So everybody knew him, right? And the cops, \"So what's happening back there, Sammy, at Mike's Tavern?\" He says, \"I don't know, officer. I don't see nothing.\" So anyway, that was, and of course they laughed, and blood is streaming down my dad's knuckle. Now, Dad was not a violent guy. He was a very, very patient guy, was really a fun kind of guy, but if he got riled up with someone picking on his friends he came to their defense, even though he was sightless. He knew he could cause some harm. Anyway, that was my old man. ",
                " TI: That's a good story. Now how did, so how did you, what did you think when you saw your dad do these things? I mean, did you, were you surprised when he punched this guy? ",
                " TI: Now, during this period, how did your dad support himself? "
            ]
        },
        "segment 2": {
            "Segment Desc": "Jobs as a teenager",
            "Segment Questions": [
                " TI: In talking about supporting yourselves, so when you were growing up you had to have various jobs to, for spending money and whatever, so let's talk about that now. So what were some of the jobs as a teenager you had growing up in Seattle? ",
                " BS: Well, one of my first, a friend of ours, Jim Beltran and his family were pretty prominent in the Filipino community, Mrs. Beltran, they're the family that lived across the street from the Matsudairas, and they always had a house full. They had their own children, four children, and they took in foster kids, and so there was always a houseful of kids. And Mr. Beltran owned a gas station on Tenth and Jackson. It's where they have the Vietnamese sandwich shop. That was a Union gas station. And so on weekends I would work for Uncle Jimmy, just putting the air in the tires and just washing the windshields and stuff like that, and he paid me a dime or, a nickel or a dime for the whole day, which was pretty cool for me. Then a friend of ours owned a stall at the Pike Market, and I remember working several weeks selling cucumbers at the Pike Market. And I'm just a little kid, and I was a mouthy kid, so I was like the barker, you know, \"Get your fresh cucumbers.\" So that was the first two jobs I had, and then I delivered the Star newspaper. Remember? We had the Times, the P-I, and the Star. ",
                " TI: And the Star was more the union, wasn't that the, a more union paper? ",
                " BS: I don't remember what it was, but it only had, they came, they came out on weekdays and they never had a Sunday paper, so, but I delivered papers for a year or two. But those were my really, really early years. And of course, during the summertime we'd go down to Sears parking lot and jump on the truck to go bean picking or raspberry picking. Or in the early summer our family, my aunt, my mother's sister who we stayed with, would pack up for a couple weeks and we would travel to Bainbridge Island and work the strawberry fields, the strawberry fields that were owned by the Filipino farmers. And so that's our summers. Really roughing it, right? ",
                " TI: And this was, the strawberry fields, were they previously Japanese strawberry fields? ",
                " TI: And they were, they came down and worked the farms. Do you remember that at all? ",
                " TI: And was this Bainbridge Island or just in Seattle? ",
                " TI: Because, I'm sorry, he was mixed? ",
                " TI: Okay. I didn't know that. So going back to you and other jobs growing up, so what else did you do? ",
                " TI: 'Cause there were other, the other workers were Filipino? "
            ]
        },
        "segment 3": {
            "Segment Desc": "Working in an Alaskan cannery",
            "Segment Questions": [
                " BS: Float plane, landing plane. We'd see this cannery and the fish house. They have the warehouse where they stored all the canned goods, and then they have the fish house where you did all the work. You cut up the salmon and you cut off the heads and you do the sliming and do all that kind of stuff. So we land at the warehouse and we take our gear and we walk down the boardwalk, and the first house you see on the little hill is the superintendent's house. It's a white house, two story house with a white picket fence. And then you go down the boardwalk, and then you see these other nice little houses like cabins, and there's a fence along, white fence along there, and that's where the white fishermen live and the mechanics who maintain the machinery. And then, then you walk down the boardwalk and here are the sled dogs in their doghouses. They're owned by the Natives there, and the Natives are on the other, they live on the other side of the superintendent's office in little shacks and cabins. And at the end of the boardwalk is this bunkhouse where the Filipinos live, and we're on the other side of the world, right? We're out in the tundra where the flies and the mosquitoes and all that kind of stuff, and so they put eight of us into a bunkhouse room, eight of us. Had four double deck beds, so we're crammed into them, so that was sort of a growing up kind of thing, growing up experience. The dining hall also was used in the evening as a gambling hall, so some of these sharp gamblers would get their way up to Alaska and become the dealers at these gambling, at the gambling tables. And a lot of these guys, a lot of these cannery workers would lose their whole check, their whole season's salary in a week, and that was part of life. These guys went up to Alaska to earn enough money to come back and feed their families for three or four or five or six months, and they'd lose their whole check on the gambling tables. ",
                " TI: But these professional gamblers, it sounds like, were they workers or were they just up there? ",
                " TI: But the ones who were really, really good at cards, the dealers, were they also workers or did they just go up there to gamble and take the money? ",
                " TI: So were you about the youngest up there? "
            ]
        },
        "segment 4": {
            "Segment Desc": "Description of work in a cannery",
            "Segment Questions": [
                " TI: The, again, talking to the people who went up there, it was really hard work, but it was lucrative. I mean, people will talk about literally working for two, three months and using that money the rest of the year because it was pretty lucrative. Was that the same for you? ",
                " BS: The first year, 1951, I was in the warehouse and my job was filling these machines with tops of the cans, and the cans would come around this belt and then they'd go down -- it was a machine, right? -- and the tops were stacked, and they'd press down on the can and then it'd turn around, and the next can. My job was to fill that thing with tops. All day long that was my job. I was called the topper, was what the hell they called that. It was really tediously boring work, but I was just thinking the money I was making was pretty cool. The second year I went, 1952, I had to work in the fish house and it's called the slimer. The fish came off, the fish came off the, onto a belt. Someone would be in the bin hoisting the fish onto this belt, and the fish would come off the belt and the butcher would take the fish and place it into a section of the belt where the heads were chopped off and the belly was slit open by a machine, and it came down the conveyor belt to four or five of us on each side of the belt, and we would grab a fish and we'd clean out the inside. You had a water spigot and a knife and crusty old gloves, and our job was to clean out the guts of the fish. All day long. Boom, boom. Well, being the rookie, my first year as a slimer they put me at the end of the conveyor belt, and every once in a while they would sort of let every other one go by and they'd just pile up, and I'm going like crazy and they're laughing, you know? And I didn't think it was very funny, but that was sort of the introduction into the sliming business when you're in Alaska. And you, of course, they'd do that a couple times and then they, the joke was, it was laughed out. ",
                " TI: And this was also your, right, your first exposure to the cannery workers union and things like that? ",
                " TI: And they got their power because they worked with the owners of the canneries? "
            ]
        },
        "segment 5": {
            "Segment Desc": "Attending high school",
            "Segment Questions": [
                " TI: [Laughs] Okay, this is good. We have to finish up the Pauline... wait, wait. She asked you? ",
                " TI: Well, was that common? I would think the, usually back then I thought the man would ask the woman. ",
                " BS: What can I say? I owned a car. ",
                " TI: Okay, good. So let me ask you, in high school what kind of student were you? ",
                " TI: How about discipline, in terms of getting in trouble in high school? Was that a problem for you? ",
                " BS: It was a problem for my aunt and uncle and my dad, but not a problem for me. One thing I remember, I went to O'Dea High School and I was this kid who wasn't really -- with the teachers, the Irish Christian brothers, and the coaches because I was on the boxing team -- I wasn't really this Filipino kid. I was just sort of accepted there as somebody, as an athlete. And I'd hear some of these comments. I went to school with the Laigo brothers and a guy named Albert Mendoza, Filipino, our Filipino kids that we grew up, all went to Maryknoll, and they would come to school in dress pants. They were slacks, the black slacks. And they weren't wearing tennis shoes at that time. They were wearing regular Oxford shoes, dress shoes, and always had nice clothes. And the coaches would, they'd comment, \"Here comes the hotshot jitterbugs,\" the Filipino kids, you know? And it always, it really got me then because these kids after school would have jobs in the restaurants downtown, right? Or at the athletic club or Ivar's or some of these places, and there were no lockers at that time at these restaurants, so the kids that worked these restaurants had to dress up to go to school and then they went to work, and then that was their working clothes that they went. It always bothered me that they were termed \"hotshot jitterbugs\" because they dressed different from all the other kids at school. The white kids, right? And so I wrote about that in my book, I think, about, you learn these little things about little, just little things and it bothered you, little comments that were made about people, brown people, black people, and so it starts to sink in that there's two different worlds here as you're growing up. So that always bothered me. That's why I didn't have very good memories of O'Dea High School, because of that. "
            ]
        },
        "segment 6": {
            "Segment Desc": "Serving in the Marine Corps",
            "Segment Questions": [
                " TI: What do you do next? ",
                " BS: I actually had a boxing scholarship to Gonzaga. They worked out a boxing scholarship to Gonzaga, and I was thinking, I really have to go school and really study, and I boxed at O'Dea for the four years that I was there. At that time boxing was a, was a high school sport, and several schools around the state had boxing programs, but the Seattle School District didn't, so we would travel all over the state boxing, and I got the scholarship. And I decided right after summer, before I went to school, I hired on at Boeing. I wanted to earn some money for school and worked through the summer at Boeing. And all my buddies, before... my buddies were all older, a year or two older, and they had joined the Marine Corps to fight in Korea, during the Korean War, and after I worked that summertime -- and that summertime I worked in Alaska, came back early, and worked at G.O. Gwy's drugstore on Third and Union, and that was the first Seafair torchlight parade, the year that I was working there, and all my buddies came in to the soda fountain, and I'm washing dishes and they're saying, \"See ya, Bob,\" and then they go out the parade and I just felt I'm missing the whole world. I'm crushed 'cause I'm missing this big old celebration. But anyway, I decide to apply at Boeing, and I got a job at Boeing and the salary's pretty good, so I bypassed my first year of school at Gonzaga to work, and halfway through the year I decided to join the Marine Corps, to catch up with my buddies. So I didn't attend college until I got out and just did a couple of semesters there. But I joined the Marine Corps and became, I was an expert on the rifle range, and I thought, oh man, I'm gonna become the sniper. You know, that's the elite when you're an expert in firearms. You have the general medal and then you have a specialist and you have expert. But they assigned me as a mechanic to a helicopter squadron, so I spent my years going to school in naval aircraft schools, in Memphis, Tennessee, and in a base in North Carolina, and I was shipped off to Korea. And the armistice had been signed while we were on a ship to Korea, so I never got in, to see any conflict. And while I was on KP duty -- you know what KP duty is? You work in the kitchen and peeling potatoes -- I saw these guys running, jogging, a team, and I yelled out, \"What are you guys doing?\" And they said, \"We're on the boxing team.\" So I joined the boxing team when I was in the Marine Corps, and you get all these privileges. You work, you get to eat in the, not the officers mess hall, but the sergeant, the noncommissioned officers mess hall, and you get special treatment, and then you go from base to base and box in certain tournaments, so that was more my life in Korea. And later when I was reassigned to Japan I joined the boxing team there in Japan, and so I had a good life when I was in the service. ",
                " TI: How about things like racism and prejudice in the service during that era? How would, what was that like? ",
                " BS: That, that was sort of, well in the Marine Corps, when I went to boot camp in the Marine Corps half of the platoon came from Hawaii and the other half from Texas, so there was always this little conflict going on, and I'm right in the middle 'cause I'm from Seattle, Washington, right? And so I could see this playing out, and the Hawaiian guys were, they were pretty, seemed to be pretty patient in explaining cultures, what they were going through, how fun it is in Hawaii, and growing up, we all play football, and all of that. And the kids from Texas slowly started to embrace, not the culture so much, but the individuals, and so when we first started out, the first week or so in boot camp, there was a lot of tension, and that sort of played out in, after a month or so, everybody in the platoon pretty well got along. So it's always a learning experience when you go into a situation like that. I got into a couple of fights myself when people made derogatory comments about Koreans or Japanese or African Americans at that time, or Filipinos, comments that were made probably, insensitive kinds of things that probably they grew up with notions but not really, really didn't mean what they were saying. It's just part of their life, using derogatory terms. ",
                " TI: Now where did that come from in terms of standing up for other people? So here you have African Americans or Japanese or Koreans, I mean, you could think, well, they could just stand up for themselves, but you went out of your way to stand up for others, so where did that come from? ",
                " TI: So if it weren't for that incident you would've probably stayed in the military? "
            ]
        },
        "segment 7": {
            "Segment Desc": "Working at Boeing after returning from military service",
            "Segment Questions": [
                " TI: So after you're discharged, what happens next? ",
                " BS: Little break. I was thinking about school 'cause I had the GI Bill, but I was in the middle of the school, it was in October and it was after the semester started, so I went back to Boeing and got a job in the, called the hammer shop. They had these big SECO hammers, lead hammers, and you have a flat piece of metal, and the hammer came down to shape the metal, right, and it formed the metal to the shape of the die. And so that was a fun thing to do. And then in that shop they had these rope hammers and the heavy hammerhead came down with the die on it, come down slowly, and then across the aisle were these siegal hammers that were used hydraulically, and they came down hard, like boom. You had to go like this and they'd go [moves arm up and down] and then boom. And I was, I became a hammer operator after the first, after the first year, actually, I made my way up from a B operator to A operator within a year, so I really started making some money. I'd get these raises every other week, seems like twice, twice a month I'd get raises. So this one guy, this old guy, a Nordic American guy who had been there for years, he was a shop steward and he was the jitney driver, and he was just livid that this young kid was making more money than he was making at that time. And I had to have a die brought in to the hammer once and I had to call him, Gus or whatever his name was, and I had to lead him in with this die that's dangling from a jitney, right, on a cable, and it's several hundred pounds, maybe a ton even, and it swaying like this. And he's going by me, and he stops and it starts to sway, and it hits me, right? The die hits me, not hard, but just enough to piss me off, and I, this had been going on for about a month or so, this antagonism between him and I, him really, really mad at me. But so when he hit me, instinctively, I grabbed him off the jitney and I hit him, and he went flying into a bin full of cut up aluminum scraps. And when I hit him I probably hit over here somewhere [points to head], right, and he went in there, and then when I saw the photos when I, when they arrested me and brought me to trial, he's all cut up. It wasn't from me, it was from the, from the metal scraps in that bin that he got cut up, and so I had to, went to trial of course, and I subpoenaed all my coworkers and they stuck up with me, for me. They said this guy had caused me trouble for a whole month and then I just retaliated. And I got, I got convicted, but they, there was no sentencing. They put me on probation for a year, if I stayed out of trouble, so I did that. He got transferred out of the shop and I got to keep my job. ",
                " TI: And so it's interesting, so Boeing, as a company, they didn't really do anything to really discipline? It was more a outside police... ",
                " TI: Was that first time you were arrested at this point? ",
                " TI: And you're such a strong connection to their heritage. I mean, you can tell all these stories about their, not only their great-grandfather, but their great-great-grandfather and on and on, so that's, that's neat. So you're at Boeing for, what, about ten years or so? "
            ]
        },
        "segment 8": {
            "Segment Desc": "First becoming involved in the Civil Rights Movement",
            "Segment Questions": [
                " BS: So Walter Hubbard was, he was president of the Catholic Interracial Council of Seattle. And at that time we had an archbishop, Archbishop Thomas Connolly, and he was becoming a champion in the Civil Rights Movement locally, with the local clergy, and so the Catholic Interracial Council of Seattle was born. [Coughs] Excuse me, start over again. Seattle became pretty prominent in the Civil Rights Movement because Archbishop Thomas A. Connolly is, his heart was in the Civil Rights Movement. And Walter Hubbard started the Seattle chapter of the Catholic Interracial Council with the blessing, you might say, of the archbishop. The Catholic Interracial Council would be the civil rights arm of the archdiocese. It's not officially, but it'd be an arm. And so there were a couple of demonstrations, a couple of meetings about the movement, Civil Rights Movement, and how the Catholic Church should be, locally, should be involved in the, in this struggle for civil rights. And we're talkin' about the mid '60s. Walter came up to me one day and said, \"Bob, the Catholic Interracial Council's gonna sponsor this march on open housing.\" It was a march on supporting legislation for open housing that would allow blacks and other minorities to purchase housing anywhere in the city of Seattle. Seattle, in all these neighborhoods in Seattle there were these covenants where owners of the homes did not have to, they didn't want to sell their homes -- when they were, time to sell it -- to people of color, or Jews or, these covenants were very restrictive on who you could sell your property to. So the open housing movement became strong, and Walter said, Bob, come to the march. So I says, okay, I guess I -- Walter's my drinking buddy, so I said okay. So I go to the march. It's at St. James Cathedral, and Walter says, \"Bob, why don't you hold this pole, this banner? There'll be another guy holding it over there and you don't have say nothing. You don't have to sing, you don't have to say anything. Just hold the banner as we march.\" And it was a November afternoon and it was rainy and windy, and I'm struggling to hold this damn banner, right, and I don't dare, I mean, I don't dare drop it, but it's really heavy 'cause it's blowing. And none of the other guys around, these beautiful Catholic people, they weren't willing to take it from me, right? 'Cause they knew it was gonna be, anyway, after that, after that march ended at the cathedral, all I could think of, I'll never join one of these marches again, ever. So I said, Walter, that was really mean, all this kind of stuff. He says, \"You did a good job.\" So the next morning in the front page of the paper, of the Catholic paper, here I am holding the banner, Bob Santos, Catholic Interracial Council. I said, hey, that's pretty cool. I got media already. ",
                " So I started attending meetings, of course, and we were aligning ourselves with some of the other, Catholic Interracial Council was meeting at St. Peter Claver Center. That was their meeting place. And it was an organization called CARITAS; it was Community Action, Remedial Instruction, Tutoring, and Assisted Service, CARITAS. And it was a tutoring, a tutoring school that was funded by the state, and the responsibility of CARITAS was to match up students that were in a remedial program one on one with either high school seniors or college students so they'd get one to one tutoring to help them out in their schoolwork. So this old St. Peter Claver Center was the old Maryknoll school where I went to school and as a teenager hung out at St. Peter Claver Center at the dances and stuff, so it was like me returning home attending these meetings at the auditorium at St. Peter Claver Center, Catholic Interracial Council. And we would have banquets and raise money for some of the causes in the community, and Walter Hubbard was executive director of CARITAS program. And people would put the CARITAS program together with this Catholic Interracial Council, which really was no connection. CARITAS was not a Catholic program. It was just a tutoring program that happened to based at St. Peter Claver Center. So when Walter was offered a job as civil rights officer for King County, he asked me to apply for his job as executive director of CARITAS, so I applied for the job and got interviewed, and I actually got appointed to that job. So as executive director of CARITAS I had, it was my responsibility to go to all these schools to recruit tutors to, for one-on-one tutoring programs for the kids, mostly black kids, that were having problems. They weren't all black. Some of 'em were Asian kids, some of 'em were white kids, but ninety percent were black kids, and it was a very successful tutoring program, a very popular program. The St. Peter Claver Center, we had the old church, the auditorium under the church, and then we had a bank of classrooms, and there was a guy named Father Harvey McIntyre. Harvey was the pastor of Immaculate Conception Church up the street, but the archbishop had Harvey McIntyre, Father McIntyre, manage St. Peter Claver Center, to rent out the classrooms to community groups and rent out the auditorium. And since I was the, since I was on site as director of CARITAS, Father McIntyre said, \"Bob, why don't you become my assistant and then you do the renting out, you do all that kind of stuff? You have a staff and they can take care of the rental and all the books and all that stuff.\" I said that's cool. So some of the first people that came to us were Elmer and Aaron Dixon. They were, they are, they were the leaders of the local Black Panther Party, the chapter, Seattle chapter. ",
                " TI: And before, so when Father McIntyre was in charge, did these groups use the St. Peter Claver Center? ",
                " TI: And before we get into these other, other groups, I just wanted to ask a couple other questions. Archbishop Connolly, did you meet with him? Did you know him personally? ",
                " TI: Okay, so we'll get that. The other question was, we're talking about the '60s, I was just curious, the influence of having President Kennedy, a Catholic, become president and his sort of stance in terms of social justice and all that, I mean, what was the influence of Kennedy on you and other Catholics during this time? ",
                " TI: And how about you personally? Was that something that you were kind of paying attention to also in terms of what the Kennedy administration was doing? ",
                " BS: Vietnam War issues. So when Jane Fonda started showing up on the river I said, hey, I could get involved in this. So I started following what was going on there actually, not physically going down there yet, but I started following that issue in the newspapers and on television. Back at St. Peter Claver Center, Aaron and Elmer Dixon, they want to start their Black Panther breakfast program and they asked us at St. Peter Claver Center whether they could use the kitchen and the auditorium during the school week for their breakfast program, and Father McIntyre said, \"Bob, that's pretty cool. Give 'em a key.\" And so that's going on, they're having their breakfast program, and after a couple weeks Father McIntyre comes up to me and says, \"Bob, have they paid any rent yet?\" And I'm thinking, I said, \"No, Father.\" He said, \"Well here's an invoice, and why don't you hand it to Aaron or Elmer Dixon?\" So the next morning I, after the breakfast program and they're milling around, I start walking up to Aaron and Elmer Dixon, and when I looked up they were about eight feet tall. And, \"Yeah, Mr. Santos, can I help you?\" And I says, \"Um, how's everything going?\" You know, oh, fine, fine. I take the invoice and I place it behind me, and we're just chatting and stuff like that, program's going good, there's twenty, twenty-five kids coming down. I turn around and I walk away. And McIntyre said, \"Did you get the money?\" I said, \"You know, Father, they're really the Lord's work.\" So he lets the archbishop know that these guys are doing the Lord's work and we shouldn't charge them. Well, the word gets around, so all these other civil rights groups, they start calling to have their meetings at that little auditorium. One of them is a group called the Central Area Contractors Association, Jim Takasaki's a member of that. "
            ]
        },
        "segment 9": {
            "Segment Desc": "Being arrested after participating in a civil rights demonstration",
            "Segment Questions": [
                " TI: But were they kind of threatening the white workers as they were coming, like, stay away? ",
                " And the next day -- it was in the paper, of course -- the next day Tyree says, okay, we're goin' back. So this time, from twenty-five to thirty people, it was about eighty to a hundred people. And we start at St. Peter Claver Center and Tyree says, \"Okay, brothers and sisters, nonviolent now. This is nonviolent,\" because of the scuffle before, the day before. So we go down Jefferson, up the hill to Broadway, and then north on Broadway to the school, and we're chanting and we're having fun, and I'm at the end of the demonstrators. Human Rights Commission, right? I'm a commissioner. So we go towards the campus and we go into the gate -- there's a fence surrounding the construction site -- and we're marching to the superintendent's trailer. And Tyree said, \"Don't forget, brothers and sisters, nonviolent.\" So we go to the trailer, and the construction workers, they were all throughout the building, they all come down to the second level and they're yellin' at us -- they're all white -- they're yelling at us and giving us the finger and throwing little pieces of wood down at us. And we're marching. Nonviolent, nonviolent. And finally they start throwing down little pieces of lumber, two by fours and stuff, and it was pissing us off, the demonstrators, so like in unison we say, \"Nonviolent, bullshit,\" and up the ladders we went. For some stupid reason the construction workers left the ladders on the sides of the building, so up the ladders we went, up to the second floor. And there's this Nordic American guy, this baldheaded foreman, and he's fifty, fifty-five years old and standing, \"You'll come up here over my dead body.\" Well, everybody just went over his body, man. Up and then the pitched battle starts with the demonstrators and the construction workers. And these guys are armed, right? The construction workers, they're armed. But we had our two by fours, the signs on two by fours, not little old piddly pieces of wood, but two by fours, so boom, boom, boom, pitched battle. And about ten minutes someone yells, \"Tack Squad,\" so we look out and here comes, down Broadway, from the north, comes the police in their visors and so everybody says, \"Let's get the hell out of here.\" So down the ladders they go, out the gate. And I'm still there 'cause I'm worried about this old guy, he's bleeding and I'm bending over him and saying, \"Man, you look bad. We better call an aid car.\" So I'm with him 'til the aid car comes. Those guys come up and take care of him, and so I leave. I'm down, I go down the ladder, I look around, I'm alone. And so I go out to the gate, and to the side is this tree, and under the tree is Tyree Scott, Todd Hawkins, Michael Ross, Sylvester Carter, and they're in handcuffs. And I just glance over and see them, and I'm walking out the door, and Michael Ross says, \"Hey officer, he's with us.\" [Laughs] And and the cop runs up to me, says, \"Are you with them?\" I said, \"Yeah, I guess so.\" So boom, I get arrested, right? I'm under the tree with them guys. ",
                " And then they take us downtown and they book us, and they put us in a cell two at a time, two to a cell, and I'm with Todd Hawkins, the old crusty construction worker, and he goes right to the cot and he lays down and shuts his eyes. And I'm nervous, right? I'm thinking of police brutality in the South, Bull Connor and the dogs and all the commotion that was out there. I said, oh my god, we're gonna get beat up. And I stand up and I start humming \"We Shall Overcome,\" 'cause I think all the demonstrators had to follow us down to the jail, right? [Hums] And Todd says, \"Bob, will shut the F up? I'm tryin' to sleep.\" I said, \"Todd, man, I've never been in this situation before.\" So I sit down and the arresting officer comes in and says, \"Okay, you guys, we'll let you go you sign a citation.\" It's like a parking ticket. \"You sign a citation and you'll get a court date.\" And so I jump up to sign, and Todd says, \"Bob, we're not signin' nothin'. We're here to give them a message. We're gonna stay here a week. We're goin' on a hunger strike.\" And I say, \"Todd, Todd, my wife and kids expect me to come home and cook tonight. I got to go.\" So I sign the citation and I leave. Todd stays there. The next morning, of course, it's on TV, front page, and it shows Tyree and Todd Hawkins and me being led by the cops to the paddy wagon with handcuffs on and stuff. So I go to St. Peter Claver Center the next morning for the next demonstration and all these guys are yellin' and screamin', \"Right on, Uncle Bob,\" and all this kind of stuff, and I said, \"Yeah, we're gonna stay there for a week. We're gonna go on a hunger strike,\" and they all laugh and all that stuff. So that was the first of a series of five demonstrations at Central Seattle Community College. Every day, and the demonstration became larger and larger and larger. The Indians came, the Latinos, Roberto Maestas and the Latinos came, and the antiwar hippies, they were involved, and the last couple demonstrations two or three hundred people. And the cops were, knew they were overwhelmed, so the administration, the chief of police and some of his captains, lieutenants, met with Tyree and Sam Martinez and Eddie Rye, said, \"Listen, would you guys mind if we did a symbolic arrest so that we hold down the injuries and stuff?\" And Tyree agreed. He says, \"Okay, there'll be seven of us, six or seven of us that will go through the fence or climb the fence, and then we'll do that.\" And that sort of set the tone for the rest of the movement in Seattle, where the police officers were less inclined to beat up the demonstrators and retaliation and vice versa. It wasn't, wasn't extremely calm. There's always still a lot of tension, but the police were willing to talk to Tyree to hold injuries down at these demonstrations. ",
                " TI: So there's almost like a pre-demonstration negotiation with the police? "
            ]
        },
        "segment 10": {
            "Segment Desc": "Involvement in the Civil Rights Movement: \"it was very exciting times\"",
            "Segment Questions": [
                " TI: So what was the feeling by you and the others as this is going on? I mean, how are you feeling about -- ",
                " TI: Oh, the Friends? "
            ]
        },
        "segment 11": {
            "Segment Desc": "Planning civil rights demonstrations",
            "Segment Questions": [
                " TI: So I'm guessing that some, there were quite a few people who weren't really happy with all this, and because the Claver Center, St. Peter Claver Center was such a center for a lot of this activism, did the Catholic Church come under pressure to kind of put the screws on you guys? ",
                " TI: So tell me about that. What happened? ",
                " BS: The archbishop was under a lot of pressure to stifle the movement from his groups. And I just remembered, and a group of Indians met there one day and it was Bernie Whitebear, and those Indians, they were planning the occupation of Fort Lawton at that time. And the FBI was sort of milling around the corners, and you could tell who they were. They were in, they were in their jeans and their lumberjack shirts. They all dressed alike. They tried to blend in, right? None of the demonstrators wore lumberjack shirts, and these guys were all white and they had all their hair trimmed good, and they were sort of cool, you know? And we knew who they were, but there was a lot of that going on. A guy named Jim Yearby was with the police department, he called, and we're at St. Peter Claver Center and Jim Yearby called Tyree one day -- no, no. Jim Yearby called Walt Hubbard one day and said, Walter -- 'cause Walter was still involved in Seattle Interracial Council -- and there was this system, Sonitrol system that would pick up sounds. You hired the Sonitrol company for... ",
                " TI: Like security? "
            ]
        },
        "segment 12": {
            "Segment Desc": "The seeds of the civil rights movement in other ethnic communities",
            "Segment Questions": [
                " TI: So whatever happened with that one? ",
                " BS: Well, Bernie Whitebear, he was a veteran. He was a paratrooper and he fought in the Vietnam War, and he'd just got out and he became involved in the fishing rights movement with a guy named Bob Satiacum, who was chief of the Puyallups. And Bernie became involved in the movement. And his name was Bernard Reyes. His father was Filipino, and when he started getting involved in the Native American movement he changed his name to reflect his Indian heritage and he named, he named himself Bernie Whitebear. His father was White Grizzly Bear, so he took part of the name from his grandfather and made Whitebear. And he was very, Bernie was a very charismatic guy and he... and when he was getting his people together, about a week or two before he got the representatives from the tribes together, a group of Indians had occupied Alcatraz Island, the old prison that was vacant. They closed it down, so these Indians got in a boat and they sort of occupied Alcatraz and they were there for a couple of weeks and they got rousted out. And that became the impetus of Bernie, because the federal government had just surplused Fort Lawton, an army base out in Magnolia, and so the army surplused the land to the original owner, the city of Seattle. Well, Bernie and those guys said, \"Well bullshit, we're the original owner. We should have the land, this government land, this whole fort.\" So Bernie decided to get his people together, and they got fifty, sixty people together, and they climbed over the fence at Fort Lawton and they occupied Fort Lawton grounds. They set up teepees and stuff. There was, it was illegal occupation. And the army didn't know what to do, right? They didn't know what was going on. They they were in an area that wasn't bothering the military, whatever the military was doing. It was mostly the reserves then, and so they were left alone for a couple of weeks. And Bernie was having his meetings, he'd come out of the, he would come out of Fort Lawton and he'd have his meetings at St. Peter Claver Center. Said, \"Bob, can we use your space to have our meetings here to plan what we're gonna do after we're forced out of the fort and how we're gonna deal with acquiring the land?\" They had to bring in lawyers and everybody else, and so to have this meeting at St. Peter Claver Center, all these young Indians are there, and you know, you been to an Indian, a Native American ceremony? You know they, they have the sage and the smoke from the sage cleanses your spirit and it, whatever it does. Well, after the meeting Bernie has one of the nuns -- the Maryknoll nuns were still, they were still living in the convent - - comes running up to me and says, \"Mr. Santos, Mr. Santos. Those kids are starting to smoke the sage.\" I said, \"It's okay, Sister. It's okay. They're cool.\" Well, they were, yeah, it wasn't the sage. It was somethin' else. ",
                " TI: So the Black Student Union at the University of Washington? ",
                " TI: Oh, I didn't know about this. So the Asian community had a similar idea? ",
                " TI: So was there any behind the scenes conflicts between the Asian group and the Latino group about that? ",
                " TI: And this is, like, the beginning of InterIm and things like this? "
            ]
        },
        "segment 13": {
            "Segment Desc": "Activism within the Asian American community",
            "Segment Questions": [
                " TI: And this is right during his kickoff event or reelection? ",
                " TI: And prior to that, I'm curious, was there, what's the right word, a push from the black or the Latino community to the Asians, like, \"Hey guys, you guys have to get more in the game. I mean, we're out there doing things. Where are you?\" Was there any of that talk going on? ",
                " TI: Beacon Hill? ",
                " TI: And before we go there, I just wanted to finish up this story, the Everett Elks Club, and you had that demonstration, the picketing. What, whatever happened? What happened? "
            ]
        },
        "segment 14": {
            "Segment Desc": "Organizing within the Asian American community",
            "Segment Questions": [
                " TI: As, as now Asian Americans are coming out more, were you getting pressure, or other Asian Americans getting pressure from, I guess, the older generation? I'm thinking in the Japanese American community some of the, the older Niseis, if they were critical of this activism. Same thing in the Filipino community, were you getting sort of pressure, like, \"Bob, back off\"? I mean, was that happening during this time? ",
                " BS: That, now we move into the International District issues and InterIm. When the Kingdome was planned lot of, a guy named, a guy named Sabino Cabildo, he was RCP. He was a Communist. And he called me one day and said, \"Bob, we should have, we should get some people together to fight the idea of having a Kingdome -- or a, not the Kingdome then, a stadium -- built in the community. And this is about the same time, well, right after I-5 was built to the ID and I-90 was being planned for the south end, and then so you had a multipurpose stadium on the west end, so it was the Asian, the Filipino activists that said, \"What's gonna happen to our manongs, our oldtimers, our alaskeros? They're gonna be displaced out of their homes.\" So the Filipino activists were the first ones to meet. Pete Bacho, his brother Norris Bacho, Selmi Domingo and Nomisio Domingo, and Sabino, and myself, we started to talk about how, how do we, how do we fight this intrusion of all this development that is surrounding the International District and will eventually -- and we looked at the hotel, I Hotel issue in San Francisco. Remember the International Hotel? That was the last building in the old Manilatown, and that became a symbol of, of Asian activism, trying to keep that building open for the old people that lived in that building. So that idea of fighting to keep that alive in San Francisco transferred into Seattle to keep the Filipino Manilatown alive in Seattle. And it so coincided with a lot of other Asian activists that were now being concerned about the health and future of the first generation. ",
                " So we wrote a little proposal and the Model City advisory committee met at Seattle U library to vote on the funding of these proposals that came in, and one came from InterIm, and the person that presented the proposal to the group was Tomio Moriguchi. And I didn't, that's the first time I had met Tomio, because I was on the advisory committee of the Model City Program because I was part of St. Peter Claver Center. So the vote, the vote to fund the first, to fund, the vote to fund InterIm came out fourteen to fourteen. It was a tie vote, 'cause most of the, most of the blacks were saying the Asians don't have any problems. That's when that first came out. So the chairman of the Model City Program there was Judge Charles Johnson, and he voted to oppose the funding, and I could have killed him, but he was a judge, right? So we woke up to the fact that, it's okay, we're not gonna get funding, but we really have to be in a position to educate the black community and other ethnic communities on the plight of the neighbors and the people in the International District who would be displaced with all this development that's going on. People didn't understand it. Everybody thought if, and now, it's now that the Kingdome is being planned and the idea of construction of this multipurpose Kingdome, people outside the community said, \"Well, it's gonna help your community. You're gonna have sixty thousand people going to your restaurants and going through the International District.\" ",
                " TI: I mean, tactically, in hindsight, would it have been better if more of an activist had presented the InterIm proposal rather than Tomio, who was a businessperson so he had a successful store that he was representing? I was just thinking of, yeah, the politics in terms of how it was perceived if someone like you or more of an activist... ",
                " BS: We were a bunch of Communists, you know? Really. Here, all of a sudden the business community and InterIm, they're having their meetings and then these activists started infiltrating the monthly meetings, and it came to a point where there's a lot of disagreement about whether the stadium would be good for the district or bad for the district. And at time, at the time of electing the executive committee, there were just as many of us as there were the businesspeople at election time, and we could vote. It was open voting. You didn't have to be a, all you had to be is interested in the International District. You didn't have to be an owner or a business owner. ",
                " TI: And who presented? Who... ",
                " TI: But going back to this, this whole InterIm, and I'm curious about some of the more longstanding Japanese American communities, like the JACL. Were they at all involved with civil rights and some of these activism movements during this time? ",
                " TI: Especially when you think about, their stated mission is civil rights, here we were in the midst of the largest civil rights movement in Seattle, and I'm just curious, where were they during this time? ",
                " TI: What's your sense, thinking back to those years, sort of in the '60s, was it because they wouldn't react, or did you have a sense that, even asked, would they have participated in the way you wanted? ",
                " BS: I think because we were so far left that they didn't want to be perceived as supporting a leftist group, you know? Some people would brand us as Communist and I don't know where that came from, but hell, we didn't want to be involved in that political thing, even Democrats, Republicans, Communists, Sandinistas. Didn't matter to us. We had, our goal was to, was preserve the neighborhood for the people, the pioneers who built it. What we did was we looked at other neighborhoods similar to ours in San Francisco and Los Angeles, and we saw that neighborhoods were being lost. Manilatown in San Francisco, completely wiped out. Little Tokyo was being wiped, the residential population was being wiped out to make Little Tokyo more of a tourist attraction, and they were fighting for many years to try to keep it a residential base, but they lost it out. So, learning that, we said we will not, that will not happen in Seattle. Preserving either the buildings or building new buildings for the residents who built this community was the number one priority. Tomio, Shigeko, and those businesspeople agreed with that, to a point. "
            ]
        }
    }
}