{
    "Narrator_Name": "Bob Fuchigami",
    "Bio": "Nisei male. Born May 15, 1930, in Marysville, California. Family operated a farm prior to World War II. Following the bombing of Pearl Harbor, was removed to the Merced Assembly Center, California, and Granada (Amache) concentration camp, Colorado. Remained in Colorado after the war.",
    "Title": "Bob Fuchigami Interview",
    "Interviewer": "Richard Potashin",
    "Location": "Denver, Colorado",
    "Date": "May 14, 2008",
    "Densho ID": "denshovh-fbob-01",
    "transcript": {
        "segment 1": {
            "Segment Desc": "Receiving an American name",
            "Segment Questions": [
                " BF: Pardon? ",
                " RP: Your full name at birth? ",
                " RP: Later? Was it after the war, or... ",
                " RP: Your Japanese name, Yoshimitsu, do you have an idea of what that means? ",
                " RP: Bob, where were you born and what year? Give us your exact birth date. "
            ]
        },
        "segment 2": {
            "Segment Desc": "Parents' family background",
            "Segment Questions": [
                " RP: Heita, okay. Do you know a little bit about his early life in Japan? Was, did he come from a landowning family, farmers? ",
                " BF: Yeah, he was, he was... on the trip I was there, one of the uncles said this little valley that they had, they owned this little valley and so they had farmers working for them, I guess. He was one of, what, four boys? He was youngest of the four. In those days, the eldest inherited everything. So the other three boys had to fend for themselves if they wanted to, to become successful in any way. So two of the brothers came to the United States. They went to Hawaii first, then to the U.S. Then one of the, that two went to Brazil and my father stayed in the U.S. And then the third ended up in Korea. So... and then that one from Korea eventually went back to Japan after the war. The one in, in South America or Brazil stayed there. We don't know what happened. And my dad stayed in the U.S. He came in 1906 and then went back to Japan in about 1915 and married my mother and they came to the U.S. in 1917. ",
                " RP: Your father primarily came to the U.S. to better himself economically? ",
                " RP: That's near Marysville? ",
                " RP: How much, how much schooling had he had in Japan? Had he at least gone through grammar school? Did he have a... ",
                " RP: So your father went back to marry her, and in those days, likely it was an arranged marriage? ",
                " RP: Did your mother or father eventually learn some English? "
            ]
        },
        "segment 3": {
            "Segment Desc": "Father forms a corporation in order to own farm land",
            "Segment Questions": [
                " RP: I, you mentioned that your father formed a corporation with other, with other Isseis? ",
                " RP: -- alien land laws? ",
                " RP: Do you have any other additional recollections about your dad you can share with us? What are your most vivid memories of him as a man, as a father, as a provider? "
            ]
        },
        "segment 4": {
            "Segment Desc": "Mother's role as a midwife",
            "Segment Questions": [
                " RP: You said that she was trained as a midwife in Japan and she, that was... how much did she work at that profession when she came to the United States? ",
                " RP: Did she, did she continue that after she began raising a family? Would she also occasionally do midwife work throughout her life? ",
                " RP: Did you have medical facilities in your community? ",
                " BF: In the where? ",
                " RP: Did you have medical facilities available in the community that you grew up in? ",
                " BF: In the community? ",
                " RP: Maybe doctors would come to you? "
            ]
        },
        "segment 5": {
            "Segment Desc": "Description of siblings",
            "Segment Questions": [
                " RP: Who did you tend to gravitate to in terms of your siblings? Kids your age, your brothers and sisters? ",
                " RP: Who did you prefer to hang out with? "
            ]
        },
        "segment 6": {
            "Segment Desc": "Helping father with farm chores",
            "Segment Questions": [
                " RP: What were your specific responsibilities in terms of chores or work on the farm? ",
                " RP: So he would, he would provide produce for, for markets in the, Marysville, in the city area? ",
                " RP: Any other areas? ",
                " RP: You mentioned the bartering system that your father operated under with his market. Was that also going on between different farmers, too? ",
                " RP: Was there a certain chore around the farm that really... that you reviled against doing? One of the, sort of the dirty jobs around the farm or was there a particular chore that... ",
                " RP: How about your older brothers? Were they, what were they doing on the farm? ",
                " RP: In the same area? "
            ]
        },
        "segment 7": {
            "Segment Desc": "",
            "Segment Questions": [
                " RP: How did he circumvent the, the alien land law in that regard? ",
                " RP: And how successful was he on that farm? "
            ]
        },
        "segment 8": {
            "Segment Desc": "Japanese American community activities",
            "Segment Questions": [
                " RP: Tell me about the, the Yuba City area. Give me a rough picture of how Japanese farms were distributed out there. Were you guys alone on your own property? Did you have other Japanese farmers in your area? ",
                " RP: Do you recall what social activities you were involved with? I know there wasn't very much time for socializing when you're -- ",
                " RP: That was held in Marysville? ",
                " RP: Were there any, any particular things that you did on the farm for fun? You know, swimming holes, going fishing, getting into a little bit of trouble here and there? "
            ]
        },
        "segment 9": {
            "Segment Desc": "Interacting with people of different ethnic backgrounds",
            "Segment Questions": [
                " RP: Where, where did you attend grammar school, Bob? ",
                " RP: In the Marysville/Yuba City area, were there other ethnic groups that were also farming with the Japanese and Caucasians? ",
                " RP: A significant part of the farming community? ",
                " RP: So would you say that your school, your school was pretty racially diverse? ",
                " RP: What was the racial atmosphere like before the war in those two small communities where you grew up? "
            ]
        },
        "segment 10": {
            "Segment Desc": "Celebrating New Year's by making mochi",
            "Segment Questions": [
                " RP: Another question about the, the farm. Did your father hire migrant labor during the season? ",
                " RP: How would that, how would that work? Would everybody take a turn pounding the mochi? ",
                " RP: So were you a flipper or a pounder? ",
                " RP: What else do you remember about New Year's? ",
                " BF: New Year's? Oh, that was a big thing. I mean, it was Christmas and everything else combined, Easter, you know. It... Japan, I guess that's the thing in both Japan and also here. Although we, we all celebrate all of the other holidays. But, somehow or another we were all supposed to get a year older on New Year's. Although, you know, we all don't pay attention to that anymore 'cause, you know, we all celebrate our own birthdays. But I guess in Japan... and the idea was on New Year's you get your year older. So it becomes like a, a four-day event. And people will prepare all kinds of special foods. And so there, several days before, you know, my dad and mom would spend hours and hours preparing all these special foods, like sushi. It's amazing, now you can get sushi every day, but in those days, sushi only appeared on, on New Year's along with a lot of other special foods, like sashimi. So we always looked forward to New Year's. And you'd begin by the little cup of sake, that's to toast the new year. And then-- ",
                " RP: Did your father make his own sake? "
            ]
        },
        "segment 11": {
            "Segment Desc": "Attending Japanese language school",
            "Segment Questions": [
                " RP: Just to go back on to education a little bit, Bob, you... when you started kindergarten in Marysville, you started Japanese school roughly about the same time? ",
                " RP: Now, did you, did you speak strictly Japanese before you started in kindergarten or did you have English? ",
                " BF: I don't remember. I don't... if I did, it was darn little. When you're the seventh kid in the family, you're... you don't really get to know the language of your parents. I imagine that's true of any immigrant family. The oldest ones, of course, learned the language. And then because they know English, too, having gone to school there, they're, they would, they'd basically do their communicating with us. And so you learn English. And then they, in a home where you have that many kids, you had mother and father sitting at the one end of the table and then you got a bunch of kids down the line there and the youngest of course are, are down here and the parents are up here. And then the, so, you don't learn a lot of Japanese or Russian or German or whatever. Some people were lucky, I think, because they didn't have as many kids. Others were... they had parents and grandparents. In our case, we didn't have other Fuchigamis in the U.S. So they'd, when they talked about grandfather or grandmother or cousins or uncles or aunts or second cousins or whatever, I didn't know what they were talkin' about. If you don't have 'em, you don't, you don't know. [Laughs] And it was only later I figured it out. But when they first started talking about things like that, then... there's Dick and Jane and they're going to see Grandmother and Grandpa, Grandpa and Grandma. I thought, \"Who's Grandpa and Grandma?\" ",
                " RP: How long did you attend Japanese language school? "
            ]
        },
        "segment 12": {
            "Segment Desc": "Hearing about the bombing of Pearl Harbor on the radio",
            "Segment Questions": [
                " BF: War between the U.S? ",
                " RP: Yes. And particularly, do you recall December 7, 1941? ",
                " BF: Yeah. I think I was probably the first to, to hear that on the radio. We'd... on Saturday or Sunday -- was it Sunday? We were listening to... I was listening to cartoons, I think, on the radio. And this sort of bulletin came along saying something about the attack on Pearl Harbor or something. I didn't know whether they were talking about... I didn't know where Pearl Harbor was or anything like that. And, but it was, it was important enough to, to tell my, I think, my brother or something that, there was a bombing at Pearl Harbor or something. And he, I think, informed my parents. And that's the first we knew of that. The... and then we, we... there were, there were some things that happened at the, at the school where friends, people who you thought were friends, that they picked it up from their parents I'm sure. Something about \"Japs.\" So, that's when you first became aware of sort of a divide between yourself and, and others. And I don't remember a whole lot between that time and the time we were, we were evacuated. I'm sure my, my brothers and parents probably read the newspapers and could see the handwriting on the wall. But, living out on the farm, you keep, you don't, you don't see a lot of that. There's farms, there's farm things to take care of and you did that. It's only when you started getting out into the larger community that you started running into little incidents. "
            ]
        },
        "segment 13": {
            "Segment Desc": "Preparing for mass removal: only five days' notice",
            "Segment Questions": [
                " RP: ... school that directly affected you or other Japanese Americans in the community. Can you share any of those with us? ",
                " RP: What are your memories of the, the time before you evacuated? Do you have any vivid memories of the family getting ready to leave? You packing up your clothing or possessions? ",
                " RP: That's all? ",
                " RP: And you got those tags, didn't you? ",
                " BF: Huh? ",
                " RP: What was your family number, do you recall? ",
                " BF: At one time it was, what was it? It was twelve? I wrote it down. 1207. ",
                " RP: So you had only five days to, to prepare to leave? ",
                " BF: Yeah, it was, well, by time you got that information it was four days and then on the, we got the, the first notice came out on the twelfth, and then we were scheduled to leave on the seventeenth, by train. So it was actually about four days. And what are you gonna do? I mean, you got a farm, you got all your farm equipment, you've got your home that you've spent years and years building, you got all your furniture, you've got... your whole life is sort of centered around this piece of property that you've, you've lived in and lived on. So, it was a very busy and stressful time. And I'm sure it was far worse for, for my parents. "
            ]
        },
        "segment 14": {
            "Segment Desc": "As a child, having to leave pet rabbits and dog during mass removal",
            "Segment Questions": [
                " RP: Bob, can you share with us the story about those rabbits that you had? ",
                " BF: Oh. [Laughs] Yeah, I think I was telling you that we... I had some rabbits. We had a dog and, and it didn't really dawn on me that we were, we were actually gonna go somewhere 'til came time to leave, the morning. And at the last second I said, \"These rabbits are in this cage. What am I gonna do with them?\" And I hadn't thought ahead in terms of what would happen to them so I, I just opened the door and let 'em loose. And I don't know where... and the dog. What are you gonna do with the dog? So it could, it could be that the rabbits became dog food, who knows. But, when you only have four days, you're leaving school, you're... they're saying, well, even though you have two suitcases, one is for the family and one is for yourself. What are you gonna, what are you gonna take with you? You don't know where you're goin', and you don't even know why you're goin'. And you don't know how long you're gonna be there. What, what's happening here? Just a lot of confusion. So you don't even think in terms of pets. You're thinking first of all, I guess, of yourself and what's happening, what's happening. So, it was a very confusing and disturbing time for all. Just sad. Shouldn't have happened. ",
                " RP: And the government sent you to the Merced Assembly Center? "
            ]
        },
        "segment 15": {
            "Segment Desc": "Adjusting to confinement as a child: contemplating sneaking out of camp",
            "Segment Questions": [
                " BF: You mean in Merced? ",
                " BF: Oh, yeah, we were there about, well, we moved there in May, and of course, by June, the grapes were ripening. And we happened to be, the camp happened to be next to a vineyard. And when the grapes get ripe, there's a distinct smell, and I thought, \"Gosh, it wouldn't take much to cross that little road beyond the fence to get the grapes.\" I mean, you could see them, you could smell them. I know several times that I thought about crawling under the fence and just getting some grapes. But you're sort of trying to time the lights because, but they weren't, they weren't set into a standard pattern, so you couldn't judge where that light was gonna show the next, next point. And I tried, I figured, well, the lights were shining over there and they would be swinging over here and so forth, but they, I could never figure them out. And we were told, \"You go beyond that fence, you're gonna get shot.\" So I guess I just didn't have enough courage to do that, and never tried to get those grapes. And that stayed in my mind for a long time, because later on when, in the years, when we were out of the camps and finally were able to get grapes, it was the time of the Cesar Chavez and his boycott of grapes. And I really honored that; I thought highly of that movement, the Farm Workers Movement, and boycotting grapes. So I was unable to purchase grapes, I mean, I just didn't do it. And I remember talking to some Mexican American friends of mine about that, and one of those guys that, \"Oh, I don't, I don't,\" he says, \"I buy grapes.\" I said, \"How do you do that? How can you go in your good conscience, buy grapes?\" He said, \"Well, I buy non-union grapes.\" And I thought, \"Well, that's still not right. You're undermining the movement.\" So I didn't until the strike was over, and then I could indulge myself. But that's, that was a very strong memory of grapes. ",
                " RP: Wanting the grapes and not quite being able to get them? "
            ]
        },
        "segment 16": {
            "Segment Desc": "Recreational activities and sports in camp",
            "Segment Questions": [
                " RP: What other recollections do you have of Merced Assembly Center? ",
                " RP: So she got her start in Merced? ",
                " RP: Cressey, right. The Japanese American farming area? "
            ]
        },
        "segment 17": {
            "Segment Desc": "Brother's selection to set up the permanent concentration camp",
            "Segment Questions": [
                " RP: Then were you notified that you would be going to Amache? ",
                " RP: And one of the, one of those people was your brother, wasn't it? ",
                " RP: He was a volunteer? ",
                " RP: Latrines were still being built? "
            ]
        },
        "segment 18": {
            "Segment Desc": "First impressions of Amache concentration camp",
            "Segment Questions": [
                " RP: Can you describe the first few days that you were in camp in Amache? Maybe your impressions of the landscape, physically, what you saw there. How did, how did you react to it? ",
                " BF: Well, it was a four-day trip from, from Merced to, to Amache. The first impressions were pretty appalling because at least we had some barracks to go into. But as you entered the, the barrack, they call 'em apartments, they were barracks had been cut up into little, six sections. They're built like CCC barracks. They had been cut up. There was a single layer, brick, under which you lift the brick and there's sand. One light bulb just hanging down. One corner of the room there's a -- and these rooms are like 20 x 20 -- had a little pot bellied stove in one corner and a little box to put in coal. And there were some, there were canvas cots that you had to put together. And there was a thin cotton mattress and two army, woolen army blankets, thin ones that they had issued that you carried in there. And that was it. There were no partitions in there. There were partitions between the apartments, but the partitions only went up so high and then because they were, the roofs were at an angle, there's a space in between so you could... there's no real privacy between these, these so-called apartments. And it must have been really terrible for my, for my mother and father to, to see that and then, of course, we had three girls and they were in with my mother and father. And then the five boys were in this apartment next to them. So we had 7G-9C and 7G-9D and there was a little entryway and you go in the entryway and then it splits into the two rooms. Of course, the first thing, you say well, what do you do? Are you gonna hang one of the blankets up somehow? There's nothing to hang it from. So there's no really privacy there. They... next morning, of course, they, they, I'm sure my brothers went out scrounging and because the camp was still under construction, they had piles of, of woods that had not, had been cut up and, and so you'd, you grab whatever you can and then they did, I guess they had some hammer and saws and at the, so you... we didn't bring it with us but we somehow got those and constructed a partition inside to provide some privacy for my mom and dad and -- ",
                " RP: How did your, your barrack rooms change over time? Did they, were you able to get additional furnishings? Did you order things from Sears and Roebuck? "
            ]
        },
        "segment 19": {
            "Segment Desc": "Extreme climate changes and natural disasters in camp",
            "Segment Questions": [
                " RP: Tornado? ",
                " RP: Went right through the camp? ",
                " RP: Flooding? "
            ]
        },
        "segment 20": {
            "Segment Desc": "Attending school in camp",
            "Segment Questions": [
                " RP: Bob, your family arrived at Amache, was it in August, did you say, of '42? ",
                " RP: Was, were you able to enroll in school that first semester? Or... ",
                " BF: In Amache? ",
                " RP: Did it change? ",
                " BF: It did change over time. I remember, well, another thing that happened was it was P.E. classes. And they didn't have the equipment so when it, when the weather's... you got snow and stuff outside, they have to hold P.E. classes inside one of the barracks and the equipment they had was a, was a mattress that they rolled up. And we spent the hour jumping around that and diving over the, over the mattress. I mean, what kind of P.E. class is that? And the, so the conditions were not ideal, by any means. "
            ]
        },
        "segment 21": {
            "Segment Desc": "Involvement with the Boy Scouts in camp",
            "Segment Questions": [
                " BF: Oh, sure. They, they... in time, they did try to make the, the camp Amache as, as so-called normal as possible. And so they did start things like Boy Scouts and Girl Scouts and Y, YMCA clubs and, and they did form intramural teams. And one of the things I joined was Boy Scouts, because my brother, my oldest brother was an assistant scoutmaster and another brother was a senior patrol leader and, so we had a troop composed of boys from, basically from Southern Colusa Counties. Other communities had their scout troops and we had maybe three or four scout troops. And the one from L.A. had a drum and bugle corps, and so they were sort of the pride of Boy Scout groups. And ours, of course, didn't have much. We were... some of the guys were able to get uniforms. I had a neckerchief and that's about it. And our... because of the conditions, we didn't do much in terms of meeting the scout requirements. So we spent a lot of time marching. You'd march up and down and back and forth and I learned how to, how to do a right face and a left face and about face and to the rear march and, a lot of that. It wasn't a, if you had to compare it to some other things, you might say, \"Well gee, why stay in the Boy Scouts when that's all you do?\" But, later on we, we were able to work out somewhat things for, for... one of the requirements you had to go on a ten-mile hike. So we'd, couple of us got passes, went out to the Arkansas River and back and that was about five miles each way, that meant ten miles. We met the requirement. There were other things where you could get a merit badge in bookbinding or bugling. Yeah, they... it wasn't quite normal but we made do. ",
                " RP: You also mentioned the scout laws and the rules set a course for you and it kind of tied into what was emphasized at home. Can you expound on that a little? ",
                " RP: Bob, can you share with us some of the things that your brothers and sisters and parents did as far as work in camp? ",
                " BF: As, as far as? ",
                " RP: Of jobs that your parents had in camp and your siblings? "
            ]
        },
        "segment 22": {
            "Segment Desc": "Siblings' camp and military experiences",
            "Segment Questions": [
                " RP: Was she the only woman on the council? ",
                " RP: While in the camp? ",
                " RP: Did she ever go to college? ",
                " RP: MIS? ",
                " RP: And that was, was that Walter? ",
                " BF: ...in the, in the camp because he let my brother do that. They said, \"Why are you allowing him to do that when they're treating us like this?\" But he did. He went to Savage, Camp Savage. And... ",
                " RP: Was he, he volunteered for MIS? ",
                " RP: He came to Denver? ",
                " RP: All during the war? ",
                " RP: Walt did, too? ",
                " RP: Oh, during his training he contracted it? "
            ]
        },
        "segment 23": {
            "Segment Desc": "Thoughts on military service of brothers",
            "Segment Questions": [
                " RP: Nine? "
            ]
        },
        "segment 24": {
            "Segment Desc": "Temporarily leaving camp to do farm work",
            "Segment Questions": [
                " RP: You mentioned your brother Bill went out to pick peaches for a while. And then he settled in a place you called Keensburg, Colorado? ",
                " RP: Where is that located? ",
                " RP: Is that in the Fort Lupton area at all, or Platteville? ",
                " RP: It sounds like it. You were out for a whole summer? ",
                " RP: Like an ofuro? ",
                " BF: Yeah, furo. And so I remember walking over there and we would take a bath. I remember one time the lady of the house came out and jumped in the tub with me. And I was really embarrassed, 'cause by that time I was, you know, a teenager. Now what am I supposed to do? So I stayed in the bath 'til she got out. But, that was my, my first communal bathing. ",
                " RP: How did it feel to be out of camp? ",
                " BF: Out of camp? Oh, great, because hey, you're out there, you're not surrounded by barbed wire. And you got... although the conditions were primitive, you ate when, when you wanted. ",
                " BF: Yeah. And you... one of the things about being behind barbed wires is you value freedom. And I can understand why criminals don't like to be behind barbed wires, or behind, or in the confined places. Freedom guides, guides your, your life from then on in terms of decision-making. You say, \"What gives me the most choice? What gives me the most freedom?\" So that's, that's what guided me for the rest of my life. "
            ]
        },
        "segment 25": {
            "Segment Desc": "Description of different type of camp leaves",
            "Segment Questions": [
                " RP: Bob, you... this farm neighbor where you worked with your brother on the farm, you said that he was also from Yuba City, originally? ",
                " BF: You mean my brother? ",
                " RP: Did they, they left Amache before you went out on your leave there? ",
                " RP: Where's that located? ",
                " RP: Upscale? ",
                " RP: Which brother? "
            ]
        },
        "segment 26": {
            "Segment Desc": "Experiences visiting neighboring towns",
            "Segment Questions": [
                " RP: I wanted to, to go back into camp a little bit. Specifically, do you remember the amount of interaction that you had with the neighboring communities, such as Granada or Lamar? Were there instances where you were allowed to go into these communities and shop or attend an event or a movie of some kind? ",
                " RP: This is in Lamar? ",
                " BF: Oh, Newman drug in, in Granada? Oh yeah. ",
                " RP: Do you have any experiences there? ",
                " RP: Did you go in there? ",
                " BF: Oh, I remember going in there, not very often, but I finally got a job. When I was fifteen I got a job, summer job, on a, like a... they were still bringing in wood, lumber, in freight cars. And my job was to go inside that freight car and push the wood out, the lumber out. Which was pretty hot, especially you get hundred degree heat and you're really sweatin'. So, you, you jump on that truck afterwards to, to drive it to Amache and it'd stop at Newman Drug, 'cause the guys wanted to, to get a cherry coke or whatever. Well, if you had a milkshake or, or cherry coke or something like that, it's like 45 cents. And I was earning eight bucks a month doing this. So I was getting 40 cents a day. So if you, if you buy a, a milkshake, for example, and they charge you 45 cents, actually you're making, you're paying more than your day's wages. Which happened to me a couple of times before I wised up and I thought, \"This is, this ridiculous. I'm not gonna blow my day's wages on a...\" was it 40 cents? In eight, what, five, four... it was two bucks, two bucks a week, is what I made. So I, I started buying little candy drops that you could, like Horehound candies, little bags of that for 10 cents, which was, it lasted longer. But I didn't think it was a good time for us to stop at Newman Drug. [Laughs] They didn't make a lot of money off of me, I know. They made it off of others. "
            ]
        },
        "segment 27": {
            "Segment Desc": "Camp sports teams competing with local school teams",
            "Segment Questions": [
                " RP: They competed against each other? ",
                " RP: How far was Las Animas from the camp? ",
                " BF: Oh gosh. There was couple a towns down the road, La Junta and Las Animas, they weren't that far apart, but... they were maybe twenty-five, thirty miles? The other thing that I remember about Las Animas was that Amache's buried there. Amache for whom that camp was named. She was an Indian princess who married a fellow named John Prowers. And John Prowers became a, a wealthy cattleman. He wasn't before, I mean, he just had this little ranch. And Amache's folks, her, her father was massacred at Sand Creek and the survivors of that massacre were given like 160 acres or whatever as compensation. And, it, a lot of that land was just sagebrush and cactus and stuff like... but there were some good bottom land. And Amache, because she was married to, to John Prowers, was able to get a good piece of land along the Arkansas river and her mother also got land. And John Prowers was smart enough to not only get her, her land and her mother's land, but I think there was some other choice pieces and pretty soon he owned all that bottom land between Las Animas and, and that whole lower Arkansas region. So... and he ran cattle and became a very wealthy man and became so prominent that when they split Bent County, which is a large county, into two, they, they named that new section of the land Prowers, for John Prowers. And that's how come you have Prowers County and then when it came time to name the camp, Amache's, one of his daughters, I think, was still living in Lamar at that time and so they named the camp for Amache. And Amache eventually died and she's buried in Las Animas. "
            ]
        },
        "segment 28": {
            "Segment Desc": "Description of popular Granada project director",
            "Segment Questions": [
                " BF: About what? ",
                " RP: The project director at Amache, Mr. Lindley? ",
                " RP: Who was extremely popular with the internees. And maybe you could share some stories about him. Specifically a story that you shared with me about the fact that at one point he was... there was going to be a fence erected between the administration area? ",
                " RP: Throughout the operation of the camp? ",
                " RP: Did Lindleys ever move in to Amache and live in the camp? ",
                " BF: I don't think so. They did develop some housing for WRA officials and teachers. So some did move into Amache, but into a separate housing area. When they first started, some of the teachers did spend some time in the barracks. There is a gal named Stegner, Catherine Stegner was one. And she's a very good teacher. People still remember her as one of the better teachers at Amache. And we did have, we did have a few others that, that ended up in school administration, higher education and, and Garrison became like a graduate dean, I believe, at Denver University or something like that? So we, we did have some fine teachers. And we did, in 1943, they completed a, a new high school and it became... the high school was probably one of the best facilities in southeastern Colorado. And when the camp closed, they, they took the school and moved it to La Junta. "
            ]
        },
        "segment 29": {
            "Segment Desc": "Memories of a terrible accident when the camp's elementary school was built",
            "Segment Questions": [
                " BF: Yeah, they... oh, the Congressman Johnson and some of the others, or Senator Johnson and some others were saying, \"Why do they need a high school? Why educate them? It's a waste of taxpayer's money to educate these so-called Japs.\" And it became so controversial, I guess they, they even discussed in, in Congress about the amount of money it was going to take to build a high school and elementary school for these kids. And so they were able to, to create so much controversy that they dropped the, the amount for the elementary school and so they, they just built the high school. And the elementary school kids ended up remaining in the barracks for their schooling. The high school was, I don't know whether it was state of the art at that time, but it was, it was certainly spacious and they had, they had their classrooms and a library area. They built a gym and, and... ",
                " RP: You would have started going there your last year at Amache? ",
                " RP: At Amache? ",
                " RP: Scraping the barrel? "
            ]
        },
        "segment 30": {
            "Segment Desc": "Thoughts on the so-called \"loyalty questionnaire\": \"that was a fiasco\"",
            "Segment Questions": [
                " BF: That was, that was a fiasco. I mean, I wasn't old enough to be involved in that, but they, they were trying to do a... they were using like a paper questionnaire where they would essentially say, well, a whole list of questions which were fairly innocuous at first but there were questions twenty-seven and twenty-eight that were very controversial. Essentially saying, \"Where are your loyalties?\" and, \"What's your allegiance?\" type of thing. And one was where they, they asked -- and these were directed at men, women, children, Isseis, Niseis -- and if, if an Issei said, \"No,\" he would essentially be a person without a country. Because he wasn't allowed to become a citizen and yet they were saying, \"Where are your loyalties?\" and, \"What's your allegiance?\" So, that created a real problem for them. And then the Niseis, on another questions, it's like, \"Have you stopped beating your wife?\" type of thing. Well, if he says, \"Yes, I've stopped beating my wife,\" then it implies that you were beating your wife. It's, it's a catch-22 type of question. And, but people in Amache essentially went along with saying \"yes\" on both to keep the family together, and so they, when it came time to transfer the people who said, \"yes-yes\" or \"no-no,\" transferred the \"no-nos\" out of Amache, there were a hundred and some odd that they sent to Tule Lake and then in turn brought about nine hundred from Tule Lake to Amache. People... and so we, we were reunited with some people that we thought we'd never see again, because they, when they split the people up in the Marysville/Yuba City area, the people living in Yuba City, by and large, ended up in Merced and Amache, and the people in Marysville were sent to Arboga, to a camp, and then on to Tule Lake. So in, in once sense it was nice to see some of the Marysville people in, in Amache, some old friends. ",
                " RP: Do you remember specific families? ",
                " RP: How did the, the group from Tule Lake affect the chemistry in the camp? They were loyal folks, but... ",
                " BF: At first he, he was resisting going in because he was the eldest son and the father had died. So he was faced with, with having to look after his mother and a younger brother. And family came before army. I mean, if he went and got killed, who would, what would happen to his family? Then for whatever reason he changed his mind and, and proceeded to go for his physical. And people who, who said, who either became draft resisters or even the people who said, \"no-no\" had very varied reasons for, for their responses and for their actions. And it, it's easy to just sort of lump people together, but Japanese Americans are no different than members of any other racial group. I mean, they're, they have their reasons for doing what they're doing and they're not all the same. There's a saying that S.I. Hayakawa used to use. He said, \"Cow number one is not the same as cow number two is not the same as cow number three, etcetera, etcetera.\" And while we always look at cows and sort of, sort of say, \"Well, they're all Holsteins or Guernseys or whatever,\" and lump 'em all together, they're not the same. That's the same with dogs or cats or people. We look at 'em, but that's what they did with Japanese Americans. They just said, as a group. They just treated all Japanese Americans the same, or all Isseis the same, or all Kibeis the same, or whatever. And I just look at my family and I just think, my God, look at the differences just within our family. And what happened to, to us and our interests and our... and I'm sure it's the same with, with your family or anyone else's family. You look back and you say, \"We were all raised in the same family, we all had the same family name. But look at how different we really are.\" "
            ]
        }
    }
}