{
    "Narrator_Name": "Bruce T. Kaji",
    "Bio": "Nisei male. Born May 9, 1926, in Los Angeles, California. Grew up in Los Angeles and was in high school when Japan bombed Pearl Harbor on December 7, 1941. During the war, removed to the Manzanar concentration camp, California. Left camp to attend Morningside College in Sioux City, Iowa, then was inducted into the army. Joined the Military Intelligence Service and served in Japan during the U.S. occupation as an interpreter for the war crimes trials. Returned to Los Angeles and established Merit Savings Bank, later becoming involved in the redevelopment of Little Tokyo. Mr. Kaji is one of the key founders of the Japanese American National Museum in Los Angeles.",
    "Title": "Bruce T. Kaji Interview II",
    "Interviewer": "Martha Nakagawa",
    "Location": "Los Angeles, California",
    "Date": "September 1, 2010",
    "Densho ID": "denshovh-kbruce-02",
    "transcript": {
        "segment 1": {
            "Segment Desc": "Getting married",
            "Segment Questions": [
                " MN: Okay, today is September 1, 2010. We're at the Centenary United Methodist Church. We have here Bruce Teruo Kaji and Dana Hoshide is on the video camera, and I will be interviewing and my name is Martha Nakagawa. And Bruce, this is our second session with you. I think the last time we ended was you and Kiyo Maruyama opened a Little Tokyo office and during, that was during the day, and then you started to teach night classes at East L.A. College, and then in between you were sneaking visits with Frances Tashiro. Now, can you tell us, you, you were coming and visiting her at her parents' house, how was their reception of you? ",
                " MN: So when did you folks get married? ",
                " MN: '54, and where did, where did you get married? ",
                " MN: Who took pictures at your wedding? ",
                " BK: Who took the pictures? Miyatake. Yeah, Archie, when he was in better shape. ",
                " MN: Now, when you got married did you live with Frances's mother or did you go, did you move into Gardena? ",
                " MN: Now, before you moved into Gardena and you were living in the complex that Mrs. Tashiro owned, you were also active with the International Institute, which was very close to that house. Can you tell us what the International Institute was and what they did? Oh, and then you also became their first Japanese American board member, if I remember correctly. Can you tell us a little bit about the International Institute? "
            ]
        },
        "segment 2": {
            "Segment Desc": "Backing a venture to mine uranium",
            "Segment Questions": [
                " MN: Now, during the 1950s there was a uranium rush, and that's very similar to the gold rush, and you folks also got into this. Can you share with us your experience trying to find uranium? ",
                " It was a experience that I thought was a little... well, I think being young, you're willing to try it, but they said what if someone, you're delivering cash because the miners don't have checking accounts over there. All they do is receive cash. You can't give 'em a check because they don't have a bank account. The only thing they know is, \"Give me cash and I can use that.\" So we would have to, well I forget, once a month drive over to the site where they were mining and deliver cash to them. We would have the figure for the amount we would pay them, and so Kiyo and I would figure what it would come to in cash and make an envelope for the cash, and for the number of employees, usually it's no more than four or five, make envelopes and put the money in, and I would usually drive it out to the site. You'd get off the regular road and then you take the path up to the campsite. There's nobody around. Somebody says, \"Well, what if someone knew you were comin' up with the cash?\" I says, \"Yeah, that's pretty bad.\" Nothing happened. We drove up there once a month and we gave 'em the envelope and they opened it up, and before they do that they would have to sign, and a lot of 'em would sign, would only sign an X because they didn't know how to sign their names. They were not educated, or they didn't have the know-how how to... It, it was an experience to know how some people lived, and they promptly found a place to spend it. It was hard to find them over the weekend. They're out there boozin' it up. [Laughs] But that's life out there in the Arizona mines. So that was an experience, I think, that taught me a little bit about how other people live and how other people are educated or non-educated, and how people are looking for the big one. Everybody's looking for the gold mine or whatever. Taught us a lesson, Kiyo and I, that nothing is easy. So we stuck to accounting. ",
                " MN: Did you at least get a return on investment? ",
                " BK: We were still looking for investments. I think as accountants, we did set up a group that met once a month, of investment-oriented accountants, and they used to meet in Gardena, at my office, and we had about ten members, and each of us brought a check. Our meetings, we went out to eat Chinese food, and after that we would go to the office and have a little meeting, and each one would bring in a check for, I think it was a hundred dollars. And so we would try to build up our cash reserves, and we decided that our best bet would be to go into real estate, and so we kept doing that for a while and it turned out that one of our investments was to purchase land in Colorado. Taul Watanabe, my brother-in-law, was starting savings and loans, like merit savings and then guild savings up in Sacramento, and he went to Denver and started another savings and loan there, and while he was there he met some attorneys and he himself was a graduate of, of the university in Colorado in law, and he heard of some land that's available for investment going south towards the air force academy. And so some of the attorneys that he was involved with knew of landowners along the road, along the highway, so we started quarrying land in Colorado. And we wound up with, I think all told we wound up with about three thousand acres, and with different ownerships. Ours was a little piece, but as time went on and we kept making payments on it, and it came to a time when development started coming in, population started increasing, and speculators were coming in to buy land ahead of development, so we were offered a pretty good price for our land that we had specked on and so our accountants group decided to sell. And so after we sold it and got cash, then the question was, what are we gonna do? Are we going to reinvest it or spend it? So the fellows decided they're working too hard, we got to use it. ",
                " MN: Now, for these investors that, this group that went, was this, would you say this was the first real vacation that you folks had? ",
                " MN: Just so we have a time frame, this group bought the property in Colorado probably in the 1950s and then you went on this trip in 1977? "
            ]
        },
        "segment 3": {
            "Segment Desc": "Establishing several successful business ventures in Little Tokyo",
            "Segment Questions": [
                " MN: So I'm gonna step back a few years again, while you and Kiyo are still in business, and then in 1956 Taul Watanabe called you up and said he wanted some help, and he had just built the Kyoto Plaza. And so what did you do? ",
                " BK: Which plaza? ",
                " BK: Town & Country, yeah. Well, it was a piece of land that was being used by Harvey Chapman, who was a golf pro, and he was using that as a place where people could hit golf balls, a driving range. And it was located on Western Avenue near Compton Boulevard, and so he didn't own the land, but we saw it as an opportunity to buy it and develop a shopping center. I didn't have the foresight for that. Taul Watanabe did. He was a, he had a lot of, I would say, ideas of how to make money, and one of 'em was building the shopping for the Japanese American community, and so he bought the land and got... the local people in Gardena had several service clubs, and the service clubs that were the most popular were the Lions Club International and the Kiwanis Club, and there was also some others, but those were the two main, main ones. And so the Lions Club was the largest, and so with the Lions Club he had a lot of connections and he thought that maybe we could interest some of the people in town to invest, but they weren't interested in development. We then organized a home state investment company, a corporation to raise money, to buy the land and to develop it, so it took a little while, but we were able successfully to get local people to invest money. We built a shopping center and it had a market, it had an Oriental gift shop, a restaurant, Kyoto Sukiyaki upstairs, a cleaners, a baker, appliance store, a liquor store and a supermarket and some other stores in between. But the fellows that operated the supermarkets, Taul was able to talk to people in Sacramento that were operating a market and asked them, \"Are you interested in opening a market in Gardena?\" And so they had several brothers, Kunibe brothers, and so they came down and looked at the site and they thought, since there was a good community of Japanese Americans, that this would be a good site, so they opened a Town & Country market. What was the name? I forget the name of the market they opened up, but they staffed it, brought the Kunibe brothers down. Henry came down and Tom came down and George (Orite) also, a partner, came down, and they brought a butcher down and opened a meat department, and a older brother who was a pharmacist opened up the drugstore. So between the Kunibes and Taul Watanabe and his connections, we opened up a shopping center that had all the, all the stores were filled up when we opened up. People were interested in getting into business. We were successful in managing the Town & Country, which I wound up managing the shopping center and the corporation kept it and operated it and declared dividends every year until we decided to sell it, which we did to some investors from Los Angeles. ",
                " MN: Now, when you went to this, to help Taul with this, what happened with you and Kiyo, that office? ",
                " MN: And then earlier you had mentioned about this investment group that bought property, and this was the group that was meeting at the Town & Country Center? You folks were meeting there? ",
                " MN: Was your office on top of the Kyoto Sukiyaki restaurant? ",
                " MN: And the market that you're talking about, was that the Spot Market? "
            ]
        },
        "segment 4": {
            "Segment Desc": "Meeting some important clients from Japan",
            "Segment Questions": [
                " MN: And then around that time you got a call from attorney Kenji Ito. He wanted you to help with a client from Japan. Can you share with us who this client turned out to be? ",
                " BK: Yeah, while we were in Little Tokyo, Kiyo and I in our offices, we were part of the Optimists' Club, we were part of the organization that was promoting Little Tokyo and Nisei Week and all that, and Ed Hiroto was a real organizer and we were involved in trying to better our businesses. And the opportunity to meet new clients was not through our contacts so much as attorneys. Kenji Ito was the one who called us in and he was a partner to Taul Watanabe at one time. This is another, I digress, but Kenji Ito and Taul Watanabe were partners in a lawsuit that involved the shoyu. There was a case where people were using shoyu and it was damaging to them. They lost their hair, they had physical problem, and so Taul heard about it and he and Taul Watanabe partnered to find others that were damaged or injured by the use of this shoyu, and they filed a lawsuit against the company. And so I don't know too much about it, but they were eventually successful in a product liability suit and the company had to compensate them, and so Mr. Kenji Ito was the main attorney and Taul was the one who went around looking for people who were damaged or injured, and when they settled Mr. Ito built his house in Alhambra and they called it the \"Shoyu House.\" And I think Mr. Ito's daughter heard about it long after, afterwards. She asked me, \"Is it true that my dad's house was the 'Shoyu House'?\" I says, yeah. [Laughs] That's how it turned out, so it was unusual situation, but Taul had a long relationship with Mr. Ito. Mr. Ito was formerly from Seattle and came down. There's a real estate man, Asajiro Nishimoto, that also came down from Seattle and he was in real estate in this area, Little Tokyo, and he was a wheeler and dealer for the Isseis to find places for hotel operations and real estate. His English was adequate, but he was a Issei and he was a fine gentleman. So Asajiro Nishimoto and Taul Watanabe got along very well because they were looking for opportunities for people coming back to Los Angeles. So a lot of the hotel operations, apartments around Little Tokyo were deals that were put together by Mr. Nishimoto. He did very well. ",
                " MN: Who was this client that he introduced you to? ",
                " BK: Who, who was the what? ",
                " BK: Account? ",
                " BK: Oh yeah, one day he called me up and he said he had some Japanese clients that were looking for some accountants and would I be interested in talking to them? I said absolutely. We were starving, Kiyo and I, so we arranged for a time and went to his office and met and found out that the Toyota company from Japan was opening its offices in Los Angeles and that Kenji was gonna form three corporations, one, Hollywood Toyota, the retail, then Toyota Motor, I think the importer, and then Toyota Motor USA, the main corporation doing business in the United States. And what they needed was the year-end financial statement certification for the bank, and since they didn't have much in assets it was really no problem for us to certify what they owned, because they had the property they were leasing in Hollywood for the retail and the rest were leases for the main office, and that was about it. Then after they were formed, then they started importing some of their products. The two products they imported were the, the automobile, the Toyopet, and then the four wheel drive, I forget what, I always have a problem remembering (the land cruiser), it was a jeep. And it turns out that the Toyopet was built like an English taxi, square, upright and no guts, so if you took it on the freeway -- because my wife was driving one because I bought the first one -- and it just didn't have the poop. It just didn't have the power. It's dangerous, so I told the management that. I says this is not the kind of car for this society here. It's too dangerous. You can't take it on the freeway because you can't speed it up. And so they finally canceled the Toyopet and they later came in with the Corolla, which sold like wildfire. And their jeep, (the Land Cruiser), but it's still being sold, the four wheel drive, and that's kept them going while they were coming up with the new car. It was being sold up in the northern states. The people that were hunters, the people that had the large farms, the people that needed four wheel drives, sportsmen, fishermen, they liked the four wheel drive, so they kept selling all during the time they were coming up with the new car. So they kept busy just servicing that, and when the new car came and it hit, then they started branching out because then they got dealerships. And when that hit, then they were thinking about dealerships all over the United States, and when that happened our accounting firm could not keep up with the year-end confirmations because we would have to go to visit every site and we didn't have the staff, so a large accounting firm took it over. Didn't like that. They wouldn't hire Japanese Americans either, at that time. Anyway, that's history. "
            ]
        },
        "segment 5": {
            "Segment Desc": "Deciding to run for Gardena city treasurer",
            "Segment Questions": [
                " MN: So you're getting really busy with new accounts and with the Town & Country, so you had to quit your night job, teaching job at East L.A. College, then in 1960 you decided to run for Gardena city treasurer. How did you come about to this decision to run, and what did Frances think about that? ",
                " BK: Well, I was involved in quite a few things in Gardena and trying to get involved with the community. I joined the Gardena Valley Lions Club, I joined the chamber of commerce, I became a member of the Dana Weller lodge, Masonic lodge, and I got involved in a lot of activities in Gardena so that people then became familiar because I would get to know them in one organization or another. It turned out that when I joined the Gardena Valley Lions Club, that was one of the largest organizations in Gardena and almost any businessman that was anyone in Gardena was a member. And the Card Club, there were about seven different Card Clubs, their representatives were there. The auto dealers, the Chevy dealer, the Ford dealer, the Bank of America members and other businesses within the Gardena area, they were all members of either the Kiwanis or the Lions Club. I chose the Lions Club. Taul was, opened the doors there for me, and when I joined them they says, \"Oh, you're an accountant?\" He says, \"We need someone to take care of the Lions Club books. We have a hundred and twenty members and they come here monthly and they pay dues and we need a full time person taking care of it.\" I says, \"Well, I'll take care of it. What do you, what's involved?\" He says, \"We'll pay you a fee of a hundred dollars a month,\" and for me a hundred dollars was a lot of money (for) that, (...) plus free membership, so I wouldn't have to pay for being a member of the Lions Club, but they paid me a hundred dollars to keep track of the dues. I would take that to the office and give it to the girl and I says, \"You take care of this.\" I'll get the checks and then you credit all these people and keep a running account of what people owe, and so I had access to most of the businessmen who were involved in Gardena, so as they got my notices and got to talk to them, they got to know me, I got to know them, and so my contact with them was very, very personal, and then they got to talk to me and found out that, yeah, I'm Japanese American, but I'll keep track of your records. You pay on time.\" [Laughs] ",
                " MN: Now, why not? "
            ]
        },
        "segment 6": {
            "Segment Desc": "Memories of the grand opening of Merit Savings Bank",
            "Segment Questions": [
                " MN: So I have here that on November 21, 1962 is when Merit Savings held a grand opening. Do you remember that groundbreaking, the grand opening? ",
                " MN: Now, what's the significance of Merit Savings? I mean, it's groundbreaking, but for you, what is the significance of Merit Savings opening? ",
                " MN: And I'm gonna read the names of, that I have as charter members, and tell me if I skip, if I've missed anybody. I have George Aratani, Joseph Ito, Dr. George Kambara, Joe Lepresti, George Maruya, Kiyo Maruyama, Dr. Wallace Nagata, and yourself. Did I miss anybody? ",
                " BK: Did you have George Maruya? ",
                " MN: Now, early on the Japanese government had a complaint about the Merit Savings logo. Can you share with us that story? ",
                " BK: Where'd you hear that? [Laughs] Did I tell you that? Okay, well, the chrysanthemum is the official flower for the emperor of Japan. When they looked at our logo, which we adopted, it looked exactly like the Japanese emperor's chrysanthemum and I really didn't know too much about the background, except when we talked about it. I think the official chrysanthemum for the government is sixteen? One or the other, but we argued that we did not try to copy the government because ours was twenty-four and there's a difference between twenty-four and sixteen, and so there is no reason for you to think that we're trying to act like the government because numbers are very important, and so they finally accepted that. ",
                " MN: And so you won that argument? "
            ]
        },
        "segment 7": {
            "Segment Desc": "Work as president of Merit Savings",
            "Segment Questions": [
                " MN: Now, as president of Merit Savings, can you share with us some of your more popular innovations that you did there? ",
                " BK: What? "
            ]
        },
        "segment 8": {
            "Segment Desc": "Key role in the fight to save Los Angeles' Little Tokyo from redevelopment",
            "Segment Questions": [
                " MN: Now, with Merit Savings you're back working in Little Tokyo, and in the meantime (L.A.) City Hall is trying to take parts of Little Tokyo away, and so I have on one of the records that on May 20, 1963 you attended a meeting at the Daruma Cafe organized by the Reverend Howard Toriumi. Can you share with us what this historic meeting started? ",
                " BK: Yes, Reverend Howard Toriumi was in charge of the church on return from camp and he was doing a good job, and he was full. He went up to the city hall and asking them how he could enlarge his property so he could accommodate more of the people that were coming to church on Sundays and in between, and they told him that that particular building was maxed out and he couldn't add anything to it, and while he was there he happened to be talking to one of the main city planners and his name was (Reuben Lovret). And he advised the reverend, he says, \"Why don't you organize the people in Little Tokyo and come up with a plan so you could develop the area?\" And Reverend Toriumi thought that was a good idea, so he went over to the Japanese Chamber of Commerce and said that, that the city planner would be very happy to come and talk to Little Tokyo people about a plan to redevelop the area. And so Mr. Mukaeda, (President), and Frank Hirata, the secretary, thought that that would be an interesting meeting, and so we went to the Daruma (Cafe) and set up a date and let the membership and then put up a notice in the paper, those interested in listening to the city planner, what was his name now? ",
                " MN: Reuben Lovret? ",
                " BK: Well, I don't know about how I got him to, to really help us, but he was a very outgoing person and one day I heard that he and his, his wife were headed for Hawaii, and I had some contacts in Gardena with Frank Yamamoto, who was selling lots on the Big Island, lots in the aftermath of the lava. He was selling lava rock, but he was selling and people were buying. It was very cheap. It was cheap because no one else was buying. But he was selling that in Gardena and I got to know Frank, and he moved back to Hawaii after he sold all the lots, and so I got to know him and since he was going to Hawaii, I didn't know anybody else except Frank. So I called Frank, I says, \"Frank, you won't believe this, but I need your help. I'm not gonna ask for money. If you spend money for me I will reimburse you, but I have this councilman coming over with his wife for their first time in Hawaii.\" I says, \"Could you take care of him?\" He says, \"Oh yeah, I'll take care of him.\" And when councilman landed there I says you can't mistake who he is. He's gonna be the only black person with his wife who's a, is rotund. [Laughs] Teresa. And he took care of them and they had such a fabulous time. Frank took them around and they couldn't believe Hawaii was the way it was, and it was mixed 'cause the Hawaiians were dark also and there was no discrimination, and they came back just bubbling. And he called me on the phone, he says, \"Hey, Bruce.\" He says, \"I had a good time. Teresa had a great time.\" Says, \"I don't how to thank you.\" I says, \"You don't have to thank me, I'm just glad you had a good time.\" And so he naturally was supporting everything we did. Eventually he paid back Frank, because I think the following year Los Angeles was hosting the Olympics and he called Frank and he says, \"Frank, come over here.\" He says, \"Bring your wife.\" He says, \"I got tickets for you for the Olympics,\" through his connection. And he didn't bring his wife but he brought a friend and they had tickets to everything of the Olympics, and I couldn't see Frank because he was too busy. But that was a payback because Gil was so appreciative. But through that connection, everything that I asked him to do, he was very cooperative, and also he knew that Little Tokyo needed help and since it was in his district he was more than willing to go out and do the things for us. So we had a very good, just relationship. It didn't involve money to speak of. It's just good PR. Yeah. ",
                " MN: And you had a family. I mean, how were you juggling all of this? "
            ]
        },
        "segment 9": {
            "Segment Desc": "Fighting unfair hiring practices on behalf of returning Japanese American GIs",
            "Segment Questions": [
                " MN: After five years as president of LTRA, you approached the CRA, the Community Redevelopment Agency. Why did you do that? ",
                " BK: Well, we ran into a situation of self help. We tried to get people to buy property and develop it. Kajima came in and they built a building, but they came in with their own capital and they also built the hotel, and that was a great addition, but others that wanted to come in would have to come up with a lot of money. And we didn't have the wealth in our community. Our, our community, because of what happened during World War II, we were put into camps, we were broke. There was no one around that had any wealth to do the projects that ordinarily there would be someone with money to get into a development. All the big money that came in was either from Japan or from outside our community, and we tried to encourage development, but when the whole population of stateside is put into camps for three years, you can't expect them to come back to where they live and start off from scratch and start development. They're all broke. I had friends that were living in hostels for two years. They didn't know where to go. You had others that lived in trailers. They had no homes. Lot of 'em had, didn't have jobs. I attended some of the meetings with my fellow GIs, and you heard about how they raised money, didn't you? No? They would, well, our community, coming back, a lot of 'em were in the 100th/442nd, they came back and found themselves to be broke. They got the mustering out pay and that was not (much). They didn't have jobs. Male folks couldn't find jobs because the community didn't hire them. The girls, fortunately, they were good secretaries and all the law firms were looking for good secretaries, and a lot of 'em were very, very fortunate to be hired by the best law firms. But the guys, they were not sought after, even if they were qualified, like going to school and being the top accounting student. The accounting firms wouldn't hire 'em because they had... well, they didn't have anything written, but unpublished rules of not hiring Japanese Americans. But it was difficult for the GIs that came back, and what they used to do is to try to raise capital. ",
                " And I would be attending some of the meetings, maybe you heard of tanomoshi. So a group of maybe ten guys said, \"Okay, we'll meet once a month,\" and tanomoshi, he'd bring a hundred dollars to the meeting. And so they'd come to one of the member's homes and the member would serve the food -- the wife would make sushi or whatever -- and they would have the meeting, and the meeting would be out of ten guys, who's gonna bid the highest to get the hundred dollars? And with a hundred dollars from ten guys, it's a thousand. A thousand dollars, you could go out and put a down payment on a car or buy a mower or buy things that you need that you couldn't do because the bank don't give you credit and you don't have cash, so the person that bids the highest, \"For the hundred dollars, I'll pay you six dollars. You keep. You pay me ninety-four dollars.\" Or \"You keep ten dollars, give me the ninety dollars.\" And that's how the tanomoshi worked. So each month you had a tanomoshi, and so that gave whoever bid the highest the cash to do whatever he wanted to do. If you didn't have to use it you wouldn't bid. So that was a banking system developed by the (veterans and the) gardeners. The tanomoshi was even before the banks. So to me, I went to one of the meetings, I said, \"Hey, that's a pretty good deal.\" I mean, you're not being charged any more by the bank, but you're getting less, but you use whatever you want to get what you want, to get started and you wouldn't have to worry about borrowing from a relative. This is a, strictly a business deal. And the tanomoshi served its purposes for the GIs. It's kind of original and unusual, but it was very practical. I give them credit. I don't know who came up with this tanomoshi. ",
                " MN: And now, the Nikkei Credit Union is sort of the outgrowth of the tanomoshi, is that correct? ",
                " MN: Now, while you are still at Merit Savings, in the fall of 1964, your brother in law, Taul Watanabe, calls you again and he needed some help at Gardena Savings. So what did you do? "
            ]
        },
        "segment 10": {
            "Segment Desc": "First considering the idea of a national Japanese American museum",
            "Segment Questions": [
                " MN: Now, when you returned to Merit Savings and Loan, and you were still involved with the Little Tokyo Redevelopment, I guess now the committee, the, the mayor's committee was called the Little Tokyo Community Development Advisory Committee that you were on, and then you started to pursue your museum dream a little more. Can you share with us this, how you started? "
            ]
        },
        "segment 11": {
            "Segment Desc": "Early role in establishing the Japanese American National Museum",
            "Segment Questions": [
                " MN: I'm gonna step back a little bit and, yes, it started out with the veterans and they had an exhibit, and I think your side was more the structure, the building. You were able to focus more on the building part of it. And you mentioned that Joseph's Menswear was next to your office, or was at one point, and you got to know Joseph Ito and his brother-in-law was Minoru Yamasaki, so how did this relationship with Minoru Yamasaki go? ",
                " BK: Yeah, it's very interesting. When we were promoting the museum and Merit was the first one that was wanting to form a development which would include a museum, and we bought the property at First and Alameda. It was the former California Hardware, large brick institution. It had about, I don't know, about an acre and three quarters, went to Second Street, and we thought that would be ideal location for development to include a museum, and so I went and talked to the owner over there and says, \"You know, I don't know if you people are looking for new locations, but we would be interested in trying to work out something with you to buy this old building and tear it down and work out something for you to move to another location in a modern building.\" And they took it up. So we finally made a deal with Merit and California Hardware where we bought a piece of property in the City of Commerce and agreed to build a building for them in exchange for their old property here, so we worked on an exchange agreement and they built the building and then we exchanged properties. Then we tore this building down. We found guano in there. You know what guano is? ",
                " BK: And very potent, and you can't use it. Normally it would kill the flowers or whatever, but it's used by specialists. You try to find someone who could use bats' poop. Couldn't find anybody and we just got rid of it. And the, some of the biggest rats in town. A real rat came out of that building across the floor. I don't know where it disappeared to. It was a big rat. [Laughs] We tore the building down and discovered not only bats but rats, and leveled it off and then paid for a study to be made to see what we could build and if the timing was right, so we had a study made to give us an idea if the timing was right. So the end result was that we were in a very, very slow period of our economics here in Los Angeles, and they said, \"This is not the time to try to start to build.\" And so then the board decided, well, the timing wasn't right, we'd sell it. So we sold it to a local developer, what's his name? He got some money from his friends and advisors from overseas and, gee, I can't even think of his name. He and his dad bought, bought the property from us, and they've had that all along as a parking lot. And what was his name? He developed also the property at Second and San Pedro where Narumi was. Anyway, I'll think of it. He was from Okinawa. You know? ",
                " MN: Now, when did you go over to Visual Communication and meet Nancy Araki? Do you remember that? Nancy remembers you coming over to Visual Communication and you wanted her to -- ",
                " MN: Natural History Museum? ",
                " MN: Now, when you say Irene, that's Irene Hirano? "
            ]
        },
        "segment 12": {
            "Segment Desc": "Meeting renowned architect Minoru Yamasaki",
            "Segment Questions": [
                " MN: I'm gonna go back a little bit, before Irene and, and before Nancy was hired, and I want to ask you again about Minoru Yamasaki. You actually flew out to meet him, and this is even before there was a building. And what did you discuss? ",
                " BK: That's, that's when we bought the property from California Hardware. We had the property, so Joseph Ito was a board member. I didn't know that his nephew was Minoru Yamasaki. He's just, he says yeah, says, \"Well, why don't you go talk to my nephew?\" I said, \"Who is he?\" He says, \"Minoru Yamasaki.\" I said yeah, I heard... so we made a date and I flew over to Detroit. He met me and picked me up at the airport. He's a very slight fellow. He's not even five foot one, short fellow, but what a brain. I mean, he's very creative. He picked me up at the airport and said, we're looking for my luggage, I couldn't find it, he said, \"Well, I'll call back and we'll pick it up later.\" He says, \"I'm gonna take you over to the house and, and you're gonna stay with me for two days and then I'll put you on the plane, go home. In the meantime, we'll go to the office.\" So he drove me to his home. He drove me into his garage and the doors open like this and he has cubicles up there, just like a store. He has whatever is up there one by one. It's like a store with a, it's like an exhibit. It's not messy. It's just perfect. It's sitting there, the whole garage is filled with the things up there, but I don't think it's a practical thing, but being an architect it's graphic and it's beautiful. Then he says, \"Well, you're gonna stay with me for the two days and we'll go upstairs and meet my wife.\" So his house is two levels, upstairs is his living quarters and down below the garage and then two apartment like rooms and a swimming pool underground. And so I met his wife and we had coffee, and then he says, \"Let's go to the office and meet part of the staff,\" so he drove me to his office and he had everybody come in and introduced me, and he says, \"Now, would you tell 'em what, what you have in mind?\" And so I explained the map I had of the property and what we thought we wanted to do for Merit Savings, and he said, \"Okay, we'll leave this with the staff and tonight,\" he says \"you're going with me to the golf course country club to eat dinner, and after that we'll come back and you're staying at my apartment below. And tomorrow we'll go to the office and we'll talk.\" And so we went back to his house and I says, \"I still don't have my luggage.\" We called the airport and they can't locate my luggage, so we check in and I says, \"Well, I don't have anything to change to.\" I says, \"I just have what I have.\" He says, \"There's a toothbrush and all that and you have a separate bathroom.\" He says, \"I swim in the mornings,\" he says. There's a pool downstairs. He says, \"Do you swim?\" I say, \"Yeah, I swim.\" But so he says, \"Okay, I'll knock on your door in the morning.\" And so we went to the country club and I didn't have a jacket. My clothes didn't come in. He says, \"But you have to wear a jacket to go to the country club.\" He says, \"You can borrow one of mine,\" so I borrowed one of his. Like this. [Laughs] He's only five foot one and he's much smaller than I am, and so I go walking into the country club like this, and there's a lot of people there, but he, he just waves to them and we find a place to sit down and we're eating dinner and I'm goin'... [Laughs] Finally we finish and go back and it's kinda funny, but nobody bothered, nobody looks at you or anything. Everybody's busy. We go back, I gave him his jacket back. I says, oh, I don't, I just my have my sports shirt. He says, \"I'll wake you up in the morning.\" ",
                " So went to sleep and I hear a knock in the morning and Minoru's there. He's got his bathrobe on; he's gonna go swimming. I says, \"By the way,\" I says, \"I don't have anything. Do you have extra swimming trunks?\" He says, \"No, don't worry.\" He starts walking towards the pool, takes off his bathrobe, he's naked. Doesn't have a stitch on. He's just, \"I swim like this.\" I said, he says, \"You could join me.\" So I says, \"Well, I guess I will.\" So he jumps in and he goes swimming all across the pool. It's a big pool, indoor pool. So I jump in and I'm over here on this corner without a stitch on. [Laughs] So anyway, after the swimming lesson we went to his office. I'm still wearing my same clothes, and calling into the airport, they still haven't located my luggage. And we talked to the staff and after the staff meeting we're talking about the, what ideas might come about, and I don't think I spent more than all that day, I had an evening flight coming back, and so he was still checking with the airport and they finally located the, my luggage had gone to Hawaii and back, and so when we went to the airport, when we were checkin' out, I picked up my luggage and checked it back in. So I'm wearing the same stuff I came with. But I got to know Minoru Yamasaki pretty well and we were just laughing about it. He's, well, I said, \"Minoru,\" I says, \"I got to tell you, this has been very revealing experience. Not only have I come to your house to see what it looked like and met your wife, but swimming in the same pool with you has been a very unusual experience.\" He laughed. But I met him once. We had a, after that he developed the plan and Nancy has a copy of what he prepared. It was a simple plan with buildings on the fringe and a possible museum in the middle of the courtyard. That was his off the hand, off, more or less first crack at what he thought we could do. And then we had the feasibility study, which came up with a negative, that it couldn't happen in this environment. Money was not available. Banks weren't loaning money. It would be impossible to pull a deal together, so we just dropped it. So that was the end of the idea for Merit. "
            ]
        },
        "segment 13": {
            "Segment Desc": "The challenge of securing community monetary support for the Japanese American National Museum",
            "Segment Questions": [
                " BK: Hmm? ",
                " MN: And were you ever worried that you weren't gonna be able to get community support and, and this might be a competition for funds? And how did you resolve that issue? ",
                " MN: But going back to the museum concept, while you're dealing with the Merit Savings you had a fundraiser in 1984 in your building, the 941 Third Street building. Do you remember that? It was called a \"One Night Nightclub.\" ",
                " BK: That was, yeah, we were trying to get people who had money to come to it, and so we sent out invitations to any, everyone that we could think of. Nancy headed it up and she prepared the visual presentation, and we got the Boy Scouts of the Nishi Hongwanji and the, the veterans' group, and we got some, I guess we got people to donate paint and brushes and painted up the old warehouse. We got Jun Okimoto to bring in his Astroturf and fake palm trees and created a nightclub scene, and Nancy made a film and hopefully we could entice some people with money to come to the dinner. And we had a steak dinner and Irv, was it Irv? Who was it? Can't think of his name (Chester Yamauchi). He was the person that put the dinner together. ",
                " MN: Chet? ",
                " BK: Huh? ",
                " MN: Chet? ",
                " MN: And when you say the senator, you're talking about California State Senator Art Torres? ",
                " MN: A historic district? Is it a historic district, became a historic district? "
            ]
        },
        "segment 14": {
            "Segment Desc": "The very early days and the grand opening of the Japanese American National Museum",
            "Segment Questions": [
                " MN: Now, while all this was being done at the, this empty old Nishi Hongwanji building, in October 1985 you hired Nancy Araki, and where did Nancy have to work in for a while because there was no office? ",
                " MN: -- East Third Street, and, and that's where you also said the Pacific Citizen had a office there also, with Harry Honda. Now, at the same time the redress movement is going on and you testified at the Commission on Wartime Relocation Internment of Civilians. Do you remember what you testified before them? ",
                " MN: And of course redress, when redress was won it did have an education component to it, and the bill was signed in '88 and that's the same year that the museum hired Irene Hirano. Now, what was the first thing the board did when Irene got hired on? Do you remember that? ",
                " BK: No. The timing was when? ",
                " MN: 1988. And when you hired Irene, do you remember what you did as a board en masse? ",
                " MN: Nancy told me you folks resigned. Do you remember doing that? ",
                " MN: Now, the museum had, had the grand opening on, was set for Saturday, April 30, 1992, and then a day before the Rodney King verdict came out and L.A. was in riots. What sort of contingency plans did the staff do and the board do when L.A. was just rioting? ",
                " BK: Well, we had all the chairs outside for the population to come. What we had to do was pull the whole program inside the Nishi Hongwanji, and it was, the ex-prime minister of Japan came, and what was his name? Anyway, he came and we pulled the program inside and still had our program, and he spoke and we had taken all the chairs and put 'em inside, so yes, it was a very, very sad event. I mean, in terms of what it could have been and what it wound up being. It was bad timing. ",
                " MN: Did a lot of people cancel coming? ",
                " MN: Nobody got injured going to the museum did they? ",
                " MN: So when, once the museum moved into the old Nishi Hongwanji building and it was too small, so the staff started the phase two with a forty-five million expansion across the street. Was that really hard to raise the funds? ",
                " MN: Was it hard to raise funds for the next, phase two? "
            ]
        },
        "segment 15": {
            "Segment Desc": "Thoughts on the future of the Japanese American National Museum",
            "Segment Questions": [
                " MN: Well, I know everybody's having a tough time economically right now, not just the Japanese American National Museum, but overall are you pleased with the direction the museum is going? "
            ]
        },
        "segment 16": {
            "Segment Desc": "Description of the project to resurrect the Japanese Garden at Roosevelt High School",
            "Segment Questions": [
                " MN: I want to ask you two more things. When the museum opened and you started to get a lot of students from Roosevelt High School come and go through the exhibits, and a lot of these were Latino students, and they decided to, to resurrect the Japanese garden at Roosevelt High School. Can you tell us that story, and how did you feel about these Latino students being interested in this prewar garden? And what happened to that prewar garden? "
            ]
        },
        "segment 17": {
            "Segment Desc": "Attending a special graduation ceremony for Nisei whose educations were disrupted by the war",
            "Segment Questions": [
                " MN: Well, I was gonna ask you also, in 1994 Roosevelt High held a special Nisei graduation ceremony for those who couldn't receive a diploma because of the war, and you were one of the recipients and a speaker. When Roosevelt, they were one of the first to do this, how did that make you feel? ",
                " MN: The Wabash? ",
                " BK: The Wabash? ",
                " MN: Is that the one? ",
                " BK: Yeah, there's the Wabash Theater up there, but they have a group, I don't know if it's the Wabash group, but we meet twice a month at the restaurant on Sunset, and I'm the only one that shows up, Japanese American. And I know a lot of the guys, my Jewish friends, so I go there every time they have a meeting and I say, \"Where's my old Jewish girlfriend, Charlotte?\" I says, \"I haven't seen her in a long time,\" but we're at that age where a lot of our friends already have passed away, but we get along. We still get along. "
            ]
        },
        "segment 18": {
            "Segment Desc": "Involvement with the Manzanar National Historic Site",
            "Segment Questions": [
                " MN: Now, since 1964 you've also been really active with the Manzanar High School reunion committee and, and one of the things that the reunion committee did was to make that Manzanar model at the Manzanar Historic Site. Can you share with us how that story came about? ",
                " BK: Yeah, when the Manzanar site was taken over by the government a lot of us in our class felt that it was lacking because no one knew what the camp looked like. They had a big photo on the wall, but that's not like having a diorama like we have at the museum that lays out the whole camp and the blocks. So Sam Ono, who is a classmate of mine, he's a structural engineer and he is so brilliant. He said, we're talking one day, I says, \"You know, Sam, the people up at Manzanar want to have a camp layout. They want a miniature camp layout.\" He says, \"Well, we don't have the figures.\" I said, \"What are you talkin' about?\" \"Well, we got a map and the site, site of the barracks and where they were located...\" Says, \"I could put something together.\" So it turns out that I had one of the studies made of the camp that the government had made and inside it had the measurements of everything, so I took it over to Sam. Sam says, \"Hey, we could do it.\" So we call members of our committee, Archie Miyatake and Saigo, what's his name from West L.A., anyway, some of our old classmates, Kaz Inagai, to a workshop. What he did, Sam, he got all the measurements and he cut up a big map into different parts, and he knew what the measurements were of the barracks and so he had cutouts made of the barracks and he laid it out for us. He had about six pieces laid out and he had miniatures, sizes of the barracks and the larger places that we needed, the hospital and all the, he had everything laid out. He's an engineer and he does everything precisely, everything perfect, and a structural engineer is one of the top engineers in the field. I mean, they design the high rises and, and so he's one of the best, but he's retired, he had nothing to do, and when I gave him all these figures he just he just grabbed them. He transformed that into a display and we used to meet down in San Pedro from, one of his relatives had a big warehouse where they laid out the forms and the little barracks and everything. And we used to go down on weekends with our high school crew, work on it, and Sam just took it upon himself to do everything. He says, \"Okay, you guys work on this.\" And he had little miniature barracks and he had other stuff that looked like trees where you'd place the trees, and he had everything ready for us. He just did an amazing job. And so we prepared that for our Manzanar people and he had it built in sections that you could put one on top of the other, and we put it in a car and they took it up there and put it together. And so it's up there now as a display, and that way people could see, just like we have here at this museum, what the camp looked like, what... any camp would be fitting that model because the barracks are lined up in the same sequence. But yeah, we were blessed to have Sam around, and we spent about maybe two months and I would go out and buy hamburgers for them on Saturday. Somebody else would buy hamburgers the next weekend. Yeah, we worked on that and, and Sam and another fellow took it up and installed it at Manzanar. So that was our contribution. Yeah, so you heard about it, huh? ",
                " MN: Is there anything you want to add, or did I miss anything that you want to share with us? ",
                " MN: And when you say Mary, you're talking about the \"Songbird of Manzanar,\" Mary Kageyama Nomura? ",
                " BK: Yeah. She started singing in Manzanar, that we know of, and she's still singing and her whole family sings. I've heard her son sing and they got, they all have beautiful voices. And her son-in-law has a band, orchestra, and I don't know if he performs, and if he does he does in Orange, Orange County, but her daughter also sings. The whole family sings. It's beautiful. So what are you trying to do, write something up? I already wrote my book. "
            ]
        }
    }
}