{
    "Narrator_Name": "Chester Tanaka",
    "Bio": "Nisei male. Born in St. Louis, Missouri. During World War II, served with the 442nd Regimental Combat Team in Italy and France.",
    "Title": "Chester Tanaka Interview",
    "Interviewer": "",
    "Location": "",
    "Date": "October 8, 1980",
    "Densho ID": "denshovh-tchester-01",
    "transcript": {
        "segment 1": {
            "Segment Desc": "Growing up in the St. Louis, Missouri, area",
            "Segment Questions": [
                "I: This is oral interview number 3 with Chester Tanaka, member of the 442nd Regimental Combat Team. Chester Tanaka served the entire length of the regiment's term in combat. Chet Tanaka was member of Company K, 442nd, and retired from the service as a technical sergeant. This is side number 1, the date is October 8, 1980. Mr. Tanaka, where was your family from and when did your parents -- you're a Nisei, when did your parents emigrate to America?",
                "I: Did you have any identification with the Japanese culture? Did your parents talk of Japan or tell you stories? Did you have any identification with Japan?"
            ]
        },
        "segment 2": {
            "Segment Desc": "Hearing about the bombing of Pearl Harbor: \"I was just stunned when I heard the news\"",
            "Segment Questions": [
                "I: December 7, 1941, what was the reaction in St. Louis? What was your reaction and the city's reaction, do you remember?",
                "CT: I was just stunned when I heard the news. I said, \"How could they do this? Don't they understand that they have very little materiel, I mean, it just doesn't make any sense how they could even consider going to war against the U.S. Anyway, I was just stunned. The city, the area, the neighborhood where I grew up, the school and so forth, it was a little strange, but essentially they were supportive. There was not too much they could do. Many of them understood my situation, I mean, not mine, but the family situation, and that the Germans and the Italians had undergone similar, a relative situation that we were placed in in World War I when the war began over there, and the Kaiser was hung in effigy and Germans and Italians were singled out and chased around and so forth, or at least Germans anyway. So there was quite a bit of understanding, quite a bit of understanding from the neighborhood and from the people. It was quiet, there was no rock throwing or vituperation or yelling or anything of that nature.",
                "I: What was your reaction when you heard that the Japanese families were being evacuated on the West Coast? Did you have any empathy, did you feel for them?"
            ]
        },
        "segment 3": {
            "Segment Desc": "Memories of basic training",
            "Segment Questions": [
                "I: How did you first hear about the 442nd and what motivated you and your brothers to join the army, and where did you join the army?",
                "I: Were there any, what company were you originally sent to then? Originally K Company, you were assigned to for training purposes? This was in Camp Shelby.",
                "I: This was in Camp Shelby?",
                "I: When did you enter Camp Shelby, Mississippi?"
            ]
        },
        "segment 4": {
            "Segment Desc": "Devising pranks during basic training to relieve pressure",
            "Segment Questions": [
                "I: I wanted to ask you, Chet, about the training in Camp Shelby now. Did you have a sense that the units were trying to prove something even during their training period?",
                "I: I understand that you were one of the people who were sort of, let's say lazy and sort of, wanted to get out of duty a little bit?",
                "I: But it turned out later... what happened later?",
                "CT: Lloyd and I were good friends, we went overseas, eventually I became acting first sergeant for Company K, and Lloyd Inouye became acting first sergeant for Company I. I guess this is where goof-off training or service club training trains you to be a first sergeant, question mark? I don't know. Anyway, Lloyd was killed in action in the Folgorita area.",
                "I: I had heard that many records were set by the 442nd for marching and marksmanship in Camp Shelby. Do you know anything of that? You mentioned what happened on the marches as well.",
                "I: How is that, Maggie's drawers, M-A-G-G-I-E-S?",
                "I: Were there any funny instances other than what you mentioned from training?"
            ]
        },
        "segment 5": {
            "Segment Desc": "Getting along with soldiers from Hawaii",
            "Segment Questions": [
                "I: Was there anything else that was funny, any other incidents? Maybe good natured competition? Were the Hawaiian boys separated from the mainland boys?",
                "I: How do you spell that? K-O-T-O-N-K?",
                "I: How do you spell that?",
                "CT: K-A-N-A-K-A?",
                "I: What does that mean, do you know?",
                "I: Was there rivalry between the various training companies?",
                "I: In the movie Go For Broke! with Van Johnson, it give you the impression initially that the white officers, called haoles, H-O-E-L-L-Y or something like that, weren't very happy to be assigned with the Japanese American regiment. Is there any evidence of that or any prejudice by the officers?",
                "I: Is there anything else that you can relate to us that would, to talk about your -- we have very little anecdotal material information on training, most soldiers didn't find it all that funny. The only thing they would remark on is that, it was interesting, sort of the clash between the Hawaiians and the mainland people. Were there any other incidents, maybe in the town, the director of the training camp?"
            ]
        },
        "segment 6": {
            "Segment Desc": "Memories of the journey to Europe by sea",
            "Segment Questions": [
                "I: Chet, this is the end of your training, and after training, did you directly go overseas?",
                "I: How do you spell that?",
                "I: Did a lot of the people in the 442 get sick?",
                "I: Any other incidents that you can remember? Did you go over with another regiment or another group on the ship?",
                "I: Okay, where did you land and do you remember when you landed?",
                "I: When would that have been?",
                "I: And from Naples, where did you go?",
                "I: Which two battalions were they?"
            ]
        },
        "segment 7": {
            "Segment Desc": "First meeting Japanese Americans from the West Coast and Hawaii",
            "Segment Questions": [
                "I: Chet, you were born and raised in St. Louis, and you were in a unique position to... because there were very few Japanese American families in St. Louis, and you didn't have the influence that many of the other urban and rural families might have had, or the community pressure, the understandings. So when you came to Camp Shelby, you were exposed to a lot of Japanese Americans for the first time, and could you describe the Nisei soldiers as, almost as an outsider? Of course, you were Nisei yourself, but you were bringing an American perspective, a very Midwestern look. Could you describe it from that perspective?"
            ]
        },
        "segment 8": {
            "Segment Desc": "Describing the character of the Nisei soldiers",
            "Segment Questions": [
                "I: What was this Nisei soldier like? Describe the personality of, first, maybe the mainland Nisei. Of course, we always know them as being quiet and very humble. What other characteristics, and describe that.",
                "CT: Well, I don't know. When you're in a group, I guess you're not humble or anything. You're with your own, but you're a majority because you're with your own ethnic group. It was very interesting in this sense, that... well, let me describe it from the way I approached it and the way I saw it. The Hawaiians were the real different subculture from our subculture they had a, sort of a pidgin English that they spoke, and generally they were a little bit shorter than the mainlanders, I guess it was nutrition, I don't know. This is not true absolutely. I was, for example, along the larger of the Nisei or the Japanese American soldiers in the 442nd. I was 5 feet 6 inches, and I weighed 145 pounds. Now, the average Japanese American, mostly the ones from the islands were about 5'4\" or less, and they weighed about 120 pounds. And then they had this pidgin English that they spoke, which was an amalgam of Japanese, English, Portuguese, Hawaiian, and who knows what else was thrown in there? And they could only understand it among themselves, at least I couldn't understand at the beginning. And since I couldn't understand it, and being defensive, I assumed that it was inferior, and that their intelligence also had to be inferior. And this was soon put to... it was dispelled soon because I was asked to send her some letters from the Hawaiian soldiers. And I got to know some of the guys that spoke the pidgin English, and when I sent the letters, the letters were in perfect English, grammatically correct. The predicate, the verb, everything, there was nothing wrong. And so I learned quickly that the language sort of appeared distinction or differentiation, and so I began to try to pick it up.",
                "I: Could you further describe the graciousness of the Nisei?",
                "I: One could... when a group of Nisei are together, they're probably one way, and when they are with mixed, with Caucasians, can you describe the difference?",
                "I: There's been talk that this sense of enryo reflected itself in the decorations. There was an extreme amount of decorations for heroism, Bronze Stars, Silver Stars, Distinguished Service Crosses, but proportionally, very few Medal of Honor winners, or recipients. And perhaps when the orders were written, this sense of not wanting to be singled out for any honor outside the group, the sense of community service reflected itself in the lack of very high decorations that under other circumstances would have normally been awarded. These strong friendships that formed would be the, perhaps, most tightly-knit veterans organizations in the country. Would that account for it, too, the carry-over from the war?"
            ]
        },
        "segment 9": {
            "Segment Desc": "Keeping in touch with fellow soldiers after the war",
            "Segment Questions": [
                "I: Speaking of reunions, the relationship to the Nisei veterans, the 442nd, and also from the Military Intelligence Service. When you go into Japantown, there's an immediate recognition of you being a veteran, being the visible, tangible heroes of a whole generation of Japanese, not only of the Issei, but the Nisei and the Sansei. Did you have that sense, when you go into the Japanese community, that you were the heroes of that generation, this regiment?",
                "I: Are you the heroes of the community?"
            ]
        },
        "segment 10": {
            "Segment Desc": "Memories of a close call during combat",
            "Segment Questions": []
        },
        "segment 11": {
            "Segment Desc": "Description of combat in the Italian countryside",
            "Segment Questions": [
                " I: I'd like to ask Chet, could you describe, after landing in Italy, your impressions of Italy and the Italian countryside?",
                "I: How about the nights? Did it get very cold at night in the summer?",
                "I: How about the winters in Italy?",
                "I: Describe a typical bivouac in the Italian countryside. You would be marching all day long, let's say not during fighting conditions, and you would stop, what would be the conditions? What about the supper, the mess, the cleaning up, the routine activity, the guard duty? Describe a routine end of march, end of a marching period.",
                "I: Trying to explain is that the Germans designed shells that would hit trees and fragment so that they would just fall down on you? How did that work?",
                "I: In talking to other members of the 442nd and the 100th, that was probably one of the most feared weapons the Germans had, they could use. Is that true?",
                "I: What is an .88, could you describe to us? Perhaps that is also one of the more feared German weapons, an .88 referring to the .88 millimeter. But it would be a very high-powered cannon, very, very accurate. Could you describe maybe some instances of the accuracy and the terrible casualties it would mete out.",
                "I: Would there be any other incidences that you can recall about the adversary, the German soldier?",
                "I: You told me you heard another rumor that was unsubstantiated that Hitler had given orders to the German army to \"give it all they got to wipe this regiment out.\" It was a great irritation, and also a great irritation to the white supremacist Aryan view that the Germans couldn't be beat, particularly by Orientals. Did you hear that, too? Did you hear that from the members of your Company K, or was that generally throughout the regiment that you'd hear that rumor?"
            ]
        },
        "segment 12": {
            "Segment Desc": "Encountering German booby traps",
            "Segment Questions": [
                "I: -- that pretty much impressed the technology, even their tanks were better. Did you ever come up against any tanks, German tanks?",
                "I: How would they booby trap a latrine?",
                "I: Do you recall the circumstances?"
            ]
        }
    }
}