{
    "Narrator_Name": "Chiyoko Yagi",
    "Bio": "Nisei female. Born July 25, 1920, in San Juan Bautista, California. Raised in Watsonville, California, and married prior to World War II. During the war, was removed to the Salinas Assembly Center, California, and the Poston concentration camp, Arizona. After leaving camp, returned to Watsonville.",
    "Title": "Chiyoko Yagi Interview",
    "Interviewer": "Megan Asaka",
    "Location": "Watsonville, California",
    "Date": "July 28, 2008",
    "Densho ID": "denshovh-ychiyoko-01",
    "transcript": {
        "segment 1": {
            "Segment Desc": "Parents' immigration to the U.S.",
            "Segment Questions": [
                " MA: Okay, so today is July 28, 2008, and I'm here with Chiyoko Yagi. We're in the Kizuka Hall of the Watsonville - Santa Cruz JACL in Watsonville, California. So thank you so much for doing this interview. I'm really excited. So I just wanted to start with a few basic questions. So when were you born? ",
                " MA: And what was your, the name given to you at birth? ",
                " MA: And a little bit about your, your father and your mother. So what was your father's name? ",
                " MA: Isaku Matsumoto. And where was he from in Japan? ",
                " MA: Do you know what his family did in Japan, what occupation? ",
                " MA: And where did he, sort of, settle when he first came over to the U.S.? ",
                " MA: And then a little bit about your mother. How did he meet your mother? ",
                " MA: So they, she came over to the U.S. to marry your father? ",
                " MA: Did they get married in Watsonville? ",
                " MA: Do you know how old she was when she came over? ",
                " MA: And what, I'm just curious about your mother and father and what they were like, what their personalities are like, what they were like as people? ",
                " MA: They were strict with the kids growing up? "
            ]
        },
        "segment 2": {
            "Segment Desc": "Parents' sharecropping work in Watsonville, California",
            "Segment Questions": [
                " MA: So you said you were born in San Juan Bautista. What were your folks doing in San Juan Bautista? ",
                " MA: And do you know why they moved to Watsonville from San Juan Bautista? ",
                " MA: How many years would they stay on one plot of land? ",
                " MA: So they would rent a large area and then farm, like, smaller plots in there? ",
                " MA: So can you describe your house that you lived in and the farm? ",
                " MA: They were striking on your farm? ",
                " MA: What did your father do? ",
                " MA: And what about the house that you lived in growing up? What was that like? How big was it? "
            ]
        },
        "segment 3": {
            "Segment Desc": "Description of siblings",
            "Segment Questions": [
                " MA: And how many, how many children were in your family? ",
                " MA: Would doctors come to your house when you got sick? ",
                " MA: And were you the older one? ",
                " MA: And what's her name? "
            ]
        },
        "segment 4": {
            "Segment Desc": "Father's strawberry farm",
            "Segment Questions": [
                " MA: So I'm curious about the strawberry farming. And in Watsonville during that time, was it pretty, how many people owned their, or operated their own farms like your father versus sharecropping? ",
                " MA: What was the name of your farm? Was there a name? "
            ]
        },
        "segment 5": {
            "Segment Desc": "Attending school in Watsonville",
            "Segment Questions": [
                " MA: And where did you attend grade school or grammar school? ",
                " CY: Where'd I go grammar school? Oh, my first one was in, it was a schoolhouse on Riverside Road, (called Railroad School). ",
                " MA: So I'm curious about the grammar schools like the Hill School and the one on Riverside. What were the facilities like? ",
                " MA: And how many, at Hill School, for example, how many students were in your class? ",
                " MA: Was it like ten? ",
                " MA: Thirty? ",
                " MA: And who was this teacher? Was she a Caucasian lady? ",
                " MA: It's okay. [Laughs] The area where you grew up, who were your neighbors and what was that area like? Were they mostly Japanese American? ",
                " MA: Doing farming? ",
                " MA: How long would that take you, to walk into town? ",
                " MA: So did you help out on the farm at all when you were growing up? ",
                " MA: Did you help out on the farm or help your dad? ",
                " MA: So what types of things did you do? "
            ]
        },
        "segment 6": {
            "Segment Desc": "Memories of Japanese language school, Buddhist church",
            "Segment Questions": [
                " MA: And I wanted to ask you about Japanese language school, and if you attended language school? ",
                " MA: So did you speak Japanese or English in your home, or both? ",
                " MA: And what religion did your family practice? ",
                " MA: And when did you move, make that move closer to town? ",
                " MA: And so can you describe the Buddhist temple that you went to, what it was like and what Sunday school was like? ",
                " MA: So can you talk about the Japanese American community in Watsonville and the types of activities that you would do, and festivals or celebrations? ",
                " MA: And YBA is Young Buddhists Association? ",
                " MA: So where would you go for your conferences? ",
                " MA: And you would meet other people from around California? ",
                " MA: So what were the conferences like? What would you, what types of things would you do? "
            ]
        },
        "segment 7": {
            "Segment Desc": "Nisei students at Watsonville High School: \"they kind of stayed to themselves\"",
            "Segment Questions": [
                " MA: And you mentioned that you attended Watsonville High School? ",
                " MA: And in general, how did the Nisei students fit in with the overall student body in terms of social activities and student leadership, and how did the Nisei students kind of fit into that? ",
                " MA: How did the Nisei students, sort of, how were they treated by the others? ",
                " MA: And what types of things did you do for social time or on the weekends with your friends? ",
                " MA: So tell me about the, the picnics. Was that a whole Japanese American community picnic? ",
                " MA: And was that once a year? ",
                " MA: So what did you do after high school, after you graduated? Did you work? "
            ]
        },
        "segment 8": {
            "Segment Desc": "Having an arranged marriage",
            "Segment Questions": [
                " MA: So how did you meet your husband, is it Harry? ",
                " MA: Did you know who he was before? ",
                " MA: And tell me about your wedding. You said it was in the Buddhist Temple in Watsonville? ",
                " MA: Your wedding was in the temple? "
            ]
        },
        "segment 9": {
            "Segment Desc": "Husband's background",
            "Segment Questions": [
                " MA: So can you tell me a little bit about Harry and his family, what work they did? ",
                " MA: And what was their name? ",
                " CY: The man that took care of the property? L.A. Beckis, Louis Beckis. ",
                " MA: So Harry was bookkeeping, what did his folks do, what type of work? ",
                " MA: What were the, was there a big Japanese American community on that side? ",
                " MA: So did they have the property in Harry's name? "
            ]
        },
        "segment 10": {
            "Segment Desc": "On a road trip when Japan bombed Pearl Harbor",
            "Segment Questions": [
                " MA: So let's talk about December 7, 1941, the day that Japan, you know, bombed Pearl Harbor. And you were actually out of Watsonville at that time. Can you talk about where you were and what you were doing? "
            ]
        },
        "segment 11": {
            "Segment Desc": "Preparing for mass removal: coping with restrictions",
            "Segment Questions": [
                " MA: So when you came back from your travels after Pearl Harbor, did you notice a change in the way that people in Watsonville treated the Japanese Americans? ",
                " MA: -- aliens living on the West side had to just move? ",
                " MA: So what about your, your parents? ",
                " MA: And did you have to find, like, a renter for your house? "
            ]
        },
        "segment 12": {
            "Segment Desc": "Remembering the day of mass removal",
            "Segment Questions": [
                " CY: The date we left Watsonville? (Narr. note: I can't remember the date, but we left by bus to Salinas Assembly Center.) ",
                " MA: Uh-huh, what that was like and what you were thinking at the time? ",
                " MA: So you were able to have your dog with you? ",
                " MA: So can you talk about the, the journey to Salinas, and did you take a bus down to Salinas? "
            ]
        },
        "segment 13": {
            "Segment Desc": "First impressions of the Salinas Assembly Center",
            "Segment Questions": [
                " MA: And can you talk about when you first arrived at Salinas and what you were thinking? ",
                " MA: And what were the, what was the barrack, what did it look like in Salinas? "
            ]
        },
        "segment 14": {
            "Segment Desc": "Arrival at Poston concentration camp: \"it was very barren\"",
            "Segment Questions": [
                " MA: So you mentioned that you went to Poston. Did you go there by train? ",
                " MA: And what was that journey like? How many days did it take? ",
                " MA: When you arrived at Poston, what were, what did it look like? I mean, what, I imagine it was pretty barren. ",
                " MA: And were your parents also in Poston? ",
                " CY: My parents? They were in the next barrack. "
            ]
        },
        "segment 15": {
            "Segment Desc": "The differences between Poston camps 1, 2 and 3",
            "Segment Questions": [
                " MA: So Poston was pretty large, one of the larger camps? ",
                " MA: Two. Is that where most Watsonville people were? ",
                " MA: How did people get along in camp? Like Niseis from different areas of California. I mean, how did the Sacramento people and the Watsonville people get along? ",
                " MA: So in Camp 2, I'm just trying to get a sense of how big it was. How long would it take you to, like, walk from Camp 2 to Camp 1? ",
                " MA: Was there, did Camp 2 have its own, like, medical hospital? ",
                " MA: Clinic? ",
                " MA: And around, like, Camp 1, Camp 2 and Camp 3, was there, like, barbed wire around each camp and guards and stuff? ",
                " MA: And what was the hospital like there? ",
                " MA: Oh, interesting. So the employees at the hospital were also non-Japanese American? So there was Caucasian people and... ",
                " MA: You had your -- when was your daughter born? What year? "
            ]
        },
        "segment 16": {
            "Segment Desc": "Father-in-law's wartime experiences",
            "Segment Questions": [
                " MA: So your father-in-law was in North Dakota for, you said, two years. When did he come back? Was he released, or, I guess he wasn't really released, but did he come to Poston? ",
                " MA: And did he talk about, at all, his time in North Dakota or what had happened to him? "
            ]
        },
        "segment 17": {
            "Segment Desc": "Husband's work as a relocation officer in camp",
            "Segment Questions": [
                " MA: So your husband Harry, what type of work did he do in Poston? ",
                " CY: Harry? ",
                " MA: And he worked with, for the WRA? ",
                " MA: What did he do as a relocation officer? ",
                " MA: So he helped people kind of find housing after, or during and after the war? ",
                " MA: How did he get that job, do you know? "
            ]
        },
        "segment 18": {
            "Segment Desc": "Being visited in camp by non-Japanese friends from home",
            "Segment Questions": [
                " MA: So is there anything else that you would like to share about your time in Poston? Any memories about Poston that come to mind? ",
                " MA: And these were Caucasian friends from Watsonville? ",
                " MA: And these were the people whose son took care of your property? ",
                " MA: Were you able to get, like, rent, monthly rent from the people who rented out your property? Did they send you money? ",
                " MA: And so just to clarify, so you had the, the shop, the barber shop? ",
                " MA: And also your own home? ",
                " MA: Main Street in Watsonville? "
            ]
        },
        "segment 19": {
            "Segment Desc": "",
            "Segment Questions": [
                " MA: So you told me about in Poston you would go to the river? ",
                " MA: And that was five miles? ",
                " MA: How long were you in Poston? How many, how many years? ",
                " MA: Really? ",
                " MA: To the, into the barracks? "
            ]
        },
        "segment 20": {
            "Segment Desc": "Returning to Watsonville",
            "Segment Questions": [
                " MA: For Japanese Americans coming back? ",
                " MA: In general, how did the whites in Watsonville feel about the Japanese Americans coming back? ",
                " MA: How did the Chinese people, after Pearl Harbor, react to you and to the Japanese? ",
                " MA: Did, did your husband, Harry, work for the WRA for a while after the war until it closed? ",
                " MA: And this was on the Pajaro side, in that same building? "
            ]
        },
        "segment 21": {
            "Segment Desc": "Description of husband's barber shop",
            "Segment Questions": [
                " MA: And he, so they ran a barber shop, then, for a long time, right? Or Harry (and Tom). ",
                " MA: Which church was that? ",
                " CY: That's the old church, the Buddhist church. That Buddhist church had a big temple in the front, and that was where the chapel was. And downstairs was a big hall, and in the back, and the separate building there was a kitchen area, and that's where we stayed in there. And then the storeroom, there's another family staying in the storeroom, in the kitchen area. So I just wondered, I was thinking, \"How do you ever get all the beds in the little kitchen?\" but we managed. ",
                " MA: And then you moved back to your place after your renters moved out? ",
                " MA: Did most of the families who went to Poston from Watsonville, did they eventually return back home? ",
                " MA: And did most people resume what they were doing before, farming or their business? ",
                " MA: And it probably took a couple years to build up enough money to start something again. What about your, your parents? ",
                " MA: And that was in Watsonville? ",
                " MA: Is that nearby? ",
                " CY: That's, it's the other side of the hill, anyway, it's near Gilroy, past, do you know where Gilroy is? Past Gilroy is, is San Martin and Morgan Hill. Lot of people went over there, they had the, I think it was the Driscoll company or something, wanted sharecroppers, so that's where they went. "
            ]
        },
        "segment 22": {
            "Segment Desc": "Opening a tackle shop in Watsonville",
            "Segment Questions": [
                " MA: So Harry was doing, was working in barber shop, and you eventually opened, or you worked in a tackle shop? ",
                " MA: And who were your customers? Were they mostly Japanese American at the tackle shop? ",
                " MA: Okay, so next door was the tackle shop, barber shop. Who were his customers at his barber shop? ",
                " MA: Was that his brother? ",
                " MA: And it was two of you? You and your sister-in-law who worked? ",
                " MA: The church, are most of the people that still go Japanese American? "
            ]
        },
        "segment 23": {
            "Segment Desc": "Raising children",
            "Segment Questions": [
                " MA: And what was her name? ",
                " MA: And so you have two daughters? ",
                " MA: So Sharon, and who's the other one? ",
                " MA: And what's his name? "
            ]
        },
        "segment 24": {
            "Segment Desc": "Thoughts on the future of Japanese Americans in Watsonville",
            "Segment Questions": [
                " MA: So are there any messages that you want to share with people who will be watching this interview and learning from your story? ",
                " MA: Any thoughts about the future of the Japanese American community here in Watsonville? ",
                " MA: And in general, have you noticed the Sansei generation sort of moving out of Watsonville? ",
                " MA: So anything else you'd like to share? "
            ]
        }
    }
}