{
    "Narrator_Name": "Chizuko Omori",
    "Bio": "Nisei female. Born 1930 in Oxnard, California. Family resided in Oceanside, California, when World War II broke out. Removed with family to the Poston (Colorado River) concentration camp, Colorado. After leaving camp, lived for a time in Los Angeles. Along with sister, produced the award-winning documentary Rabbit in the Moon.",
    "Title": "Chizuko Omori Interview II",
    "Interviewer": "Martha Nakagawa",
    "Location": "Emeryville, California",
    "Date": "May 25, 2011",
    "Densho ID": "denshovh-ochizuko-02",
    "transcript": {
        "segment 1": {
            "Segment Desc": "Memories of Japanese American community activities",
            "Segment Questions": [
                " MN: What was the grammar school in Oceanside called? ",
                " MN: What was the ethnic makeup of the grammar school? ",
                " MN: Now, the non-Nikkei students and the teachers there, how did they treat you? ",
                " MN: Now at Oceanside, were your parents involved with the Kumamoto Kenjinkai? ",
                " CO: Yeah. All the people... we must have covered that whole business about the cooperative, farm cooperative that was formed or does that come later? Well, anyway, in Oceanside -- ",
                " MN: Now, this big picnic, were these people just from the Oceanside Kumamoto-ken people, or did they come from San Diego, L.A.? ",
                " MN: Now, when you say you have these memories of these picnics, how many people attended? ",
                " MN: Was it Kikkoman? Just out of curiosity. ",
                " MN: Yeah, did your mother spend days making the obento? ",
                " MN: What did your mother make and put into the juubako? ",
                " CO: Well, the nigirizushi with the stuff either inside them or on top of them. And of course, when we used to have the foods that came from, like, L.A. and such, maybe you guys have never heard of these things, but gobo maki I remember, and kinpira gobo... gee, I'm stuck on gobo, huh? Tempura vegetables, all those finger foods. Well, but then, of course, some American-style things were creeping in, fried chicken, potato salad maybe. You know, it got so that it was sort of a mixture. ",
                " MN: You mentioned gobo. Did your parents raise those kind of vegetables? "
            ]
        },
        "segment 2": {
            "Segment Desc": "Farming community considers moving en masse",
            "Segment Questions": [
                " MN: Now, even before Japan attacked Pearl Harbor, the Oceanside Nikkei community had to make arrangements to move out. Can you share with us why they had to move out? ",
                " MN: And what areas was this community looking at moving to? ",
                " MN: So this area that you, your family and this community was farming on is now Camp Pendleton, right? ",
                " MN: If I were to go there now, is there any remnant of this Oceanside Nikkei community anywhere? "
            ]
        },
        "segment 3": {
            "Segment Desc": "Recreational activities as a child",
            "Segment Questions": [
                " MN: I wanted to ask a little bit about your childhood growing up in this area. On your free time, what did you do? What sort of games did you play? ",
                " MN: And you mentioned going fishing to the creek. Were you close to the ocean also? ",
                " CO: We were close to the ocean, and sometimes family, my father liked to go fishing. So he would go surf fishing or sometimes pier fishing and that kind of thing. But another thing we used to do is go to rocky areas to gather octopus. That I remember. There was a way of, at low tide, luring out octopus, small octopus, from under the rocks, bringing those home, and we would gather snails and little abalone and sometimes seaweed. I don't know, just scavenge around the rocks. And I do remember mushroom hunting as a kid. My dad liked to do that, so after the rains he would go out looking for mushrooms. And my father hunted also. He shot pheasant and what else? That I remember. But once he did go duck hunting. So anyway, these were kind of rural things that we did. ",
                " MN: Now, you've been friends with the writer Hisaye Yamamoto from before the war. Is it at this Oceanside community that your family got to know each other? ",
                " MN: Now, Hisaye is nine years older than you, but did you have a lot of contact with her? ",
                " MN: Now, you're a writer also. Did Hisaye have any influence on you being a writer? "
            ]
        },
        "segment 4": {
            "Segment Desc": "Preparing for mass removal",
            "Segment Questions": [
                " MN: Now I want to ask you a little bit about Pearl Harbor. And the day Pearl Harbor was bombed, Sunday, December 7, 1941, how did you hear about the news? ",
                " MN: Did you hear of any Japanese Americans being picked up by the FBI shortly after the bombing? ",
                " MN: And at that time, when you heard Mr. Noguchi was picked up, what were you being told of why he was picked up? ",
                " CO: I guess there was a sense of fatalism within the community, that, \"Well, okay, that's Japan, our homeland, so that doesn't look so good for us, does it?\" And so I think they were not too surprised when a few of the older men were picked up. But why? Just because they were Japanese, I guess that's the way we figured. I mean, they didn't pick up a whole lot of people, so it didn't seem so upsetting to the whole community. Probably for the Noguchi family, but not the rest of us. And of course, we would take care of the Noguchi family in that case because they were part of our community. ",
                " MN: So there was no rumor like, \"Oh, so and so might be a spy\"? Nothing like that? ",
                " MN: So what did your family do with the pictures or books or anything that was connected to Japan? ",
                " MN: Now, once you learned you had to go into camp, what did your family do with the larger furniture? ",
                " MN: But your house, what did you do with your house? "
            ]
        },
        "segment 5": {
            "Segment Desc": "Mother's passing at an early age",
            "Segment Questions": [
                " MN: Can I... I'd like to ask about your mother now. And this is after the war, after camp, and you're restarting your life. And after a few years after camp your mother passed away. Do you think the camp experience and the stress of having to start life over again contributed to her illness? ",
                " MN: Were you there in the hospital when she passed away? ",
                " CO: No, I wasn't there. I wasn't there. In fact, I don't know if anybody was there. She was just bleeding to death, and we didn't know and the people in the hospital seemed not to know either. It just was unfortunate it happened over a weekend and they had no staff there or something, I don't know, but that's what I was told. So what can you say? It's just an unfortunate set of circumstances. ",
                " MN: Now, after your mother's death, your father had to raise three young girls and you were the oldest. Did you have to take the role of your mother? ",
                " MN: Did your father ever think about remarrying or talking about going back to Japan? "
            ]
        },
        "segment 6": {
            "Segment Desc": "Influence of wartime camp experiences on later life",
            "Segment Questions": [
                " MN: Now, how did the camp experience change the way you viewed yourself in the Nikkei community? ",
                " MN: Is that what keeps you active in the Nikkei community as you tried to revive that? You're still very active in the Nikkei community. ",
                " MN: Now, what brought you back to the camp experience? ",
                " CO: You know, I think I was reading the transcript and maybe I went through some of this already, but encountering... well, I was already an adult of course, and encountering some person who was a psychologist or something. I mean, at a party, this was not a professional thing. And she must have known about a lot of this because she just said, \"Oh, so how old were you when you were in the camps?\" I really hadn't given it much thought and I said, \"Well, I was between the ages of twelve and fifteen.\" And she said, \"Those are really formative years. Have you thought about how they might have affected you?\" And then I began to realize, boy, I really blanked out those camp years. I just did not choose to think about 'em at all. Well, that was kind of like the first glimmer of interest. And then Michi Weglyn's book came out in 1976, and you know how you do things sometimes and you're not sure why you did it? But I bought the book and I didn't read it immediately, but I had it around. And I think when I started reading it, I really didn't understand it. Okay, this was, say, late 1970s already. When did redress really start picking up? Sometime after that, yeah. I remember I was living down here in the Bay Area and I joined the group which was called Asian Americans for Community Involvement, AACI, I remember that. And it was a group of young Asian Americans, and it was a mixed group. And they were organizing to, I guess to help... well, I guess it was to deal with the parental generation, sort of like they were going to set up projects and social works and stuff like that and organize, politically organize and that kind of thing. And there, I started gradually thinking more about it because I think it came up more and more. It hadn't for a long time. But my real activity was when I move up to Seattle, and that's when a real organized situation began to take form. And it was lucky that I was with the Seattle group because they were the most active of all of these people. I was able to step into that and learn a lot from Henry Miyatake and Shosuke Sasaki, those guys. 'Cause they had done a lot of spadework digging into the records and things, so they knew a lot. "
            ]
        },
        "segment 7": {
            "Segment Desc": "Deciding to create documentary Rabbit in the Moon",
            "Segment Questions": [
                " MN: Can you share with us a little bit about Rabbit in the Moon and how that concept came about? Was it Emiko your sister who first came up with the idea or did you two, were you two talking about it? ",
                " CO: Well, I had been very active in redress and she was not. But I would talk about what we were doing and all this sort of thing. And you know, I think I've told you all this, about being involved in the Hohri case and also I had interesting stories to tell about going to the Supreme Court and all that. So I just talked about it off and on. And the Seattle group, the hard core of about seven or eight people, were very diligent. We met very faithfully once a month or more often. We had a lot of organized activities, we put out a newsletter, we commemorated February 19th all the time. And there was Frank Abe and Frank Chin was around, and so when I look back on it, those were great times. We were just really doing stuff. But I think really the unconscious push to do all of this was because the whole thing was a very painful experience and it was sort of like gradually trying to deal with the anger and the hurt and just the sorrow and everything that was part of that experience, and it was just beginning to come to the surface for me anyway. So that was a great outlet, to be active in redress. 'Cause we wrote letters, we went to our congressmen, and oh gad, all sorts of stuff. We had to have fundraisers all the time to keep it going. And then being part of the lawsuit also kept me very informed because I would get these legal briefs and stuff like that. Not I read them all and all that, but it's just that I had all that material, so I started learning more and more about it. Like when did I find out about \"no-no\" and stuff like that? I don't know. But just as these bits of information kept coming up, it just became very fascinating to me. And I must say I spent some years just being kind of obsessed about it all. But then, a lot of people were around, so I could just ask them all kinds of things about various people's experiences and things. And there was more and more literature coming out. It was like a tipping point or something. And all of a sudden a lot of stuff came out. ",
                " Again, the business about the \"loyalty questionnaire,\" I got into a deep study of that just simply accidently through Aiko Yoshinaga Herzig. Then it really hit me that there's so much about this that most people don't know. Even those who experienced it don't know these things because most people, they could remember their own personal experience and maybe a little bit about some people in other camps and all that. But as far as the big picture, the overall picture, there just was not enough general information out there. Now, if you're a scholar, and after all, Peter Irons is writing books like Justice at War and all those, they were out there, but it was not the kind of thing that the average Nikkei or the average person anywhere would have read. So it just seemed like, gee, people ought to know about this somehow. But then how do you do that? I could write a book. ",
                " As a matter of fact, when the... no, that's later. So it was around... let's see, when was the redress thing passed? About '88? I think '88, yeah, and it was about a year or so later. I was digging into this like that, and I said, \"Gee, somebody should make a documentary about this.\" Somebody else, not us, somebody else. So we started asking various professionals, especially in the Asian American community, \"Would you be interested in making a documentary about this?\" And most people weren't. We asked a number of people, and we didn't get anybody who was seriously committed to doing this kind of thing, so we finally just said, \"Well, I guess we'll have to do it ourselves,\" which turned out to be the best decision. The reason that we decided that is that if we wanted a certain side of the story to be told, it would have to be told by us, not somebody else. Not JACL, not 442nd, because those people, they already had films and lots of public exposure. Whereas all this other stuff had not had the exposure. And Tule Lake was the most fascinating story of all. I thought we would make a documentary just about Tule Lake. But that wasn't feasible either because who would know what Tule Lake is if they didn't know about all the camps and all the other parts of it all? So then I'm saying, \"Man, to tell this story right, we'd have to have a series of about eight or ten episodes, but then who's going to give us money to do that kind of thing? There were so many layers and there were so many different aspects and everything. And I was aware of all that, but it was like, well, we'll just shoot for at least one. And it really would have to be aimed toward a general audience, the American public in general or something like that. So that's why we narrowed it down to... let's see, turned out to be eighty-five minutes to one documentary of that length. ",
                " MN: When did you decide to bring in your family story? ",
                " MN: Now, the title of the movie, Rabbit in the Moon. In Japan, the image of the rabbit in the moon is very well-known, but not here in America. Where did you get this concept? Is this something that your mother used to tell you? ",
                " CO: I guess. Like I think there were little storybooks and stuff like that, but the image of the rabbit with the hachimaki around his head and the mochi, pounding the mochi, was something that was really embedded in our minds, so I guess it was stories that were told to us. You know what? When I was in Tokyo, I went to a big bookstore asking for children's books, 'cause I wanted that. I couldn't find a single one. So I would ask the clerks and they didn't know anything about such a story. So who knows? It's kind of faded out of their literature. But anyway, actually, my sister chose that image. I didn't like it, but she just overrode me, so that was that. It turned out that, in a symbolic sort of way, it's something that catches people's attention, so I can see why it's nice to not have like... what was mine? \"A Question of Loyalty.\" Well, that was much more eye-catching than something so legalistic. "
            ]
        },
        "segment 8": {
            "Segment Desc": "Deciding what material to include in Rabbit in the Moon",
            "Segment Questions": [
                " MN: Now I know you said the story of the veterans had already been done and you wanted to go to the stories that haven't been told yet. How did you go about picking who to include and who not to include? ",
                " CO: Well, you know, it's not so easy to get people to talk, especially to get into things rather than giving us superficial stuff. So I would ask around. We had Aiko and Michi and all kinds of people like that, Michi Weglyn, sort of being sources for us. I knew quite a few of those people ahead of time, but let's see now. Well, I knew Jimmie Omura, and how did we meet Mits? Oh, we knew Art Hansen and Art Hansen knew a lot of these people. So we had to get people who were willing to tell their stories. So asking around those who were willing, we picked. And of course, not everybody got into the film, but anyway, we recorded quite a few interviews. And I learned a lot about things like it's different from literature because you have to have people who spoke clearly enough and pointedly enough about information and all that, that you could keep it. Now, we went all the way out to Arizona, took one other crewperson, anyway, we went and spent several days with Morris Opler, who was one of the resident anthropologists at Manzanar during the whole thing. And he was a person who was very knowledgeable. But at that point, he was pretty old, and he was under a lot of medication. So we'd ask him a question, and he'd start out but then he would start to fade, and his head would nod. We didn't use any of it because the stories were interesting, but you know, he just... well, he just sounded like he's half asleep so we just couldn't use it. [Laughs] That was a disappointment, but anyway, you learn as you go along. ",
                " And then, of course, you have to choose what you're going to use out of several hours of interviewing. So you had to make your choices about, all right, what ideas, what issues, what themes are really the basic part of this story? And no matter how interesting all this other stuff is, and most of the interviews were really fascinating. You know, like interviewing allows you to be nosy and you can ask people all these things and you hear all kinds of stories about their childhood and their families and all that. So it's pretty rich, but we really had to choose. That's what this documentary business is about, is about eliminating and eliminating and choosing and just the stuff that really make your points for you. So that was a hard lesson to learn. It's like there was so much that was equally interesting it seemed. Like, okay, we did not include Hirabayashi, Yasui and Korematsu because it felt to me like if we go into that, it's such a big story that within our short timeframe, we couldn't do it justice. So we didn't include that, and I think when we were working on a revision or something, we just put in a plaque about the lawsuits and all. So that if anybody was really interested, they could look it up. Because that's a whole other big issue, and other people have already made, or have subsequently. Steven Okazaki and the one on Korematsu, other people have covered those subjects. ",
                " MN: Did you have a very difficult time getting these people to go on camera? "
            ]
        },
        "segment 9": {
            "Segment Desc": "Community reaction to Rabbit in the Moon",
            "Segment Questions": [
                " MN: I was gonna ask you about the JACL because when Rabbit came out, there was a feeling within the JACL because I was working at the Pacific Citizen at the time, that this was an anti-JACL movie. How did you feel about those accusations? ",
                " MN: In fact, I think there was so much discussion within the JACL regarding Rabbit, they invited you to the JACL Tri-District in Salt Lake City, which I was there also. How did you feel about accepting that invitation and how do you think that session went? ",
                " CO: I have no qualms about talking about all this. We accepted most invitations that we got; they just didn't invited us very much. [Laughs] But I knew that there would be people there who were friends of mine, especially from the Seattle area. So I didn't think that we were being thrown into a cave of lions, an arena. So also, by that time, I felt that I had a pretty good firm grasp on the history and the facts and all this sort of thing, that I could probably answer whatever they felt like throwing at me. So I was, I didn't feel like I was going to be totally humiliated by them or something. But there were some irritable old men at that thing. The thing is, they didn't do their homework either. Well, what did they know about all these things? I don't know. But when one of them said, \"What did you ever do for redress?\" And I said, \"Well, I worked for ten years with the Seattle Redress Committee, and I was a named plaintiff in this lawsuit,\" and all that. And so he sort of got caught trying to humiliate me. I had my bona fides or whatever, so too bad. ",
                " MN: And one of your new editions is an interview with John Tateishi, who was then the National Executive Director of JACL. Now, was it difficult to get an interview with him? ",
                " MN: Well, what about the reaction from the non-Nikkei community to Rabbit? How has that been? ",
                " CO: Well, who would say anything except somebody who had something positive to say, pretty much? So it's still selling, there are individuals and schools and libraries and universities and all sorts of places. I still get a couple of orders or three or four orders a week for Rabbit, so it lives on. And like this last week I got an order from Tokyo University and another one from a Taiwanese library, they wanted to use it for their classrooms or something. So it's gotten around. And it's been shown on television with voiceover in Germany and in France, Israel, I think in Brazil. I don't know, it's just gone out all over the place. And broadcast, Japan, on their television. ",
                " MN: Do you know what the reception in Japan was like? "
            ]
        },
        "segment 10": {
            "Segment Desc": "Reflections",
            "Segment Questions": [
                " MN: Are you working on any other projects right now? ",
                " CO: Me? No, nothing big, nothing big. Although Tom was asking me, \"Why don't you write?\" Well, I may. I may. ",
                " MN: Do you think redress has sort of partly healed that? ",
                " CO: Not for me, because I have gone into it so deeply and stuff like that. I mean, the fact that it got through Congress, which was totally unexpected, 'cause I didn't expect to see it get that far, that was gratifying. And I suppose you could say, \"Well, ha ha, we've at last put it into the history books, finally.\" That, yes. But still, how about all the people who didn't get redress? What about that whole generation of Issei who lost everything? I don't feel... there's just no way to compensate for all that. But this division brought on by who was patriotic and who wasn't, you know, that's a real tragedy for our community. ",
                " MN: Do you think in the next generation this rift will heal? ",
                " CO: Well, it just won't matter anymore, I think, because we'll be dead, the ones who went through the experience personally will be dead. And so many of the Yonsei and so on have really just melted into the American middle class so that they will have very little knowledge of the kind of discrimination that the earlier generations had to live through, and to be so humiliated as to be stuck in concentration camps for years. That it'll be stories, but hopefully it will have become part of the racial history of this country because of all the racial problems that we've had in this country, and this is just one of them, just happened to fall on our heads. But then again it's like... oh, what should I say? A warning about what can happen to groups even in a so-called democracy like ours. Anyway, the Japanese culture and the American culture in so many ways is so deeply different that those of us Nisei particularly, I think, psychically and having undergone the concentration camp experience and all that, that it was a soul... what should I say? A very wounding kind of thing. And so I think they've gone through with a certain amount of insecurity all of their lives, not exactly knowing who they were. I mean, this whole question of, \"Do you know who you are?\" That's such an amorphous kind of question, I can't deal with it on that level. But it's just that we do come from various different value systems and they can be very conflicting. I mean, sometimes I used to say things like, \"Oh, I have the best of both worlds. I have the good parts of this and the good parts of this, and I can live like that.\" Yeah, but actually, there are bad parts of this and bad parts of that. And so there are situations when you feel somehow... for instance, I used to joke about this. About how, well, I will go ahead and do what I want to do, but my mother will make sure that I don't enjoy it. [Laughs] That somehow she's there in the back of me disapproving. I've done a lot of things that she wouldn't like. So it's a little extra baggage I carry around with me. And I guess I sort of project that onto other Nisei, too, like, oh, I don't want to tell them about this and that about my life because they'll say I'm a bad person. [Laughs] ",
                " MN: Anything else you want to add? "
            ]
        }
    }
}