{
    "Narrator_Name": "Clifford Uyeda",
    "Bio": "Nisei male. Born January 14, 1917, in Olympia, Washington. Raised in Washington before attending the University of Wisconsin, where he graduated in 1940. Earned medical degree from Tulane University School of Medicine in New Orleans, and completed his residency at Harvard Medical School in 1949. Served in the U.S. Air Force during the Korean War and worked as a pediatrician in San Francisco. While president of the Japanese American Citizens League (JACL), worked to support the redress movement of the 1980s.",
    "Title": "Clifford Uyeda Interview",
    "Interviewer": "Frank Chin (primary); Frank Abe (secondary)",
    "Location": "San Francisco, California",
    "Date": "May 5, 1996",
    "Densho ID": "denshovh-uclifford-01",
    "transcript": {
        "segment 1": {
            "Segment Desc": "Deciding to join the Japanese American Citizens League",
            "Segment Questions": [
                " FC: Where were you and what year did you join the JACL? ",
                " FC: What, what kind of group was the JACL? What was your impression of what the JACL did? ",
                " FC: Are you saying that they were acting as an agent of the government and not representing Japanese American Nikkeis? Are you saying that they -- and I might be putting words in your mouth -- that they did not defend Japanese American civil rights? ",
                " FC: So when you did join, you joined, what at the JACL changed? ",
                " FC: What is an Issei? "
            ]
        },
        "segment 2": {
            "Segment Desc": "Becoming president of the JACL in order to run the redress campaign; issuing a questionnaire about redress",
            "Segment Questions": [
                " FC: Why did, why did you become president of JACL? ",
                " CU: That was purely by accident because I received a call from Ed Yamamoto, who was formerly from Seattle -- not Seattle, but Washington state, and he said, \"Would you take, become a chairman of the National JACL Redress Committee?\" And I said, \"No.\" I said, \"First of all, I was not even in camp. I know very little about the camp so I should not be the chair.\" And he called me, kept calling me over and over again, and he said, \"The reason why I'm calling is because when we had the JACL national board meeting, and you had just completed\" -- which was in 1977 -- \"The Iva Toguri or the Tokyo Rose campaign.\" And that was, that took two years. And he said, \"JACL considered redress as a priority item at the 1970 convention when Edison Uno brought up the subject.\" But he said, \"Here it was, seven years has gone by and nothing has happened. So since at least you have some experience in running a national campaign, would you take over the redress campaign and see what you could do with it?\" I still thought that I was not the one to be chair, because after all, I was not living on the West Coast throughout the war. Since 1936 until 1953, I was not on the West Coast, so I felt that I should not be the person. But then after he kept calling me over and over again, and I said to myself, \"Well, at least one thing I think I could do is that I could nationalize the campaign and get it started and then somebody else could take over. So I accepted the position of a redress chair in 1977. And then the first thing I did was to send out questionnaires to find out, do the Niseis really want redress? And however, I did mention in my, a questionnaire that I sent, that, \"Give me your real frank opinion: should we go for redress or should we not?\" I said, \"I will not use your name, so don't be afraid to write whatever you, that comes to your mind. I would only use your age and your sex, that's all.\" ",
                " FC: So the questionnaire was anonymous. You promised to honor their anonymity. You said the, some old-time leaders of the community... were these leaders of the JACL that were opposed to redress? ",
                " CU: Yes, I would say some were, very much of a leader, and they were completely opposed to it. And I was so surprised with this that I, I just, I wondered why I was even the committee chair. But I thought, well, then I thought what we need to do was to educate the Nisei more than the American public at the beginning, so I started the weekly column, short, very short column in the PC, thirty-five came out. It was every week for thirty-five until the following convention time, and I wrote thirty-four and Ray Okamura wrote one, so we had thirty-five articles in the PC saying why we should go for redress. And then we also decided at that time that before the convention, that we should do two things, a few other things. One was to come out with the booklet on why we think we should go for redress, and that was that little pamphlet that possibly you saw: \"Japanese American Incarceration: the Case for Redress.\" We came up with that. And then we felt that we need to have, at the very beginning of the convention at Salt Lake City, which was the 1978 convention, that we'll have a workshop on redress to really have everything out so that we could talk about it. And at that convention, I also felt that for the first time in its history, thought it would be nice to have all the four Supreme Court cases, Nisei cases, people to be there. I asked Gordon Hirabayashi and he said, sure, he would be there. Min Yasui said he will be there, Fred Korematsu said no, he would not want to be there. Mitsuye Endo, I called her, and she said no, she didn't want to be there. So two of the four showed up at the convention. And we rehashed the reason why we thought redress should be taken. And also it was interesting because when we, we also had to write the redress proposal. But that was also done after the convention, when I became president. And when I, I became a president, mainly they thought I became president mainly to start the redress campaign, that was all, no other reason. I didn't have any experience in -- I remember being called aside by Bill Hosokawa later and he said, \"Did you know,\" he said, \"you're the first person ever elected to be a president, national president of the JACL who has not even held a position, official position in the chapter level?\" "
            ]
        },
        "segment 3": {
            "Segment Desc": "Thoughts on Bill Hosokawa and his stand on redress",
            "Segment Questions": [
                " FC: Who was Bill Hosokawa? ",
                " CU: Bill Hosokawa is, possibly he is a spokesperson for the JACL, and a journalist. He was in Denver, he was possibly one of the leaders of the JACL during the early period and later. And so my experience in JACL was almost minimal. I became a president only because of their desire to have someone to start the redress campaign. So after the workshop, that was, it was at that convention -- in fact, it was the very first convention that I ever attended, the national convention, that is, as a full-time. One time before, in 1934, two years before, I attended the Sacramento convention, but it was only to protest certain thing. The protest was because JACL national board had refused to take up the issue of honoring Iva Toguri and Wayne Collins, and they would not bring up the issue. Every time I asked them, \"What happened to the board's decision?\" they said, \"Well, we didn't have time so we didn't bring it up.\" That went on for, for almost a year. And because of that, I finally picked up the phone and called Sugiyama, I think, who was the president at that time. And he said, \"What, why don't you come over to the convention and bring it up?\" So I went to the convention and brought it up, and within twenty minutes they said okay. So we can have Wayne Collins over there at the convention to accept any award for Iva Toguri, so we had Midwest regional director accept it for Iva, who also knew Iva, and another person to accept for Wayne Collins. ",
                " FC: What was Hosokawa's stand on redress? "
            ]
        },
        "segment 4": {
            "Segment Desc": "Thoughts on working with Mike Masaoka",
            "Segment Questions": [
                " FC: Did you have any personal talks with Mike Masaoka on redress and how that should be handled? ",
                " CU: Well, I did not talk to Mike Masaoka concerning redress until we started the program. I remember one time, it was in late 1978, that I was thinking about redress, and I said, \"You know, actually, the Holocaust victims are getting redress from West Germany.\" So I called the, all the Jewish organizations in San Francisco but none of them knew what they were getting. So finally I called the Israeli consulate, and he said, \"Why don't you call the German consulate? After all, they're ones that's paying, so you might get more information from them.\" So I called the German consulate, and they gave me some information, but they said, \"There is a place in New York City that you could write to to get more information.\" So when I wrote there, they sent me a whole bunch of materials, telling us how much the Holocaust victims were getting. And I wrote a short article on it, and it so happened that Mike Masaoka was at the, was visiting San Francisco when I went to the national JACL headquarters, he was there, and mentioned that I'm planning to write this, publish this article in the PC as one of the redress informational thing. And he said, \"No, don't do it, because,\" he said, \"if you do that, you will alienate all the Jewish congressmen and you will lose. Don't put anything. After all, the Jewish Holocaust and ours was completely different.\" \"Sure, it was different,\" I said, \"it was completely different. However,\" I said, \"there's several things that you have to think of. To begin with, both the Japanese Americans and the German Jews were sent into camp and they were surrounded by barbed wire and if they tried to leave, they would be shot at. And they weren't there because they have committed anything wrong, only reason why they were there was because of their race. And so in that way,\" I said, \"there is some similarity. Yes, the American camp was not anything like the Jewish camp in Europe, but there were a lot of similarities.\" But he said that he would strongly advise against my writing anything about the Holocaust victims. So I held onto the materials for a couple of weeks. Then I said to myself, \"Well, the heck with it, why shouldn't I?\" So I sent it in to PC and it came out, and about two months later Mike happened to be again in San Francisco and he said, \"You know, that was a pretty good article,\" he said. So I thought, well, that's interesting; first he would say no, but I'm sure that it was because you don't want at any time to ruffle the feather in any way. I think that was their policy and I also felt that the JACL had a similar policy. ",
                " And I remember at the convention, they said, \"Since you became president, you have to now find someone to succeed you as the redress chair.\" And it thought, \"Well, I'll be very diplomatic, I'll ask all the big shots in JACL.\" And they all, there were several strong criteria that they gave me: one, it has to be a Nisei. Second, it has to be somebody that was in camp; third, it has to be a 442 veteran. They thought that would have much more impact. And so I chose, first I wanted to ask this fellow from Seattle, Minoru... is it Matsuda, Masuda? "
            ]
        },
        "segment 5": {
            "Segment Desc": "Looking back at the incarceration experience as an outsider: \"Why aren't they protesting more?\"",
            "Segment Questions": [
                " FC: What is your opinion of what the JACL, their policy, how they handled camp, evacuation? ",
                " CU: No, my... well, since it's only in hindsight because I was not involved in it. I was away from the West Coast, but my families were, they were in camp. The thing that bothered me was because I said, \"Why aren't they protesting more?\" You don't have to say, \"I'll be glad to go into camp,\" to be cooperative with the government. You could protest all the way into camp and that would have been different. Sure, it's true that you cannot prevent your going into camp. After all, even the prisoners of war, they're taught to fight, but take the guns away from them, and once you're a POW, you'll do anything that the other side tells you to do, you'll go into any camp. And so that the Japanese Americans went into camp, they had no other choice, but to go into the camp as if to say, \"This is our patriotic duty to go into camp,\" that really did not go well with me. I felt that they should have protested all the way into camp, and that would have been different. But they're willing to be, so willing to go into camp and telling the Americans, or the Japanese Americans that they should all obey the government, never to object to anything that the government says, that's, it's like some of the statement by the JACL against Min Yasui and Gordon Hirabayashi was, in no way would they ever go against the government. That was a statement that I just could not accept. And for that reason -- that's what, I think, made me sort of wonder about JACL and I was not anxious to really join at the beginning. ",
                " FC: Did you see any contradiction between what the JACL did, the policy in '42 and your being redress president, the one who started the redress movement? ",
                " FC: What was the opinion, what was the mass of opinion that came back to you through the questionnaires? "
            ]
        },
        "segment 6": {
            "Segment Desc": "Leaving the West Coast in the 1930s, hearing about the World War II draft resisters later in life",
            "Segment Questions": [
                " FC: Were you aware when you became president that there was a Japanese American resistance in the camps? ",
                " FC: How did you learn about the Japanese American resistance? ",
                " CU: I learned about that... gosh, when was that? I can't remember, but when I started hearing about that there were resisters, first I couldn't, I didn't quite believe it. Then I think it was possibly some of the things that you had written, that you had spoken, and when I heard about it, it just blew my mind. And it so happened that here in northern California, there were quite a few resisters, former resisters here, and mainly because so many had gone to Heart Mountain, because everything below Mountain View down to San Jose, most of them went to Heart Mountain, so they were back to this area. And when I heard that -- so I thought that I would want to get to know some of them, and that's when I got, got in touch, got in touch with persons like Mits Koshiyama and... ",
                " FC: Dave Kawamoto? ",
                " CU: Yeah, Dave Kawamoto and also George Nozawa and that group. That was first time I ever heard about it, and the more I talked to them, the more I heard about it, I felt that these were unusual persons, because I think it's always -- wherever I went, I heard that some of the most violent type of criticism of the resisters were always from the veterans. But veterans were... I think they were so completely, it did not take that much courage to really become a draftee. In fact, most Americans during the wartime were much more devastated if they were not chosen as a draftee, if they were rejected they felt terrible, they all wanted to be in there. It didn't take that much courage. But to say, \"no,\" at that time took a lot of courage and also you were not popular and that was not an easy thing to do. And also since then I've been thinking about it, and I thought, isn't it sort of strange that every single resister that I've met were not really a highly educated individual? That is, they were not college grads, most of them were just high school graduates. And I kept on asking myself, \"Why is this?\" And I never found out. To this day, I don't have the answer except I have sort of a suspicion. It may not be correct, but I felt that these people were mostly farmers, very few from the city. And I thought well, maybe, because if you're a farmer, your attachment to the land is much stronger than if you were renting a house. So being taken away from your land possibly had much more impact, emotional impact on you than just being taken away from a rented house. I wondered at that, and secondly I thought that... this I got from, some idea from Noam Chomsky, when he mentioned, he said people who are well-educated are much more subject to being affected by the propaganda, because they read more. They read a lot more so they, you have more chance of being affected by the propaganda and then you become part of the group that is doing the propaganda; that is, you support that, you become part of the institution itself. I thought, \"Well, maybe that's true because many of the JACL leaders were all college grads, and they read a great deal, they heard a great deal, and possibly they believed it, too, because of that. But these other people were from the farms, from the land, they had just, their gut feeling was that thing was wrong, it was not right, and they acted on it, which I think was the correct thing to do. "
            ]
        },
        "segment 7": {
            "Segment Desc": "Thoughts on the treatment of the draft resisters by the JACL, Japanese American community, and Nisei veterans",
            "Segment Questions": [
                " FC: How did JACL treat the resisters? The resisters were... how did the JACL regard the resisters' stance, if they were resisting the draft in order to test the constitutionality of the evacuation? ",
                " CU: Well, I think, I think the JACL did not want anybody to resist the camp, mainly because they did not want anyone to resist the government. They felt that that was unpatriotic, so they considered the resisters as being unpatriotic, un-American, and they said so openly. And I think this really hurt me when I saw some of the statements, especially against the Heart Mountain resisters. The states, I could hear some of the statements that was being made against them, I thought, my gosh, how could an organization that is supposed to be -- of course, by 1960 they claimed to be a civil rights organization -- talk this way? At least you should appreciate the fact that there were some Japanese Americans -- I really felt strongly that, I was so glad when I heard that there were Japanese American resisters, because Japanese Americans, like any other ethnic group in the United States, no, we're, we're not all the same, we're diverse. There are people who agree with things and people who disagree. And yet, to take these people who did disagree and to call them names as if they were un-American, unpatriotic, that was a pretty cruel thing to do. ",
                " FC: Did this actually cost the resisters in the community? Did it cause, was it cause for some suffering? ",
                " The other, I think the other thing which really bothers me a great deal is that when the veterans say that, \"It was we who got the redress for the Japanese Americans; if it wasn't for the 442 and the MIS, there would be no redress,\" that really bothers me because redress was not for fighting so well in the army. If that was so, how about the other Americans who fought so well? They're not getting anything out of it. I think the redress was for the, for the incarceration, that's what it was for, and not for being a heroic soldier. And the people who were... that is, the resisters had never asked for apology from the veterans. That's a complete, mistaken notion that many of the veterans have, because many of the veterans say, \"Why should we, we be apologizing to the resisters?\" Well, the resisters have never asked for an apology from them. They said they really honored them, they looked up to the veterans, because that was their choice, to go into the army, and they fought well and they got the medals. But for the resisters, they had, they made their choice, too, but nobody gave them any credit for the choice that they made. "
            ]
        },
        "segment 8": {
            "Segment Desc": "Trying to reconcile the draft resisters with the JACL",
            "Segment Questions": [
                " FC: You led, you led an effort to try to reconcile the resisters with the JACL and the community. Would you describe...? ",
                " CU: Well, at one time, what I did was I wrote, I felt that individuals, the resisters as individual cannot go to the JACL and say, ask for anything. It was for the JACL to really come out with a statement. Now, to me, the most ironic thing is that the JACL was asking our government to look back fifty years and they were saying that, \"Yes, we thought that you, you thought that you were doing the right thing, but it turned out to be that you did the wrong thing. So why don't you acknowledge the fact that you did the wrong thing and apologize and pay redress?\" The government did so. And yet the JACL to this day has refused to look back at its own history and say that, \"Yes, we also made a mistake fifty years ago and we apologize for the mistake that we made, to our own people, that is.\" And so I remember one time, this was about three or four bienniums ago, I went to the Northern California District Council meeting with a resolution to, for the JACL to admit the mistake that they made against the resisters. And I handed it to all the candidates for president and I said, \"Would you give me your comments on each one of those?\" And that time, I thought it was very interesting; one Nisei who was running for presidency okayed it. It was a woman, she said, \"I will support this if I ever become president.\" Another Nisei said, \"I do not want to make that decision now. No decision.\" A Sansei who was running for president said, \"I completely object to it.\" So here was one Nisei for it, one Nisei not making decision, and the Sansei was completely against it. I thought that was interesting. ",
                " FC: What have you done to try to get the JACL and the, to reconcile with the resisters? ",
                " FC: How will the community benefit? "
            ]
        },
        "segment 9": {
            "Segment Desc": "Surprise upon learning about the resistance movement: \"it was good news to me\"",
            "Segment Questions": [
                " FC: So you, would you agree then that the general feeling in America was that the Japanese Americans had accepted the camps without protest or resistance? ",
                " FC: Why did they have to be taken out of Manzanar? ",
                " FC: So this means their own people don't accept JACL as their leaders, or despised them? ",
                " And also, when I see picture of Joe Kurihara being led into camp, and person like Ernest Wakayama, who I met and spoke to him for a long time here in San Francisco, when some of the veterans talk to me about people who are, did not cooperate, I said to them, \"You people have gone out and fought for the United States. Now suppose today they came to you and said, 'You know, we're going to put you into jail because we don't trust you,' how would you react?\" Because these, Joe Kurihara and Ernest Wakayama had already served in the U.S. Army. And yet they were being put into camp saying that, \"We don't trust you because of your, because of your ancestry.\" I don't think that the veterans today would react very well, and yet they recall these other people who during the wartime were not all 100 percent with the JACL as being unpatriotic. That seems such a strange way to react. I don't think they, if -- to me, the people like the resisters, were really ahead of their time. Because if the same thing happened today, I'm sure that most Japanese American would not go quietly, they would protest. Then you could say, \"Why didn't they protest back in 1940s?\" The JACL would say it was impossible, you could not have protested. Possibly you could not have been successful, but at least JACL should have led the protest and say that... but instead of leading the protest they really encouraged people to cooperate, and this is what is difficult for me to understand. Maybe it was the only thing possible, but still, I think there's a way to go to prison, to go in happily marching and skipping along, or to be led in forcefully. That's two different thing. I think it gives a completely different public image. "
            ]
        },
        "segment 10": {
            "Segment Desc": "Discussion of informers within the Japanese American community during World War II",
            "Segment Questions": [
                " FC: Do you have any opinion or information about rumors involved with the JACL were the big, that there were finking activities, informing activities created the leadership vacuum? ",
                " CU: Say, what do you mean by a leadership vacuum when? ",
                " CU: You know, one of the thing that surprised me was I did read some statement by, especially in southern California, JACL leaders who had said, \"We have now become informers.\" That statement is written down in handwriting, saying that, \"Now we have become informers,\" and saying that, \"We have been informing the government of all people that we thought should be investigated.\" And many, and also I think I read somewhere about the memorandum that was issued by the national to the chapters asking them to turn in names of any Issei or Kibei Nisei to the government. To me, why didn't the JACL protest such a request? Without requests, without any protest they passed on information to the, their chapters, which to me seems like they were really a government agent, that's all they were. They were not really protecting or looking after the welfare of the Japanese Americans. "
            ]
        },
        "segment 11": {
            "Segment Desc": "Thoughts on some of those who wrote about the incarceration and/or resistance issue: Michi Weglyn, Aiko Herzig and James Omura",
            "Segment Questions": [
                " FC: Your opinion of the work of Michi Weglyn? What is your opinion of the work of Michi Weglyn? ",
                " CU: You know, her book came out in 1976, and there were a lot of books that came out before then. But her work was the very first one that really made me feel that here is someone that's telling the story as it was and as it should be. I think you could, you could feel the anger in her work, and I thought, \"Why shouldn't there be anger expressed? Because if it is, if you try to take the anger out of it, then it's a false statement. So therefore, the statement made by some of the other writers was too, well, I don't know whether it's what you call objective or not, but too much like a documentary, it did not have the real punch that Michi's work had. So I still, and to me it's amazing that a person who was not a trained scholar, in the sense that university scholars are, could go out and do the type of research that she had done, and to come up with the information. Even for many, many years, even for decades after her work came out, if you really wanted to learn about the camps, the place to go was still Michi's work, not in some of the other work that came out. So I think her work still stands as possibly the best on the camps. ",
                " FC: Talk a little about her research. What kind of research did she do? ",
                " FC: Were these Japanese American women, were they interned? ",
                " CU: I know Michi was... I don't know about Aiko. Was she? She's from L.A., so most likely she was. ",
                " FC: James Omura and the resisters... any opinion? ",
                " One other thing which comes to my mind right now is Anne Fisher. I corresponded with Anne Fisher for quite some time. Because when it's, her book came out, I got it, in fact, I got boxes full, and I was very impressed with some of the statements that she made. And she told me that she was so anti-JACL, so I said, \"How come?\" But she said, \"You know, because the JACL prevented me from having this book published in United States.\" So I said, \"How did that happen?\" and she said what she, when she wrote the book, Exile of a Race, she said that she thought, she wrote it in 1940s, soon after the camps closed. And she felt that JACL would be very much interested in having this book published, because she felt that she told the story very accurately and correctly, and she sent a copy of the manuscript to JACL. But the JACL, she said, according to her, instead of helping her, had notified many of the publisher that this is not the book to be published. And so she could not get any publishers to handle her book. Because she said the JACL was very powerful then, because they had been so cooperative with the government, the government was now going to cooperate with them. And she was very bitter about the fact that the JACL did not help her. And she said, JACL told her, she said to me, that the reason why they object to the book is because it steps on too many toes, and she felt that it should, story should be told. But the JACL said, \"No, it's not the time to publish this book,\" and for that reason she said she had to go to Canada and have the book published up there. And so she, she was very anti-JACL for a long time. When I met and when I talked to her over the phone and also by letter, she was one person that was extremely anti-JACL. And I was inquisitive why, because she said, from what she told me. I was surprised when I heard that. Why would the JACL try to... here was somebody, a Caucasian woman, who wants to talk about, the, what happened during the camp, camp experience, and to give her side of the story, her opinion, which was different from the official story. And yet, why does the JACL intercede and say, \"Don't publish this book\"? I thought that was no, that was not the place for JACL. I thought they would welcome it, but instead she said they did not, they discouraged her from publishing, publishing the book. "
            ]
        },
        "segment 12": {
            "Segment Desc": "Reflections on being JACL president, and ideas about the role and function of the JACL and its members",
            "Segment Questions": [
                " FC: How do you stand with the JACL, or how does the JACL stand with you? ",
                " CU: I don't know, because they all know that I don't, well, I became a president only for one reason, for redress only, and after that... well, there was many, many things that I do not agree with JACL. Recently, within the last year or so, as you know, there has been many things happening, like the Trisha Murakawa resigning, Ruth Mizobe also resigning from the JACL. And there was a strong movement up here in Northern California, and they were talking about forming a rival organization. So they asked me, \"What do you think?\" I said, \"You know, JACL has a long history, and the history itself is, has some credibility, has some value, and also JACL has a national networking. Only reason why we went with the JACL for the Iva Toguri or the Tokyo Rose case was because -- in fact, we had a, all the meetings were held right here in this room. And the big question was, \"Shall we go under JACL? Should this be a JACL committee, or should there be an independent committee?\" And my opinion at that time was -- this was before I became a president -- I said, \"Well, JACL has networking. By issuing one memo, I could have 114 chapters get the memo. That's one advantage that you have, to be in contact, to contact all the other Japanese Americans in the United States. So why don't we use JACL as a vehicle to run the campaign?\" But we said we could completely run our own campaign, a decision would come from this body and not from the national board. And I also, so when I went to the national board and said that we would like to form this committee, I also mentioned at that time that this would, all the decision will be made by the committee. And I said if, however, the JACL interfered with our board's, our committee's function, they want to run it a different way, then immediately I said I would announce to the public that we are no longer JACL committee. That will be made. They did try a couple times to interfere, so immediately I reminded them that, \"If you go through with this, we would no longer be a JACL committee so you would not have any power over it,\" so they did back down. But that was only way in which I think I could have operated. But JACL did have networking, it's true. ",
                " And recently when people said that we would like to form a rival organization, I said, \"No, it's time anyway for the Sanseis to take over the organization. Wouldn't it much easier,\" I said to them, \"is for the Sanseis to take over the organization by becoming delegates and going to the convention and voting for yourselves, rather than to continue to be dictated on by the old-timers of JACL.\" I felt that it was easy -- because most of the old-time JACLers, people of my age, are almost gone, or else they're very inactive. So the organization should be taking over, and it was easier to take over the organization and become a Sansei organization than to try to form a rival organization, which is very difficult. And also you should then get the people who are within the JACL, who want to change, could all go with you. I still think that, because after all, the Nisei are in their upper seventies now, they're not going to be around very much longer. And the only thing that, however, that I have in the back of my mind is that, \"Who is, who are the Sanseis that are becoming well-known in the JACL circle?\" And I say, I almost have to admit to myself that they are the Sanseis who think and act like a Nisei, much more so. Maybe they don't quite think that way, but at least they, on the surface they do. They say the same thing that the Niseis were saying fifty years ago. They seem to think that the organization could do no wrong, we have to support everything that it did in the past, in order to be a good JACLer. That type of thinking is really way out of line, but still, yet those people are becoming JACL leaders. "
            ]
        },
        "segment 13": {
            "Segment Desc": "Impressions of Mike Masaoka",
            "Segment Questions": [
                " FC: Mike Masaoka. What is he to the JACL and Japanese America and what is he in your opinion? ",
                " FC: What did he do? ",
                " CU: Well, I think Mike in many, many ways, I think... well, what do you mean by what did he do? ",
                " FC: Why? ",
                " CU: What do you mean, why? ",
                " FC: Did you ever meet Mike in person? ",
                " FC: What was your impression of him? ",
                " FC: Was his style, was his manner intimidating in itself? "
            ]
        },
        "segment 14": {
            "Segment Desc": "Relationship between the resisters and redress effort",
            "Segment Questions": [
                " FC: Did you see the support for the resisters and the resistance as a threat to redress? ",
                " FC: Or did they actualy help the cases? "
            ]
        },
        "segment 15": {
            "Segment Desc": "Reading and discussion of the 1990 Golden Gate resolution",
            "Segment Questions": [
                " FA: -- resolution presented to the JACL regarding the, JACL's cooperation, cheerful cooperation versus cooperation. Could you just tell me what the resolution was? ",
                " CU: No, which resolution are you talking about? ",
                " CU: If I recall correctly, the original Golden Gate resolution was that it was time for JACL to also acknowledge the wrong that it committed against the resisters, that is, to their own people. Acknowledge that this was wrong, and to... at that time, I think possibly, that was all that was on there, wasn't it? And also to do everything possible to... maybe it was in that last, there could be a resolve? I don't know. I didn't quote... oh, here it is. ",
                " FA: And why not? "
            ]
        },
        "segment 16": {
            "Segment Desc": "Desire for the JACL to admit its past wrongs during World War II, and apologize for the way some of its members treated the draft resisters",
            "Segment Questions": [
                " FA: What would happen if the JACL were to acknowlege its mistake and apologize to the resisters? ",
                " FA: Tell, can you put that in your own words? ",
                " FA: Read what Mike Masaoka said, he says, \"Yes, we cooperated, mainly because we were afraid of what would happen.\" And he says that, \"If we cooperate, the government [inaudible], and if we don't cooperate and if we protest, the army had a contingency plan to move us out within twelve hours, twenty four hours, and what are you going to say in a situation like that? And more people murdered in the streets, you want tanks to come in? I think we had no choice.\" ",
                " CU: You know, that... you know, history is always being corrected, and I think the person who really is appreciated are the persons who, if history proves that you were wrong, to say that yes, to admit that you were wrong. The Constitution of the United States has not changed for the last two hundred years. The Japanese Americans, while we were thinking may have changed, but, you know, what we were, what the protesters were doing, they were going by the Constitution which has not changed, not before the Second World War, but not after the war; it's still there, it's exactly the same thing. And they were going by that, and I think the, and when the government and the organizations such as the JACL refuses to recognize the Constitution itself and saying that that's, that doesn't apply during wartime, then there's something wrong with the Constitution itself. If that is, much, I think, I shouldn't say there's something wrong with the government itself and the organization itself. The Constitution is unchangeable. It still stands, after two hundred years it has not changed. Just because, say, the Sansei were not there, that is a poor excuse for, I think it's a sort of a, if there was anything like a copout, that's it. It's to say that that prevents you from answering. Since, of course, you were not living then, so how can you protest? How can you pass judgment? Well, there is many things that you are not there, but if it's wrong, it's wrong. I mean, you don't have to be there to be wrong. "
            ]
        },
        "segment 17": {
            "Segment Desc": "Examining, in retrospect, the World War II actions of JACL members, and their motivations for those actions",
            "Segment Questions": [
                " FC: You said several things that the JACL would strongly disagree with about their behavior and about their stances. You talked a little about Michi's research. Have you seen proof that you would regard as objective proof to support the characterization of the JACL's behavior toward the resisters and their cooperation with the government? Have you seen documents with people's signatures on them? Have you seen that kind of... ",
                " FC: Branding of the Issei and the Kibei? ",
                " FC: Why this hostility toward the Issei and the Kibei? ",
                " CU: Well, Kibei is, Kibei means returnees to America, that means people who, Nisei who were born in the United States but were sent to Japan for part of their education in Japan, so therefore they got some Japanese education. And yet, when you think about the MIS people, the stars of the MIS were all Kibeis, because after all, the Nisei were very poor in Japanese, as many army persons said, the Japanese that the Nisei spoke were what they called \"kitchen Japanese.\" It's not, it's not the well-rounded Japanese that they could speak. And most of the Nisei could not read or write. As you know, in the summer of 1941, they did have a survey among the Japanese who were already, Nisei who were already in the army. Possibly less than three percent who had, were considered proficent in Japanese. Rest of them were not acceptable. Pardon? ",
                " FC: Why the JACL hostility to the Kibei? "
            ]
        },
        "segment 18": {
            "Segment Desc": "The effects of both the resistance movement and the World War II actions of the JACL on Japanese American identity today",
            "Segment Questions": [
                " FC: How does what Japanese American, what JACL did, how Japanese Americans responded to the evacuation and the camps, how does this affect Japanese American self-respect today? ",
                " FC: Do you think the... when you heard about the resisters, did this increase your self-respect? ",
                " CU: You know, the funny thing is, talking to... [pauses] Yeah, talking to many Nisei now, these are the Nisei leaders, many of them are saying now, \"If this was back, if this thing happened today\" -- [interruption] -- they say, \"If the same thing happened today, I would resist.\" This is what most of the Nisei would say. Now, if they would resist today, why couldn't they have resisted back in 1940? My explanation would be that because there was no leadership, or no support for the resisters at that time, the resisters were all made into almost like criminals. And that's why I think it was no, no resistance. The resisters had absolutely no support from the group, but I think many of them wanted to resist. So therefore, if the, even if you were ineffective in resistance, the official strong statements by the JACL, to say that, \"No, this is, I'm going in because we have to. You're going to push us into the camp anyway with your guns, we can't resist the guns, we'll have to walk in. But at the same time, we strongly protest.\" If it was done under protest, I think that would have, would have not taken any, no one would have been hurt. And I think that would have really cleared a lot of conscience for the Japanese Americans. I think people who were in camp also felt bad because they did not protest, and they were afraid to protest. They were afraid to protest because JACL told them not to protest, and if you protested you were un-American. This type of a statement by your leaders continually being drummed into you, I think, prevented any protesting. ",
                " FC: Do you think the JACL at that time understood, or that Japanese America understood that the evacuation and the incarceration was challenging their civil rights and their citizenship? ",
                " FC: Was it rewarding, being president of the JACL? ",
                " FC: Was it worth it? "
            ]
        },
        "segment 19": {
            "Segment Desc": "Recommendations of books on the incarceration experience",
            "Segment Questions": [
                " FC: Could you name a few, for those who know nothing about camp, nothing about Japanese, that period of Japanese American history, World War II, what books would you recommend, what authors? ",
                " FC: What's your opinion of the work of Roger Daniels? "
            ]
        }
    }
}