{
    "Narrator_Name": "Dale Minami",
    "Bio": "Sansei male. Born in Los Angeles, California on October 13, 1946, and grew up in Gardena, California. Received B.A. in Political Science from University of Southern California, graduated magna cum laude and Phi Beta Kappa in 1968. Received J.D., 1971, from Boalt Hall School of Law, University of California. Mr. Minami was a co-founder of the Asian Law Caucus, Inc., a co-founder of the Asian Pacific American Bar Association of the Greater Bay Area, the Asian Pacific Bar of California and the Coalition of Asian Pacific Americans. He was involved in significant litigation affecting civil rights of Asian Pacific Americans and other minorities, including Korematsu v. United States, a lawsuit to overturn a 40 year old conviction for refusal to obey exclusion orders aimed at Japanese Americans during WWII, originally upheld by the U.S. Supreme Court in landmark decisions; United Pilipinos for Affirmative Action v. California Blue Shield, the first class action employment lawsuit brought by Asian Pacific Americans on behalf of Asian Pacific Americans; Spokane JACL v. Washington State University, a class action on behalf of Asian Pacific Americans to establish an Asian American Studies program at Washington State University; and Nakanishi v. UCLA, a claim for unfair denial of tenure which resulted in the granting of tenure after widespread publicity over discrimination in academia. Mr. Minami represents Kristi Yamaguchi, the 1992 Olympic Gold Medal skater, playwright Philip Kan Gotanda, actor Lane Nishikawa, and others in the fields of media and entertainment. He is counsel to the National Asian American Telecommunications Association and the Asian American Journalists' Association. Mr. Minami has taught at University of California, Berkeley and Mills College in Oakland, CA and has been a Commissioner of the State of California's Fair Employment and Housing Commission, a Commissioner on the State Bar of California, Commission on Judicial Nominees Evaluation, the Chair of the Attorney General's Asian/Pacific Advisory Committee and a Member of Senator Barbara Boxer's Judicial Screening Committee. He was Chair of the Civil Liberties Public Education Fund Commission, appointed by President Clinton in 1994. Mr. Minami has received numerous awards including the State Bar President's Pro bono Service Award, an honorary Juris Doctor degree from the McGeorge School of Law, designation of a dormitory at the University of California at Santa Cruz as the \"Queen Liliuokalani-Minami\" Dormitory, awards from the Coro Foundation, the Japanese Cultural and Community Center of Northern California, the Harry Dow Memorial Fellowship in Boston, the Fred Korematsu Civil Rights Fund Award, the Organization of Chinese Americans, the Japanese American Youth Center and the Centro Legale de la Raza. Mr. Minami is a partner with Minami, Lew and Tamaki in San Francisco, and specializes in personal injury and entertainment law.",
    "Title": "Dale Minami Interview I",
    "Interviewer": "",
    "Location": "San Francisco, California",
    "Date": "October 4, 1983",
    "Densho ID": "denshovh-mdale-02",
    "transcript": {
        "segment 1": {
            "Segment Desc": "First thoughts on the Korematsu decision",
            "Segment Questions": [
                "Q: So you are pleased with the decision? ",
                "Q: For what reasons? What's your reaction to what they did and why did they do that? Why did the government make that motion? "
            ]
        },
        "segment 2": {
            "Segment Desc": "Deciding how to proceed in the Korematsu case",
            "Segment Questions": [
                "Q: What are your major concerns now? I mean, where to take this?",
                "Q: Can you do anything more about the issue of the evidence being, all your evidence of suppression and everything, now that it's kind of dismissed, is it dismissed from your point of view, or is it still important? "
            ]
        },
        "segment 3": {
            "Segment Desc": "The media's reaction to the Korematsu decision",
            "Segment Questions": [
                "Q: Can you say something about the reaction of the media? ",
                "Q: Any hostile reactions? ",
                "Q: What's been their reaction to today's motion? ",
                "DM: I heard that Min Yasui is very happy. I talked to Fred. Fred is more, I think, shell-shocked than anything else. He's very surprised. He said... I said, \"Well, how do you feel, Fred?\" And he said, \"I can't believe it, I'm so surprised.\" He expected this court suit, like all court suits to, you know, drag on another twenty-five years, forty years, or whatever. But he was surprised that we were able to reach a resolution, or what looks like a step in the resolution so quickly. He waited forty years. And now to file a suit in January and get it resolved in October, early October, was very surprising to him. "
            ]
        },
        "segment 4": {
            "Segment Desc": "Fred Korematsu's refusal to accept a presidential pardon",
            "Segment Questions": [
                "Q: Could you say something about, what's your sense of the government's, what the government's been doing during this time, in terms of a pardon, and what they've been doing the last week, before making this motion? Or what led up to their decision to make this motion? "
            ]
        }
    }
}