{
    "Narrator_Name": "Dan Hinatsu",
    "Bio": "Nisei male. Born April 3, 1924, in Portland, Oregon. Grew up in Lake Oswego, Oregon, where parents ran a farm. During World War II, removed to the Portland Assembly Center, Oregon, and the Minidoka concentration camp, Idaho. After leaving camp, worked for a time and then was drafted into the army. Eventually returned to Portland and established a career in advertising.",
    "Title": "Dan Hinatsu Interview",
    "Interviewer": "Betty Jean Harry",
    "Location": "Portland, Oregon",
    "Date": "March 7, 2014",
    "Densho ID": "denshovh-hdan-01",
    "transcript": {
        "segment 1": {
            "Segment Desc": "Father's family background",
            "Segment Questions": [
                "BH: Today is Friday, March 7, 2014, my name is Betty Jean Harry, I'm a volunteer with Oregon Nikkei Endowment. And I will be interviewing Dan Hinatsu as part of the Minidoka Oral History Project. We're in Dan's home in Portland, Oregon, our videographer is Ian McCluskey. Also present today are Todd Mayberry, Director of Collections and Exhibits at Oregon Nikkei Legacy Center, and Marlene Kato Wallingford, another volunteer. So, Dan, let's start with a few personal details. When and where were you born?",
                "BH: And you celebrated your eighty-eighth birthday, what, last year?",
                "DH: Eighty-eight? Yes. I didn't celebrate it. [Laughs]",
                "BH: What name were you given when you were born?",
                "BH: And what name did they give you?",
                "BH: And are you aware of any significance to that name?",
                "BH: The dai part?",
                "BH: Oh, okay. What was your father's name?",
                "BH: And where in Japan was he from?",
                "BH: Did your dad have any brothers or sisters?",
                "BH: And do you happen to know their names?",
                "BH: That's okay. Did your father have an opportunity to become educated before he came here?",
                "BH: How did your father decide to come to the United States, to America?",
                "BH: Did they know each other before he came here?",
                "BH: You mentioned that your dad was made fun of at school. Why was that?",
                "BH: And that's because he came not knowing very much English?"
            ]
        },
        "segment 2": {
            "Segment Desc": "Mother's family background",
            "Segment Questions": [
                "BH: Now tell me about your mother, what was her name?",
                "BH: And what sort of work did your mother's family do in Japan?",
                "BH: And you said she had an opportunity to become educated?",
                "BH: So tell me, what were your parents like? How would you describe their personalities?",
                "BH: And how about your mother? What was she like?",
                "BH: What were your parents like when times were good?",
                "BH: When you were a kid, did they own the land that they were farming?"
            ]
        },
        "segment 3": {
            "Segment Desc": "Helping on family's farm as a child",
            "Segment Questions": [
                "BH: So let's talk about you and your childhood now. Where do you remember living as a kid?",
                "BH: And this sled that had the big barrels on it, did he pull it by hand?",
                "BH: So where did he sell his produce?",
                "BH: Did you and your brothers ever go with him into the market and come to Portland?",
                "BH: Oh, going out to breakfast at a restaurant?",
                "BH: Oh, do you remember where that was?",
                "BH: Now, you were born with a Japanese name. How did you become \"Dan\"?",
                "BH: Now was this professor, was he hakujin or Caucasian or was he Japanese?",
                "BH: And so he worked on your dad's farm?",
                "BH: When you were growing up, what were the typical meals at your house?",
                "BH: So you ate mostly Japanese foods?",
                "BH: Did your family celebrate Japanese holidays?",
                "BH: Did you visit other families or get together to make mochi at New Year's time?"
            ]
        },
        "segment 4": {
            "Segment Desc": "Attending elementary school and Japanese language school",
            "Segment Questions": [
                "BH: Was your family connected to the Japanese community?",
                "BH: And where were judo lessons?",
                "BH: Who else was working on their judo skills at that time at Obukan?",
                "DH: The big wheels? Was like Jack Yoshihara, Bill Saito, Sato, Art Sasaki, I remember he was my teacher.",
                "BH: Was your family involved in one of the local temples or churches?",
                "BH: What was your parents' attitude about living in America?",
                "BH: It sounds like you went to two different Japanese schools. What was that like?",
                "BH: So did you go to elementary school out in Fairview?",
                "BH: When you first went to grade school, what language did you speak?",
                "BH: And so you learned English at school?",
                "BH: Were there other Japanese families at your school?",
                "BH: Just you and your brothers?",
                "BH: When you went to school, did you take your lunch or did you get lunch there?",
                "BH: Did your mom fix Japanese food for your lunches?",
                "BH: Is that a Japanese fish store?",
                "BH: What were some of the differences between the American schools you attended during the day and going to Japanese school?",
                "BH: Do you remember how many people, how many children attended the Japanese school?",
                "BH: Where was the Japanese school in Gresham?",
                "BH: And was that after school during the week, or was that Saturdays?"
            ]
        },
        "segment 5": {
            "Segment Desc": "Description of family's farm",
            "Segment Questions": [
                "BH: Living on a farm, you and your brothers undoubtedly had chores to do. What were your responsibilities?",
                "BH: When you were a kid, what kinds of things did you look forward to?",
                "BH: Did you take any family vacations?",
                "BH: Was this the Oregon coast?",
                "BH: By then... well, let me go back to the farming, I know you have the livestock, and that helped to feed your family. What about, what kinds of fruits and vegetables did your father grow?",
                "BH: Do despite the Depression, you were able to eat well?",
                "BH: To insulate them?",
                "BH: You started in Oswego, then moved out to Fairview, where did you and your brothers go to high school?"
            ]
        },
        "segment 6": {
            "Segment Desc": "Hearing about the bombing of Pearl Harbor; home searched by the FBI",
            "Segment Questions": [
                "BH: Okay, so let's shift gears a little here and start to address the impact of World War II on you and your family. How did you hear about the bombing of Pearl Harbor?",
                "DH: Well, the bombing of Pearl Harbor was Sunday morning, we were working in the, one of the boy house. My brother went out and picked all the sprouts, you know, Brussels sprouts, and we had to clean 'em and pack 'em in the little halleck. So that's what we were doing was packing those Brussels sprouts so that Dad could go to market. And we heard on there, \"There's bombing in Pearl Harbor,\" on the radio, because we always had radio on. That's how we first... I said, \"Where's Pearl Harbor?\" [Laughs]",
                "BH: How did your parents react to their homeland bombing that part of America?",
                "BH: And we've heard stories of the FBI going around and talking to people. What was your family's experience?",
                "BH: Did you know of any families who had somebody taken away by the FBI?",
                "BH: So you were probably in high school at this time. How did things change at school?",
                "BH: How did things change within the community? Were people fearful, were they angry, what was going on?",
                "BH: Can you give an example of how people in the community were mean, or what some of your fellow students at Benson said?",
                "BH: And this was a former friend of yours?"
            ]
        },
        "segment 7": {
            "Segment Desc": "Preparing for mass removal while brother was in the military",
            "Segment Questions": [
                "BH: So you missed out on your high school graduation. How did you find out about Executive Order 9066?",
                "BH: So that's how you prepared the farm for leaving, how'd you prepare yourselves, and what were you thinking?",
                "BH: That must have been a difficult process. What was your mom feeling at the time?",
                "DH: He was sad all the time, so didn't want do this and didn't want to do that, but she was afraid of the FBI coming again, so she said, \"Go ahead and do it.\" They asked, \"Can we destroy this?\" We had to keep this. Which, actually, we should have kept everything instead of burning. But in those days, you didn't know what was going to happen.",
                "BH: So Kaz was already serving in the military, and where was he?",
                "BH: And then Kaz became part of the 442nd Regimental Combat Team and went to Europe?",
                "BH: How did your parents feel about Kaz being in the war?",
                "BH: Because he wasn't a citizen?",
                "BH: Getting ready to be evacuated, how did you decide what you were going to take with you?",
                "BH: And what did you pack?",
                "BH: So mainly clothes?",
                "BH: How did your Caucasian friends and neighbors react to news of the evacuation and your family leaving?"
            ]
        },
        "segment 8": {
            "Segment Desc": "Passing the time in camp",
            "Segment Questions": [
                "BH: And you were scheduled to report to the Portland Assembly Center in North Portland. How'd you get there?",
                "BH: Now the site of the assembly center was converted from the old Pacific International Livestock Expedition. What was that like?",
                "BH: What was the food like there?",
                "BH: So the Japanese people who were forced to be there ended up doing the chores and running the place?",
                "DH: Yeah, selected the cooks and janitors. They had firemen like my brother was a fireman. My dad worked in the carpenter shop under that furniture maker, what was his name? George Nishikawa? No, I forgot his name.",
                "BH: And what was your dad working on? What was your dad working on?",
                "BH: Now because Fairview was too far from Benson, so you couldn't go to school anymore, were you able to continue high school at the assembly center?",
                "BH: How'd you pass the time?",
                "BH: What was it like to be around so many Japanese people?",
                "BH: So what happened when the harvest was over?",
                "BH: You talked about your dad doing some carpentry work in the assembly center. What about your mom? What did she do?"
            ]
        },
        "segment 9": {
            "Segment Desc": "First impressions of Minidoka",
            "Segment Questions": [
                "BH: Yeah. Did you know where you were going?",
                "BH: And what were your impressions when you first arrived Minidoka?",
                "BH: So where'd you live at Minidoka?",
                "BH: What did it look like?",
                "BH: How'd your parents cope with all of that?",
                "BH: What kind of jobs did your dad do in camp?",
                "BH: Did your mom get involved in any activities?",
                "BH: During camp days there was a \"loyalty questionnaire.\" Can you tell me about that?",
                "DH: Well, we knew what... we didn't want to sign either way, but we all signed yes, we will defend our country and so on. At times we said, \"Why should we?\" bunch of arguments and so on. \"No, you got to. This is America, we lived here, we got to.\"",
                "BH: That's a difficult situation. Now how did you pass the time at Minidoka?",
                "BH: All those potbelly stoves?",
                "DH: Potbelly stove and there's, it was all chimneys we had to throw our big chain and rack it like this, get all the soot down. And people down in living, they said, \"You're doing all that thing coming out, soot coming out?\" Says, \"We warned you.\"",
                "BH: And what was the purpose of that?"
            ]
        },
        "segment 10": {
            "Segment Desc": "Leaving camp temporarily to work on a farm",
            "Segment Questions": [
                "BH: So when you were working on the harvest, was that outside of camp?",
                "DH: Nishino. Who else was there? Tanbara.",
                "BH: So you were out there working on a farm. Did the others have farm experience like you?",
                "BH: Now were you paid wages working on this farm?",
                "BH: Then winter set in and you went back to Minidoka. What were the winters like out there?",
                "BH: And you had those potbelly stoves to keep warm?",
                "BH: So did you have... I know you had those friends on the farm. What'd you do for fun at camp? How did you pass the time?",
                "BH: Where did you get the watermelons?",
                "BH: Within the camp?",
                "BH: Okay, okay. So did you ever get caught stealing chickens or watermelons?",
                "BH: Were they successful? Did you get scared?"
            ]
        },
        "segment 11": {
            "Segment Desc": "Coping with being in camp while many Japanese Americans served in the military",
            "Segment Questions": [
                "BH: Now here you were with all these Japanese American families in camp, and you had a brother who was fighting in the war. What were the feelings of the Isseis, your parents' generation? What were they thinking?",
                "BH: Were there families that you knew of who lost sons in the war?",
                "BH: That's how you knew he had lost his life?",
                "BH: So how were families notified in camp?",
                "BH: I heard something about stars in windows?",
                "BH: So did you ever think about why you and all those other Japanese Americans were in camp?",
                "BH: So what did Harry have? Music?",
                "BH: Why do you think it was that people didn't talk about why they were in camp?"
            ]
        },
        "segment 12": {
            "Segment Desc": "Building a model replica of camp barracks",
            "Segment Questions": [
                "BH: What kind of memories did that bring back working on those barracks?",
                "BH: Did working on the barracks remind you of being in Minidoka?",
                "BH: What was the general mood in camp when people learned that the war was over?",
                "BH: Dan, let's go back and talk about this famous furniture maker that your family knew, George Nakashima, is that right? Okay. So tell me how you were acquainted with him and the work that he did.",
                "BH: What kinds of things did he build besides cabinets?",
                "BH: And no nails?"
            ]
        },
        "segment 13": {
            "Segment Desc": "Working for the railroad, then being drafted into the army",
            "Segment Questions": [
                "BH: Now, we were talking about after the war. I understand that you volunteered for military service, but you were classified 4-C because you had older brothers in the service. So then what did you do?",
                "BH: So what line was this?",
                "BH: And you lived in boxcars?",
                "BH: And what were your brothers doing?",
                "BH: And were the younger ones with your parents?",
                "BH: And your parents decided not to return to Fairview after the war?",
                "BH: So where'd you report for training?",
                "DH: Yeah, I had something like thirty-some surgery, different kinds of surgery, nerve, bone, and muscles. But I made it through. But after I got a, discharged me, and the same year after I got discharged, a friend of mine, we were in a car wreck, and I reinjured my arm. So I went into Boise Veterans Hospital and spent almost two years there. When they got rid of me, they wanted me to get out of there, so they put me on this rehab, gave me an aptitude test and so on and said, \"You belong to this school. We're going to take you.\" I said, \"Where?\" \"University of Idaho.\" I said, \"What?\" So I was there for summer school. I was good in one thing, but I was bad in the other thing, but he said, \"You stick with it.\" So he signed me up again for the fall semester. We were on the semester system. And I barely made it through that. I got more As than Ds, but I made it through. [Laughs]",
                "BH: And what were you good at on that aptitude test?"
            ]
        },
        "segment 14": {
            "Segment Desc": "Establishing a career in advertising",
            "Segment Questions": [
                "BH: So after graduation, then what?",
                "DH: Graduation, I, they wanted me to continue my grad work, graduate work. I took a lot of classes. I have something like thirty-six hours of graduate work. They wanted me to be a teacher, and I said no way, I can't be a teacher. [Laughs] So I was good at drawing and stuff, so they wanted me to go into advertising. So they sent me to Spokane after I graduated. They found me a job there, so I went there and I dragged my friend with me, and we both got interviewed. What do you know? He got picked instead of me. [Laughs] Because, I think it was because of the race-wise. They wanted a nice good-looking hakujin blond boy to take over. So from there I went to Seattle and I had a couple of jobs at different agency and an offer at Boeing art department. But I had to wait something like, almost a month go to back. I didn't have enough money to stay there, so I came to Portland because my brother had a garage and I could stay with them, so I stayed with them and I found odd jobs freelancing, and eventually I got hired by Meier & Frank, freelancing, though. I freelanced with them for several years, and then when May come, they came and they said they don't take freelancers anymore, they want people on staff. So I got on staff, and I worked from 1954 'til I retired. But the last twenty years, I used my own camera. Because we went in, instead of drawing, we'd gone into photographing. So I used my camera, made, took some product shots, and I said, \"This is what I can do.\" So they said they really liked what I did. So they gave me a bigger space, and I said, \"I can't work with my own camera, I need a bigger format.\" So they gave me the opportunity to go find a new camera, so I bought three new cameras, big format. And I said, \"We need a bigger place where I can work.\" So they eventually built this studio, one studio which was curved floors and everything, I had 'em specially built for my, the way I wanted it. And I bought all the lighting, and I bought everything, and I started working. And in a couple years, they wanted to do more in house. So I asked him, well, we had to take over this display department and build a studio. So I had 'em build five studios. One for myself, and another product one, and two fashion shoot. So I bought all the equipment, Hasselblad, bought ten Hasselblad, all the other type of camera. In fact, I had one lens that was about four thousand dollars at that time. I said I wanted a zoom lens, this Hasselblad zoom lens. They got it. So I had to get a lot of promotional work, lot of promotional work at zoo and stuff like that. I started doing fashion and jewelrys and that kind of thing, and it was too much. I had these models, I couldn't work with models. [Laughs] So I said, \"I'll do all that product merchandise, and we'll hire a fashion studio. So we hired four fashion photographers, ended up with two at the end. Did everything in house, color and everything. We just did the work, just complete work, and sent to Oregonian and they'd just print it straight off of our work.",
                "BH: Now which brother was it that had the garage? Was that a mechanics garage?",
                "BH: What was the name of the shop?"
            ]
        },
        "segment 15": {
            "Segment Desc": "Getting married and raising a family",
            "Segment Questions": [
                "BH: Masako, thank you. I always knew her as Massie. Masako Endo Hinatsu was interviewed for an oral history interview several years ago. How did you meet Massie?",
                "BH: And it sounds like you dated for quite some time. What was Massie doing?",
                "BH: After you and Massie were married, where did you live?",
                "BH: When did you move to this house in northeast Portland?",
                "BH: And their names?",
                "BH: And Elizabeth?",
                "BH: Now if you're like most Niseis, you've been reluctant to talk to your kids about your wartime experiences? Why do you think that is?",
                "BH: How about with your granddaughters? Have you talked a little bit more?",
                "DH: Not much more. They ask just certain things, you know, when things come up, they say, \"What did you do?\" or something like that. You just answer once and that's it. I didn't elaborate on times of camp. But it was a good experience for me, because I met a lot of people, done so many things, and probably made me more all around."
            ]
        },
        "segment 16": {
            "Segment Desc": "Traveling to Japan after the war",
            "Segment Questions": [
                "BH: You mentioned Massie went to Japan just before you were married. How about you? Were you able to take any trips to Japan?",
                "DH: Yes. She went to Japan in 1952 or was it '53? I went in 1990-something, and we went over in September and I think we stayed 'til past Thanksgiving and came home middle of December. Second time we went, several years later, we stayed longer, because we traveled more in Japan.",
                "BH: Were you able to visit relatives?",
                "DH: Yes, we met her relative, all her relative in different city, Fukushima and Sendai, both places. Also in Toma, I think it was. The minister, he was Massie's cousin. And then we went to my side of the family in Kyoto, met them. And from there we went to, towards Hikone and Kawase, and I met my parents' side. My parents' side is quite different. The people that live there now, he's a principal and his brother is like a principal. And his father was my mother's younger brother. Because of the grandma that lived there... what was her name? She didn't have a boy, so she took my mother's brother and brought him to, married into that family and changed his name to Hinatsu. That's where two boys that I stayed with were Hinatsu, but they're actually my mother's side. But the real mother of the two boys was my father's sister.",
                "BH: Looking back now, what are your fondest memories of those extended trips to Japan?",
                "DH: We had a great time both the relatives and then in Fukushima, Massie's cousin knew his friend was a travel agent. So they set up this travel, like when we went to Hokkaido and all the northern Japan and different places, and the second trip, we had same kind of deal, you know. He sets up a deal that we go to a certain town and then the taxi picks us up, takes us all around where you want to go, then he'd drop us off at the Japanese inn. We stayed there, and then after couple days there, taxi comes and pick us up and take us to another town, or have a new taxi man come and pick us up. And it was all arranged. He did this tremendous job, it was just, all we had to do was just go there and he'd hold up the sign, and they'd come and pick us up, and said, \"We're going to take you.\" One time when we, after Hiroshima, I think it was after Hiroshima, we went to this place and they, this guy picked us up, and says, \"Oh, okay,\" and the next thing you know, we're going up the mountain, up, up, up, practically a dirt road by then. And it was this little tiny Japanese inn, had onsen, and we stayed there, and the food was fantastic. And like the ladies here, like Misa, she lives in that area, Hakone. She says, \"How do you ever find a place to stay like that?\" I said, \"I don't know, but they took us up there.\" It was beautiful.",
                "BH: It sounds like a wonderful trip. Did anything about your trip to Japan surprise you? "
            ]
        },
        "segment 17": {
            "Segment Desc": "Involvement in Japanese American community organizations",
            "Segment Questions": [
                "BH: Now after you... now the war was over, you've, kids are born, did you get involved in any Japanese Americans organizations?",
                "BH: Now why was it that your brother and you were in Oregon Nisei Vets instead of the regular veterans association?",
                "BH: Tell us about Nikkeijinkai. What's that about?",
                "BH: And the cemetery that you're referring to that's the Japanese section, near Rose City Cemetery?",
                "BH: And what about your church involvement?",
                "BH: Chet Edwards?"
            ]
        },
        "segment 18": {
            "Segment Desc": "Reflections",
            "Segment Questions": [
                "BH: Looking back, how did you balance being of Japanese descent while growing up in America?",
                "BH: How do you think their wartime experiences affected your parents?",
                "DH: Wartime experiences affecting my parents? Well, like my mother was, it was, I think it helped her, because she didn't have to go through worrying about all our kids and so on, because in camp, you know, you get fed, surviving without no problem, because they're always there at that time. After camp she did okay, because my two young brothers was there and was going through high school.",
                "BH: The camps over the years have been referred to by different names, relocation camp, internment camp, lately incarceration camp. How do you feel about these terms?",
                "BH: How do you think your life has changed because of the war?",
                "BH: There are efforts now and in the recent past to educate more people about camp experiences, including the establishment of the Japanese American Historical Plaza along the waterfront, and the Oregon Nikkei Legacy Center. If your parents were around today, how do you think they'd feel about these efforts to educate people about the war?",
                "BH: So what can we learn about what happened to Japanese Americans during World War II, the Isseis and the Sanseis -- Isseis and Niseis?",
                "BH: When 9/11/2001 happened, some people were making parallels between what happened to Japanese Americans in World War II to what might happen to Muslim Americans and Arab Americans. Do you want to comment on that?",
                "BH: So what are your hopes for your grandchildren and future generations?",
                "BH: You've had a life of a lot of ups and some downs. Some good things have happened, there have been some difficult times. What's important in life?",
                "BH: I've asked you a lot of questions in the course of this interview. From the time you were born to looking ahead to your grandchildren's generation. Are there any questions that I didn't ask, or anything that you'd like to add to anything you've said?"
            ]
        }
    }
}