{
    "Narrator_Name": "Dennis Bambauer",
    "Bio": "Male of Japanese and French-Irish descent. Born October 1, 1934, in Los Angeles, California. As a child, resided in the Children's Home Society Orphanage in Los Angeles. During World War II, was transferred to Manzanar concentration camp's \"Children's Village\" for orphans. Was adopted out of camp by a family from Bishop, California. Eventually became a teacher.",
    "Title": "Dennis Bambauer Interview I",
    "Interviewer": "John Allen",
    "Location": "",
    "Date": "November 6, 2002",
    "Densho ID": "denshovh-bdennis-01",
    "transcript": {
        "segment 1": {
            "Segment Desc": "Memories of being taken from orphanage to Manzanar as a child",
            "Segment Questions": [
                " DB: When was Pearl Harbor? ",
                " JA: All right. Yeah, I mean, do you remember how old were you in 1941? ",
                " JA: Do you remember anything to your life prior to the war? ",
                " JA: What was that bus drive like? What do you remember about the details? ",
                " JA: So what feelings did you have about this experience? ",
                " DB: Well that, do you want to know what feelings I had at the time or do you want to know what feelings I had afterwards, many years later? ",
                " JA: Let's do them both, but let's start with what you felt at the time, if you recall that? ",
                " DB: I can recall being scared and frightened because I was with a large group of people that I had no acquaintance with. I can remember sitting on the bus but feeling quite lonely, in fact alone. Because at this point I had been brought, I had been deposited on a grassy area where we sat and waited for the bus to take us. And then we got on board the bus, and I knew nobody. And I remember just hearing the kids all ask, \"When are we going to be there?\" and it was always just a little while and so it was a long time, and it was hot, and they couldn't keep us entertained. But we finally made it. And I remember driving up to the gates and seeing the guard tower and the barbed wire fence, and this -- this blew my mind so to speak to think that we were going to be behind those wires, and I just figured that's what was going to happen to us. ",
                " JA: Did you have any sense of why you were being taken to this place? ",
                " JA: What percentage of Japanese blood did you have? Do you know that? ",
                " JA: What percentage, how much Japanese blood did one have to have to be ordered to go to camp? "
            ]
        },
        "segment 2": {
            "Segment Desc": "Daily life in Manzanar's 'Children's Village' for orphans",
            "Segment Questions": [
                " JA: You were there -- how many people were there who were orphans like yourself? ",
                " JA: What kind of a place did you stay in when you first got there? ",
                " JA: What about the, what kind of food did they give you? Did you eat with the regular folks? ",
                " JA: Never know, mystery meat? Was the, the rice and gravy because they thought that was what Japanese people ate, or what? ",
                " JA: What did your daily life routine come to be once you got settled in? "
            ]
        },
        "segment 3": {
            "Segment Desc": "Pleasant memories of camp: gardens and holidays",
            "Segment Questions": [
                " JA: Do you have any recollection of the way the place changed in terms of flower gardens springing up over time and little parks and things? "
            ]
        },
        "segment 4": {
            "Segment Desc": "A traumatic experience leaving camp to join adoptive family",
            "Segment Questions": [
                " JA: If that's one of your fondest memories, what's one of your worst ones? ",
                " JA: What were the circumstances then, because you were adopted and now in the custody of a Caucasian family, you were allowed to leave? What was the regulation that allowed you to go? "
            ]
        },
        "segment 5": {
            "Segment Desc": "Climate difficulties in camp: dust and wind",
            "Segment Questions": [
                " JA: What do you remember about the weather and the winds at Manzanar? "
            ]
        },
        "segment 6": {
            "Segment Desc": "Reflections on wartime experiences: \"a lesson that we shouldn't repeat\"",
            "Segment Questions": [
                " JA: What do you think, or do you think you lost anything by being put away in this camp? ",
                " DB: Well... I don't think I lost anything. I think I gained some appreciation for a culture that had I not been placed in the camp, I might not have ever enjoyed. Since leaving camp, I've been able to reacquaint myself with my friends in the orphanage, and so for me, that was a positive thing coming out of my experience. I think it's unique to me because I was the only one. I don't think that my friends, my -- members of my family that went to Heart Mountain, they didn't need that experience. So it's unique to me, and I guess I'm probably the only one that can say that it was a beneficial thing. Because it did create lifelong friendships, but it was wrong. It was terribly wrong. I think today that Americans need to be so alert because in the terrorist movement, the individual rights of people have got to be preserved. And I think back today, are we going to make the same mistake with these people that we did with a whole group of my family and friends? I really worry about that. That was aside. ",
                " JA: That's an important aside. How do we teach that lesson to people? ",
                " JA: Why did it take so long for this country's government to say, \"We made a mistake\"? ",
                " DB: Yes, yes. I wasn't involved in that because I was removed from the, my Japanese friends by a long distance. I grew up in a small town, which I was the only Japanese, so it, I just didn't have the association. I support, I supported the activities of the Japanese Citizens League by being a member and supporting it financially, but it was really the... was it four men? I'm getting into a little piece of history that I'm a little shaky on. ",
                " JA: Yeah, that's not a detail we probably will get too deeply into, but when, when a letter of apology was issued by the President, did that mean anything to you personally? ",
                " JA: Did you get a check? ",
                " JA: Did that matter? "
            ]
        }
    }
}