{
    "Narrator_Name": "Don Maeda",
    "Bio": "Nisei male. Born November 28, 1924, in Seattle, Washington. Grew up in Seattle prior to World War II. During the war, removed to the Puyallup Assembly Center, Washington, and the Minidoka concentration camp, Idaho. Drafted into the military while in camp and received a deferrment in order to help relocate family. Resettled in St. Paul, Minnesota.",
    "Title": "Don Maeda Interview",
    "Interviewer": "Carolyn Nayematsu",
    "Location": "Minneapolis, Minnesota",
    "Date": "October 13, 2009",
    "Densho ID": "denshovh-mdon-01",
    "transcript": {
        "segment 1": {
            "Segment Desc": "Family background",
            "Segment Questions": [
                " CN: Okay, name is Carolyn Nayematsu and I am with the Twin Cities Japanese American Citizens League Oral History Project, and today I'm happy to welcome Don Maeda. Don, where and when were you born? ",
                " CN: And what was your name given at birth? ",
                " CN: Let's talk about your parents, but let's start with your father. Can you describe where your father came from and what year? ",
                " CN: And what did he do? ",
                " CN: How did that happen? ",
                " CN: Did he come to the United States alone or were there other family members? ",
                " CN: What year was that? ",
                " CN: And they came to Seattle was well? ",
                " CN: Now you brought some photos and this is a photo of your mother in Japan? ",
                " CN: How old was she when she came? ",
                " CN: She'd be about twenty or so? You said your mother came... ",
                " CN: Okay, and what city is this? "
            ]
        },
        "segment 2": {
            "Segment Desc": "Description of siblings",
            "Segment Questions": [
                " CN: And this is you again? ",
                " DM: That's me when I was, what, probably year old? ",
                " CN: So, you are, in your family line you are number three? ",
                " CN: And where did you live in Seattle? ",
                " CN: Was it a very big with Japanese community? ",
                " CN: It looks like it was kind of a suburban area? ",
                " CN: Was your father a gardener at all? ",
                " CN: Right, and he's how many years younger than you? "
            ]
        },
        "segment 3": {
            "Segment Desc": "Attending elementary school",
            "Segment Questions": [
                " CN: Did you attend Japanese school? Did your parents... ",
                " CN: So, during that time your father worked as a dental technician? ",
                " CN: And then your mother, did she work at all? ",
                " CN: So your father, you led a kind of a traditional sort of American life for a while? ",
                " CN: And then you started into elementary school? Now here is a photo of your family, let's see, where are you in this photo? ",
                " CN: Because during that time did many Japanese families have such an extended family? ",
                " CN: Did your parents have much of a social life? What was the name of the place you grew up again in Seattle? ",
                " CN: Did they participate in activities? ",
                " CN: What was your life like when you got into junior high school? What sort of activities did you participate in? ",
                " CN: Did you work at all and do odd jobs? ",
                " CN: During that time did your family go back to Japan, your parents? "
            ]
        },
        "segment 4": {
            "Segment Desc": "Hearing about the bombing of Pearl Harbor",
            "Segment Questions": [
                " CN: So when December 7, 1941, occurred, how old were you? ",
                " CN: Seventeen. Well, let's talk about your high school then. You were going to high school. You were about what, a junior? ",
                " CN: And it was a pretty much Caucasian high school? ",
                " CN: Were there other Japanese to speak of in your class? ",
                " CN: Do you remember that day? ",
                " DM: The day? ",
                " CN: Pearl Harbor? ",
                " CN: Did your parents think \"Oh dear...\"? ",
                " CN: So Monday you went to high school as usual, probably, December, right? Do you remember classmates or teachers saying anything? ",
                " CN: Your parents kept in contact with the relatives and all in Japan? "
            ]
        },
        "segment 5": {
            "Segment Desc": "Preparing for mass removal: having to sell car",
            "Segment Questions": [
                " CN: When did you know you would be evacuated, approximately? ",
                " CN: Now by that time you had a home. Your father had purchased a home, right? ",
                " CN: So at that time, by the time of evacuation, your house was in your sister's name? ",
                " CN: So what were the preparations like that your family had to go through? ",
                " CN: What did your parents have to do with your house? ",
                " CN: What about your dad and his job? What was going on there in terms of his treatment at the dental office? "
            ]
        },
        "segment 6": {
            "Segment Desc": "The day of mass removal",
            "Segment Questions": [
                " CN: Okay, so where is Puyallup? ",
                " CN: Now how did that happen? All of you just showed up there? ",
                " CN: So at that time it was you, your father and your sister? She was older? ",
                " CN: Your family photos and those things were all packed up and put away? ",
                " CN: What were conditions like at the fairgrounds? ",
                " CN: And your family was assigned a section? ",
                " CN: And you were in Puyallup how many months? ",
                " CN: During those months, how did you occupy your time? ",
                " CN: So at that point you had not been around a lot of Japanese? ",
                " CN: How about your mother, how did she feel? ",
                " CN: What was their feeling like because you knew you were going to Idaho at some point? "
            ]
        },
        "segment 7": {
            "Segment Desc": "The journey by train to Minidoka",
            "Segment Questions": [
                " CN: So when it was announced you were going to Idaho, how did they get you all there? ",
                " CN: Did that happen to you? ",
                " CN: How many days did it take, do you think, to get everybody in there? ",
                " DM: Into Idaho? ",
                " CN: So yours, how did you get to be one of the first groups? ",
                " CN: Okay, so then it took, you all had to board a train, and then went to Minidoka. Now where is Minidoka in Idaho? "
            ]
        },
        "segment 8": {
            "Segment Desc": "First impressions of camp",
            "Segment Questions": [
                " CN: How many barracks were there at Minidoka? ",
                " CN: 28-4-C. Were you the only family in your barrack? ",
                " CN: A lot of Japanese families had -- yours was kind a small family wasn't it? I can almost picture having a lot of... ",
                " CN: And you had to go to a mess hall or something? ",
                " CN: What were the conditions? The barracks, at least were newer. ",
                " CN: And it was still pretty cold wasn't it? ",
                " CN: Did they give you coats and things like that? ",
                " CN: Because you, from Seattle all you could bring, what did they allow you, just one suitcase per person? ",
                " CN: So you're seventeen years old at Minidoka? Now you only went through junior year? ",
                " CN: Okay, you were, so did they have high school for you? ",
                " CN: What other activities did you participate in camp? I mean, there must have been a lot of seventeen year olds. ",
                " CN: Your sister was probably in college? ",
                " CN: So she had to leave and so she felt that? "
            ]
        },
        "segment 9": {
            "Segment Desc": "Being drafted into the military",
            "Segment Questions": [
                " CN: So your sister was able to leave after one year. You stayed how many years? ",
                " CN: Two years and your parents stayed...? ",
                " CN: How did your dad and your mother fare in Minidoka? ",
                " CN: The University of Washington. What was her major there? ",
                " CN: At least she was able to come to Hamline. Was Hamline University accepting a lot of Japanese at that time? ",
                " CN: So you're about nineteen, twenty, when you're leaving? ",
                " CN: Did they? Did you have any misgivings about being drafted? ",
                " CN: And how about your friends? ",
                " CN: You brought some articles here about, I think leaving camp, right, and getting settled. I see here, we think this it, it says War Relocation Authority Evacuee Property Report. It's sort of interesting, your personal property, now this is your, Jane Maeda, would that be under, Jane would have had it under, for your parents? ",
                " CN: Well, there are some things, you had refrigerator, washing machine. There's a cedar chest here and you're saying you built that? ",
                " CN: How about this bedroom set? ",
                " CN: And this was a piano that was in your home? ",
                " CN: Now this personal property was kept for you in Seattle someplace? ",
                " CN: They didn't have much time, did they? "
            ]
        },
        "segment 10": {
            "Segment Desc": "Temporarily leaving camp to do farm work",
            "Segment Questions": [
                " CN: Don, before we leave Minidoka, I wanted to ask you, you were with a lot of seventeen, eighteen, nineteen year olds, were you able to leave Minidoka, to go into town and see movies, was all that restricted? ",
                " CN: Did you help with harvest? ",
                " CN: Do you have a clue as to how the native Idahoans, what they thought of having this camp, or what they thought of the Japanese? ",
                " CN: Okay. Approximately how many people were in Minidoka? Was it about ten thousand? ",
                " CN: So you and your mother and father and younger brother then packed up and took a train then to Minneapolis? ",
                " CN: That took a couple days, didn't it? ",
                " CN: But people were starting to leave camp around that time? ",
                " CN: Was it hard leaving all your friends? Because you were going all over, different places. "
            ]
        },
        "segment 11": {
            "Segment Desc": "Moving with family to St. Paul, Minnesota",
            "Segment Questions": [
                " CN: So you came to Minneapolis St. Paul. Were you able to find a job? ",
                " CN: Really? "
            ]
        },
        "segment 12": {
            "Segment Desc": "Getting married",
            "Segment Questions": [
                " CN: And you married? ",
                " CN: And this is the two of you at your wedding? ",
                " CN: Is that here in St. Paul? ",
                " DM: No, we went back to -- she was from Torrington, Wyoming, but the church that they attended was right outside of Scottsbluff, I can't recall the church, St. Mary's Mission? And I thought at that time there would only be a few Japanese attending our wedding. But there are a lot farmers in that area and down in Platte Valley area and so that church is almost all Japanese, a few Caucasian people, but mainly it was Japanese people so we had a nice wedding out there. ",
                " CN: How did you meet your wife? Was she here studying? ",
                " CN: Could we just backtrack a bit? She went to the University of Wyoming. I attended the University of Montana in the '60s and I was the only Japanese American then. How about the University of Wyoming? ",
                " CN: You don't hear too much about the Japanese in Nebraska. What did her family do there? ",
                " CN: What did they raise in Torrington? ",
                " CN: Just to backtrack a bit, when all of you moved here to St. Paul, your sister was at St. Paul, where did you live? ",
                " CN: And was your dad able to continue his work? ",
                " CN: Did your mother work when she came here? "
            ]
        },
        "segment 13": {
            "Segment Desc": "Experiencing housing discrimination",
            "Segment Questions": [
                " CN: Did they suffer any discrimination that you know of when they were trying to buy the house? Was there... ",
                " CN: Was that about the only time that you experienced, that you felt discriminated against, in Minnesota, in the early days? ",
                " CN: Did people know that, about the internment, evacuating? ",
                " CN: So, how many people attended your youth group at the Episcopal Church? ",
                " CN: Because after him, wasn't there a Father Otani? ",
                " CN: How did your wife like Minnesota? "
            ]
        },
        "segment 14": {
            "Segment Desc": "Raising a family",
            "Segment Questions": [
                " CN: So you two married, and tell us about your family. You have five children? ",
                " CN: And how many are still here in the Twin Cities? ",
                " CN: But did she live in Minnesota? ",
                " CN: Oh, so she went down to work there? ",
                " CN: And you said your wife passed away a few years ago? ",
                " CN: Did you visit much with her family in Nebraska? ",
                " CN: What was that like? ",
                " CN: But that was an active Japanese community down there. Did they continue a lot of the New Year's traditions? ",
                " CN: Is it still? ",
                " CN: Is there anything we left out that you'd like to cover? ",
                " CN: You did well. You know, working as a dental technician, you were pretty new, I mean, there weren't many Japanese in the dental field, were there? ",
                " CN: And people are still using gold crowns? ",
                " CN: Do they last longer? ",
                " CN: I see. Well, it's good you've been able to keep busy and how much longer are you going to do this? "
            ]
        }
    }
}