{
    "Narrator_Name": "Eleanor Davis",
    "Bio": "White female. Born November 17, 1922, in Seattle, Washington. Parents were both chiropractors and supportive of Japanese Americans around the time of World War II. Attended the University of Washington in 1940 and became friends with Gordon Hirabayashi.",
    "Title": "Eleanor Davis Interview",
    "Interviewer": "Linda Tamura",
    "Location": "Portland, Oregon",
    "Date": "October 23, 2014",
    "Densho ID": "denshovh-deleanor-01",
    "transcript": {
        "segment 1": {
            "Segment Desc": "Born in Seattle, Washington",
            "Segment Questions": [
                "LT: This is an interview with Eleanor Davis on October 23, 2014, at Holladay Park Plaza where she resides. Let me begin, Eleanor, by telling you that Professor Roger Daniels and Tom Ikeda from Densho in Seattle are very appreciative of your consenting to this interview. They believe that you are now the only person who as an adult had meaningful contact with Gordon Hirabayashi both before and after his trial. And you continued to know him and keep in touch with him long after that. So you're thus an important witness for all of us, and countless others will be able to hear from your stories and your experiences. So thank you so much for agreeing to join us. I also will mention that in your own right, you also played a key role in Oregon's ratifying its Equal Rights Amendment in 1973, so you've been an outspoken advocate for women's rights, and a leader in your own. So one other comment is, we were talking about the top that you're wearing today. Can you tell us about that?",
                "ED: About the what?",
                "LT: About the top that you're wearing? Your blouse?",
                "ED: The crowd?",
                "LT: The blouse that you're wearing?",
                "LT: So he bought the fabric and gave you the fabric?",
                "LT: Well, thanks for wearing that today, that has special significance. Let's begin with your personal life. Where were you born?",
                "LT: Okay. And what was the date?",
                "LT: So you're ninety-two years old?",
                "ED: What?",
                "LT: So you're ninety-two years old?",
                "LT: Almost ninety-three. And what was your full name when you were born?",
                "ED: Winifred Eleanor Ring, is that right? [Laughs]",
                "LT: We know you as Eleanor. How did that happen?",
                "ED: How did what?",
                " LT: We know you as Eleanor. How did that happen?",
                "LT: So as a fourth grader you took matters into your own hands and became a problem solver?"
            ]
        },
        "segment 2": {
            "Segment Desc": "Description of parents",
            "Segment Questions": [
                "LT: Well, let's talk about your early life. Your parents were Fred and Mabel Ring, and they were very active in the Seattle community. Can you talk about their roles and their activities?",
                "LT: Was this the Fellowship of Reconciliation?",
                "LT: And what was the goal of these groups?",
                "LT: What was the goal of these groups, and what was the goal that your parents set out in participating?",
                "LT: And also then inviting those from other races to participate?",
                "LT: And also inviting others from different races to participate?",
                "LT: Well, it's clear from reading your parents' papers, which they donated to the University of Washington archives, that they really had very different views of Asian Americans and those from other ethnic groups. Can you talk about that and their beliefs?",
                "LT: When you were growing up, what did you see your parents doing or saying or particular activities?",
                "LT: Okay, that's okay. And what did your parents do for a living?",
                "ED: My friends?",
                "LT: Your parents. What did they do for a living?",
                "LT: And your father and your mother were both chiropractors?"
            ]
        },
        "segment 3": {
            "Segment Desc": "Attending college and meeting Japanese Americans for the first time",
            "Segment Questions": [
                "LT: Now, as you were growing up and when you went to school, what do you remember about other Asian Americans?",
                "ED: What's that?",
                "LT: And is that when you first met Japanese Americans?",
                "LT: Do you have any particular recollections of meeting Japanese Americans in your classes or in activities or in organizations?",
                "ED: What about it?",
                "LT: Do you have any recollections of meeting Japanese Americans at that time, at college?",
                "ED: No. There had been no other opportunity that I'm aware of. Mother brought a Japanese... Japanese boy? From the navy who had come to visit our church, she brought him home for dinner, and so that was one contact that I'd not had before. And she reached out that far."
            ]
        },
        "segment 4": {
            "Segment Desc": "Meeting Gordon Hirabayashi",
            "Segment Questions": [
                "ED: What?",
                "LT: Do you recall when you met him and how you met him?",
                "LT: Can you talk about some of the activities that you participated in with Gordon?",
                "LT: Do you have any recollection of a particular time where you and Gordon were involved in a project or an activity?",
                "ED: At the Y?",
                "LT: Your first year at University of Washington?",
                "LT: Having gotten to know Gordon, Gordon was a student and also active in the YMCA where he lived. When you think back at Gordon as a student, how would you describe him then?",
                "ED: As a student?",
                "LT: And can I ask, were his roommates Japanese American boys?",
                "ED: What?",
                "LT: If you could use words to describe him, what words would you use?",
                "ED: Describing Gordy?",
                "LT: What kinds of things did you do with Gordon?",
                "LT: In the days after Pearl Harbor was bombed, what do you remember about what people said and thought and did?",
                "ED: Said about the bombing? Not very much. I don't remember very much. I think it's possible that the boys were busy in their own group and were more likely to be discussing it than the girls. And I did not participate in adult discussions about it, so I don't what was going on there. I suspect that there was, like one of the churches might have held a discussion group about it, but I don't remember it.",
                "ED: What?",
                "LT: Gordon obviously was a Japanese American, and many people's views changed about Japanese Americans after Pearl Harbor was bombed. Do you recall people talking, wondering, worrying?",
                "LT: Do you recall what he said after Pearl Harbor was bombed?",
                "ED: What?",
                "LT: Do you recall what he said after Pearl Harbor was bombed? Was he worried?"
            ]
        },
        "segment 5": {
            "Segment Desc": "Parents' support of Japanese Americans after the start of World War II",
            "Segment Questions": [
                "ED: What? ",
                "LT: You also mentioned that you went to a banquet in downtown (Seattle) together?",
                "LT: So after Pearl Harbor, were your parents active in support of Japanese Americans? I know at that time there were many who began to be suspicious of Japanese Americans, even those Nisei who had not been to Japan.",
                "LT: So your parents continued with their activities. So your parents continued with their activities?",
                "ED: What?"
            ]
        },
        "segment 6": {
            "Segment Desc": "Receiving a ride home from Gordon Hirabayashi when he broke the curfew imposed on Japanese Americans",
            "Segment Questions": [
                "ED: He was sentenced?",
                "LT: Right. What do you remember about that and how did you learn about it?",
                "ED: How did I learn about it? I thought that was the occasion where he drove me home after... not after school, because school was still open, but he did invite me to drive home, he would drive me home. And I didn't click on what actually was involved, or what was the serious matter of his doing that, so I was a little dumb. But he went back to school, didn't go home, and I don't remember where his comrades scolded him or not, they might well have, because they had worked real hard to get him to follow the curfew. So when it was obvious that he had broken it, they might well have been angry with him. And these were not... these were not... these were... what were they? Caucasian or not Caucasian? They probably were not Caucasian kids -- they were Caucasian kids, I take it back. Because they would have been studying there at the campus. But apparently that didn't bother Gordy very much.",
                "LT: So you're saying he was studying with his friends, he left so that he could take you home?",
                "ED: Did I say frequently? I don't know, he drove me home occasionally.",
                "LT: And how far was it from the University of Washington campus?",
                "ED: What?",
                "LT: Were you able to talk to Gordon about that?",
                "ED: Did I? I suppose so, but I don't remember it. I mean, he got pretty thoroughly talked to, I'm sure, by his friends at the Y, and maybe the adults at the Y as well.",
                "LT: What do you think they said to him?",
                "ED: What?",
                "LT: What do you think they said to him?",
                "LT: But your parents were also worried, weren't they?",
                "ED: Who?",
                "LT: And what did they say and what did they do?",
                "ED: What?",
                "LT: What did they say and what did they do?",
                "LT: But you did mention that your parents were protective of Gordon?",
                "LT: And how did they get to know Gordon and what kind of interaction did they have with Gordon?",
                "LT: Did he come to your house?",
                "LT: You mentioned that his friends at college were protective of him. Do you know particular actions they took?",
                "LT: And this is speculation, but because you knew Gordon so well, how do you think he came to decide that he was not going to follow the curfew? What was it that he -- ",
                "ED: Because of that?",
                "LT: -- for being a friend, were there any consequences for you for being a friend?"
            ]
        },
        "segment 7": {
            "Segment Desc": "Visiting Gordon Hirabayashi in jail",
            "Segment Questions": [
                "LT: Do you recall what they said and what they did?",
                "ED: Pardon me?",
                "LT: What did your mother take when she visited Gordon?",
                "LT: Okay, you mentioned that she had baked a cake for him, too?",
                "ED: Hmm?",
                "LT: You mentioned that she baked a cake for him?",
                "LT: You mentioned that he baked a cake?",
                "ED: That she did?",
                "LT: Uh-huh, and took it to him?",
                "ED: I expect that's right. I mean, isn't that what a woman does when she tries to do something nice for a male? Maybe she had a particular kind that he was particularly fond of, so maybe that's why she did it. I think there's something in one of the letters about that, about her baking a cake.",
                "LT: What do you remember seeing and thinking and talking about when you visited Gordon?",
                "LT: When you visited Gordon at the jail, were you and Gordon able to talk?",
                "LT: So you remember being photographed when you went?",
                "ED: What?",
                "LT: You remember being photographed when you went?",
                "LT: You mentioned that when Gordon was in jail, he was influenced by his reading of Martin Luther King and Mahatma Gandhi. Can you talk about that? What did he tell you about that?",
                "ED: Hmm?",
                "LT: How do you think they influenced his thoughts and actions?",
                "ED: How these people he read? Oh, I think from what I read, that they influenced him quite a bit. After all, he was in the kind of situation that these men, these authors were themselves. And, of course, I expect that's why he was reading them, because they gave him some guidance about how the situation might affect him. So he increased his reading in that field, I think, as time went by, read more of it, and that helped him considerably, I think. And I expect -- I'm theorizing -- that there were people here in town who were able to help him in that area, who may have been in prison themselves. I suspect that the ministers, if there was a minister who felt supportive of what Gordy was doing, would have made a real effort to talk with him. And from what I remember seeing in the letters, there was something about that.",
                "LT: He was in jail, he was not in school. How did that affect his relationship with his friends, the students, his university, the community?",
                "ED: Well, I can't possibly say as a rule it did this or did that. Each individual, I think, would have been affected differently, depending on their own experience. There were ministers who made a special effort to visit him, and to give him support. And I think that was very, that was very good. And I expect there was occasionally an individual who had spent some time in jail and felt he had something to offer Gordy in terms of that experience. I don't remember Gordy saying anything about it, so I'm just theorizing here, but it makes sense. There were organizations after he got out that gave him support, church groups, school groups. Do you remember anything about it?",
                "LT: A little bit. I'm wondering, do you remember any particular church groups or school groups?",
                "ED: Hmm?",
                "LT: Do you remember any particular church groups or school groups?"
            ]
        },
        "segment 8": {
            "Segment Desc": "Being interviewed by the FBI regarding Gordon Hirabayashi",
            "Segment Questions": [
                "LT: Were there any consequences for you as a friend of Gordon's?",
                "LT: Now the FBI, there was a consequence with the FBI because they called upon you at home, didn't they?",
                "LT: And why did the FBI initially ask you to testify, and why do you think they did?",
                "ED: Or didn't? They didn't ask me in the long run.",
                "LT: Okay. But why were they interested in your testimony early on?",
                "LT: Were you worried at all?",
                "ED: What?",
                "LT: Were you worried about your testimony?",
                "LT: Do you remember any questions that they asked you?",
                "ED: What?",
                "ED: No, they didn't think it was a good idea, probably. They didn't want to give a friend of Gordy's too much time, one aspect. I think they felt that they had material that I would produce already in their papers. Because at some point, what Gordy had to say or do was already in the papers. Gordy took a bunch of papers down to the court before the hearing, and they said, \"Oh, we already have that.\" And so what was the point of saying it anymore? [Laughs] And all you could conclude from that was that somebody had been taking papers from the files and giving them to the FBI. Hate to think about who it was, but I think that's the only thing you can conclude. But I remember when the Quaker gentleman who was helping Gordy said, \"We have this paper statement of yours, why don't we take it down and give it to the FBI?\" So they did, and there was the old answer, \"We already have those papers.\" [Laughs] So there was no point to that."
            ]
        },
        "segment 9": {
            "Segment Desc": "Memories of Gordon Hirabayashi's trial",
            "Segment Questions": [
                "LT: So at the trial, did you see when Gordon testified?",
                "LT: Pardon? ",
                "ED: What did you ask?",
                "LT: Oh, when you went to the trial, even though you were not called to testify, you had a chance to observe the trial?",
                "LT: What do you remember about the trial?",
                "ED: What do I remember? I remember people, the crowd of people along the wall, and I can't remember whether there was much reaction from the crowd at any time to anything anybody said. I don't... well, there could have been, definitely, but I don't remember it, I guess. It was a pretty quiet affair.",
                "LT: What did you think when you saw Gordon testify?",
                "ED: What did I what?",
                "LT: What did you think when you saw Gordon testify?",
                "ED: Saw him testify? Just that, as usual, he was doing a good job. And it wasn't too long.",
                "LT: Do you remember what he said, what answers he gave?",
                "LT: Now, were your parents, were your parents called to testify?",
                "LT: What names do you recall?",
                "LT: And that's where he lived?",
                "ED: Hmm?",
                "LT: That's where he lived?",
                "LT: And you said this is where the college students ate?",
                "ED: What?",
                "LT: Eleanor, what do you think you would have said had you been up on the stand?"
            ]
        },
        "segment 10": {
            "Segment Desc": "Support from Gordon Hirabayashi's family and friends after his conviction",
            "Segment Questions": [
                "LT: Well, after the trial, what do you remember about the results?",
                "LT: Of?",
                "LT: How did you feel?",
                "ED: About what?",
                "LT: After you learned about Gordon's conviction?",
                "ED: Conviction? I presume in the paper, I don't know how else unless...",
                "LT: Oh, no, how did you feel?",
                "ED: Well, I guess I would say I was proud of him. I don't think at that point I worried very much about him. He had probably a long row ahead of him, a long time in jail, depending on what judge he got or whatever. I know he got a number of different judges along the line, and so there was lots of guessing or wondering what was going to come out of a particular judge, what point of view was he going to take? That was always interesting to figure that out. And I think Gordy always seemed to have an optimistic point of view, even after, occasionally.",
                "LT: Even after the trial? Even after the trial, he had an optimistic point of view?",
                "ED: Well, yeah, his family and friends were all there to support him. And I think he had no, I don't think he had any way of knowing at that point what kind of a sentence he might get, so I don't think there was much conversation about that. Though on another part of the occasion, that would be an important discussion, what's this judge going to do? And Gordy's mother, of course, would be quite worried about him, she learned a good deal about her son and about how the court ran and what to expect in some cases. I think his father was much quieter, didn't say very much, but his mother did. And it was, the family was kind of surprised and pleased that she became as vocal as she did. Of course, she learned a lot about how to do that.",
                "LT: How did she become vocal?",
                "ED: What?",
                "ED: What was that?",
                "LT: And did you continue to keep in touch with Gordon?",
                "LT: Oh, no, did you?",
                "LT: Do you have any recollections about what he was doing or how he felt during that period of time?",
                "LT: What do you recall about that and the kind of support that she gained from others when they came up?"
            ]
        },
        "segment 11": {
            "Segment Desc": "Gordon Hirabayashi's postwar academic career",
            "Segment Questions": [
                "ED: What?",
                "ED: Office of what?",
                "LT: So after graduating, he spent his life outside the United States. Was that deliberate?",
                "ED: Stupid?",
                "LT: Was it happenstance?",
                "ED: Well, I don't think it was. I don't recall that he had really serious problems as a result. Maybe for his family. But he had academic friends who supported his ideas and supported his choice of where to go. And he stopped to see us occasionally when he came home, and I don't recall his speaking about it as a particularly difficult thing. He may have said something about maybe that was not a good academic idea, but I don't remember it now. He did develop a great group of friends with the Quakers, did quite a bit with them, did a lot of speaking for them. And what else? The Quakers... well, of course, academically he had to have good contacts, and I assume he did. But there must have been a few who thought he was a nut, but he did have, as I recall, when he was first here, before he went overseas, I think there was academic criticism. I don't remember what it was, but I just remember that there was some. But he seemed to do very well. And I can't remember, when did he and his wife get married? I don't remember. Before they went over -- well, it would have been before they went overseas, I'm sure, because the children were born before then, I think. We went to visit -- including my parents, went to visit them at the little Housing Authority house they were living in before they were going overseas.",
                "LT: In Seattle?",
                "ED: They what?",
                "ED: What?",
                "LT: And then here is their son who takes a stand to defy a curfew, and chooses to speak out about that. How do you think that happened? Where did that come from?",
                "LT: How do you think a young man like Gordon, who was raised in a family where his parents were quiet and didn't, and were not outspoken, where do you think that came from?",
                "ED: The what?",
                "LT: Where do you think that came from, to have the courage to take a stand and speak out?"
            ]
        },
        "segment 12": {
            "Segment Desc": "Gordon Hirabayashi's positive attitude throughout his experiences",
            "Segment Questions": [
                "ED: When they what?",
                "ED: What remained the same?",
                "LT: Yeah. From the time that you first met him when you were college students, through the span of his life until his later years, what were ways that he stayed the same?",
                "ED: That he changed?",
                "LT: What were ways that he stayed the same?",
                "LT: In what?",
                "ED: He didn't bring his family into our family, which is too bad, I think. His kids were a lot more rambunctious than ours were. [Laughs] He cooked, as I said, and that was fun. But he would call us from Seattle or maybe from Canada to say, \"I'm coming down and I'll be there such-and-such.\" And that was always a good visit. He was a good visitor and a good friend, and he was always willing to do anything he could to help. And he and Charlie had good discussions. We went to visit them in Canada one time, I regret that we didn't do it again. It was when he was ill, and his wife had to do quite a bit. And the kids were not there at all, they were off to their schools, wherever they were, so we didn't get acquainted with the kids, for which I am sorry. I made one real effort to get acquainted with the older girl, and we were with Gordy at that time, so Gordy said, \"Well, she'll be bringing the dog home from something or other when you get down there, so why don't we call and have her take you to have you come for dinner?\" So that was set up that we were going to drive down there. And we called him from somewhere, it all got mixed up. We didn't have a dinner with him, and that was sad for me. But Gordy did stop with us at our house occasionally.",
                "LT: What do you think that came from?",
                "LT: So you talked about the way that Gordon Hirabayashi stayed the same from the beginning when you knew him, when you met him, until his later years. Were there ways that you also saw that he changed?",
                "LT: So you're talking about Susan, Gordon's second wife. Can you tell me more about her?",
                "LT: Thank you. You also knew Esther, his first wife?",
                "ED: What?",
                "LT: You also knew Esther, Gordon's first wife?",
                "LT: McNeil Island?",
                "ED: Hmm?",
                "LT: McNeil Island?",
                "ED: Yeah. I assume that Esther would have still been the mother at that point, and she didn't quit, until she divorced him in 1950-something or other, what was the date? Better look it up. She divorced him because she fell in love with an airplane instructor, that's what I heard, anyway, but I'm not sure that that lasted very long.",
                "ED: Esther and Susan?",
                "LT: Did he date Japanese Americans as well?",
                "ED: Did what?",
                "LT: Did he date Japanese Americans as well?",
                "ED: Did he do what?",
                "LT: Did he date Japanese Americans as well?"
            ]
        },
        "segment 13": {
            "Segment Desc": "Description of Gordon Hirabayashi",
            "Segment Questions": [
                "LT: As you talked about Gordon, I noticed that you call him Gordy, and I think he called you Ellie?",
                "LT: Were those college names, or were those names just that you two had for each other?",
                "LT: Did other college students call him Gordy, too?",
                "ED: What?",
                "ED: How did we get acquainted?",
                "LT: Is there anything else that you would like to add that you remember?",
                "ED: About him? There's one thing I can think that baffled me, but probably I don't even remember it now. Well, he was always kind, but he always had a nice sense of humor, and he cooked. [Laughs]",
                "LT: What did he like to cook?",
                "LT: Was there a specialty?",
                " ED: What?",
                "LT: Was there something special he prepared that you really liked?"
            ]
        }
    }
}