{
    "Narrator_Name": "Elmer Tazuma",
    "Bio": "Issei male. Born March 30, 1916, in Kure, Japan. Immigrated with parents to Seattle as a child, where parents ran several hotels and apartment buildings in the International District, as well as the Tazuma Ten Cent store. In his interview, discusses Japanese American hotel ownership from the early to mid-1900s and the role of the hotel association in the Japanese American community.",
    "Title": "Takashi Hori - Yoshito Mizuta - Elmer Tazuma Interview",
    "Interviewer": "Dee Goto",
    "Location": "Seattle, Washington",
    "Date": "June 8, 1998",
    "Densho ID": "denshovh-htakashi_g-01",
    "transcript": {
        "segment 1": {
            "Segment Desc": "Family background, Yoshito Mizuta",
            "Segment Questions": [
                " DG: So you were how old at that time? ",
                " DG: So how many rooms did the hotel have? ",
                " DG: Your father came from Japan, right? ",
                " DG: When? ",
                " DG: And so he first worked where? ",
                " DG: Like the railroad? ",
                " DG: Restaurant? ",
                " DG: And where did he come from? ",
                " DG: Hiroshima. And then so how did he accumulate the money to buy the hotel? "
            ]
        },
        "segment 2": {
            "Segment Desc": "Family background, Takashi Hori",
            "Segment Questions": [
                " DG: Now, where was your father from? ",
                " DG: And what was he doing at that time? ",
                " DG: And did you also then, live in the hotel? "
            ]
        },
        "segment 3": {
            "Segment Desc": "Family background, Elmer Tazuma",
            "Segment Questions": [
                " DG: Elmer? ",
                " ET: ...104. But then we decided maybe a hotel would be a little easier. We had to do something 'cause you got to live and eat. And I came from the farm with 900 dollar after working for Mr. Nisaburo >Goto so I had the 900 dollar, and my dad had a few thousand dollars saved after the sale of the Ten Cent store. So since it doesn't cost very much to get into a -- actually you're not buying a building, just leasing. So in 1948 after we sold the -- no, no. Yeah, '48. We must have gone into the restaurant business in 1946, and we got out in '48 so we bought the Benton Hotel in 1948. And we ran -- well, my dad and I, we ran that together 'til 1949 so that would just be a year. Or was it... well, 1949 because I got married and in 1950 I found -- I mean, my father-in-law and mother-in-law decided they are too old and they were going to give up Eclipse Hotel, which is on 7th and Weller. So I thought that was a golden opportunity. They wanted $15,000. Since I didn't have it, they said they will take 2,000 down and no interest. We didn't have to pay interest on the balance. For every month, we put in, paid her $300 and somehow we got by, although the rent was $12 a month for most of the room, but there was 80 rooms. And most of the people there were Scandinavians, Rumanians, well, mostly like Swedes and so on. And there was a few Japanese and maybe a few Chinese. Let's see what else was the question? "
            ]
        },
        "segment 4": {
            "Segment Desc": "Reasons for Japanese American involvement in hotel business",
            "Segment Questions": [
                " DG: Well, mainly it seems like all of the pioneers were entrepreneurial, right, and always looking for a better opportunity. Why do you think so many people got into the hotel business? ",
                " ET: You're asking? Well, for -- in my case we didn't have much money. Of course, that was after the war though, and you didn't have to have -- I mean, my mother and father could run it. You didn't have to have knowledge of English, all you say is how much is the rent and that's all you have to say. And anybody could learn how to run a hotel. ",
                " TH: In his case it's different. You needed language downtown, but if you were in the International District or Japanese Town or Chinatown or skid row, I think you could have gotten by without English. Isn't that right? "
            ]
        },
        "segment 5": {
            "Segment Desc": "Description of hotel clientele",
            "Segment Questions": [
                " DG: Now, in your case, Salty, were your clients Japanese? ",
                " DG: Okay and so there were maybe, what 100 hotels, Japanese owned hotels at the time? "
            ]
        },
        "segment 6": {
            "Segment Desc": "Family's hotel in Seattle's Japantown",
            "Segment Questions": [
                " DG: And what were those beds? They were just slats of wood, right? ",
                " DG: So who did the work, the laundry? "
            ]
        },
        "segment 7": {
            "Segment Desc": "The hotel as a family, caring for the residents",
            "Segment Questions": [
                " DG: Now, who is Mrs. Kuriyama? ",
                " TH: She was on 5th Avenue between, I think... what is that street this side of Jefferson? ",
                " ET: It was Fir, maybe huh? ",
                " ET: Is that right? How about the Snake House, which was this side of James. "
            ]
        },
        "segment 8": {
            "Segment Desc": "Early Seattle hotels as former prostitution businesses",
            "Segment Questions": [
                " TH: Oh, is that right? ",
                " DG: Where was that, Salty? "
            ]
        },
        "segment 9": {
            "Segment Desc": "History of Seattle's early hotels",
            "Segment Questions": [
                " DG: So now all of these hotels were built in what era do you think? ",
                " DG: So this was all between 1850 and 1900, right? "
            ]
        },
        "segment 10": {
            "Segment Desc": "Japanese American-run hotels: the minimum housing code",
            "Segment Questions": [
                " DG: But the Japanese were willing to remodel some of these things? ",
                " DG: What year was that? ",
                " ET: About 1962, huh? ",
                " ET: The Ozark, was that downtown? ",
                " TH: Yeah. Ozark was around 7th Avenue downtown near Westlake someplace, isn't it? ",
                " ET: The fellow that started it, he was kicked out from the tavern, wasn't he? So he got some gasoline and ran around the hallway and threw the fire -- I mean, started, threw a match or something. ",
                " TH: Is that right? Well, there were three fires that really affected the hotel business. One was the Stewart Hotel on Madison. This is around 1941. Four person died there. Then the Ozark around in '60s, and 7th Avenue Apartment in '70, see. They were the three major ones that really affected, brought about the change in the housing code. "
            ]
        },
        "segment 11": {
            "Segment Desc": "Conditions of prewar hotel buildings",
            "Segment Questions": [
                " DG: Okay. Now, let's kind of summarize the conditions of the hotels, okay. Now, so everybody back in about 1900, according to Yoshito's paper, there were about three hotels to start with. And then since then and they were all small and just rooms, like you say, with beds, right? "
            ]
        },
        "segment 12": {
            "Segment Desc": "Japanese-owned prewar hotels",
            "Segment Questions": [
                " DG: Now, wasn't the Panama Hotel one of the only new built hotels that Japanese owned? ",
                " DG: And that was what year? ",
                " DG: About that same time? ",
                " YM: How about the N-P? ",
                " DG: Now, the Alien Land Law didn't come into effect 'til 1924, but before that they couldn't own either? ",
                " DG: So after '24 you couldn't even lease so what happened then? ",
                " DG: Well, that was mostly farm land so maybe the buildings were a little different? ",
                " DG: 'Cause the Niseis weren't old enough yet, right? "
            ]
        },
        "segment 13": {
            "Segment Desc": "A close relationship between hotel owners and clientele",
            "Segment Questions": [
                " DG: What about painting the room? ",
                " ET: They were young too, weren't they? Real young. ",
                " DG: Did you serve meals to anybody? ",
                " YM: Was there any welfare in those days? ",
                " DG: What did you do when they died? "
            ]
        },
        "segment 14": {
            "Segment Desc": "The propensity for Japanese hotel owners to live in their own hotels",
            "Segment Questions": [
                " DG: Is that the way it was when you were in the hotel too? You got to know the residents? ",
                " YM: Well, there was renting a lot of shops, empty shops, and families, huh? "
            ]
        },
        "segment 15": {
            "Segment Desc": "Childhood activities of playing in the neighborhood",
            "Segment Questions": [
                " DG: And the Welcome was on Jackson, the next street down, and so your play area was that area too, the kids and all got together? ",
                " TH: Well, Main Street kids stayed on Main Street. People on the other side of Jackson played around King Street, isn't it? ",
                " DG: What did you do playing? ",
                " DG: What do you do with the milk tops? "
            ]
        },
        "segment 16": {
            "Segment Desc": "Attending movies as children",
            "Segment Questions": [
                " DG: So, did you go to movies? ",
                " YM: The Atlas was what? 10 cents? (Narr. note: We used to go to the skid row theaters. There were several and they were all 5 cents. The Florence Theater under Smith Tower was 10 cents.) ",
                " TH: Is that right? ",
                " TH: The Atlas was on Maynard. That was open by Japanese. Jackson Theater, your father and Mukais running it, isn't it? ",
                " DG: What kind of shows did you see? "
            ]
        },
        "segment 17": {
            "Segment Desc": "Description of Seattle's prewar Japantown",
            "Segment Questions": [
                " YM: '30s? ",
                " ET: Yeah, every store was practically Japanese on Jackson Street, huh? ",
                " TH: What place was this? "
            ]
        },
        "segment 18": {
            "Segment Desc": "Japantown hotels",
            "Segment Questions": [
                " YM: That Japantown was quite a place though huh? It started maybe from Yesler Way past Dearborn in the south and from 4th Avenue up to Rainier, huh? Rainier Avenue. All the places were, business were all Japanese except for Chinatown. Chinatown had Chinese. All the hotels and most of the shops except for Chinatown was all Japanese. ",
                " ET: Milwaukee was not run by a Japanese? ",
                " YM: Milwaukee? ",
                " ET: Was that run by Japanese? "
            ]
        },
        "segment 19": {
            "Segment Desc": "Description of Japanese American bathhouses",
            "Segment Questions": [
                " DG: How many of them there? ",
                " ET: The Publix, when was that built? "
            ]
        },
        "segment 20": {
            "Segment Desc": "Lack of laundry facilities in the prewar hotels",
            "Segment Questions": [
                " DG: Where did they do their laundry? ",
                " DG: No, I mean the tenants. Where did they do their laundry? ",
                " ET: There was a sink in the hallway where they could wash dishes and whatever else they want to do so they did. And then we had a place they could hang their clothes at the Eclipse out in the -- what they call that? "
            ]
        },
        "segment 21": {
            "Segment Desc": "Memories of hotel tenants",
            "Segment Questions": [
                " DG: So what would you say was the average length of stay of most of your tenants? ",
                " DG: So would you say that the Japanese served a social service kind of? ",
                " DG: A nursing home and what about counseling? "
            ]
        },
        "segment 22": {
            "Segment Desc": "Sending laundry out to a central facility",
            "Segment Questions": [
                " DG: Now, the laundry, you said, you sent out to where? ",
                " DG: Where were they? ",
                " TH: They were located on --what is it, Washington? ",
                " TH: Was it Main? No. ",
                " DG: But there was just one laundry? There wasn't more than that? ",
                " ET: How 'bout Shiro? "
            ]
        },
        "segment 23": {
            "Segment Desc": "The role of the Seattle Japanese Hotel Association in the community",
            "Segment Questions": [
                " DG: Okay. What about the Hotel Association, when did it start? ",
                " DG: Why did they need a hotel association? ",
                " TH: It's more or less one was first as a social group and then was to any information regarding business that they exchanged with each other to make it easier to operate. And as more people got into the business, they helped them, give them information, advice how to run it, or -- then I guess later on you had problem with the fire department, the health department, the licensing, different licenses and then in what? the '30s they started sales tax, wasn't it? Was it in the '30s or in the '20s? '30s I think, they had the sales tax, and then all kind of different problems start coming up. Maybe in the beginning there was no license involved, maybe there's not much taxes involved. All they did was collect rent and rent space, but then all kind of city, state, regulations start coming in and made it that, I guess, some people were operating without a license or running a boiler without a engineer's license and all that. ",
                " ET: One of the reason I think hotel was good is because for one thing you don't have to put stocks on shelves like if you ran a grocery store. Once you buy your sheets, they last almost forever so the money stayed in the bank. And let's see what else was there? I forgot what I was thinking about. ",
                " DG: But basically through the years all the hotels belonged to this, right? ",
                " TH: Majority of them. I know after there were some hotels and apartments. Hotels mostly belonged to it. There were some apartments that did not join, run by Niseis or Sanseis, wasn't it? I think you had that problem too. ",
                " DG: And the meetings were in Nihongo? "
            ]
        },
        "segment 24": {
            "Segment Desc": "Cost of running a prewar hotel",
            "Segment Questions": [
                " ET: Was it 2 bits a night? ",
                " YM: Two bits? 20 cents. ",
                " DG: Well, Yoshito Fujii says it was 45 cents to 75 cents? ",
                " YM: A day? "
            ]
        },
        "segment 25": {
            "Segment Desc": "",
            "Segment Questions": [
                " TH: Well, I think you use the wrong term. No. The business itself wasn't that lucrative. Would you say it was? ",
                " DG: In those days? "
            ]
        },
        "segment 26": {
            "Segment Desc": "Trying to make money running a hotel business",
            "Segment Questions": [
                " DG: But then there was something in Yoshito's papers about how the Japanese didn't know how to be business-like and they gradually learned. So did the hotel association, did they talk about that at all? ",
                " TH: Elmer, when did you start running the anou Eclipse? "
            ]
        },
        "segment 27": {
            "Segment Desc": "Keeping the family's hotel running during the Depression",
            "Segment Questions": []
        },
        "segment 28": {
            "Segment Desc": "Arrangements to protect hotel property, and reclaiming hotel property postwar",
            "Segment Questions": [
                " DG: Now, do you think there were other hotels in a similar situation? ",
                " DG: Was that not true in the hotel business? ",
                " ET: Let's see, who was that? Tosh? His father had one near First Avenue and Main. The son's name is Tosh. He had a stroke. ",
                " TH: Tosh Tanemura? "
            ]
        },
        "segment 29": {
            "Segment Desc": "The large number of Japanese owned hotels prewar",
            "Segment Questions": [
                " ET: What year are you talking? ",
                " ET: Oh, 1941, huh? ",
                " DG: So did you feel anything about this dominance or anything like that? "
            ]
        },
        "segment 30": {
            "Segment Desc": "Experiencing discrimination in the hotel industry",
            "Segment Questions": [
                " DG: But then were the city more lenient as far as codes and things go as a result of this? ",
                " ET: Not the hotel? "
            ]
        },
        "segment 31": {
            "Segment Desc": "The Seattle Japanese Hotel Association of Seattle",
            "Segment Questions": [
                " DG: To help each other. Was there any exclusivity? I mean, did everyone get to join or did they... ",
                " DG: Now, who's Mr. Hara? ",
                " DG: Okay. So he was a Issei? "
            ]
        },
        "segment 32": {
            "Segment Desc": "Helping the Issei with English-language exams",
            "Segment Questions": [
                " DG: And what about helping each other, did they all work together to help each other develop the hotel business, do you think? ",
                " DG: What did that entail? ",
                " DG: Well, so did you have to do that too when you were officers, that kind of thing? "
            ]
        },
        "segment 33": {
            "Segment Desc": "Hotel Association meetings",
            "Segment Questions": [
                " DG: Okay. Talking about the hotel association, how often did they meet? ",
                " YM: That was what year? ",
                " DG: Now, how important was the Hotel Association as far as an organization in the Japanese community? ",
                " TH: Yeah, investments. And then there was more hotels than there were the groceries or dye works or what other ones? There were a number of these business organizations, or trade organizations you might call them, but hotel had the largest membership and the largest amount of money invested in the business. "
            ]
        },
        "segment 34": {
            "Segment Desc": "Paying dues to the Hotel Association",
            "Segment Questions": [
                " DG: Were there dues? ",
                " TH: I beg your pardon? ",
                " DG: What did you use it for? ",
                " YM: What was it? About 10 dollars? ",
                " DG: Like it was 15 dollars and there was 300 names there? ",
                " YM: Depending on size or what? "
            ]
        },
        "segment 35": {
            "Segment Desc": "The Seattle Japanese Hotel Association's role in dealing with the minimum housing code",
            "Segment Questions": [
                " DG: Can you think of a situation? What kind of problem? ",
                " DG: Okay. Now, when was that? ",
                " TH: Minimum housing code? ",
                " ET: We hired a lawyer once for a 135 dollar. Fifteen minutes, was it? ",
                " DG: What did he do? ",
                " DG: For? ",
                " DG: To the city? "
            ]
        },
        "segment 36": {
            "Segment Desc": "Description of the minimum housing code",
            "Segment Questions": [
                " DG: Now, what is this minimum code? What did that say? ",
                " DG: Now, we're talking about 1970? "
            ]
        },
        "segment 37": {
            "Segment Desc": "Complying with housing codes",
            "Segment Questions": [
                " ET: Too cold, huh? ",
                " DG: Well, were the Japanese owners pretty willing to accommodate these people, or they are able to work with them pretty good? ",
                " DG: You mean they had fire alarms, battery operated, back then? "
            ]
        },
        "segment 38": {
            "Segment Desc": "",
            "Segment Questions": [
                " ET: Like Yoshito Fujii. Wasn't he president for quite a while? "
            ]
        },
        "segment 39": {
            "Segment Desc": "Administrative work in the hotel industry",
            "Segment Questions": [
                " DG: And what did you have to do? ",
                " DG: I know. What was the work? ",
                " DG: Saying what? ",
                " DG: Like a newsletter kind of thing? "
            ]
        },
        "segment 40": {
            "Segment Desc": "Lobbying for the hotel industry",
            "Segment Questions": [
                " DG: What did you say? ",
                " ET: Well, one of the things I said is we had some very nice tenants, they were paying $45, but one day they found out they were low income people and they can get into brand new apartment for 40 bucks a month. Why should they stay with me? Until then they didn't know they were low income people. So this one fellow stood up and says -- he's one of the richest apartment operators --he says, \"I'm low income people too.\" I think they caught on that the governor wanted to make more low income housing and that's what we wanted to stop because once the governor gets into the picture, he could put up apartments all over the place because everybody is clamoring for it. They didn't want to stay with us. ",
                " DG: So the whole city, the hakujin operators too? ",
                " ET: But I think they wanted -- or was it the health department? ",
                " ET: There was a health department, but they weren't pushing it at that time, huh? "
            ]
        },
        "segment 41": {
            "Segment Desc": "Remembering a hotel fire",
            "Segment Questions": [
                " DG: Let's talk some more about that 7th Avenue fire time. Now, when was that again? ",
                " TH: I think it was early '70s. That happened at the 7th Avenue apartment on 7th Avenue and Pike -- is that around Pike Street? Pike and Union? Someplace around there between -- Mr. Otoshi was running that at that time. And the stairway -- the fire spread right up the stairway and all that. (Narr. note: the 7th Avenue Apartments were located at 1421 7th Ave. between Union and Pike Sts.) ",
                " YM: Central Hotel, Central School, huh? "
            ]
        },
        "segment 42": {
            "Segment Desc": "Changes in the minimum housing code",
            "Segment Questions": [
                " DG: So did a lot of the hotels have to do some changes then? ",
                " ET: Yeah. And we went to this city council meeting and the Black Panthers were there, and they said, \"Do we have to burn half the town before you people comply to this minimum housing code?\" Of course, they're talking about houses they were renting on 23rd, and half the time the stairway -- I mean, they didn't help to keep the place in good shape. They practically help it tore -- they tore everything apart and nobody wants to help them fix it up. If they were going to tear it down, I mean. ",
                " DG: So then were you successful in delaying the deadline a little bit? ",
                " ET: When the Black Panthers got in there, they almost forced the people to comply with them and that's when -- what's this, Sam Smith? -- he just turned like this. Up to then, he was more or less catering to us and all of a sudden when the Black Panthers start making their feelings heard well, he just -- "
            ]
        },
        "segment 43": {
            "Segment Desc": "The decline of Japanese American-managed hotels",
            "Segment Questions": [
                " TH: That's when Hiromi closed down Puget Sound too in '70. Well, actually the city got tough on the International District, but later I found out that there were places on First Hill that did not comply. I think years later there was one apartment house or house on... near someplace on First Hill that, there was a fire, somebody died, and it wasn't in compliance. I asked the owner -- I can't think of his name, but it's a fellow I went to school with -- and I asked him, I says how come you got by when we had to comply? He says, \"Well, it's who you know.\" He was a political friend of the mayor. ",
                " TH: No, they didn't want to close any of the places. I mean, they told him -- like when we went down to the meeting at -- I don't know whether you went -- but with the fire chief, Hiromi went and Taniguchi went and I went, and Hiromi says will you give me one year to do it in, the fire sprinkler system, he's going put it into the Puget Sound. And he says, \"Will you give me one year?\" \"No, thirty days is all you get.\" ",
                " YM: A lot of discrimination in those days, huh? "
            ]
        },
        "segment 44": {
            "Segment Desc": "The closing of numerous Japanese-run hotels",
            "Segment Questions": [
                " DG: Did people start to get out of the hotel business then? ",
                " DG: So what's the Eclipse now? ",
                " DG: So did the Panama, you enclosed it? "
            ]
        },
        "segment 45": {
            "Segment Desc": "Storage of personal property during the war: using a hotel basement",
            "Segment Questions": [
                " TH: See, at first, when I first came back, I had to put in a sprinkler system in the basement because of all the belongings that people left there when they left for camp and then additional things that people wanted to ship to Seattle. They (wanted) to know if it (was) all right. They said, \" Can we ship it to your place? Will you hold it for us?\" So because of that, there was so much thing down in the basement, the fire department said you either have to get rid of everything or (have it sprinkled) so I sprinkled the basement first. At that time I asked the fire department well, \"What do you think of my sprinkling upstairs?\" They said it's a waste of money. They says, they told me they wouldn't do it, it's a waste of money. If I had done it earlier, I think I could have got it for half the cost. ",
                " DG: Well, so did you have a lot to do with people leaving their things there or did all the hotels do that? ",
                " ET: During your absence, did anybody go through it? "
            ]
        },
        "segment 46": {
            "Segment Desc": "Closing the Japanese bath",
            "Segment Questions": [
                " DG: How long did you run the bath? ",
                " TH: I beg your pardon? ",
                " DG: How long did you run the ofuro? ",
                " YM: Is that when they all closed up? ",
                " YM: That must have been furnished by Rainier Heat, huh? "
            ]
        },
        "segment 47": {
            "Segment Desc": "Changes in the Japantown hotel industry",
            "Segment Questions": [
                " DG: Let's finish up with the Hotel Association then. So is it still in existence? ",
                " TH: No, longer in existence because what is it? How many hotels are there under Japanese operation today? Maybe Publix is only one. ",
                " DG: So in summary has the hotel business been something that you think that has been good for the Japanese, yourselves, Japanese community? ",
                " DG: Would you do it again? ",
                " DG: Hard worker? "
            ]
        },
        "segment 48": {
            "Segment Desc": "",
            "Segment Questions": [
                " ET: You didn't have to have any license? "
            ]
        },
        "segment 49": {
            "Segment Desc": "",
            "Segment Questions": [
                " DG: So is there anything that you want to add about your involvement in the hotels that we didn't cover? Let's just finish with each of you. Salty, do you have something? ",
                " DG: When you left for camp relocation, incarceration? "
            ]
        },
        "segment 50": {
            "Segment Desc": "Memories of the Issei",
            "Segment Questions": [
                " DG: Let me just -- this is not necessarily just about the hotels, but just to end. We were talking upstairs a little bit about the Issei social community and the political community, the political atmosphere. What -- you guys were all part of like Nikkejinkai and those organizations, right? ",
                " DG: Well, upstairs you were talking because we were going through who was president of the different organizations and things like that, was there a hierarchy in the Japanese community as far as like hotel operators and different greenhouse operators and different things like that? ",
                " ET: Some were pretty well educated, weren't they? I mean, they really sparkled and those others that didn't have much education, they kind of held back. That was more -- certain people were very prominent like Hosokawa-san. He was able to deliver a good speech. ",
                " DG: Who was that? In the hotel association? ",
                " DG: In general? "
            ]
        },
        "segment 51": {
            "Segment Desc": "Prewar Japanese American community organizations",
            "Segment Questions": [
                " DG: Now, okay so what I'm trying to get the picture of is since we're talking about the Hotel Association and you say that was the largest organization, what other organizations were there, like JACL and what else? Nikkeijinkai? ",
                " ET: Well, as far as -- like the Hotel, Mr. Uchida was a president for a couple years, huh? ",
                " TH: Of a hotel? No. ",
                " ET: Wasn't he? ",
                " TH: Which Uchida are you referring to? ",
                " ET: Is that right? ",
                " DG: Wasn't there a chamber before too? ",
                " DG: Now, weren't all of you as far as business owners sort of part of that too? ",
                " TH: Well, I mean we're Niseis and we were too young before the war to be part of any of those organizations. Were you or what? No, your father was involved in those days, but if the father is involved, the kids don't. "
            ]
        },
        "segment 52": {
            "Segment Desc": "Nisei involvement in community activities",
            "Segment Questions": [
                " DG: When you were president, Elmer, you did the meetings in Japanese? "
            ]
        },
        "segment 53": {
            "Segment Desc": "Japanese hotel names",
            "Segment Questions": [
                " DG: Okay. Well thank you very much. It was a good discussion. I guess, today's date is June the 8th, 1998. [Interruption] Oh, one of the things that Yoshito mentioned is that the first hotels had Japanese names, you know like the Fujii Hotel and the Hashimoto and Nishimura or... what was it? Nakanishi or something. ",
                " ET: And another reason, wasn't the hotel had a girl's name? I'm not sure and that indicates that it's a house of prostitution. ",
                " ET: This is what I -- I don't know why I keep that in mind, but I know in France where we were staying at this -- or was it in Switzerland? -- we went to this hotel, La France, and the rooms had all girl's flowers, flower names. So evidently -- "
            ]
        },
        "segment 54": {
            "Segment Desc": "The origins of Japanese American nicknames: Fleezy, Popo, etc.",
            "Segment Questions": [
                " DG: Well, talking about Salty and your name, a lot of the Nisei have these names like Tomato and Onions and Junks. Why do they have all these names? ",
                " ET: Why do they call him Junks? ",
                " DG: Who's Frank? ",
                " TH: Oh, is that right? "
            ]
        }
    }
}