{
    "Narrator_Name": "Elsa Kudo",
    "Bio": "Sansei female. Born September 29, 1936, in Canete, Peru. Grew up in Peru where parents ran a successful store. During World War II, father was arrested by the FBI and removed from the family. Elsa and her mother and siblings were deported from Peru and taken by ship to the Crystal City internment camp, Texas, and reunited with her father. After leaving camp, the family worked at Seabrook Farms, New Jersey, and then moved to Chicago, Illinois. Elsa eventually resettled in Hawaii.",
    "Title": "Elsa Kudo Interview",
    "Interviewer": "Kelli Nakamura",
    "Location": "Honolulu, Hawaii",
    "Date": "February 6, 2012",
    "Densho ID": "denshovh-kelsa-01",
    "transcript": {
        "segment 1": {
            "Segment Desc": "Family background",
            "Segment Questions": [
                "KN: So today is February the 6th, 2012, and I'm with, my name is Kelli Nakamura, and I'm with a very distinguished interviewee. And I want to have her, of course, introduce herself. Could you tell us your name and your family background?",
                "KN: Could you tell me a little bit about your mother's side, how they actually arrived in Peru?",
                "EK: Oh, okay. My mother's side, they're from Kyushu. My grandpa is Kumamoto and my grandma is Fukuoka. And they came as contract immigrants to Peru because my grandmother did not want to be a farmer's wife, and she was very adventurous, I think. [Laughs] And so she married a -- which I learned much later -- she had married the son of a wagashiya, Japanese pastry shop owner. And so, but Peru was very primitive for the immigrants, and they all wondered, why did we come here? It's worse than Japan as far as, yeah, everything. And so he died shortly thereafter, reaching there, so she was a widow at a very young age. But in the meantime, if you know the ken people, the prefectural people, all help each other. So about a year, maybe a year plus later, they introduced each other, my grandpa, who was a bachelor, and my grandma. Then they got married and had the three daughters: my mother, the oldest, and then Tia Juana, and then Fumi Obachan.",
                "KN: Could you describe your upbringing, your childhood in Peru?",
                "EK: In Peru? Well, I think the first seven years I only knew bliss. I knew nothing of suffering or hardship. It was complete bliss, I must say. My mother and father, I know they loved each other, and my dad was the brains of the company, the store, but because -- even though he had studied Spanish on his own, his very thick Japanese accent, people would not quite understand him. So he made my mother the store welcome person. So he trained her, really, to always be immaculately groomed and to welcome people to the store, and that's how the store grew, because she was a very good \"welcomer.\" [Laughs] And my dad, I think, looking back, was one of the first... what are they called? House husbands. Because although he was the brains of the company, he did... I never saw my mother read a story for us because she was working in the store. So my dad would be the one who read us stories, and he is the one that taught us to read and write in simple Japanese and Spanish and do arithmetic. And so by the time I was five, I already knew some of the multiplication table because he did it in Japanese. If you know Japanese, it's very simple. You don't go three times three is nine, you just go sazangaku, san shi juu ni, san go juu, so it was very fast. And later, when we did come to this country, that helped us in our math test, because we did it so fast. [Laughs]",
                "KN: So how did your father arrive in Peru after actually having dreams of first going to San Francisco?",
                "KN: So upon arriving at Peru, your father was very entrepreneurial, he had engaged in a number of businesses, and he speaks very complimentary about your mother. It was a very kind of unexpected... he wasn't actually expecting, from his impression, to actually meet your mother. Did he ever tell you how it was arranged? Because he had other things on his mind.",
                "KN: And he, did your father ever tell you folks about how he established a baseball league?",
                "EK: Oh, yeah. He tried to do all those kind of things for the country folks, 'cause all they did was work. So the children were running loose and they didn't have any concrete things to do, so he did those kind of things to help out. And so, yeah, later, in fact, in 1996, I think, I met his, one of the students from those days. And I said, \"How was my father as a teacher?\" I know him as a father. He said, \"Well, you know, for example,\" he gave me examples, like he said, \"During the art period, some of the children\" -- his name is Juan Kuroki, and Juan was a very conscientious boy, so he did all this assignments and whatever he was asked to do, he did it. So when he was, the class was assigned to do this bunch of fruits and what is that called? Still life kind of thing, then the boy next to him copied what Juan was doing. So the teacher, my father, came around and he said, \"Hmm, if I stand where you are sitting, I don't see the same picture that you were drawing.\"",
                "KN: Of the other boy?"
            ]
        },
        "segment 2": {
            "Segment Desc": "Growing up in Peru and being homeschooled by father",
            "Segment Questions": [
                "KN: As you were growing up, then your father was a teacher. And he taught you folks both in Japanese and in Spanish?",
                "KN: So could you describe going to school, or was it just home education?",
                "KN: So your father gave you your education at home?",
                "KN: And could you tell me your daily activities? Like did your father educate you in the morning and did you, like many children, have to work in the store, to help out with the family business?",
                "KN: So was there a large Japanese community that you were a part of?",
                "EK: Actually, no. There were very few in Ica where we lived, south of Lima. Lima had a lot more, of course, being a big city. And because I think of our... because we were so young, we played with each other more than anything. We did have a few friends, but we didn't... like now, the children go to each other's homes, we didn't do that much. I think also because people were busy, and because it was sufficient. And maybe I should explain how the houses were in Peru. The houses in Peru are long, it's lengthwise, because taxes are collected on how wide the frontage is. So it just went all the way back, I mean, you just keep going and there's room. And the very last part is what is called the corral, which is, in our case, was dirt, and that's where he used to burn all the paper waste, like boxes and newspapers, and we would have fun because he would put sweet potatoes and roast them there. And so in the meantime we would be playing around and we would come back to him and say, \"Is it ready, is it ready?\" 'Cause then you have that nice smell of the potato cooking in there. He said, \"Not yet, not yet.\" So that was one of the fun things."
            ]
        },
        "segment 3": {
            "Segment Desc": "Description of father: ambitious and resourceful",
            "Segment Questions": [
                "EK: Oh, I know. I think when he went to Peru he was twenty-one, 'cause he had graduated, but people of the Meiji era are so mature. They're so mature. And even though their required education was to sixth grade, it's like past our high school, what they learn. I said, \"Oh my gosh, how did they do this?\"",
                "EK: Oh, yeah. And, you know, later I learned why he knew so much about wood. He knew the different woods, lumber. And when I went to Japan and saw the Kiba, a place where they used to roll the logs? He used to carry those heavy things on his shoulder, and it's wet. So I said, \"How did he do it?\" and he's skinny. He wasn't chunky, he was skinny.",
                "KN: How tall was your dad?",
                "EK: It was a different generation, and he was always a hard worker. That's what made him succeed, I think, because he was, as he said, whatever came, he was able to overcome it because of the background that he had. So many people would go to -- especially young boys -- to go to Tokyo thinking, \"Oh, I'm going to succeed,\" but they fall into the wayside because it's so hard. It's much easier to lead the other life, but they don't succeed in life. So, but he wanted this education and he wanted to really, really truly go to San Francisco, but the doors were closed. Remember that immigration law? 1920?",
                "EK: '20. So that did not allow him to enter the U.S. That's why his eyes went to South America. He said, yeah, I said, \"Well, couldn't you have gone someplace else?\" And he said, \"Yes, I could have gone to Siberia, was one, Manchuria was other. But,\" he said, \"they seemed too close. I wanted to go someplace\" -- ",
                "EK: Yeah, someplace more exotic, things that he didn't know, he wanted to learn. And so that's how he got to Peru. And he did have a letter of introduction to this company, and he waited at the dock and nobody came. Because in the meantime, it took how long? Two, three months to get to Peru? So the company had gone bankrupt, so there was nobody to greet him. So here's this young boy all by himself with hardly any money, I think, five soles in his pocket.",
                "KN: He took Spanish before he left, though?"
            ]
        },
        "segment 4": {
            "Segment Desc": "Memories of a happy childhood",
            "Segment Questions": [
                "KN: Can you tell us the names of your family members? Your father and your mother, brothers and sisters?",
                "KN: How was that for you? Because you don't see that anymore.",
                "EK: But we thanked him, you know, because it was something. And he wanted to make sure that he remembered that it was Christmas for us. But looking back, I said, \"Oh my goodness, bar of chocolate?\" [Laughs]",
                "KN: For each child?",
                "KN: So your father presented it to you?",
                "KN: Do you still remember his expression?",
                "KN: Do you remember the kinds of gifts that you were given?",
                "EK: Yeah. I never, I never ever thought I was unhappy. There were some scary moments in a sense because in Peru at that time -- and I still hear some people still have it -- is by the doorway entry, the front of... remember this is a long building. So the front is the store, the middle was my dad's office and where we were taught, a little classroom, and then there were like a heavy drapes going into a long hallway leading to the living quarters, the living room, the bedrooms, the kitchen and so forth, dining room. And so they, in front of the entry to the living quarters, they put this long leather... what are those things called? Yeah, whips. Whips, and it's called chicote. And all we had to do was look at it and say, \"Oh, we don't want to be naughty and get that on our backs.\" Of course, they were never used. But that, and then at that time, people were called gitanas, or gypsies, would come shopping. And they'd wear all these bangles just like in the movies, of long ago. Now I think you're not supposed to even say \"gypsies,\" I don't know. But they were gypsies and they had all these loopy earrings and bandanas and full skirts, many layers. And they said, \"If you're not good, they will hide you under the skirt and take you away and then we'll never see you.\" So when they used to come, then we'd hide behind the counters. [Laughs] So, I mean, that was the only scary thing, if you can call it scary. Didn't last very long. But yeah, it was a very happy, joyful time for us.",
                "KN: Can you explain how you came to that process where you had enough, and then suddenly there was nothing? Can you explain when it happened?"
            ]
        },
        "segment 5": {
            "Segment Desc": "Mother's skill in cooking",
            "Segment Questions": [
                "KN: Do you know any cooking dishes that your mother taught you?",
                "EK: Oh, yeah. Like one might be anticucho, which is beef heart, skewered beef heart. Do you know that one?",
                "EK: Okay. And papalahuancaina, it's a potato with a cheese sauce. And papa rellena, which is like a piroshky of the Russian, except it's made of potato and inside is the meat and the olives and the raisin and the culantro, cilantro in Mexican. And then you flour it and you fry it, and that's delicious, too. Oh, you also have to put in egg, boiled egg, sliced boiled egg in it, those kind of things. Oh, and cau cau, which is tripe cooked with... what is that? The yellow spice? Do you know the yellow spice? Starts with a T, (turmeric) now my mind is gone. It will come to me. But anyway, so yeah, I cook just about everything. Ceviche is another that everybody seems to like. Everybody loves that. And then, let's see, arroz con pollo, you know, the rice with the chicken?",
                "EK: Yes. And that's made out of liquefied cilantro, liquid, and what else? Oh my gosh, there are so many."
            ]
        },
        "segment 6": {
            "Segment Desc": "Father is arrested by the FBI during World War II",
            "Segment Questions": [
                "KN: So what happened to your parents' relationship when, you mentioned that your dad disappeared?",
                "KN: What would you as children have to do when your father went into hiding, if people asked you, \"Where's your father?\"",
                "KN: So your father went in there, be about 1943, he started to hide in 1942?",
                "KN: Can you explain that, what had happened?",
                "KN: And so she marked each of the linens for him to take with avocados?",
                "KN: What did you as children think about this? I mean, you were witnessing..."
            ]
        },
        "segment 7": {
            "Segment Desc": "Vivid memories of the day of her father's arrest",
            "Segment Questions": [
                "EK: Yeah, that same day. So it was like a nightmare. From heaven to nightmare, really, 'cause we had so much fun. We had not... how shall I say? Been rowdy or played like kids do, run around without a care in the world, and we were free outside, and there's Obaachan, Ojiichan, they all made musubis and all those kind of goodies, and some Peruvian food, and we were having a grand time. And then we came back, and then he was taken. So it was a complete shock. Complete shock. Then he was kept in the Ica jail for I don't know how long. I don't remember, several days, I think. And then they told my mother that he would be taken to Lima, to the bigger prison, and then after that they didn't know.",
                "EK: Yeah, because he says, \"I'm not a criminal, so I'm not going ride in your paddy wagon. I have not done anything wrong, and here I'm being taken.\" They said, \"We are sorry, but this is under the order of the U.S., so they had to do it. And remember at that time, if you read Professor Gardiner's book, the U.S. was giving to Peru the biggest financial help. I mean, more than twenty-eight million dollars in those days, that's quite a lot of money. I think was the biggest... what was that called? Funds to Peru, so they were glad to. And they were already glad to get rid of the Japanese because they were being so successful. Most of the Japanese were quite successful in Peru in a very short time. Not only my dad, I mean, my dad is... he says, \"I was nothing really. I was the youngest.\" So when he saw his name in the blacklist, it's called lista negra, he thought that, \"Wow, I'm among all these older, successful gentlemen, how come? I shouldn't be among their level,\" but he was because the Ica association, Peruvian Japanese Association, made him be the president of the association. He fought it. He says, \"I don't have the time, I want to devote my time to my business and my family,\" and he refused several times. But they begged him, so finally he had to say yes. And that's how he was picked, because he was a community leader.",
                "KN: So it was primarily older, distinguished men who were taken?"
            ]
        },
        "segment 8": {
            "Segment Desc": "Mother continues running family store after father is taken away",
            "Segment Questions": [
                "KN: And in the meantime, what was going on with your family? Did you hear any news, did you know where he was? What was your mother doing?",
                "EK: Yeah, I think my dad had told her before departing, \"Go on with the business.\" Because he was very forward-looking, and he says, \"All the businesses have been taken over,\" because it's under the husband's name. But he said, \"You are a native citizen, so therefore I'm going to change the store in your name and you could run it. As long as it's under your name, they cannot take it away from you.\" So she did, she was running it. But later, when my father was taken to Callao, the port of Callao and taken onboard to, at that time we didn't know where, but it happened to be Panama, he had sent a very, kind of amusing letter implying, \"No matter what, let's be together.\" And so she was very confused, because in between I think there was another correspondence which she never actually received. And so she then had to sell the inventory and sell the store. But when people know you have to sell, you don't get anything, right? You almost should just give it away. But she didn't. She had so much inventory, 'cause she was able to buy from anybody. And other Japanese people could not.",
                "KN: As a Peruvian national?",
                "EK: Yes, censored. You cannot, it's full of holes. That's true. So my dad was very smart, I think. And that's how we were able to survive. I mean, how can you survive with nothing and then have five children, then later six children? I think, my gosh...",
                "KN: Was your... here's your mother left behind with a number of children. Is she also taking care of her parents, your grandparents, at the same time?",
                "KN: You were so advanced because of your aunt's effort?",
                "KN: And meantime, what news was your mother receiving from your father?",
                "KN: So who accompanied you?",
                "EK: Oh, yeah, that was cash. People didn't use credit cards, it was cash. So she entrusted this man called Juan, I won't say his last name, because he came through Obaachan, whose friend was Juan's mother and parents. She said, \"Well, they are from Kyushu, so we could help them work and they could earn a living.\" And so he worked for us after Daddy left. And so she trusted him, of course. So she said, \"You take this money\" -- 'cause we no longer had the banks, right? And even if we did, no use, 'cause we were already leaving for the U.S. So she told him, \"Keep it for us until we return, or if we need it, then please send it to us.\" Well, evidently, when you give someone who has nothing all this cash, it's cash. You are tempted, and he was, and he did. And so he ran away with it, so we had nothing. We could have had an easier life, my parents could have had an easier life had he been very honest, but that's, some human beings are too weak, and he was a weak person, tempted by money. ",
                "EK: Oh, yeah, isn't that something? On their first trip back to Peru, they're just walking a street of Lima and she recognizes him. He was shabbily dressed, and she said, \"Juan, you made us suffer!\""
            ]
        },
        "segment 9": {
            "Segment Desc": "Father's strategies in running a successful business",
            "Segment Questions": [
                "EK: Oh, yeah, yes. She always loved jewelry, and my dad would buy her good stuff, really nice things. And of course it was also good for the store, because she was well-dressed, meant a successful store, and so people would come from everywhere because had such a forward-looking way of doing things. Like he would make jingles and advertise over the radio, and the radio wave would go all over Peru, not just the little town. And so there's another side story to this. In 1965 when my husband and I were the first young couple to return to Peru, maybe the first one, my Auntie Juana, the second sister, was so kind, and she was actually my dear auntie, my favorite auntie. [Laughs] And she took us all over; she hired her cousin to drive us around, and we went to Ica to show us where the store, at that time it was still there, and someone, Mr. and Mrs. Garcia bought it, but it was still there. Italian shoemaker was still there, and so forth, and then we went to Huacachina where we used to go. It was a lagoon filled with green water which was very healthful. And now it's no longer there, it stopped, the water stopped coming, flowing, so it's no longer a very touristy place, although it's very hard, 'cause it's such a pretty little place surrounded by sandy mountains where we used to slide down. And when we stopped at one of the restaurants to have a little tea and coffee, and she asked the waiter there. In those days, still, if you're a waiter at a young age, you're a waiter forever. And so he was a waiter, and my auntie said, \"By the way, many years ago, before the war, do you remember the bazaar called Bienvenida?\" which means \"welcome.\" He said, \"Oh my gosh, I remember that,\" he said, \"because at that time we lived away from Ica, but for every birthday and Christmas and special occasions, they would go to Bazaar Bienvenida to buy their gifts (for Christmas and special occasions).\"",
                "KN: So what did your mother do with all the jewelry going to camp? I mean, was she allowed to take that or did she also leave that behind?",
                "KN: In the camps?",
                "EK: No, it's very beautiful. Yeah, because you think that you'll pass it on, I think that's what it was. But it's never easy. They thought that they could convert it to cash, but then you don't know who these wealthy people are after camp. Who do you meet that's wealthy? Nobody. [Laughs] So they never were able to really convert it to cash."
            ]
        },
        "segment 10": {
            "Segment Desc": "The journey by boat the U.S.: mother begs an American soldier for milk for her infant",
            "Segment Questions": [
                "KN: So your mother is with young children and pregnant, and going out to camp. What was your impression about what's happening? Your mother is liquidating the store, packing up everything...",
                "KN: Who?",
                "KN: Do you remember the voyage? Did you go by car?",
                "EK: I don't, you know, I don't remember the voyage to Callao, but on the ship, my mother tells me that because the child was only like three months old, but she could not nurse like she nursed all of us. So I think it was all that emotional trauma, that she couldn't have milk. And so she bought a lot of PET Milk, Carnation milk, and stuffed it in the luggage. But we did not receive, she said she never had the notice. Maybe being in a smaller town, my husband's family said, oh, they got information that you cannot pack any food of any type. But she didn't know it, and she was thinking about the children, too, so she packed it. Well, when we got to Callao, they dumped all of that, so she didn't have anything. And that's when she told me later that here she was trying to feed the baby, and only blood would come to her breast. And so she begged the American soldier, please, she didn't know English, so she would plead in Spanish, \"Please, milk for my baby,\" and he would pretend not to understand. I mean, how stupid can you be? You know what I mean? It's just very prejudicial. But later, when a Filipino soldier got on guard, then she said, \"Por favor,\" you know, in Spanish, \"give me some milk for my baby,\" and he did for her. So from that time on she had milk.",
                "EK: For my baby sister, the one that's wearing the dress my Auntie Juana made, yeah. And I remember that dress. This is another story -- I remember all these things. I must have been about four when I was visiting my grandmother in Canete, and she also had gone to sewing school and pattern making and all that. So she was making this blue dress out of silk, thick silk, it's called seda in Peru. Do you know Spanish?",
                "KN: So going back to your mother trying to get milk for your sister, as she's trying, did you folks know where you were going?",
                "KN: How many children were there? I mean, how many families were there?",
                "KN: All from Peru or from different areas?",
                "KN: What was the food like?",
                "EK: Awful. [Laughs] Well, remember, Peruvian food, if you've eaten Peruvian food, it's very tasty, and there's a lot of seafood because the Pacific Ocean is in there, very cold, so the fish is very firm and very tasty, and you get all kind of mariscos, you know, clams and all kinds of seafood. And so here we're having our first American meal, that was so awful. I mean, like frankfurters and sauerkraut. And that smell inside an enclosed place with that sourness? We said, \"Oh, can't eat this stuff.\" [Laughs] Now we've gotten to like hot dogs, but it took a long time."
            ]
        },
        "segment 11": {
            "Segment Desc": "Reuniting with father in Crystal City",
            "Segment Questions": [
                "KN: So how long were you on board this ship, do you remember?",
                "KN: And where did you arrive at?",
                "EK: I think we went through the Panama Canal, and then onto a bus and then train and then to Crystal City. And I have that written out, too, yeah, because I don't quite remember the details but my husband did, so he helped me with that. And so then when we got to Crystal City, everybody was lined up to welcome us, but we couldn't really... we had to be quarantined because someone had, was it chicken pox or something? [Laughs] So we had to wait again. But at least we did meet Daddy.",
                "KN: And that was the first time you had seen him in a few months?",
                "KN: Even longer?",
                "KN: Can you describe Texas, Crystal City?",
                "KN: Can you describe, was it a family living quarter area that you all slept in?",
                "KN: And was it dry, was it dusty?",
                "KN: Inside?",
                "EK: Yes, exactly. So he says, \"How in the world did Japan go to war with this country that's so rich?\" Even the soil is rich compared to the Hokkaido soil which was very poor. And he said, \"Anything grows. Look at the beans. In one night, it's already a couple of inches tall.\" So we did have string beans, too. [Laughs]",
                "KN: So was your routine living there in the camp since you folks... you mentioned that you went to Japanese school?"
            ]
        },
        "segment 12": {
            "Segment Desc": "Learning English as a child in Crystal City",
            "Segment Questions": [
                "KN: So in the camps, you folks were speaking Spanish and Japanese?",
                "KN: And only later, after you left the camps, did you learn, or go to English schools?",
                "KN: What was your experiences like as a child? Was it happy?",
                "KN: You were at school, the community had built a swimming pool?",
                "EK: Yeah, you don't get the news, right? You don't get the news like you do freely on the radio or newspaper. So a lot of rumors abound. Yeah, and the adults would think of the future, what's going to happen to us? What's going to happen to the children? Now they're beginning to learn English, where are we going, what are we going to do? Are we going to have a life of any kind? We have nothing. I'm sure as parents, I'm glad I was not in their shoes. I was just a child, so my days were always happy, just as long as they're together and we're a family. So I didn't suffer anything.",
                "EK: Okay. Then the government said, \"Now you must leave.\" So we said, \"Okay, we'll go back to Peru.\" The Peru government said, \"You took 'em, you keep 'em.\" That was the attitude, of course. We had nothing to go back to, but at least we knew the custom, we knew the laws and most of the fathers thought they could restart again. But that was the answer, so we couldn't go back, so they said, \"Okay, you sign papers and then you'll go back to Japan.\" So my grandparents said, \"Well, we're older now, if we're going to die shortly thereafter, we'd rather die in Japan than anyplace else,\" so they signed papers to be deported, taking my, at that time, eighteen-year-old auntie. So they went to Japan. But my dad said, \"No, I cannot sign this paper.\" They had like three hearings, and he refused to sign because he said, \"What's going to happen to my children? We have no one in Japan who could take care of us even temporarily. They are suffering, they have no food, they lost the war, they have been bombed. What are we going to do with our children? Surely they're going to die.\" And so he refused three times, he refused to sign the papers.",
                "KN: So your father had already heard stories about the destruction and poverty?"
            ]
        },
        "segment 13": {
            "Segment Desc": "Living and working at Seabrook Farms",
            "Segment Questions": [
                "KN: So in Seabrook, what kind of company was it? What were the jobs that your mother and father...",
                "KN: So by this time there were six children?",
                "KN: So your mother was working and also taking care of the children. What was your father doing as far as employment at the farm?",
                "EK: Just about everything. I think he was in the... what is that called? A conveyor belt where they have to very quickly throw away all the junky veggies and keep the good ones and do those kind of things. Or carry crates from one place to another, all types, all kinds of work. Whatever was there, he would do it."
            ]
        },
        "segment 14": {
            "Segment Desc": "Being labeled \"illegal entry\" by the U.S. government",
            "Segment Questions": [
                "KN: What kind of pay and what kind of hours did your parents keep as far as work?",
                "EK: Oh, because... now this is where I'm really upset that the U.S. government had branded all of us \"illegal aliens\" or \"illegal entry.\" And I didn't know about it until I was a junior in college and I was called to get my citizenship papers, I had to pass a test in front of this judge. And I think because I was a college student, he asked questions that most people would not be able to answer. And I said, \"Oh, no, I'm going to flunk this one.\" But somehow I made it, and that's when he brought out my FBI file. That's what really... and being younger, I said, \"What is this? Why is my file stamped 'illegal entry'? We didn't come illegally. You folks knew we were coming in; you brought us here.\" I was so upset, and that was the first time I saw that we were stamped \"illegal entry.\"",
                "KN: And do you know what kind of information was in the file?",
                "EK: I was just shocked because I didn't expect it. Because I didn't think we were \"illegals\" period. How can you be illegal when they brought you, right? But they claim we didn't have papers, all kinds of excuses, but yeah, that was the most shocking. And that caused untold misery, including the work at Seabrook. So they were paid, I can't remember right now, but they were, they deducted the taxes right off the bat, thirty percent. So by the time they got their paycheck, there was hardly anything left. And because there was so little left, they couldn't go to town to buy groceries, 'cause then you had to pay the bus which was like twenty cents or ten cents or whatever. And we all had to go to the company store. And so that, I don't know, you folks are too young, but there was a song where the \"soul belongs to the company store.\" It was a country song, I think. It was just like that. So we always did our shopping there, which there's no competition, so you pay whatever. So never could open a bank account to save, you could not save, period.",
                "EK: Well, the work, I think you cannot help if you don't have any, you'll take anything. That's okay. But it's the taxes because of being stamped \"illegal entry,\" they took at the highest, nothing deducted, nothing. It was right off the bat. And then the other thing was -- which I learned later when my husband went to Illinois, to enter Illinois, they told him he had to pay foreigners tuition. He said, \"Why? I work, I pay my taxes, why should I then have to pay -- and I live here for years and years.\" \"Because you're stamped 'illegal entry.'\" So he couldn't enter the first time he tried. So all kinds.",
                "KN: Right. And what were you children doing at that time?",
                "KN: And who had to clean it?"
            ]
        },
        "segment 15": {
            "Segment Desc": "Moving with family to Chicago",
            "Segment Questions": [
                "KN: So how long did you folks live in Seabrook?",
                "KN: And does he go first or does he bring everyone?",
                "EK: Well, yeah. He said, \"It's very cold in Chicago.\" When we got there, it was like freezing cold, as you say, and it was a place in the ghetto where the music was blasting away day and night with, \"Do the Hucklebug.\" [Laughs] You folks don't that. Do you know that? No? Well, it was very jazzy.",
                "KN: So were you in an African American neighborhood?"
            ]
        },
        "segment 16": {
            "Segment Desc": "A difficult housing situation in Chicago",
            "Segment Questions": [
                "KN: Can you describe, you said your father was looking for places. Can you describe the first place that you lived in in Chicago?",
                "EK: Well, when we first went, the building, my dad tried to locate better housing because then he knew it would mean better schools for us. But no one would rent him. When they asked him, \"How many children do you have?\" he couldn't lie and say, \"Just two,\" when there were already five... how many? Five? Well, six by then. [Laughs] And so it was very hard. So finally his friend, landlord was Japanese American. And he says, \"Well, I'm having one flat that's opening up, so you could use that.\" And so for a few weeks we did have a whole flat which was very nice, except it was dirty. You know, that's okay, you could clean it. The bathrooms were filthy, so we had to clean that, scrape that the night that we came. But later, maybe my parents, I don't know the reason exactly, probably just lack of money to pay the rent. So they divided the flat which had two bedrooms, living, dining, and a kitchen, and he divided into two apartments. And so the other couple would use the same bathroom.",
                "KN: And so now you only had one bedroom, your family had one bedroom?",
                "EK: Well, we didn't really even have a bedroom. The living room became our bedroom, and then my parents asked the landlord, he said -- and the kitchen. That's all, the two rooms and communal bath. And he said, \"You know, this pantry,\" I don't know if you know Chicago old houses. The pantry was pretty roomy, with lots of shelves. So he said, \"Would it be okay if I took all the shelves and make that into our bedroom?\" And the landlord said, \"If you could do it, go ahead.\" So he took all the shelves and made the beds and bought a, I'm sure, secondhand mattress, and that was their bedroom. And the baby had the crib in the kitchen.",
                "KN: And I'm just thinking, I have, coming from a family of three brothers, so that's four of us, you had double the amount, so quite cramped. So you folks would go to school and there were young children still. Your mother would be working in a picture factory, picture frame factory. What was your father doing?",
                "EK: He was working all kinds of jobs. But you know, because of the stamping of the \"illegal entry,\" they would be the first one to be fired, too. And so it was very, I'm sure it was very tough, but they never really told us, \"Oh, it's tough.\" They never, ever did. So we never knew it until we ourselves became adult and realized how tough it must have been. So he did all kinds of work, all types. But still, they scraped. And then I would do also like babysitting. The lady in the basement was a Mrs. Yamashita, and they had two little boys. And the husband was a military Nisei, so whenever they needed a babysitter she would say, \"Can you come and babysit?\" And with that money I saved. Didn't spend a penny. And so with all our little savings here and there, he was able to put down on our first building that he purchased with a very minimum. Because it was also owned by a Nisei I think in a much better location. And so that was his first purchase.",
                "KN: So he remembers how, he says, \"My eldest daughter not only took care of the children, but worked to put herself through school,\" and he was so proud of that fact. He says, \"One time, my daughter saved for an ice skating show.\" Do you remember that?"
            ]
        },
        "segment 17": {
            "Segment Desc": "Meeting future husband and getting married",
            "Segment Questions": [
                "KN: So were you working as a teacher?",
                "EK: Well, actually, now, my husband's story is also very interesting because he went into the accounting, and he was with another Caucasian lady, young woman, one of the top in their classes, but neither of them had any offers. One because of gender, and the other because he's a minority. No one offered him a job in the big eight. And he really wanted to work for the big eights to get this big experience, but no one would hire him. So that the professors were really very kind and said, \"Well, maybe... you're not going to get an offer, you know, so why don't you go for your PhD and become a professor?\" So he said, \"Wow, I guess I have to.\" So then by that time it was rather late in getting his application, but Penn State offered him a terrific, everything paid, a job for your wife, housing, etcetera, etcetera. And they were so nice that he was just about ready to accept it when this offer came from one of the big eights. See, life is very strange. Very, very strange. And so he thought he better take this because he could always go back into teaching if he had to. And besides, he needed money. And at that time, my teaching position was so cheap. It was before the union.",
                "EK: Per class? Well, mine is elementary teaching, but it's for year-round. That's all you got. So we, when we were first married, we made a budget and we stuck to it. So it's hard for us to understand how young people now don't have a budget. It was before credit cards, too, so everything was cash or checks. And so we had like groceries, eleven dollars per week and those kind of things. Our recreation was beer for him and his buddies who were all GIs. And then the women, twenty-nine cent pizza mix that we all made our own way. That was it. But it was fun and we didn't think we lacked anything. We went to the university movies, that was twenty-five cents. But we only went when it was Japanese movie that was classic, like that.",
                "KN: And so this was in Illinois, still?",
                "KN: So how long did you folks live there?"
            ]
        },
        "segment 18": {
            "Segment Desc": "Making the decision to move to Hawaii",
            "Segment Questions": [
                "KN: So describe, how would you describe your life as you started to have a family, how did you -- and I understand because of your husband's business, then lived in Japan, but how would you come here to Hawaii?",
                "EK: Oh, that was my husband's idea. I said, you know, because to go to Japan we stopped, the company said, \"You must stop in with two little ones.\" My second one was only, less than four months old. So they said, \"You stop in Hawaii, rest, and then go to Tokyo.\" So we did, and we loved it, but after we came back from that tour, back to Chicago, and then when he said, \"Let's move to Hawaii,\" this was many years later, I said, \"But Hawaii is a place for vacation, not to live.\" He said, \"Well, I have a purpose. I think...\" because he had no connection with the bigger society, so to speak. For him to open an office and succeed would have been very difficult. And so he said, \"You have your degree, but you may not be able to teach.\" Because at that time they were closing schools. And so he said, \"You may have to help me by even working as a waitress. Will you be willing to do that?\" I said, \"If this is what you really want,\" and my husband is not the kind of person who will decide, he really thinks it over and then does it. Otherwise he won't do it. So I said, \"He must really want this.\" So I said, \"Okay, I've done waitressing work when I was in college, I could do it again.\" And so that's how we came to Hawaii.",
                "KN: And this is with two young children with you?",
                "EK: Yes. He wanted to open his own and he had left us to do this. And so I had my in-laws living with us already. [Laughs] And so they felt like, \"What?\" They couldn't understand this. \"Why would you want to move there when you have a,\" by then we had purchased a lovely house in the suburb of Chicago. And I went there, Highland Park, because I did student teaching, and I knew the schools were good. And I said, \"For the children's sake, we've got to move to Highland Park.\" And I liked the area, they had a train and all that, all the necessities in a small area. And so that's how we got to Hawaii later.",
                "EK: I think my husband had found so much prejudice in his work, and later he learned that for every company that he went, even after he was hired by one of the big eights, they first had to ask permission, \"Can a Japanese person come and audit your work?\" And some said no, some said yes.",
                "KN: So this was during the 1960s and '70s?",
                "KN: By a big accounting firm?",
                "KN: Was it a culture shock?",
                "KN: We sent my father up to Chicago a few years ago, a person stopped him on the subway and said, of course, loudly, \"Do you speak English?\" And I was like, \"What are you talking about?\"",
                "EK: He thought he did, and he did try to open his own office. But again, we didn't know anybody. You have to know people, you know, to get clients. And it's a slow thing and we're not exactly wealthy. We had mortgage on our head and Grandma and Grandpa living with us and they depended on us. So it was difficult, but in the meantime, he had offers to come and work for them. So he accepted one because they said, \"We want for you to go to Japan.\" So he asked me, \"What do you think?\" I said, \"Well, if we're going to go to Japan again,\" which I loved anyway, I said, \"It's a good time because the children are still young enough they're not going to put up a big fight.\" A little bit older, they wouldn't want to go because they have their own set of friends and so forth. So that's when we went to Japan for the second time and loved it."
            ]
        },
        "segment 19": {
            "Segment Desc": "Other family members move to Hawaii",
            "Segment Questions": [
                "KN: And how long did you stay there?",
                "KN: Can you explain that story?",
                "EK: Oh, well, my brother had served in Germany for a few years, and he said, \"Well, I'm a bachelor, I could go anywhere.\" And he had just finished his college in Chicago, so he came to Hawaii. And he told my parents who were thinking of retiring, he said, \"Why don't you come to Hawaii and see? You stay with me, my little condo.\" And so they did. And my dad was not exactly convinced because he really wanted to live in Japan, the Izu peninsula, which is very lovely. An then the yen and dollar exchange was in his favor. So he thought, \"Yeah, that would be good.\" But while he was walking on Waikiki he met some haole people and the gentleman had traveled everywhere in this world, everywhere, and knew so many things. And he said, \"If I were you, with your background, Hawaii is the better place for you. Because it's still the United States, but it's still very Japanese in many ways. And if you went back, if you go to Japan, you'll be separated from your whole family. Yes, they come and visit, but it would be foreign to your wife.\" All those kind of stories. So he thought about it and he decided, \"Yeah, I guess Hawaii is the place,\" so he stayed.",
                "EK: Not anymore. Yeah. Well, then my sisters wanted to come, two sisters and their families, so they came. And then my brother, my bachelor brother came then, but then he left later, someplace else. And then my, let's see, my other brother who had first come here, Arthur, who is in that picture, he married a local girl, but he died, gee, how long ago? Almost ten years ago. So he was the first one to go. So now we only have... oh, and then my second sister who's in that picture, came after their retirement. So they've been here about ten years.",
                "KN: Are your children here?"
            ]
        },
        "segment 20": {
            "Segment Desc": "The importance of family",
            "Segment Questions": [
                "KN: Do you ever think of your experiences there and just think that sometimes of your home? Where is your home, because you've lived so many places?",
                "KN: And so when you returned and you're immersed in the culture and the food, is this new for your children to see you in a different light in that environment?",
                "KN: Are they lucky enough to also speak Spanish and Japanese?",
                "KN: You've had such a remarkable life and story, is there anything that you could share at this point? I mean, I've been asking you all these questions. Would you like to share anything about anything that you feel like you want to impart to the next generation?",
                "EK: I know, sometimes people ask me, \"Tell me about your background.\" I say, \"How many hours do you have?\" because we've had so many changes. We've had so many different changes."
            ]
        },
        "segment 21": {
            "Segment Desc": "Getting involved with the Civil Liberties Public Education Fund",
            "Segment Questions": [
                "BN: Who's \"they\"?",
                "EK: Pardon?",
                "BN: Who's the \"they\"?",
                "BN: Did you know any of them?",
                "BN: Do you know how they got your name?",
                "BN: Different places?",
                "BN: So you had to travel?",
                "EK: Yeah, so I said, \"Why don't we meet in Hawaii sometime?\" And they said, \"Because it's how people look at Hawaii. They think we'll just be playing.\" I said, but nobody played, I mean, we worked from the minute we arrived, there were so many things to do and people to hire and study about the funds and what kind of funding, it was like hard work. And it was, everything was new to me.",
                "BN: Did your group actually, were you the ones actually reviewing the applications or were you mostly setting policy and hiring staff?"
            ]
        },
        "segment 22": {
            "Segment Desc": "Discussion of the Campaign for Justice",
            "Segment Questions": [
                "*I asked the question: \"But if they accepted the settlement as small as the $5000 was, how would they qualify?\" The answer was that it is included in the agreement that any subsequent legislative act could still qualify them.)",
                "EK: Oh, the Campaign for Justice was started in San Francisco by a group of people who's been headed mostly I would say by Grace Shimizu, who is really a Nisei because her parents are Issei. They're both gone now. That group has been working so tirelessly, and of course they asked for help. So I have gone on my own to Washington, and until... I knew they worked hard, but I didn't realize how hard. From the minute they go there, they're doing all the paperwork, they're setting up appointments to see all the people in Congress. If they don't get to see the top guy they'll see the, of course, the assistants. And so, and they continue, because it's still not resolved. And finally we have Senator Inouye on the agenda, but something always takes precedence so it seems to be pushed aside. So who knows? But I admire the fact that they just keep plugging away anyway. And it's very costly because you have to stay in a hotel. No matter how cheap, it's still every day for how many days. And the plane ticket and so forth, no matter how cheap you could get one, it's still expensive, nowadays even more so. So I have tried to help I think one time by giving my miles, since we travel so much. But they're just, they're so admirable, those people. They just keep plugging away.",
                "And she was so generous, as was Bill Hohri. He's the one that pushed me to give an index. I didn't have an index. And I said, \"Why would I need an index? This is my dad's story.\" He said, \"Because it's the only book of that kind.\" And I had to search -- that's my other learning experience doing something I knew nothing about, nothing about publishing. So I had to go look for an indexer. There are people who make a living doing indexing, which I didn't know. You do that? I wish I had known. I had to go to Illinois, and that gal was booked, so she sent me to her student who was in Indiana. So my thing had to go through those people, and finally it got done. But now I'm so glad I did it because I said, \"But Bill, why?\" He said, \"Because, Elsa, scholars will be looking at this, and they don't want to go through page by page. They'll just want to look quickly.\" And I said, \"Oh, okay.\" I didn't want to do it 'cause that was more money needed, and I didn't know anything. And I went to U of H, they said, \"We don't have one, we got to Illinois.\" That's how I went to Illinois and then to Indiana and finally got it done.",
                "So I learned so much by doing this. So everything I've done, I think I did learn this. When you do something for someone out of your heart, you receive more than you give, and that's what I learned from life. And with my dad I really wanted him to have this book, really, before he passed on. And I've received so many letters, fan letters, that I never knew anyone would write to me. And then before long I had sold everything, but people were still calling to say, \"Do you have another copy?\" And so then I went for the second publication. And at first University of Washington Press actually turned me down. But because of the people I met, I think, and the little work that I did -- I hardly did anything -- but Professor Gardiner and Professor Masterson, they both wrote to University of Washington Press saying, \"You've got to do this.\" That's the only reason why it was done. And they both wanted to do the foreword. So I said, \"Well, it's such an honor, could we have two forewords?\" [Laughs] And they said, \"No, you have to choose one.\" So I had to choose Professor Gardiner, 'cause he spoke at the hearings. And with his help, our story got told. It gave weight, 'cause he's a professor, we're nothing.",
                "EK: The commission hearing. Yeah, we had to go all the way to Chicago, and because I called California, they were booked solid, which would have been closer to us. Was there one here? I think... I think there was one here. There might have... I don't remember, but anyway, so then my brother who lives in suburb of Chicago said, \"You know, they have some opening, so why don't you get in touch with Ms. Tomihiro?\" And she was in the committee. So she said, \"Good, we'll wait for you.\" And so because of them, we got in at the last minute. My husband had to write his speech on the plane getting to Chicago, and then get up early in the morning because it was so far to travel, and the rush hour. But we did do it."
            ]
        }
    }
}