{
    "Narrator_Name": "Elsie Uyematsu Osajima",
    "Bio": "Nisei female. Born July 25, 1925, in Pasadena, California. Grew up in Pasadena, where parents ran a small market. Removed to the Tulare Assembly Center, California, during World War II, then to the Gila River concentration camp, Arizona. Left camp to attend college in Nebraska, then married and returned to California. Worked for many years at UCLA's Asian American Studies Center.",
    "Title": "Elsie Uyematsu Osajima Interview",
    "Interviewer": "Brian Niiya (primary); Karen Umemoto (secondary)",
    "Location": "Los Angeles, California",
    "Date": "November 29, 2018",
    "Densho ID": "ddr-densho-1000-451",
    "transcript": {
        "segment 1": {
            "Segment Desc": "Parents' family backgrounds: father immigrated to the United States as a student",
            "Segment Questions": [
                "BN: So we are here in... is this considered Boyle Heights?",
                "EO: My parents?",
                "BN: And what was his name?",
                "BN: And did he go overseas?",
                "BN: What was he studying at Throop College?",
                "BN: And he graduated?",
                "EO: No, he didn't. The war ended, and they had a counselor there for all the cadets as far as looking for work. And his counselor told him that \"no white man would want to take orders from a yellow man,\" so, \"Why don't you just not pursue an education?\" So he quit school and he went to work with his uncle.",
                "BN: How was his English?",
                "BN: And then his uncle was already here?",
                "BN: Do you remember the address or location?",
                "EO: Yeah, 70 North Pasadena Avenue. And when they put the freeway in, I think they destroyed that part of Pasadena Avenue. Because it was only about a block and a half from Colorado (Boulevard), which is the main street. And there's a hill in Pasadena from Orange Grove down to below the hill? We were at the bottom of the hill in Pasadena.",
                "BN: And then what about your mother?",
                "BN: About how long had he been here before she came over?",
                "BN: And they got married in?"
            ]
        },
        "segment 2": {
            "Segment Desc": "Description of siblings",
            "Segment Questions": [
                "BN: And you all grew up in Pasadena?",
                "BN: How much older were your brothers?",
                "BN: What schools did you go to in Pasadena? Elementary, middle school.",
                "BN: So it was called junior college, but it was sort of like high school?",
                "BN: But it was really high school, it was eleventh and twelfth?",
                "BN: But it was called junior college?"
            ]
        },
        "segment 3": {
            "Segment Desc": "Attending Japanese language school",
            "Segment Questions": [
                "BN: Did you have to go to Japanese school?",
                "EO: When I was young?",
                "BN: Which school?",
                "EO: What school?",
                "BN: Yeah, which Japanese school?",
                "BN: How many years did you go?",
                "BN: So were you pretty good at Japanese?",
                "BN: So at home, your mother also spoke English, too?",
                "BN: ...encouraging English. That was fairly unusual for Issei at that time?",
                "BN: Was he active in other kinds of community activities, Japanese associations?",
                "BN: This is a Japanese Christian church?"
            ]
        },
        "segment 4": {
            "Segment Desc": "Parents' prewar store as a community gathering place",
            "Segment Questions": [
                "BN: So was your house one of those where lots of people were always coming by?",
                "BN: And the family lived in the same building? Was it one of those above or behind?",
                "BN: Did your mom then have to cook for all these people?",
                "BN: Did the children have to also then help with the store?",
                "BN: You mentioned before that you played some tennis?"
            ]
        },
        "segment 5": {
            "Segment Desc": "Forming a girl's club, the Purplettes",
            "Segment Questions": [
                "BN: I'm sorry, was it Purplettes or Purpleottes?",
                "EO: That's a strange name, huh? [Laughs]",
                "BN: So no reason that you could think of for that?",
                "BN: What kinds of things did you do?",
                "BN: Was there a... a lot of times there would be a boy's club that was sort of affiliated. Did you have something like that?",
                "BN: This is the Exclusive 20s?",
                "EO: Hmm?",
                "BN: Did you get to know any of them later?",
                "BN: Wait, so they really did that? They sent them to different camps on purpose?",
                "BN: Did your group go to dances and so forth also?",
                "EO: In camp?",
                "EO: Before? Well, we were kind of young, we were only fifteen, I think. So it was mostly talk. Talk and giggling. [Laughs]",
                "BN: And your parents, how did they feel about your group?",
                "EO: Oh, the group? I don't know even if they knew about the group. Because we just met at Japanese school, especially at lunchtime. That's when we organized our group.",
                "BN: Did you keep in touch with the girls throughout, or did it break up after camp?"
            ]
        },
        "segment 6": {
            "Segment Desc": "Coping with ethnic cliques in school before World War II",
            "Segment Questions": [
                "EO: Wartime? Sure.",
                "BN: And then what, do you remember what you were doing or what happened on the December 7th day?",
                "EO: I was home. I don't know what I was doing, but my brothers were also home, and they were shaking their heads, said, \"This is going to be bad.\" So I went to school feeling a little timid about the whole thing, but nothing happened. But, you know, there was racism before the war ever happened. And when I went to junior high school, can I talk about my junior high? Like in Pasadena, the Japanese kids got together at the Japanese school, and then at McKinley school, the same group would congregate for lunch under a big roof, what do you call, a roof or whatever, a lunch area. The same group, they weren't mixing with the other students. I saw that, and I didn't like that for myself. I thought I wanted to mix with (other) students, so instead I got real active in student body affairs, and I got elected Girls League president, and I ran for student body secretary and I got on the student body. And I made friends with a couple of hakujin girls, and we had lunch together, which was great, but I just didn't want to be isolated from everybody else, and that's what that looked like to me.",
                "EO: What's that?",
                "BN: And then going back to the wartime, what happened with him and the store and so forth?",
                "BN: Was your brother drafted before the war, or this is later on?"
            ]
        },
        "segment 7": {
            "Segment Desc": "Seeing a teacher on the day of mass removal: \"For me it was very humiliating\"",
            "Segment Questions": [
                "BN: And at what point did your family then understand that you were going to be, that you were going to have to leave and sell the store and so forth?",
                "EO: That we would have to move? Oh, same as everybody else when they found out. And actually, my dad tried to be independent of the camps and have his own group go, but it didn't work out.",
                "BN: Right. But before you went there, your family went to Tulare, right?",
                "BN: What do you remember about leaving and going to Tulare? Do you remember your feelings on that day when you had to pack up and go?",
                "EO: Oh, the day of evacuation, we all assembled down at the Pasadena railroad station. For me it was very humiliating. I remember being on the train, and the train passes through Colorado Street because that's the main thoroughfare. I look up the street and I see my piano teacher waiting at the crossroads. He's waiting for the train to pass, I didn't want him to see me. Because we were being carried out of Pasadena in a disgraceful way, I mean, we were being disgraced, actually. So I turned my head so he couldn't see me, because I felt humiliated. That was a bad day. [Cries] Okay, you want to change the subject?",
                "EO: Hmm?",
                "KU: There were probably a lot of things running through your mind as you were on the train and going to camp. Do you recall at all what was running through your mind that day?"
            ]
        },
        "segment 8": {
            "Segment Desc": "Passing the time at the Tulare Assembly Center: organizing a carnival",
            "Segment Questions": [
                "BN: Do you remember what your feelings were when you arrived and first saw?",
                "EO: Is that right?",
                "BN: Was that not your recollection?",
                "BN: And was it other Pasadena people that were all together there?",
                "BN: Were you in a barracks? Because Tulare was one of the camps that also had horse stalls.",
                "BN: Did you go to any sort of school there?",
                "BN: Right, that was at Gila. You graduated high school at Gila?",
                "BN: But at Tulare, was there, did you go to school at Gila also?",
                "EO: Where? Tulare?",
                "BN: Because it was summer also, so you didn't go to school there. Do you remember what sorts of things you did there, at Tulare?",
                "EO: They were organizing classes for young people at Tulare. And everything was sort of on a temporary basis. So I remember going to a few classes, and we didn't stay there long, less than a year. But at Gila, we had a regular high school, lot of teachers, and we were the seniors. I want to tell you something about myself. We were seniors, we found out that we would not have enough money for our school annual, so me and my group decided to do something about it. So I asked the administration, \"Can we have a carnival?\" because we wanted to raise money for our annual. And they said okay, so we started planning a carnival for the camp. When the principal heard how big we were planning it, they got kind of scared and they had someone monitor us after that, but we went ahead with our ideas. I forgot what we sold, but we were selling things, and I asked my girlfriend, and we took one barrack and made a ghost house out of it. So people would pay their money to get scared, and they went through that, they paid money for that, and we had all kinds of things. We raised a lot of money. I have proof from my annual, in the annual people wrote, \"Thank you for being chairman of the campus carnival,\" and all that kind of stuff.",
                "Anyway, about that time, too, my English teacher asked me, \"Elsie, would you like to go to college in Nebraska?\" I said, \"Yeah, I think so. My brothers are in Nebraska.\" So he says, \"Well, I'll see if I can get a scholarship for you.\" And he applied for me, I didn't do anything, he just took care of it all, and what do you know, I got a scholarship. It was a part scholarship, part work contract, which was great, because I worked for my way, too. So that's how I got to Doane college.",
                "BN: And before we get there, I wanted to kind of circle back a little to Gila. Which camp were in you in in Gila?",
                "BN: Because there were two camps, right?"
            ]
        },
        "segment 9": {
            "Segment Desc": "Father's role as a leader in camp",
            "Segment Questions": [
                "BN: So anyway, with Gila, there was the two camps, Butte and Canal, and you think you were in Butte, you said?",
                "EO: What?",
                "BN: You were talking about movies?",
                "BN: So you did graduate in high school first?",
                "KU: Do you want her to say, \"I was at Butte\"?",
                "EO: What?",
                "BN: Sorry, can you say which camp you were in?",
                "BN: Do you remember your address?",
                "BN: That was for Gila?",
                "EO: Oh, I said that for Tulare? I think it was Gila. I don't remember Tulare.",
                "BN: You were not there too long. At Gila, do you remember what your parents or brothers did? Did they work?",
                "EO: Hmm?",
                "BN: You mentioned he was kind of politically active. Was there any... because in many of the camps, there was tensions between the pro-Japan and more patriotic Issei who took more of a patriotic stance, and your dad seemed to be in that second category. Did he ever get into any trouble in camp?",
                "BN: But he didn't have run-ins with the pro-Japan Issei or Kibei that you know of?",
                "EO: Hmm?",
                "BN: Was there any discussion in your family regarding the so-called \"loyalty questionnaire\"?"
            ]
        },
        "segment 10": {
            "Segment Desc": "Leaving camp to attend college in Nebraska, establishing a social life",
            "Segment Questions": [
                "BN: Now, your brothers had left and gone to Nebraska, and you had gotten this offer to go to college there. How did your parents feel about possibly leaving now on your own?",
                "BN: Were you all... I don't know anything about the Nebraska geography. Were you all pretty close together?",
                "BN: How was the reception, or how was your reception when you got to Doane? Were there other Nisei there?",
                "BN: So how did the other students and the faculty react to you and the other Nisei?",
                "EO: Oh, they were all very nice. And then they had a naval program there, officers' training program. And all these sailors, with one black sailor. And actually, remember the uppity crowd at McKinley junior high? Well, one of the men there was one of the uppity students. [Laughs] He was very friendly, he said hello, but I knew that was him, I mean, he would (not) go beyond that. And I don't think he approved of my dating the sailors, but I did. They'd take me to the movies or something. [Laughs]",
                "BN: And there was no issues with that?",
                "BN: Did you have... many Nisei students had to give presentations in the community or lectures or that kind of thing. Did you have to do any of that kind of thing?",
                "BN: What was your job exactly?",
                "EO: What's that?",
                "BN: What was your job?",
                "EO: Oh, I worked for the library, I helped repair books. And then they tried me out, I'd do the weather reports, but I wasn't very good, so they let me go. [Laughs] And then what else did I do? I did some typing, but it was mostly library work. Oh, and I worked in the kitchen. So when the line came through, I would serve mashed potatoes or something. Oh, you know who was in the line? Johnny Carson. He was one of the naval students.",
                "BN: Did you know him at the time, or did you find this out later on?",
                "BN: And then what was your living situation?",
                "EO: What?",
                "BN: Where did you live?",
                "BN: No roommate?",
                "BN: And then what were you studying? What was your major?",
                "EO: Major? I think it was English. Wonderful professor. First thing he did, first class, he taught us how to think logically."
            ]
        },
        "segment 11": {
            "Segment Desc": "Meeting future husband and getting married",
            "Segment Questions": [
                "BN: And then, did you graduate?",
                "EO: Hmm?",
                "BN: Did you graduate from Doane?",
                "BN: How did you meet your husband?",
                "BN: And what was his name?",
                "KU: Can I ask a question about your English major?",
                "KU: Why did you choose English, and did you have some career goals in mind at the time you were studying?",
                "BN: Right. And did you get married in Nebraska?",
                "EO: What?",
                "BN: Did he then go to Minnesota?",
                "BN: What was your wedding date?",
                "EO: Date? May 14, 1945, I think."
            ]
        },
        "segment 12": {
            "Segment Desc": "Selling husband's family's nursery business after the war",
            "Segment Questions": [
                "BN: Were you aware of... because Pasadena was where William Carr, were you familiar with him?",
                "EO: It was what?",
                "BN: William Carr?",
                "EO: I read about it in the papers. Who's Carr? Was he the one fighting against...",
                "EO: What?",
                "BN: How were they able to kind of keep it through the war years?",
                "EO: What?",
                "BN: Was it that, it must have been registered in the names of their children or something? Or how did they own that?",
                "BN: Was there a connection between that nursery and the Descanso Gardens story?",
                "BN: And then what happened with that collection?",
                "KU: Can you say that again?",
                "EO: What?",
                "KU: Can you repeat that, because I interrupted by taking the glasses?",
                "BN: Oh, sorry, what happened with the camellias?",
                "EO: Oh, what happened to the camellias? They're all in Descanso Gardens. The ones that were bought, all in Descanso Gardens. And they put a plaque up for Uyematsu, and that was up there in the beginning. So they gave them credit for that. And then, years later, as recently as maybe five years ago, maybe five years ago, his picture's still there, but they changed the narrative, and they included San Gabriel nursery. So evidently, San Gabriel nursery had their own camellias sold to him also.",
                "BN: Was that also a Japanese nursery?",
                "EO: Japanese. So now he shares credit. [Laughs] We were wondering, what happened? What happened? So my daughter wanted to try and find out, closed lips. No one would tell her anything. We just want to know what happened, they wouldn't tell us. It's a mystery. [Laughs]",
                "BN: So you come back, and now the land is sold. What did you and Francis do then?",
                "EO: Well, we still had Montebello (and) Sierra Madre. Oh, you mean the big land? Well, he had more money now to operate the nursery.",
                "BN: So you and he were operating the Sierra Madre?",
                "BN: So were you also working in the nursery then?"
            ]
        },
        "segment 13": {
            "Segment Desc": "Parents return home to find their home ransacked",
            "Segment Questions": [
                "BN: Now, what happened with your parents?",
                "BN: But they still owned the building?",
                "EO: But they had the home. And they rented the upstairs to about two or three families, because there was no housing. And one of my girlfriends' father, when I went over one day, he was on his hands and knees crying, begging my dad for a place to stay. My dad said, \"I don't have any more space. How can I house you?\" So he must hate my father, but under the circumstances, my dad said that's all he could do. But there must have been a lot of families like that, no home. That's what makes me so mad. Because the government took everybody's houses away, why didn't they provide houses when they came out? They closed the camps, that's the least they could have done. They didn't do it, I don't know why.",
                "BN: What did your father and mother do for a living at that point? Because the store was kind of gone.",
                "BN: Did your mother, after '52, Issei could become citizens. Did your mother become a U.S. citizen after that?"
            ]
        },
        "segment 14": {
            "Segment Desc": "Starting a family",
            "Segment Questions": [
                "KU: Can you talk about, after you came back from camp, I mean, after you came back to the West Coast, you were married, and then you began starting your family. Can you talk a little bit about your family, like how many kids you had and how it was raising them in Montebello?",
                "KU: You had your first... can you say how many children you had?",
                "EO: Are they artistic? Oh, yeah. Well, most Japanese are, don't you think? Artistic?",
                "KU: So as you were raising Amy and Mary, you said you got involved in different community activities in Montebello?",
                "KU: So when did you move back to Sierra Madre?",
                "KU: Can you just tell me what kinds of activities the women's club organized?",
                "KU: What kinds of causes?"
            ]
        },
        "segment 15": {
            "Segment Desc": "Experiencing discrimination when building a house after the war",
            "Segment Questions": [
                "KU: So what did you do once you moved back to Sierra Madre? Did you move back to the nursery property?",
                "EO: Yes. Well, we built a house in the front. And I understand that while it was being built, there was a petition going around the neighborhood, they didn't want any \"Japs\" in the area. There was a special street in Sierra Madre, Grove Street, that's where most of the Japanese lived, one block full of Japanese. What was I doing up there? [Laughs]",
                "KU: So how did you and your husband respond to that?",
                "EO: We didn't do anything, just moved in. And even before, when I used to live in the little white house, he was new to the area, and he hired a man named Remington Stone to be the bookkeeper up at Sierra Madre. And Remington Stone was a longtime Sierra Madre resident, and he belonged to the... what's that business group?",
                " KU: The chamber of commerce?",
                "KU: Rotary?",
                "KU: How was it to raise your children then, in that kind of environment?",
                "KU: In the '60s when all of these protests and civil rights movement was going on at the time, were you in touch with all the activities that they were involved in during that time?",
                "KU: How did that affect your life?",
                "EO: I never thought about it, but I want to tell you something about what happened at the center. This is in the early '70s, Alan Nishio was appointed director, and he and Morgan and a few people decided we should have a national conference on Asian American Studies, and they announced it at one of the meetings. And then they announced who was going to be on the committee, and I noticed not one woman's name was mentioned. Did I tell you this? Not one woman was mentioned on the committee. So they had their meetings, Morgan was charged with getting certain halls and this and that. And of course, he doesn't do it, he tells me to do it and I do it all. And then (...) they planned on having this booklet with all these research papers. So when people attend the convention, they will pass it out to each (delegate), and they (would) have all this good reading material. And they planned everything, they invited that senator from Hawaii, the woman, Maxine?",
                "KU: Patsy Mink?",
                "EO: I think it was Patsy Mink, yeah, she was the guest of honor. The day of the conference, this is in the afternoon, now, of the conference, about two or three hours before it opens. I was working, and I go downstairs and I see this table, just stacks of things to be passed out, it has not been collated. I don't know who was in charge or what. I see that, so I go down to SCP, and there are guys always lounging around, I got about three guys, and the four of us collated every one so it would be ready to pass out. Now, after the conference, Alan had a post conference meeting, a critique. I should have volunteered and attended; I didn't. You know how Nisei women are? They stay quiet? That was me. But I wanted to point it out, too. This is an opportunity to tell you. But, you know, I think a lot of men, they're not detail oriented while a woman might be. Somebody should have taken responsibility for that, I don't know who."
            ]
        },
        "segment 16": {
            "Segment Desc": "Getting a job at UCLA's Asian American Studies Center",
            "Segment Questions": [
                "KU: Can we go back to how you got to the center to begin with? So how was it that you came to the center, and was that your first job?",
                "EO: My first job. My whole married life, my husband gave me an easy life. I think what started the whole mess was when we built that house in Sierra Madre, he asked for his own bedroom. That crushed me. I said, \"Fran, that's when we talk. We talk things over every night. We won't have that.\" I guess he just laughed it off, he had other plans, I think, I don't know. Anyway, so that was that. And then a few years later, I met somebody I really liked, and he liked me. And we were seeing each other secretly for a long time. When my husband found out about it, he moved back into the bedroom but it was too late, too late. So I finally divorced my husband, and I didn't ask for any money because I humiliated him. Because a lot of people knew we were seeing each other, I think. I humiliated him and he didn't want to give me any money, so he gave me fifty dollars alimony, that was it. And my husband, my new man, he left his wife, but he was poor. [Laughs] Very poor. But together we could make out, so I was looking for work. And Mary told me, \"Mom, they're looking for an administrative assistant at UCLA. Why don't you at least go down for an interview?\" I went down and Susie Wong was in charge of the committee, Denorah Gill, Laura Ho, mostly women. Those are the three I remember most, they were the strongest. And they wanted my background. And I told them I did a lot of volunteer work. Oh, also, I wrote a column, newspaper column, and I wrote it because my Nisei friends, all they talked about was getting a car, how much it cost, I mean, consumerism just really involved them, and I didn't like it. I wanted to talk about other things. So I thought with a social column, I could write about social events, and then every now and then put something in that I really want to talk about. So I did that.",
                "KU: In what publication was that?",
                "KU: And when did you start this column?",
                "KU: Do you remember what year it started and how long you did that?",
                "EO: Oh, gosh. Let's see, I started work at the center in '68. Maybe around '60, 1960? 1959 through 1960, around there.",
                "KU: And how long did your column run for, how many years?",
                "EO: Oh, I think over a year, not much more. I got tired of doing it. But I saved my columns while I was at the center, Bruce (Iwasaki) and Steve Tatsukawa?",
                "KU: Bruce Iwasaki?",
                "KU: Do you remember what that was about?",
                "KU: In terms of human values, what was important at that time for you to write about, that you felt you wanted to write about?",
                "KU: And what brought you to the Diary of Malcolm X?",
                "KU: And what did you learn that was meaningful to you at the time about his life?",
                "KU: So you got the job, and how did you feel about that?",
                "KU: And how was it for you as a Nisei having gone through what you had gone through and lived the life you lived, to come to a campus and come to a program, a brand new program, the Asian American Studies Center, that was birthed out of the Civil Rights Movement? Because a lot of Nisei had tended to be a little more conservative.",
                "KU: In what way?",
                "EO: What?",
                "KU: Did you talk a lot about politics with them at the time?",
                "KU: Which one?",
                "EO: My first one. Because my second one was not educated, he went to high school and that was it. But my first husband, he went to the University of Chicago, and he had to compete with boys who went to special boy's schools. Anyway, when I first started working at the center, Philip and Yuji were curious about my husband, so they invited us up for dinner. And after dinner, the three of them, I don't know they got to talking. And they were checking him out, I guess. Then when we got home, I asked him how it went, you know what he called them? He says, \"Those two are intellectual snobs.\" [Laughs] Intellectual snobs. They were trying to trip him up on something, I think. That's crazy.",
                "KU: So this was before, while you were still married, of course?"
            ]
        },
        "segment 17": {
            "Segment Desc": "The early days of UCLA's Asian American Studies Center",
            "Segment Questions": [
                "KU: So can you tell me about the early days of the center? Because you saw the center grow from the ground up.",
                "KU: Can you tell me about the role of students in setting up the center?",
                "EO: What?",
                "KU: Can you tell me a little bit more about who helped set up the center? You said that it had a budget of $100,000?",
                "EO: And then, let's see, what happened? After about a month being there, Phil asked Yuji and I to go up to his office in the history department, because he says we still have a proposal to write. So every day... was it every day? It might have been every day after work, we'd go up to his office. And he would pace the floor and recite what should be said. And Yuji would be kind of like the editor to see that everything was correct, I think, and I would be typing. And we did that for about two weeks, and it was ready. I was surprised at how fast it was approved (by the academic senate). It didn't take long. You know, in academic circles, sometimes things take a long time. It was sent in, I think, no more than a month later, it was approved, and we were established as a center.",
                "KU: So I saw the proposal, I saw the proposal, and there was kind of a coordinating committee for the development of the proposal?",
                "KU: When was that?",
                "EO: Hmm?",
                "KU: When was that? Was that early on in the center?",
                "KU: So who came into the directorship after that?",
                "EO: What?",
                "KU: Who became director after Philip? Philip was the first director?",
                "KU: This was Lucy?",
                "EO: Hmm?",
                "KU: This was Lucy you're talking about?",
                "EO: What?",
                "KU: This was Lucy Cheng?"
            ]
        },
        "segment 18": {
            "Segment Desc": "Reflections and changes over the years at UCLA's Asian American Studies Center",
            "Segment Questions": [
                "KU: So if you look at all the changes that took place over the center in your twenty years there, do you feel that the center kind of stuck to its roots, or do you think the center changed and developed and evolved over time?",
                "EO: Oh, how it evolved? Oh, I'm impressed. Because early on, in the first few years, they had a master's program in Asian American Studies. That attracted people. They were looking ahead. So whoever the leaders were in those days, I thought they planned well. I think so.",
                "KU: Are there any other memories that you have about the early days of the center that you think are important for people to understand about the center and its formation?",
                "KU: So do you have any reflections? When you reflect upon your years at the center, because you spent your entire career there until retirement at the center. When you reflect upon...",
                "EO: Oh, when I reflect on it? When I think about the center?",
                "KU: And you grew, too. So can you talk about your own personal growth at the center?",
                "EO: My personal growth? I don't know. [Laughs] Personal growth... I got savvy about money. Being on my own, I subscribe to investment letters and picked the ones I liked, and I'm happy I did that. I'm very comfortable now, I don't have to worry about money anymore. But that's because I left a marriage, a safe marriage, and I had to look out for myself. And I found out I'm able to do it. [Laughs] So for me, it's a revelation. And I'm happy with my two daughters, very proud of them. So I guess it's a happy ending.",
                "KU: If there are any people, events or \"ah-ha moments\" in your life that helped shape who you are?",
                "EO: Who I am?",
                "KU: Yeah. What would those be? So events, people, influences, \"ah-ha moments\" that you feel really helped shape who you are?"
            ]
        }
    }
}