{
    "Narrator_Name": "Emery Brooks Andrews",
    "Bio": "White male. Born November 14, 1937, in Seattle, Washington. Son of Reverend Emery Andrews, the Japanese Baptist Church minister in Seattle for many years. After the Japanese Americans in Seattle were removed to Minidoka concentration camp, Idaho, Emery Brooks moved with family to Twin Falls, Idaho, to minister to Nikkei in camp. Visited Japanese American friends in Minidoka throughout the war years. After World War II, returned to Seattle, attending Bailey Gatzert elementary school. In recent years, returned to the former site of Minidoka concentration camp.",
    "Title": "Brooks Andrews Interview",
    "Interviewer": "Joyce Nishimura",
    "Location": "Bainbridge Island, Washington",
    "Date": "October 7, 2006",
    "Densho ID": "denshovh-aemery-02",
    "transcript": {
        "segment 1": {
            "Segment Desc": "Father's background, entering the ministry",
            "Segment Questions": [
                " JN: How was it that your father became the minister of a Japanese Baptist church, and how unusual was that at that time? "
            ]
        },
        "segment 2": {
            "Segment Desc": "Father's role as a minister in the Japanese American community",
            "Segment Questions": [
                " JN: Did he know Reverend Hirakawa at that time? "
            ]
        },
        "segment 3": {
            "Segment Desc": "Observing the effects of the bombing of Pearl Harbor on the Japanese American community",
            "Segment Questions": [
                " JN: All right. Think back to December 7, (1941), Pearl Harbor Day. What do you remember about that day? Where were you, how did you feel? What, how did your family react? ",
                " BA: You know, I was very young then. I was born in 1937 so I was about four-and-a-half years old. Oh, about... no, yeah, born in 1937. Right. So I was just about four years old at that time. But I do know that, that the next day after Pearl Harbor, one of, one of the Issei pastors came to our house. And I don't know if it was Reverend Hirakawa, or Reverend Hashimoto from the Japanese Baptist, but this pastor came to our house. And with tears streaming down his face, he apologized to my dad for Pearl Harbor attack. And it was a stunning moment to, to realize now we're at war with Japan. And so what does that mean for our Japanese friends here in Seattle? And it was a time of uncertainty, a time of probably some fright, because we didn't know what was going to be happening here. So that's, that's the impact that it made, it made on the Japanese as well, as on our family, too, to have that pastor come and apologize to, to my dad for Pearl Harbor. ",
                " JN: What do you remember about the FBI roundups? How did it affect your family? ",
                " JN: What was your family's reaction to the order that all Japanese Americans had to leave Seattle? "
            ]
        },
        "segment 4": {
            "Segment Desc": "Memories of visiting Bainbridge Island before World War II",
            "Segment Questions": [
                " JN: Let's go back to before the war when your family would come to Bainbridge on weekends. And what was it like, what kind of things did you do? "
            ]
        },
        "segment 5": {
            "Segment Desc": "Family's efforts to help Japanese Americans store their belongings during mass removal",
            "Segment Questions": [
                " JN: Okay, well, what... let's go back to when, when the families heard of the Exclusion Order Number One. And how was your family affected by that? How did they help families prepare to leave? What were the kind of impressions that your Dad that shared with you at that time? "
            ]
        },
        "segment 6": {
            "Segment Desc": "A child's memories of visiting Japanese American friends in camp",
            "Segment Questions": [
                " JN: What made your family decide to move to Idaho? ",
                " BA: Well, all our, all our congregation was, was moved to Minidoka. The Bainbridge people went, went straight to Manzanar camp in California, but most of our people went to camp Minidoka, just outside Twin Falls. And Mother's Day 1942 was the first Sunday that our church was completely vacant. And my dad went into the sanctuary there, and he went up to his pulpit chair and he sat down. And he said he just sat there for a, for a long time, and was in his mind seeing the faces of the people that had occupied the pews there before they were sent to Minidoka. And it was a heartbreaking time. And to me, I'm thinking, okay, all my friends are gone. You know, I grew up in this community, and there was nothing unusual to be, have Asian, especially Japanese as, as my best friends, I mean, my playmates. I really didn't have any hakujin or Caucasian playmates. And so to, to have them just all of a sudden uprooted in a very short time, I'm thinking, okay, it's... to me in my eyes, my country is saying these people, my friends, are the enemy. Well, I'm friends with these people. Does that make me one of the enemy also? And so it was a very confusing time. ",
                " And most of the people were, well... the army trucks came over to Bainbridge Island, and they, they herded the people down to the docks there, put 'em on trucks and sent them straight down to Manzanar, in California, central California, I think it is. The rest of the Nisei, or the Japanese from the area went to camp Minidoka, outside Twin Falls. And, but before, they didn't go directly to the camp. They were sent to a place called \"Camp Harmony.\" It was a holding area, and \"Camp Harmony\" is an ironic name for, for the, the area which is the western Washington State Fairgrounds. And going down there, I remember they had barbed wire, high barbed wire fence all around the camp. And the internees were trucked there in army trucks, unloaded there, and they were housed then in what had been the livestock stalls. And these stalls were just not floor-to-ceiling walls, but very low walls. And each family occupied one of these spaces, livestock spaces. And they smelled, they weren't very clean. It was an ugly time. And they were there for, I can't remember how long, but for several days. And we would go down to visit them in the camp, at \"Camp Harmony,\" but we were not allowed to go into the camp. And we would bring gifts or packages with us to give, give to them. We were not allowed to, to... we couldn't hug them like we wanted to. And if we brought packages, the guards would stop and they'd rip open the package and look inside to make sure we weren't trying to pass some contraband material onto them. And then they'd hand it back to us, well, there wasn't much we could do after it had been opened up. But we were able to give it to them through the barbed wire fence, and we could shake hands through the barbed wire fence. And one of my sisters, I think it was Betty Jean, my middle sister, she stood there and she cried. She said, \"Oh, my friends, my friends are all gone. I have no friends left home.\" 'Cause all her friends were behind the barbed wire. And, so we went back home... well, before that I remember the, there was a bridge over the railroad tracks, down there. And I remember seeing the trains lined up on the tracks there. And we watched as our people were loaded onto the trains and sent to Minidoka and the other camp. Yeah. It was... I just could not understand what was happening, 'cause these were, these... I referred to them as \"my people,\" my friends. And here they're being jerked out of the community and sent to a, an, a concentration camp, a place of incarceration. And, the... we were told, \"Well, they're being sent to these camps for their, for their protection.\" And, but when I got to the camp for the first time, and saw again the high barbed wire fence, the guard towers, the guns, machine guns, all the guns were pointing inward. And I thought, \"Well, if this is for their protection, then why are the guns pointed inward? Why are they not pointed outward, for protection?\" So it was a very confusing time. "
            ]
        },
        "segment 7": {
            "Segment Desc": "Facing discrimination for supporting Japanese Americans during the war",
            "Segment Questions": [
                " JN: At that time when, during the early, early days when \"Camp Harmony\" and, were, was your family faced with discrimination from other Caucasians? And how did they feel about the people reacting to your friendship with all of the Japanese? ",
                " And that second house became the real center of the ministry among the internees there that were in Minidoka, because it became a hostel. It was a place... we had, I remember two young men who lived in the camp would stay with us during the week, in town because they were able to secure a pass because they had some sort of job in Twin Falls. And so they stayed with us during the week. One of the men's names was Jack Kudo, and I can't remember the other name now. But they were able to stay in town at our house, do their job, come home. And then on the weekends they would go back into the camp to their, to their families. And I remember in my dad's writing he said that at that particular house we had as many as 167 people each month coming and going through our house there. And some of those people were, besides having maybe a job in town, some of them were young men who were transitioning into the army to fight with the 442nd Regimental Combat Team. Others were maybe able to secure a pass or the okay to move out of the area to an area out of the exclusion zone on the West Coast. So we had people coming and going all the time. But to me it was, well, this is business as usual. It's nothing... it's hard to explain and get across to people unless they've lived it, and lived in the environment in which I was brought up in. It's hard to understand how natural it was for, for the events that we had coming and going in our house, to happen. Because we were involved in ministry and this was part of what God had called us to do. So it got to be quite a circus at times, but we always had a great time. I remember we had, we had weddings there, of, usually it was a young soldier who was going into the service and he got married before he went in the service. And we would have... Dad oftentimes would go into camp for maybe a funeral service or sometimes a marriage there. And then the local First Baptist Church in Twin Falls was where we were able to secure the okay to do baptisms there. And the strange thing about this was that for us, for my dad, being that it was an American Baptist church, in Twin Falls, the Japanese Baptist Church in Seattle is an American Baptist church denomination. But we had to get the okay from the leaders of the First Baptist Church in Twin Falls to do baptisms there. And, which I thought was odd. You'd think, okay, this is a sister church, these are people who are being born into the faith, why do we have to go through this paperwork, to get that okay? ",
                " One time my dad was, had two Issei men in the backseat of apparently a car that he was driving at that time, and they were in a town in southern Idaho. And I don't know where he's, where he was taking them but he stopped at a gas station for, for gas. And he sat in the car and the station attendant stood by his office there. And he waited and finally he came out and he looked in the back seat there, and he said to my dad, \"Are those Japs?\" And, my dad said, \"Those are, are fathers whose sons are fighting for you and me.\" But he still didn't give him any gas, so he had to move on to another station. And the puzzling thing to me is, being Second World War, there was gas rationing, tire rationing, but somehow he got the gas to be able to make so many trips from Minidoka back to Seattle, roundtrip to pick up belongs from the, from the church gymnasium. He made about fifty-six round trips. And this was before the days of the freeway. And it, sometimes he went up through Spokane and that way and then west to Seattle. But the average roundtrip was about fifteen hundred miles. So, it's a puzzle to me where he got gasoline to make all these trips, but he did. "
            ]
        },
        "segment 8": {
            "Segment Desc": "Father's difficulties with the American Baptist church denomination",
            "Segment Questions": [
                " Male voice: I have a question. How did the hierarchy of the church treat your dad? Because, was that, did they... ",
                " BA: I know a little bit about that, yeah. The hierarchy of the American Baptist denomination, actually was very difficult in, in being supportive of the evacuation -- I mean of, supportive of the Japanese that were evacuated. And in the local Seattle area, really the only support they, that we had from any of our denomination was from the pastor of the First Baptist Church in Seattle. That was, at that time was Dr. Harold Jensen, and he was very much an advocate for the Japanese in trying to stop this internment situation. So there wasn't much support. The... I know my dad wanted to be the chaplain for the 442nd Regimental Combat Team. And his denominational hierarchy turned that down because -- and this is puzzling too -- if they didn't support the internees, why would they say, \"Well, you need to stay with your people\"? So... but I know it was very much a desire for him to be a chaplain for the 442nd. So we just lived in Idaho and we continued ministry in, in Minidoka there. Usually... I was in school, grade school, so usually I went into the camps on the weekend. But -- and this may sound like a strong statement -- but knowing, remembering the camp, seeing pictures of the camp, if we were to juxtapose a picture of Minidoka next to a picture of a concentration camp maybe in Dachau, Germany, you'd be hard put, hard pressed to see which was which. Because they had the similarity. Row on row of tarpaper shacks, high barbed-wire fence, guards and searchlights, guns, machine guns, all pointed inward. So, I, I call it the, the American concentration. "
            ]
        },
        "segment 9": {
            "Segment Desc": "Thoughts on hardships faced by Japanese Americans returning to the West Coast after the war",
            "Segment Questions": [
                " JN: So after the war, what did your, what did your family do after the war? I know, I understand your father did a lot for Bainbridge Islanders, afterwards and getting them, getting them back to normal. Can you tell us about... ",
                " JN: Was your church secured so you could come home? "
            ]
        },
        "segment 10": {
            "Segment Desc": "Looking back on the wartime experiences of Japanese Americans",
            "Segment Questions": [
                " JN: Today, how do you feel about what happened to your family during World War II? How do you feel about the memorial? Could you comment on the parallels with the Islamic community and current events? ",
                " BA: I am very passionate about these experiences that we went through. And, but, for many years in my younger years, growing up, I mean, I mean in adulthood, I really kind of compartmentalized that whole era. Didn't visit it in my mind, didn't read anything more about the history or find out stories. For some reason I just, I just wanted to maybe try to erase that. But in, in my later adult years I started engaging in those stories. And so now I'm very passionate about that whole internment story and eager to tell that story, because so many people do not know about it. And, my dad... Dad had died on Memorial Day in 1976. But in February of 1976 he was interviewed by the religion editor from the Seattle Times, Ray Rupert was his name. And my dad was asked the question: Do you think this could happen again? And... I get very emotional at this point. [Pauses] My dad, in what I call a very prophetic voice, said, \"No, I don't think it could happen again. Maybe not to the Japanese, but maybe to some other group.\" And I think those, those words of his that are coming true today, when I think of our Islamic friends in the Muslim community. Because there are parallels between the internment story and, and what possibly could happen to the Muslim community. There's a lot of discrimination. We haven't gone so far as to intern and incarcerate as a, as a whole people, the Muslim community. But I think that if we're not careful, that could happen. "
            ]
        },
        "segment 11": {
            "Segment Desc": "Description of difficult living conditions faced by Japanese Americans in camp",
            "Segment Questions": [
                " JN: Anything else you'd could like to, to add? That is a very powerful ending. ",
                " BA: Let's see. You know, people would ask me, \"Well, when you were in school in, in Twin Falls, Idaho, did... were you taunted by your classmates or anything?\" And I don't remember anything like that at all. It came more to our family as a whole in the community. But I wonder -- and the thought just occurred to me -- maybe, maybe my playmates at school had no knowledge of the camp that was close by there. Just like the German people were not told oftentimes about the death camps over there. So I, I had a playmate that, whose father was in the navy, and, but I never heard any rah-rah or unkind word from my playmate about the world war and his dad going to fight the \"Japs,\" and so forth. ",
                " JN: So there was no... anybody could go into the camp at that time? ",
                " Female voice: I just want to ask a question. Did you remember reactions of your friends, your playmates? I mean, you were just a little boy at this time. Do you remember what they... ",
                " BA: In the camp? ",
                " Male voice: I have a question. How did it end? Did it, like on, the end of the war, did they open the gates? Or, did it take time after that? Was it, was it with a whimper or with a bang? "
            ]
        },
        "segment 12": {
            "Segment Desc": "Personal recollections about relationship with parents",
            "Segment Questions": []
        }
    }
}