{
    "Narrator_Name": "Emi Yamamoto",
    "Bio": "Nisei female. Born October 3, 1919, in Fresno, California. Grew up in Watsonville, California, helping on family's strawberry farm. After the bombing of Pearl Harbor, was removed to the Salinas Assembly Center and the Tule Lake concentration camp, California. After World War II, returned to Watsonville.",
    "Title": "Emi Yamamoto Interview",
    "Interviewer": "Megan Asaka",
    "Location": "Watsonville,",
    "Date": "July 30, 2008",
    "Densho ID": "denshovh-yemi-01",
    "transcript": {
        "segment 1": {
            "Segment Desc": "Parents' family background",
            "Segment Questions": [
                " MA: So I'm just going to start with a short introduction and then I'll start asking you some questions. So today is July 30, 2008, and I'm here with Emi Yamamoto. I'm Megan Asaka, the interviewer, and the cameraperson is Dana Hoshide. And we're in Kizuka Hall, which is home to the Watsonville-Santa Cruz JACL. So Emi, thank you so much for coming down here. I really appreciate it. So I wanted to start with some, some basic questions. So when were you born? ",
                " MA: What, what month and day? ",
                " EY: Oh, is that right? [Laughs] What a coincidence. ",
                " MA: So where were you born? ",
                " MA: And what was the name given to you at birth? ",
                " MA: And a little bit about your father, what was his name? ",
                " MA: And where was he from in Japan? ",
                " MA: And do you know what his family did in Japan, what type of work? "
            ]
        },
        "segment 2": {
            "Segment Desc": "Parents' early life in the United States",
            "Segment Questions": [
                " MA: What was your mother's name? ",
                " MA: Nakamoto? ",
                " MA: And was she also from Hiroshima-ken? ",
                " MA: And after he, he married your mother, did they come right to Fresno? ",
                " MA: And what type of work were they doing in Fresno? ",
                " MA: And did they continue farming in San Juan Bautista? "
            ]
        },
        "segment 3": {
            "Segment Desc": "Attending grammar school, Japanese language school",
            "Segment Questions": [
                " MA: -- from living there. So what do you remember about San Juan Bautista? ",
                " MA: And what was the name of your grammar school? ",
                " MA: And how many Nisei students were in the class with you at that school? ",
                " MA: And who were your teachers? Were they mostly Caucasian? ",
                " MA: How did you enjoy Japanese school? ",
                " MA: How many children were in your family then? How many siblings did you have? ",
                " MA: Oh, this is when you moved to Watsonville, right? "
            ]
        },
        "segment 4": {
            "Segment Desc": "Helping on family's farm: learning how to drive and hauling berries for shipping",
            "Segment Questions": [
                " MA: So I wanted to know about your move to Watsonville. So you said that was 1928, so you were about sixth grade or so? ",
                " MA: And so you would drive yourself? ",
                " MA: Did people treat you differently because you were a girl? ",
                " MA: How did you learn how to drive? "
            ]
        },
        "segment 5": {
            "Segment Desc": "Having to move frequently as parents farmed strawberries",
            "Segment Questions": [
                " MA: So I'm curious about when you were, the time when you were sharecropping. So how many families would sharecrop on the same farm? ",
                " MA: And were the families who were sharecropping, were they all Japanese families? ",
                " MA: And did the owner of the farm provide you housing? ",
                " MA: And what was that housing like? What was your house? ",
                " MA: And when did your father establish his own farm? "
            ]
        },
        "segment 6": {
            "Segment Desc": "Moving to Watsonville and attending school, studying Japanese independently",
            "Segment Questions": [
                " MA: So after you moved to Watsonville, what school did you attend? ",
                " MA: And were these all children of the sharecroppers around the area, all the students? ",
                " MA: And did you also go to Japanese language school when you were living in Watsonville, that area? ",
                " MA: How did your mother get these magazines? Was there a Japanese store that she would go to? ",
                " MA: To work, to run the farm, right? "
            ]
        },
        "segment 7": {
            "Segment Desc": "Celebrating New Year's",
            "Segment Questions": [
                " MA: So what religion did your family practice? ",
                " MA: And did you attend Sunday school? ",
                " MA: And the church right in town here? ",
                " MA: How far away did you live from town during that time? How long would it take to get into town? ",
                " MA: And how often would you come into town? ",
                " MA: Right. [Laughs] So what holidays and festivals did you celebrate with your family? ",
                " MA: And what would you do for your New Year's celebration? ",
                " MA: So your mother and father emphasized traditional Japanese holidays and cultural traditions? ",
                " MA: And they spoke Japanese mainly in the home? ",
                " MA: Right, so you were helping your parents, right? "
            ]
        },
        "segment 8": {
            "Segment Desc": "Having to quit high school and help on family farm",
            "Segment Questions": [
                " MA: So which high school did you attend? ",
                " MA: And study independently? ",
                " MA: And so you said you were able to do two years of high school? ",
                " MA: And then when your father asked you to drop out of high school and help on the farm, how did you feel about that? ",
                " MA: Yeah, because you were able to continue independently, right, studying on your own? "
            ]
        },
        "segment 9": {
            "Segment Desc": "Father's farming strawberries as part of a shared acreage",
            "Segment Questions": [
                " MA: So when your father started doing independent farming, where was his land? Was it... ",
                " MA: And the five families went in together? ",
                " MA: And they did it in groups, it sounds like? ",
                " MA: I see. So you split some of the costs of, of that? ",
                " MA: And the people working the land, was it mostly families? ",
                " MA: Did you hire any other workers to help? ",
                " MA: And who were the workers that they would hire? Were they Filipino workers or other Japanese? ",
                " MA: And when is the main, was the main growing season for strawberries? ",
                " MA: And what would the family do during that offseason, like in the winter? ",
                " MA: When did they start using the fumigation system? "
            ]
        },
        "segment 10": {
            "Segment Desc": "A typical day working on family's farm",
            "Segment Questions": [
                " MA: So for you, after you sort of took over the farm and helped your father, what was, can you describe a typical day for you and what your responsibilities were on a daily basis? ",
                " MA: And take them to the depot? ",
                " MA: I see. So their main destinations for the strawberries were San Francisco and Los Angeles? ",
                " MA: And where would the eastern shipments go? ",
                " MA: And you said you had your own corporation? ",
                " MA: Can you talk about that a little bit? ",
                " MA: And was that mostly a Japanese farmers, strawberry farmers in the co-op? ",
                " MA: And so would you have to go to the depot and the, every morning? Was that a daily shipment? ",
                " MA: How many pounds would you be shipping every day, usually? ",
                " MA: And would you get paid by the pound, or how would they pay you? ",
                " MA: Faster transportation for berries? "
            ]
        },
        "segment 11": {
            "Segment Desc": "Hearing about the bombing of Pearl Harbor",
            "Segment Questions": [
                " MA: The Hashimoto family? ",
                " MA: So how did you hear about Pearl Harbor? ",
                " MA: And how did your parents react to the news about Pearl Harbor? How did they feel? "
            ]
        },
        "segment 12": {
            "Segment Desc": "Getting married: restrictions limit the number of people who could attend the wedding",
            "Segment Questions": [
                " MA: And you told me earlier that you met your husband, and you married right after this time, after Pearl Harbor? ",
                " MA: How did you meet your husband? ",
                " MA: And what was your husband's name? ",
                " MA: Henry Yamamoto. And when did you get married? ",
                " MA: And what was your wedding like? ",
                " MA: Picked him up from the church? ",
                " MA: Was your father ever targeted by the FBI? "
            ]
        },
        "segment 13": {
            "Segment Desc": "Mother-in-law's wish to take family to Japan",
            "Segment Questions": [
                " MA: So when you found out the Japanese were gonna be removed from Watsonville, what did you do with the, with your possessions and the farm? ",
                " MA: And your mother-in-law had sons in Japan, living in Japan? ",
                " MA: Out of camp, yeah. So I wanted to go back a little bit and ask about your parents' farm. And what happened to your parents' farm as the Japanese were leaving for camp? ",
                " MA: But I imagine there was, you lost a lot of money, because that was right in the middle of the season, right? "
            ]
        },
        "segment 14": {
            "Segment Desc": "Memories of the Salinas Assembly Center: having appendicitis",
            "Segment Questions": [
                " MA: And what were your living conditions in Salinas? ",
                " MA: And it was you and your husband and your mother-in-law? ",
                " MA: And this was after you were in Salinas? ",
                " MA: How long were you in the hospital? ",
                " MA: And then you stayed in the, like in the clinic in Salinas? ",
                " MA: Did they have a, you said they had a doctor in camp, like one doctor or something? ",
                " MA: But they would transport people by army truck? ",
                " MA: So no visitors, no, your husband couldn't come with you? ",
                " MA: And how long were you in Salinas? "
            ]
        },
        "segment 15": {
            "Segment Desc": "Being sent to Tule Lake",
            "Segment Questions": [
                " MA: And you actually went to Tule Lake, is that right? You didn't go to Poston? ",
                " MA: Yes. So can you tell me about your journey to Tule Lake and how you, how you got there? Was it by train? ",
                " MA: Right. So when you arrived at Tule Lake, what, what kind of living conditions did you have? Barracks? ",
                " MA: And it was the same, so you and your in-laws and your brother-in-law's family? Same people? ",
                " MA: Did you have a job in camp? Did you work? ",
                " MA: As a, as a cook in camp? ",
                " MA: So your family stayed in Tule Lake until the end of the war? "
            ]
        },
        "segment 16": {
            "Segment Desc": "Remembering when Tule Lake became a \"segregation camp\"",
            "Segment Questions": [
                " MA: So do you remember the time when they transferred people out of Tule Lake and brought others in? ",
                " MA: The segregation. Can you tell me about that time, when that happened? ",
                " EY: Well, people that was for America, the \"yes-yes\" people, went out. And lot of different relocation centers came into Tule Lake, and they had quite a... what do you call it? This kind of problem. ",
                " MA: So it had to do with the \"loyalty questionnaire\"? ",
                " MA: And how did the camp change after that happened? ",
                " EY: There was all kind of demonstrations. So my, my brother-in-law asked to tell his mother that we had all these little children, and what are you gonna do? Take 'em back to Japan and let them suffer? They didn't believe that they lost, see. That's the main thing. And so we, she didn't want to stay here, but then we convinced her to, \"You better, you could always go back there if you want to.\" So we stayed 'til the end before they released us. ",
                " MA: Do you remember hearing about the end of the war and about the bombing of Hiroshima and Nagasaki? "
            ]
        },
        "segment 17": {
            "Segment Desc": "Moving to Fresno after leaving camp",
            "Segment Questions": [
                " MA: So where did you, after the war ended, where did your family go? Where did you and your husband decide to go after leaving Tule Lake? ",
                " MA: What type of work was he doing in Fresno? Was he farming? ",
                " MA: And were you also working at that time in Fresno? ",
                " EY: Huh? ",
                " MA: Did you also have a job? ",
                " MA: Did you have your sons in camp? ",
                " MA: While you were in camp? ",
                " MA: And how, when you were in Fresno, how did people treat you, treat the Japanese people coming out of camp? What was the reaction of the people in town? "
            ]
        },
        "segment 18": {
            "Segment Desc": "Working for a strawberry company in San Jose",
            "Segment Questions": [
                " MA: And how long were in you in Fresno? ",
                " MA: Driscoll? ",
                " MA: And were you sharecropping, same? ",
                " MA: And how long were you in the San Jose area? ",
                " MA: And were most of the sharecroppers, especially in San Jose at that time, Japanese? ",
                " MA: And all people who had come out of camp and settled there? "
            ]
        },
        "segment 19": {
            "Segment Desc": "Returning to Watsonville",
            "Segment Questions": [
                " MA: What was the connection to Watsonville? Did you have a friend who asked you to come back, or did you want to be with your family? ",
                " EY: It's, one of my, when we had berry farm at Driscoll at San Jose, my sister-in-law wanted to find, and saw in the paper about they want the sharecropper in Watsonville. So my husband, they knew my husband in Watsonville, so he, they went into direct, to grow with him. And then, so the Driscoll berry farm was advertising in the paper where it was around Salinas. And we stopped at one strawberry stand, right there on the side of [inaudible]. My husband asked where this place that Driscoll advertised, and it happened that my husband's real good friend's place, he had berries over there, and he had a little fruit stand pretty close to the golf course. And this fellow said, \"Why don't you come back and raise berry over here?\" And we had a place to stay and everything, so all of a sudden, we came back to Watsonville. ",
                " MA: And what about your parents? Had they returned to Watsonville? ",
                " MA: And when did you see them for the first time after the war? ",
                " MA: And this was San Juan Bautista? ",
                " MA: Okay, so they made a hostel for the returning families? ",
                " MA: And how long were they in San Juan Bautista? ",
                " EY: Who? ",
                " MA: Your folks, your parents and your family? ",
                " MA: So they never came back to Watsonville, they remained in Fresno? And so you and your husband were working, strawberry farming, in Watsonville. And this was with your, your friends that had asked you to come back. ",
                " MA: And what are the name of your friends who, who you were working with at the time? What's the family name? ",
                " MA: Sugikane? ",
                " MA: Your husband's family? ",
                " MA: What did his family, were they, were they farming? "
            ]
        },
        "segment 20": {
            "Segment Desc": "Raising children",
            "Segment Questions": [
                " MA: Tell me about your, your children. How many children did you have? ",
                " MA: And did you and your husband farm up until you retired from farming, from working? ",
                " MA: And the strawberry industry stayed pretty, pretty strong? ",
                " MA: So is there anything else you would like to share, or any messages you'd like to give to younger generations? "
            ]
        }
    }
}