{
    "Narrator_Name": "Emiko Namba Kikkawa",
    "Bio": "Nisei female. Born January 4, 1919, in Portland, Oregon. Grew up in Fairview, Oregon, where family ran a farm. Married and had a child before World War II. During the war, removed to the Portland Assembly Center, Oregon, and the Minidoka concentration camp, Idaho. After leaving camp, returned to Fairview.",
    "Title": "Emiko Namba Kikkawa Interview",
    "Interviewer": "Katie Namba",
    "Location": "Portland, Oregon",
    "Date": "January 12, 2014",
    "Densho ID": "denshovh-kemiko-01",
    "transcript": {
        "segment 1": {
            "Segment Desc": "Father's family background",
            "Segment Questions": [
                "KN: First of all, can you start by stating your full name?",
                "KN: And where were you born?",
                "KN: And can you tell me about when you were born and more about specifically where? In a house or...",
                "KN: And do you know if the hotel was Japanese-owned, and do you remember the name of the hotel?",
                "KN: And can you state your birth date for me?",
                "KN: And is there any significance to your name?",
                "KN: Wonderful. And what is your father's name?",
                "KN: And can you spell Etsuo, please?",
                "KN: Thank you. And what kind of work did your father do?",
                "KN: Do you know about what time your father came to America?",
                "KN: What kind of, what was the family trade that your father grew up in in Japan? What did his parents do?",
                "EK: Well, he was the second son, and you know how it is, the first son gets the property, and he either had to move out or go as a yoshi, you know what it is? Be adopted by another family and take their name, so he came to Portland.",
                "KN: Can you tell me where he is from in Japan?",
                "KN: And is there a specific part of Okayama that he was from?",
                "KN: That's okay. If it comes back to you, we can come back to that. Do you know anything about his family, how many siblings he had?"
            ]
        },
        "segment 2": {
            "Segment Desc": "Mother's family background",
            "Segment Questions": [
                "KN: And what about your mother? What was your mother's name? ",
                "KN: And can you spell her first name, please?",
                "KN: And what kind of work did your mother do in Japan, do you know?",
                "KN: And do you know anything more about her family, how many siblings she had?",
                "KN: And did any of those siblings ever come to America? Was she the only one?",
                "KN: And can you tell me where your mother was from in Japan?",
                "KN: And do you know how your father and your mother met? Do you know how they met?",
                "KN: And do you know what their age difference is? The age difference?",
                "KN: When your mother came to America, what did she do?",
                "KN: And do you know how long you stayed living in the hotel on Third and Davis?",
                "KN: And after Third and Davis, where did you live?",
                "KN: Can you tell me a little bit more about the first place in Gresham? Do you know about where it was at?",
                "EK: In Gresham? I know it was on Powell, I don't exactly remember. But only thing I remember is they had a hand pump inside the house. I can remember I used to...",
                "KN: And what kind of work was done on the farm at the first farm in Gresham?",
                "KN: And can you tell me anything about the neighbors?",
                "KN: And so at that time, were you the only child or did you have siblings at that time?",
                "KN: And can you tell me how many siblings you have?",
                "KN: And do you know what the age difference between all of you are?",
                "KN: From each individual person?",
                "KN: What was it like growing up in the home? How was Grandpa and Grandma?",
                "KN: What did your mother do when she was... what kind of responsibilities did your mother have in the home?"
            ]
        },
        "segment 3": {
            "Segment Desc": "Childhood memories of Fairview, Oregon",
            "Segment Questions": [
                "KN: And then let's talk about moving to the Fairview farm. Do you know about what year that was?",
                "KN: And I think you had mentioned that your sister, Marie, was born on that farm?",
                "KN: Did any of your siblings have, go to the hospital to be born?",
                "KN: Do you remember when you moved from the farm to, the farm in Gresham on Powell to the farm in Fairview? Do you remember packing up your belongings and moving?",
                "KN: What do you remember of your childhood at the farm on Fairview?",
                "KN: What did you like to do in your spare time?",
                "EK: You mean at home? Well, I remember my mother, during the summer, she was intent on teaching me Japanese. And I studied Japanese during the summer, and then she'd always want to review what we had at school, and so I had to read to her. Of course, she didn't understand. But anyway, that's the way I spent the summer vacation. And then the teacher that I had the first year was real understanding, and she knew I didn't understand English, so she was very kind to me.",
                "KN: What school did you go to?",
                "KN: And what were those walks like? Were they far?",
                "EK: The what?",
                "KN: Was it a far walk to go to school?",
                "KN: What do you remember about your classmates? Were there very many Japanese students in the class?",
                "KN: And how were, do you remember in grade school experiencing any prejudice at that point?",
                "KN: How, what was your life like in the community of Fairview? Who were your neighbors?",
                "KN: What did you pack in your lunch pail?",
                "KN: No Japanese food?",
                "KN: Who... living on the farm, what were your duties that you had to do?",
                "KN: Did you help with the cleaning and the cooking?",
                "KN: Do you remember your mother teaching you Japanese customs?",
                "KN: Do you remember anything in particular you'd like to share that she taught you?",
                "KN: What was eating like at the home? Did you eat very much American food?",
                "KN: I know. Can you tell me, I forgot to ask you, but can you tell me where in Fairview the farm was?",
                "KN: And that was all after the war?",
                "KN: And do you remember the street names of where the farm was?"
            ]
        },
        "segment 4": {
            "Segment Desc": "Attending school and Japanese language school",
            "Segment Questions": [
                "KN: Did you like going to school?",
                "KN: What was your favorite part of school?",
                "KN: What did you do at recess?",
                "KN: What was your favorite subjects in school?",
                "KN: And did you have any nicknames when you were in school with your classmates? Any nicknames?",
                "KN: And did you go to Japanese school?",
                "KN: Where was Japanese school at?",
                "KN: Like was it in Gresham?",
                "KN: How many students were in class?",
                "KN: Was that just Fairview alone, or was it Fairview and Gresham?",
                "KN: What did you do during the summer when you weren't in school?",
                "KN: Was there any activities that you would do with your brothers and sisters or any games, or play sports?",
                "KN: And living close to Blue Lake, did you ever go down to the lake?",
                "KN: And you had mentioned that on the farm that there were railroad tracks?",
                "KN: So was that, the railroad went right straight through the farm?",
                "KN: What was that like to have the train going through your yard? ",
                "EK: Well, it's noisy. And then I kind of remember, you know what hobos are? Well, they'd stop in and ask Grandma for something to eat, and she'd always give them a jelly sandwich and then they wanted to pay for it, so she'd... chop wood or clean up the garden. But I was kind of afraid of them, you know, but they were harmless. But you don't see those anymore.",
                "KN: When there were lots of work to be done on the farm, did your father hire people to help?",
                "KN: Can you tell me about some of the Japanese events that occurred in the community like Obons and things like that?",
                "KN: Did you ever come into Portland and to Nihonmachi very often?",
                "KN: How did you get into Portland?",
                "KN: Did your parents have a car?"
            ]
        },
        "segment 5": {
            "Segment Desc": "Going with father to sell at the produce market",
            "Segment Questions": [
                "KN: Can you tell me about where your father would, you lived on the farm and had vegetables and fruits. What would you do with the vegetables and fruits?",
                "KN: And where, what kind of breakfast was it? Was it American breakfast?",
                "KN: And was it the same restaurant every time?",
                "KN: What else do you remember about coming in to sell the vegetables? Were there a lot of other Japanese people?",
                "KN: Did you or did your parents, when you were young, did you ever go back to Japan?",
                "KN: When you were young?",
                "KN: And what about, what about your parents? Did they ever go back to Japan? Your parents, did they go back?",
                "KN: And so the money that he sent, was that from the farm or the money that he would make selling vegetables?",
                "KN: What other things do you remember growing up that were bought in the house? American things, Japanese things? Was there anything that your mother or your father really prided having, like a sewing machine?",
                "KN: And what about your father? Did he have any tools that...",
                "KN: Can you, do you remember one of the things that he made, like what kinds of things?"
            ]
        },
        "segment 6": {
            "Segment Desc": "Meeting husband and getting married",
            "Segment Questions": [
                "KN: Can you tell me when you met your husband?",
                "KN: And how old, how much older is he then?",
                "KN: And what year were you married?",
                "KN: And what did you do to celebrate your marriage? Did you have a wedding?",
                "KN: And where was that at?",
                "KN: And is that here in downtown Portland?",
                "EK: Hmm?",
                "KN: Was that in downtown Portland?",
                "KN: And did you go anywhere for your honeymoon?",
                "KN: So you drove all the way to San Francisco?",
                "KN: What date was it that you got married?",
                "KN: And what do you remember about your trip to San Francisco?",
                "KN: You mentioned that that's the first time that you'd really gone outside. Did you ever do any traveling when you were young?",
                "KN: Did growing up with your parents and your siblings, did you go to the coast or to the mountain?",
                "KN: So that must have been a nice treat, huh?",
                "KN: Would you bring it home and then would you cook it with Japanese food?"
            ]
        },
        "segment 7": {
            "Segment Desc": "Hearing about the bombing of Pearl Harbor",
            "Segment Questions": [
                "KN: I'm going to transition into Pearl Harbor now, okay?",
                "EK: Well, we were at this farm on Sandy, and I think January... December 7th, in the evening, I heard on the radio, and I thought, \"Well, now what's going to happen to us?\"",
                "KN: And who was with you at that time?",
                "KN: And were you living in the same house with your parents at that time?",
                "KN: And was there any discussion with the family or with your siblings about what was going to happen?",
                "KN: And what happened the next day, or the next few days after going to school and in the neighborhood?",
                "KN: What were some of your fears?",
                "KN: Did you notice anyone treating you differently? Did anyone treat you differently, like at the grocery store?",
                "KN: Was there more prejudice and discrimination after Pearl Harbor? Do you remember anything in particular that happened to you?",
                "KN: And that was before you had left for the assembly center? Was that before?",
                "KN: When you came home?",
                "KN: What about before? Did you have any problems buying anything?",
                "KN: And do you remember if there were any incidences at school or in the community?",
                "KN: And was there any talk about the war after the bombing of Pearl Harbor in your house?",
                "KN: Did anyone in the family get arrested?",
                "KN: Why was he ready to go? Why did he think he was...",
                "EK: Well, he used to be, we had a Japanese community... what do you call it? Anyway, he used to be president, and he was pretty prominent in Gresham-Troutdale, and so he figured he might be picked up. But luckily he wasn't.",
                "KN: And when that was going on, what did you and your siblings and your husband and your mother do to prepare for that?",
                "KN: How did you get that notice?",
                "EK: Down to what?",
                "KN: How did you get that notice?",
                "KN: When the executive order came out, the executive order, how did you hear about executive order?",
                "KN: The Executive Order 9066? How did you hear about that?",
                "KN: And how did that notice go around?",
                "KN: Were there notices in the community, like pasted up on billboards?",
                "KN: And getting prepared to leave, what were you thinking and what were you feeling?",
                "KN: And at that time, you had mentioned that you had your oldest daughter Joyce. Did you have any other children?",
                "KN: And how was life, you know, for Joyce? Did she have a lot of Japanese friends at that time?",
                "KN: What did you think of to pack? How did you know what to pack?",
                "KN: And did you ever communicate to find out what happened to them?"
            ]
        },
        "segment 8": {
            "Segment Desc": "Preparing for mass removal",
            "Segment Questions": [
                "KN: And getting ready to leave to go to the relocation center, what did you do to prepare the house?",
                "KN: What kind of things did you have to burn?",
                "KN: How did that make you feel? ",
                "KN: Did you have any idea about how long you were going to be gone?",
                "KN: Did you feel safe in your house before you left?",
                "KN: Did the family take any precautions to make sure that there was no intruders, or someone didn't come and hurt you?",
                "KN: Did you have any outsiders come along?",
                "KN: What did your parents to do prepare to leave the farm?",
                "KN: Where did you store them at?",
                "KN: And did you have any friends that were going to help you look after the place?",
                "KN: Can you tell me a little bit more about that?",
                "KN: What were some of the things that were stolen or that were broken when you came back that you really missed the most?",
                "KN: Getting ready to leave to go to the assembly center, what did you pack in your suitcase?",
                "KN: What kind of toy was it? Was it a doll?",
                "KN: And what can you tell me, do you remember about your parents packing anything? What was important to them?",
                "KN: And how did you leave to go to the assembly center?",
                "KN: And did your friend just take you and your husband and Joyce, or did he take the entire family, the Namba family?",
                "KN: And how did you know when to leave? Did they give you a certain date that you had to report?",
                "KN: And how did you find out about that date?"
            ]
        },
        "segment 9": {
            "Segment Desc": "Adjusting to life in the assembly center",
            "Segment Questions": [
                "KN: What can you tell me that you remember about the assembly center?",
                "KN: And were you able to be close to your parents?",
                "KN: And what was that like for... did they communicate anything to you about what it was like for them and what they were going through?",
                "KN: And what did you do while you were you were in the relocation center?",
                "EK: Relocation center? Well, there was a lot of things, activities, pictures, and of course the kids had school to go to.",
                "KN: What kind of activities?",
                "KN: What kind of food did you eat in the assembly center?",
                "KN: So it wasn't like the normal food that you were eating before, huh?",
                "KN: Do you know what your mother and your father did in the assembly center?",
                "KN: How long were you in the assembly center for?",
                "KN: Did anyone talk about the war or talk about why you were there?",
                "KN: How did you feel about it? How did you feel about being, living in the stock yard?",
                "EK: Well, it wasn't pleasant, of course, and I thought, \"Why in the world they put us good citizens? What about the Germans and the Italians?\" I couldn't understand that.",
                "KN: Were you able to have any visitors?",
                "KN: Do you remember anything in particular, any visitor that you remember?",
                "KN: What would they bring to you?",
                "KN: What were the facilities like, the bathrooms and the showers?",
                "KN: Was there any challenges or anything? Because I know Japanese people were usually very private. Was there a change for your mother and some of the older, the elders, to be in a community bathroom?"
            ]
        },
        "segment 10": {
            "Segment Desc": "Memories of the train ride to Minidoka",
            "Segment Questions": [
                "KN: How did you know when you were going to be leaving the assembly center to go to Minidoka?",
                "KN: And was that notice, like, in writing, or was it verbal?",
                "KN: Written notice?",
                "KN: And as people were leaving the assembly center, did everyone leave on the same day?",
                "KN: And what was that like leaving the assembly center, leaving Portland, and did you know where you were going?",
                "KN: And can you tell me about -- now, did you go from the assembly center to the train station? Did you take a train?",
                "KN: What were your feelings like when you were on the train and going out to Minidoka? Were you thinking about the war and did anyone talk about the war?",
                "EK: No. Only thing is we got separated. My husband got to, they had a regular men's section, and we got an upper deck for my daughter, and we got to sleep. And so Joyce would say, \"Where's Daddy? Where's Daddy?\"",
                "KN: Was that on the train you're talking about?",
                "KN: And was that like that for a lot of families, that they got separated?",
                "KN: Do you remember how long it took on train to get out to Minidoka?",
                "KN: And did they make any steps along the way for you to get out and stretch?",
                "KN: And what about eating along the way? Did the government provide food for you to eat?"
            ]
        },
        "segment 11": {
            "Segment Desc": "Raising children in camp",
            "Segment Questions": [
                "KN: What was it like when you got to Minidoka?",
                "KN: How far away was all of that?",
                "KN: And how did you make your environment and your new living quarters feel like home for you?",
                " EK: Well, we just did what we usually did, we could, and then we mail ordered a lot of Montgomery Ward, and so I remember we had to buy... they got army blankets and peacoats, you know what they are? [Laughs] And, of course, the children didn't have anything, so I had to buy stuff for Joyce.",
                "KN: How did you get the money to buy the stuff?",
                "KN: When you're in Minidoka, how old was Joyce?",
                "KN: Did, while she was in Minidoka, did she start going to school there?",
                "KN: Were most of the people that, were they Japanese?",
                "KN: When you guys were in Minidoka, what did you talk about? What did you do?",
                "KN: And while you were in Minidoka, did you have any more children?",
                "KN: What was it like giving birth to your daughter in camp?",
                "KN: When you were in Minidoka, did you ever hear from any of your friends or neighbors here in Portland?",
                "KN: What neighbor was that?",
                "KN: And was she storing some of the stuff for you?",
                "KN: What did your parents' (...) room and their quarters look like and how were things for them?",
                "KN: What about your siblings? What did they do?",
                "KN: And did you ever see your sister or your brothers in Minidoka?",
                "EK: In Minidoka?",
                "KN: Did you see them very often?",
                " KN: And what did she do at the hospital?",
                "KN: Did you do any, did you work in the camps?"
            ]
        },
        "segment 12": {
            "Segment Desc": "Remembering the transition in camp after the so-called \"loyalty questionnaire\"",
            "Segment Questions": [
                "KN: When the \"loyalty questionnaire\" starting going through camp, what kind of emotions and what were people talking about when they started, when the \"loyalty questionnaire\" went?",
                "EK: Well, \"When are we gonna get out? When are we gonna get out?\" But a lot of the young people went back east, went to school or got jobs. We were encouraged to leave, but of course, we had those two children and I wasn't gonna leave, so of course, only place we can go back is the coast. But back east, you could.",
                "KN: Did you see a lot of your friends leave and go back east that were single?",
                "EK: No, I never did. But the one thing I was going to say is when I went to Summer Place, people that came from Mideast, \"You went to camp? What kind of camp is it?\" They didn't know we even went to camp.",
                "KN: What was it like when you started to see people, or see young men start leaving when they enlisted?",
                "KN: And what was that like for your parents when they found out that their boys were going to be leaving?",
                "KN: And when your brother Kenny got hurt, how did you guys found out about that?",
                "KN: And what was it like after your parents found out?",
                "KN: When you had heard about the ending of the war in Europe, did you think that you guys, that you would be getting to go home soon?",
                "KN: What kind of feelings and what kind of conversations were happening in Minidoka?",
                "KN: So right before we stopped, you were talking about Joyce and her blanket. Can you tell me that story again?",
                "EK: Well, it's a security blanket, she carried it from home. And when we got there, she wouldn't let go, and the first thing she said, \"Mom, I want to go home, I want go home.\" And I said, \"This is your home.\" \"When are we going home?\" Every night, I don't know how many nights.",
                "KN: Can you also talk a little bit about what it was like at Minidoka for your father, being a farmer? Were there farms at Minidoka and did he do any farming at Minidoka?",
                "KN: When you were getting ready to leave Minidoka after you had heard the war was over, what were your feelings like?",
                "KN: And how did you hear about the war being over and you being able to go?",
                "KN: Why were you concerned about safety?",
                "KN: Had you heard of any stories that made you feel unsafe?",
                " KN: And are those neighbors, are you talking about the neighbors when you came back to Fairview?"
            ]
        },
        "segment 13": {
            "Segment Desc": "Returning home after camp",
            "Segment Questions": [
                "KN: Let's talk about leaving Minidoka. What did you, how did you leave Minidoka?",
                "KN: How did you come back to Fairview? Was it on a train or by car?",
                "KN: [Coughs] Excuse me. What was it like coming back to the community that you left? What were your feelings?",
                "KN: Did things look the same as when you had left? Can you tell me what was different?",
                "KN: But when you came back, were your things safe that you had stored?",
                "KN: And you got that back when you were in Fairview?",
                "KN: Were your belongings, were they even there? Were they just, everything was stolen?",
                "KN: How was that, how was that like for your parents to come back?",
                "KN: Where did they come back to when they came back to the area? Did they live with you?",
                "KN: And is that all in the same area where you grew up?",
                "KN: Coming back, your husband, you had mentioned your husband had worked as an electrician in Minidoka. Did he come back to Portland and pursue any career as an electrician?",
                "KN: Did he do anything like that when he came back? When you came back, you had two daughters with you now.",
                "KN: How was that like, traveling back with them?"
            ]
        },
        "segment 14": {
            "Segment Desc": "Raising a family",
            "Segment Questions": [
                "KN: Can you talk more about your children and how many children you have and their names?",
                "KN: And how many grandchildren do you have?",
                "KN: And no great-grandchildren?",
                "KN: Can you talk about when you came back, some of the rebuilding experiences? Did you face any discrimination when you came back to Fairview?",
                "KN: Can you tell us, can you share that experience again about the store? What was the name of the store?",
                "KN: Where would you go for food and groceries?",
                "EK: Well, then I went up to Carl Zimmerman. There was, Parkrose there was an Austrian, I don't know what you call it, but he had a grocery store and he was good to us, too. You know, we had to have, what do you call those, tickets, you know what it is? What was it? For meat and... well, he sometimes said, \"Emi, come over, we have butter for you.\" [Laughs] He'd have it underneath the shelf, and he was good to us.",
                "KN: When you came back to Fairview, was there a Japanese community that was reestablished?",
                "KN: Were you one of the first people that came back from Minidoka to the area, or were there other people?",
                "KN: Do you know why that was that they didn't want to come back?",
                "KN: Why did you want to come back?",
                "KN: What about coming back? Did you, did you feel like you missed anything or had things changed that you wished you would have been a part of, or did your Caucasian friends, did some, like, have babies or get married?",
                "KN: What about Nihonmachi? Can you tell me about how things had changed in downtown Portland and Nihonmachi?",
                "KN: So where would Japanese get together for community then after the war?",
                "KN: Did you still have any fears coming back after the war?"
            ]
        },
        "segment 15": {
            "Segment Desc": "Reflections: talking to family about wartime experiences",
            "Segment Questions": [
                "KN: What have you told your family about your wartime experiences?",
                "KN: Why didn't you... why wouldn't you want to talk about it?",
                "KN: How do you think that your experience has affected your sense of being Japanese?",
                "KN: Can you tell me a little bit more about why, what about it that makes you proud?",
                "EK: Well, I don't know. Are you glad you're part Japanese?",
                "EK: Well, see?",
                "KN: I sure am. How do you think the wartime experience affected your parents?",
                "KN: Did he continue to send money back after the war?",
                "KN: What did your parents do when they came back after the war?",
                "KN: And did they live with you?",
                "KN: What about you? What did you do after you came back?",
                "EK: What?",
                "KN: What did you do?",
                "KN: What kind of farm did you have? What kind of fruits...",
                "KN: When you guys came back and had the farm, if you needed farm help before the war, your father had hired Japanese people to help on the farm. Were you able to hire Japanese people to help on the farm?",
                "KN: You had mentioned earlier that people from the Midwest didn't know that you had been evacuated and gone to relocation camp. What do you say to people that don't know anything about camp?",
                "EK: Well, I don't know, I can't say. They just... one young person said, \"What kind of camp? Was it a girl's camp or a summer camp?\" They never heard of a relocation camp.",
                "KN: Did you talk to them about your experiences?",
                "KN: What is it that you, when you have a conversation with them, what is it that you try to emphasize or that you want them to know?",
                "KN: If something like this were to happen again, how would you hope your grandchildren would react to this?",
                "KN: Can you share anything that you've shared with them about your experience?",
                "KN: What do you do today to celebrate your Japanese culture that maybe you did or you didn't do before the war?",
                "KN: When you came back, did you feel, when you came back from the war, did you feel like it was okay to be Japanese?",
                "KN: And being able to celebrate and do Japanese things there, you didn't have any fear from the community?",
                "KN: I'm going to... we're almost done. There's just a couple of things that I want to go back and ask you a couple of questions about that I want to make sure, for the camera, that we get it on tape. When we were talking about, when you were young, and this is before the war, about celebrating Japanese events, and we were talking about the New Year's feast. Can you tell me a little bit more about the New Year's feast, like where was that held at?",
                "KN: How did your neighbors react to getting Japanese foods from your family?",
                "KN: When you were young, where did you buy, or where did your parents buy Japanese food?",
                "KN: And he would come all the way out to Fairview?",
                "KN: Do you want to share anything else with us that you remember or you want to talk about?"
            ]
        }
    }
}