{
    "Narrator_Name": "Eric K. Yamamoto",
    "Bio": "Sansei male. Born 1952 in Honolulu, Hawaii. Attended law school at UC Berkeley, California and became involved with the Asian Law Caucus. After graduating, returned to Hawaii. In the 1980s, left job in Hawaii and moved to the Bay Area to become a member of the pro bono legal team for Korematsu v. United States, a lawsuit to overturn a 40 year old conviction for refusal to obey exclusion orders aimed at Japanese Americans during WWII, originally upheld by the U.S. Supreme Court in landmark decisions.",
    "Title": "Eric K. Yamamoto Interview",
    "Interviewer": "Lorraine Bannai",
    "Location": "Seattle, Washington",
    "Date": "April 17, 2009",
    "Densho ID": "denshovh-yeric-01",
    "transcript": {
        "segment 1": {
            "Segment Desc": "Description of mother: growing up in Hawaii",
            "Segment Questions": [
                " EY: Can I finish the story about my mom, too? ",
                " EY: And so my mom, for a variety of reasons, decided that she wanted to go to this new high school, which she did. And then she decided she wanted to go on. And that was a time where women, especially Nisei, didn't really go on to higher education at the university. And her father was very strict and said, \"No.\" And her mother was very compassionate, quietly supported my mother. So my mother, who had no money to go to the university, said, \"I'm going to go.\" And her father said, \"If you do,\" essentially, \"we're gonna disown you. Because you need to work, and girls don't go to the university. You're lucky to go to high school.\" And so my mom still said she wanted to do it. So he pretty much disowned her in the family, but her mother supported her. So it was a very tough time for my mother, who worked very hard, very stubborn, very committed, to earn enough money to go to one semester of the university. And realized, not thinking that, \"What happens after one semester?\" Well, that was 1941, and so the war broke out in December, the university was closed. So she then went to work ultimately for the provost court -- there was martial law in the courts -- as a stenographer. And so she got to see the inside of, sort of, military justice. And so she was this Asian American woman in the military courts, and developed certain skills. And when the war was over, the university opened, she came back. And then she learned that there's actually such things as scholarships to help poor people without resources coming from Asian American families. And so it was there that she met my dad and a lot of the 442 veterans who had returned from the war, and who were finishing up their undergraduate education. And so it was there that she became part of this, this larger group. And it was also there that she is a very smart and very intelligent but unknown sort of quantity at the school, was tapped by a very famous professor of sociology, Andrew Lind, who was studying race relations in Hawaii as part of a larger national project. And so he gave her a leg up as a research assistant. And so she got to really develop herself and really learn in a very significant way. So that influences what I do as a professor, too, and I really spend a lot of time choosing my research assistants. Not just those who are top of the class, but oftentimes those who have some spark and some real potential, and I try to help bring them along and kind of help open doors for them. So that was my mom's story in a nutshell. ",
                " LB: Did she get her degree? ",
                " LB: In sociology? ",
                " LB: So she worked until her, there until her retirement? ",
                " LB: You said that she was, of sorts, disowned. Did she end up having to move out? Were her relations, did her relations with your grandfather remain strained? "
            ]
        },
        "segment 2": {
            "Segment Desc": "Father's family background",
            "Segment Questions": []
        },
        "segment 3": {
            "Segment Desc": "Grandfather's activities during Prohibition",
            "Segment Questions": [
                " EY: And then something really interesting happens. This was during the Prohibition, and it turns out that the moonshiners were operating in that area, and the fishing village pooled their money and had one truck to take their fish from the village across the mountain into Chinatown where the fish market was so they could sell their fish. And so the moonshiners said, \"Hey, we'll help you guys out if you take our moonshine over.\" And then they told my grandfather, apparently, \"Well, since you're doing that, why don't you, in off-hours, tend the still also?\" And so, of course, my grandfather got busted as a moonshiner. He really was, I think he was involved, but he was tangentially involved. And apparently the deal was, \"Don't rat on us and we'll take care of your family.\" And so he didn't rat on them, and he went to prison because he wouldn't, he sort of took the fall. And so my dad remembers going to visit his father in prison. But he came out and was a convicted moonshiner, so that's part of my heritage, which most people don't know. [Laughs] And he would do his fishing. And one day a friend came by, and Sunday was my grandfather's day off, and the friend said, \"I really want to go fishing for fun.\" And it was bad weather, but my grandfather took him out, and this storm came in and it capsized the boat. So my grandfather, there was one anchor chain, so he wrapped it around the other fellow so the fellow could kind of hang on to the boat, and he tried to hang on but he couldn't, so he drowned. So my dad was about eleven at the time, so four children, this poor village, no money, no resources. "
            ]
        },
        "segment 4": {
            "Segment Desc": "Father's career as professor at the University of Hawaii",
            "Segment Questions": [
                " LB: What was your father's discipline? Sociology? ",
                " LB: So when he came to University of Hawaii, what did he teach? "
            ]
        },
        "segment 5": {
            "Segment Desc": "Description of relationship with father",
            "Segment Questions": [
                " LB: How would you describe your father as you look back on him as a father? ",
                " But it wasn't until I was in college that I came to really appreciate him in a different kind of way. Because I went to a small high school, University Lab School, we were experimented on with curriculum. It was very small, very sheltered, and my friends went away to universities, colleges elsewhere. And I kind of wanted to, we didn't have much money in the family, but I didn't want to go to the regular University of Hawaii. And so there was an experimental college called New College that was being sponsored by the university but was separate. Separate faculty, different kind of student body, no tests, very intense interaction with teachers, and so I wanted to go to this school -- and no grades. And my mom said, \"No, you can't go there. How are you going to get into graduate school?\" No grades, this hippie thing, right? But I said I really want to go. There are some great teachers there and it was a real chance to learn about the world. And I asked my dad and he said, \"If you're serious about it, then go do it,\" which was a really wonderful thing. And I was. And it was there, as I began to feel... all of a sudden I went from a school which was mostly Asian American to a school which was mostly white, the people had come from all over the country to be part of this program, and it was a real culture shock for me, and it was a real learning shock, 'cause these people were so verbally articulate. And so I really had to take stock of myself. And because there wasn't too much structure, I had to figure out what I could be here. It wasn't the classic Asian American everything's set and you know what your goals are and you work really hard and you do well, it was wide open, and you do well, it was wide open, and there's no grades to measure how well you're going to do. ",
                " And so for me, it was very significant because it enabled me to really get into the heart of Hawaii. Not just the lovely hula hands and the tourist images of the \"melting pot,\" but really understand the racial ethnic tensions. And more important, the sources of where they came from, starting with the overthrow of the Hawaiian nation, the coming of the ethnic groups, and the struggles among the groups in light of how the plantation owners treated the groups. And then to move forward with the rise of the labor union and joining forces with the 442nd, people who had come out and gone to law school, using the democratic process, the vote, to overthrow the republican white oligarchy in 1954. Opening up the society, the creation of new social justice laws which were the first in the country in many respects. But then also seeing how some of those who fought for social justice as part of the Democratic Revolution, continued that work, but others decided, \"We need to, this is time to make some money, too.\" And so seeing kind of a split, and me coming right in the middle of that, saying, \"Hey, wait a minute. Some of the people who did so much good might become part of the, might be becoming part of the problem or establishment. So what do we do as a younger generation?\" So that's exactly where I emerged in this New College program which gave me the opportunity to take ethnic studies programs, to research about Hawaiian studies, and there was no Hawaiian studies program, there were no Hawaiian studies courses, even. To research, go into communities, to work with the communities there, to see the breakdown, to see the effects of the mass migration of people, and huge development, expansion of tourism, the rise of native Hawaiian consciousness, to really begin to kind of put things together in a very significant way. And then I realized that to do the work I wanted to do in Hawaii, to make Hawaii better, to help everyone understand the dynamics of the racial forces in Hawaii, I needed something more than what I had. So it was there that I decided, \"I'll go to law school.\" "
            ]
        },
        "segment 6": {
            "Segment Desc": "Close relationship with mother",
            "Segment Questions": [
                " LB: Before we go there, can you tell me a little bit about your mother? ",
                " EY: My mom was the -- is, she's eighty-six now -- is the wonderful stabilizing force in our family. I think she was very much like her mother, very compassionate but strong. Always telling us not only the right thing to do, but also telling us about people and what people feel and why. And so I remember when I was in third and fourth grade, I was very bad at school. I was the second worst speller in my class, 'cause I didn't read, I didn't like it. I liked to play. Also, I was a very good athlete. So when it was recess or P.E., I'd be running around and organizing people, I'd come back in the classroom, I was very unsure. But I would get these report cards, no grades, but they would say, my mom would sit down and says, \"Eric is gonna, he's okay, but he's kind of struggling in spelling, these other things. And in sports he's really good, but he's so quiet in class that outside, he's always yelling at people. And he's telling them what to do and he's...\" and so my mom would say, \"Eric, you know, when you do that outside the class, you make people feel bad when you yell at them because they're not as good as you.\" Said, \"You know how inside the class you feel like you don't do as well, you don't feel so good? That's how you make people feel.\" So I remember her telling me, \"You have to be more tolerant of people. You have to know how you affect people just as you should know when people affect you a certain way.\" And I remember her telling me those things in third and fourth grade, it really stuck with me, and really helped shape my approach to relating with people. To really try to listen, to truly kind of see how I'm affecting people. "
            ]
        },
        "segment 7": {
            "Segment Desc": "Deciding to go to law school and moving to the mainland",
            "Segment Questions": [
                " EY: The decision to go was really based on that sense that so much in Hawaii was changing, and that I wanted to be a part of that and steering it in a good direction, whereas a lot of it was heading in a bad direction. And so I realized that I needed to learn, I needed to have something more. So actually, one of my projects was to interview lawyers in town just to see what they thought about their careers, and particularly those that might do something significant with their work. And so that's how I started out, and I realized that's what I want to do, but I want to go to a school that would foster a desire to do some kind of justice work, some kind of community-based work. And so Boalt Hall... and I'd heard about the Asian American law students, and, \"That's where I want to go.\" But I thought, \"Wow, how am I gonna get in there? I don't have any grades.\" And I did a very stupid thing. I've sort of... always never followed the straight and narrow course. I didn't go to school with grades, saying, \"I don't care if I get into graduate school.\" Then I wanted to get into graduate school, \"What have I done to myself?\" So the thing I had to do was do well on the LSAT. Instead of preparing for it, I went the other way and said, \"It's an aptitude test, an intelligence test, I'm not going to prepare.\" Well, for anyone who has taken LSAT, it's very complicated. And just understanding the instructions is really difficult and time-consuming. So I went in to take the exam not having prepared at all. I read that pamphlet when you sign up, it's like twenty questions, that's the only thing I did. And my sister, who was four years younger, did better than me on that one practice. And so I was overwhelmed, and I got my results, and it was very mediocre. And I thought, well, now I've really blown it. No grades, experimental school which actually was closed down by the regents for lack of funding, and a mediocre LSAT score. I said, okay, now I better be serious. And so I went ahead and my mom bought me all these study books, and I just worked through them. And I took it again, and then my score went up really a lot. And so the LSAT people wrote to me, they kind of thought, \"Maybe this guy cheated. Because maybe he had someone else take it,\" 'cause it's not supposed to go up that much. But I explained to them, I wrote to them, and gave them a second sample of my signature and all that stuff, and it was okay. ",
                " LB: When was this? When did you start Boalt Hall? "
            ]
        },
        "segment 8": {
            "Segment Desc": "Working with the Asian Law Caucus",
            "Segment Questions": [
                " EY: While I was in school, several things happened. One is, I knew I was going to get through it, so I didn't want to go through the traditional program and compete with everybody else to try to get the traditional plums of legal education, I really wanted to learn. So I did several things. One is I decided which classes I wanted to go to and work at and which ones I didn't. Probably shouldn't say that because I'm a law professor now, some of my students might misinterpret that. So I actually read a lot of things outside of the legal class syllabi. And so I read about politics and law, and legal history and legal theory and things that helped me gain a much deeper understanding of how law operates, both as an instrument of oppression and sometimes as an instrument of liberation, and to understand those dynamics. And understand the traditional way of teaching and learning law, about law as neutral and objective, and therefore necessarily producing just results, how that was not an appropriate jurisprudential model. So I really started to train myself in doing that. And had courses that helped me do that. But more importantly, had lawyers who were legal activists. So all the way, this is not that long after the Oakland trials of the Black Panthers, and the political World War II -- not World War II -- Vietnam War protestors and free speech movement. So a lot of the lawyers there were in the community. And more important, there was the Asian Law Caucus that had been formed. And Dale Minami in particular had then just left Asian Law Caucus and formed his own law firm. And so I remember his offices, little tiny offices, and that's where you started work, too. And so I did work with Asian Law Caucus people, but also, Dale told me, \"Hey,\" he said, \"you know what? You can come do some work with me.\" So that was really great. "
            ]
        },
        "segment 9": {
            "Segment Desc": "First hearing about the Korematsu case in law school",
            "Segment Questions": [
                " LB: So can you tell me the first time you learned about the Korematsu case and the internment? ",
                " LB: Was there a consciousness about the internment in Hawaii? ",
                " LB: Do you remember learning, reading Korematsu in law school? ",
                " EY: You know, in law school we didn't read Korematsu. And I remember thinking, \"Wow. I remember this internment case, are we going to get to it?\" And we got to it in a flash, and then it was gone and we didn't study the case. And so it was, it was a compressed Con Law, constitutional law class. Instead of two semesters, it was compressed into one, and so partly it was understandable that we couldn't cover anything in depth. But I remember thinking, \"Wow.\" But I didn't know what to do about it after that. "
            ]
        },
        "segment 10": {
            "Segment Desc": "Returning to Hawaii to work",
            "Segment Questions": [
                " LB: And what firm is this? ",
                " And the wonderful thing is the firm also, because of its emphasis on community service, said, \"Do whatever you want but do something.\" And so very early on, in fact, my first year, I wanted to join the board of Legal Aid Society. It was a very controversial organization then, it was class-action suits against the state and a whole range of things. And I thought, well, Dan Case was a Republican from Hawaii, head of this pretty big firm, would probably not like it. So I went to talk to him and I said, \"Mr. Case, this is what I want to do.\" And, but I said, \"I'm not sure if I should do it or not, and I'm just a beginning attorney.\" And so he said to me, he said, \"You know what? I'm not sure I personally like what Legal Aid is doing right now. It does some very good things providing services, but these big class-action suits are destabilizing government,\" lot of things. He had a lot of good points. Then he said, \"But if you believe that it's important that you use your time and energy, and this is going to make Hawaii better, then go ahead and do it. Then you have the firm's blessing.\" I thought, \"How wonderful is that?\" And so I did. And true to life, the firm supported me, he supported me. ",
                " And so as good as the firm treated me, I knew that I didn't want to become a partner. I don't want to make this my life's work, and that was fine with me. So I chose an office away from the partners, the head partner, so I could have my friends. It was really a nice, nice working environment. And then I worked on a couple of really big cases and we did pretty well on those cases. And I learned from the partners I worked with that they were planning to make me a partner early. I was into my fourth year, and into my, beginning fifth year, and that created a crisis in me, because that's not what I wanted. It was actually not a good thing to become a partner, especially early. And because I felt like if I did I would be making a commitment, and I believe in living up to my commitments. And so I didn't know what to do. And so I told the firm that I was going to resign, that I didn't want to do this. Because I didn't want to accept the partnership and then resign two years down the road. And that created quite a stir in the law firm. And part of the reason I was able to do that is, I'm trying to think, \"What am I gonna do?\" It's right at that time that the coram nobis cases were filed. "
            ]
        },
        "segment 11": {
            "Segment Desc": "Resigning from job to work on the coram nobis case",
            "Segment Questions": [
                " EY: The petition, excuse me, the petition and exhibits. And I was not a part of any of that. But it was still a draft, they said, \"Take a look at it. And so I was blown away by it. It was just so amazing. And I did give a little bit of feedback, but essentially, it was a wonderful, polished project. Which started me thinking, \"Wow, this is great.\" And these are the people that I worked with, went to school with Leigh-Ann Miyasato, and there was Dale and Don Tamaki, my idols. And so it just sort of made me think, \"Wow, wouldn't this be wonderful?\" ",
                " And then what happened -- this is how everything ties together -- my dad retired after thirty-three years of teaching. And as I mentioned, because our family never had money, compared to his peers who actually had done well financially, my dad's one dream that had never been fulfilled during his whole entire working life was to go to Las Vegas. That's the big thing for Hawaii people, and people go all the time, his peers would go all the time and take their families all around. And we never went; he never went. He just felt like he couldn't quite afford it. So he had just retired, and I told him, \"Hey, your retirement present, I'm taking you to Las Vegas. So we went. And this is probably the nerdy part of me, me and my dad. We love to gamble and play poker. I grew up playing poker with my relatives every Sunday. So we get to Las Vegas, in this modest California Hotel, and we're sitting in the room. And what do I bring with me? I bring the whole petition. I'd read it once, I wanted to read it again. And so my dad, of course, he sits, and he and I, for two days, all day during the days, both of us, we read the whole thing. Every page, every exhibit again. So for me, it was the first time reading it really carefully. And my dad is reading it with me. We'd break it up into pieces, you know, it was so fat, right? Take it apart and read it and talk about it. And at the end of two days, my dad is like, \"Do you know what this is?\" And so we just went at it. And I realized, \"Oh, my gosh, this is what I want to do.\" And so we gambled at night, and we read this Petition for writ of error coram nobis in the days, two days. So we come back, and I had given some feedback to Dale or whatnot. ",
                " By this time, things rocked along, and Judge Patel was treating the case as a civil case, and discovery had just started, and a whole bunch of documents were coming over from the government. And I know that one approach that was being thought of to organize the documents was to use a computer system, and to have those documents analyzed and inputted. And that's one of the things that I did, big case. And so I was -- I don't remember the timing of this, and might be a little bit off. But I was on vacation, so I came to the Bay Area as I did, and I remember Leigh-Ann say, \"We're just starting up this thing and we have this sheet, can you take a look at it? Maybe you want to help code some documents.\" And I remember her telling me that, \"We have some, a bunch of law students and undergraduate students who are going to be coding these documents.\" I said, \"Sure.\" So I got a stack and on my vacation, sat at a coffee shop and started to go through them, trying to be helpful. And then I realized that, oh, my goodness. For all the wonderful effort and thought that's gone into this, that the way it's set up is probably not gonna yield the results. Because I know that when we did stuff like that, the quality control, we so rigorously trained the people doing the analysis and inputting, and we oversaw it, two levels, every single piece of every paper that was analyzed, what was going into the computer to make it work right. And so I thought, \"Wow, this is going to be a lot of effort, and it might not yield the results, even though it was a really smart thing to do. So after that I went back and I took it upon myself just to write up a different way to handle it that might simplify the process, and yield better results given all the time and effort. And I knew that everybody else on the team was working their regular jobs full-time and then doing this at nights, on the weekends. And I remember talking to you, Lori, when I had come by on that trip, and the excitement and the level of commitment, but also the level of juggling regular, ordinary work, trying to make a living. And you folks were still in the Oakland office, I remember, and then trying to do all of this stuff at the same time, and it was somewhat overwhelming. ",
                " And so I wrote, I remember, an eight-page single-spaced thing about what I thought some of the difficulties with the current system were and some of the, alternative way to simplify and handle the system, actually, outside of the computer process. And so I remember then very shortly after, getting a call from Dale and saying, \"Hey, we looked at the stuff and we're thinking about it, and we could really, there's something you could do. Can you help out?\" And I think he meant to help out the team from Hawaii or come by part of the time. And that was right at the time I was thinking, \"I don't want to be partner at the firm.\" So it was like a divine intervention, or something really putting the pieces together saying, \"Look, here's what you're meant to do now.\" And so I had purposefully not encumbered a big mortgage or expensive car and things, I was very mobile. I paid off my student loans, and I had saved a little bit of money, and so it just made perfect sense. "
            ]
        },
        "segment 12": {
            "Segment Desc": "Moving to the Bay Area",
            "Segment Questions": [
                " LB: So when did you come up to the Bay Area? ",
                " LB: What was that importance that would make you leave Hawaii to come up and work on the case? "
            ]
        },
        "segment 13": {
            "Segment Desc": "Meeting Fred Korematsu",
            "Segment Questions": [
                " LB: Can you tell me about the first time you met Fred and what your impressions were? ",
                " EY: When I first met Fred it wasn't at one of the big -- it was something smaller, I can't remember exactly. It was some kind of smaller event, I don't know if it was a fundraiser... and he's such a gentle man, a humble spirit, and this big old smile. And one of the first things he said to me was, \"Oh, Hawaii, you're from Hawaii?\" That, just the Hawaii thing just lit his eyes up. And he went right into, \"Oh, when I was in jail waiting for my trial, the guy in my jail cell was from Hawaii, and so we talked all about Hawaii. And he told me about the beautiful women.\" [Laughs] He went on and on. I wanted to ask him about, \"What's the case?\" And, \"Why are you standing up against injustice?\" But he wanted to talk about Hawaii. It was just, he was so delightful and so real that it just made this really stark impression on me, like, \"What a real person.\" And there must be something really special about him to be able to stand up in the way he did. And you could just feel for him, why people could really relate to him. He was an ordinary person in so many ways, and yet extraordinary. "
            ]
        },
        "segment 14": {
            "Segment Desc": "Description of the Korematsu legal team",
            "Segment Questions": [
                " LB: You told me some about the legal team and the members of the team. Can you tell me something about the working relationship and the team? The meetings, how people related to each other. ",
                " EY: It was a really wonderful, amazing group. There was probably about a dozen, if I recall. And what was really great is everybody was really... it was two things. People were really professional. Like, \"We got a job to do and we got to really be thoughtful and hardnosed and make judgment calls.\" And at the same time, it was like, \"But we're friends and colleagues and we can joke around, and at the right moment, make fun of each other and support each other.\" So it was this wonderful dynamic that was such a wonderful thing to be in right at the very beginning. And like I said, it was intense because everybody was doing their regular work. And through part of it, then, I think your office was moving, right? So on top of everything, trying to move office. And so all of this stuff was happening so it was a very intense atmosphere, but at the same time, it was so collegial and so warm and so communal. ",
                " And so what I remember is in one meeting early on, and people were discussing something, I don't even remember what it was specifically. And I had a slightly different view, and so I said, \"Well, I think this,\" and there was a lot of good discussion. And then at the end I said, \"Well, I don't know if I've changed my view.\" And I thought, \"Why don't we just go forward?\" And then I forgot who it was, might have been Dennis Hayashi or somebody said, \"Well, you know, we don't go forward if people really feel in disagreement. We need to keep talking about it 'til there's consensus.\" And so I realized, oh, you know, that really is important and is part of this really important dynamic process, which is actually really different from a law firm. 'Cause in a law firm, you say what you want to say, you get outvoted, and you're a little, \"Aw,\" but you go on. But this was different. And so it helped me understand. We could talk it through a little more, then I realized, okay, I'm okay with this, and so there could be consensus. But the process was to make sure everybody's input not only was heard, but everybody personally felt like we've been heard, and this actually is the right decision for the group. So that was very significant. "
            ]
        },
        "segment 15": {
            "Segment Desc": "Memories of hearing the Korematsu ruling",
            "Segment Questions": [
                " LB: Can you tell me about any specific moments in working on the case that stand out in your mind, in particular, were you present when Judge Patel issued her ruling in court? ",
                " And at that moment, the room, I could hear people starting to cry in the back. You can feel the energy, and it was just vibrating back and forth, people starting to cry. I could feel my eyes water, I could see everybody on the legal team and we just had that same feeling. And it was so cute, that I learned later from Dale, in the midst of all of that, then finally Fred turns to Dale and says, \"What happened?\" [Laughs] \"Fred, you won.\" And so that was, that was a really magical, magical moment, beyond what I think anyone could have really hoped for, and it turned out to be quite wonderful. "
            ]
        },
        "segment 16": {
            "Segment Desc": "Aftermath of the hearing: emotional reactions",
            "Segment Questions": [
                " LB: What happened after the hearing, can you remember people's reactions? ",
                " LB: So if you had to explain why the reaction that the Nisei had, the tears, the joy, why do you think they had that reaction? "
            ]
        },
        "segment 17": {
            "Segment Desc": "Impact of the case on personal life",
            "Segment Questions": [
                " LB: What did working on this case mean to you? ",
                " It was also important to me because not knowing what I was gonna do after I left the law firm, I finally realized, \"Oh, I think I do want to teach law school.\" Said, \"Darn, I should have tried to be in Law Review. Now it's coming back to haunt me.\" [Laughs] But so what can I do at this point, right? I made my choices and they were all the right choices, but it's not pointing me to where I next want to go. But I had more time because I wasn't working. I was recovering from a serious sports injury, so I used half of my day to rehab, and I was living in San Francisco, I would run up and down the stairs and the hills and go to the basketball court, and actually, I did rehab my leg really nicely. And the other half of the day, I went to a little tiny cafe on Twenty-fourth Street. It's called the Meat Market, and it's not what you think. [Laughs] I thought it was kind of a strange name. But it actually was the former meat market that had been converted to a cafe. And it had a room in the very back with a window to the outside, beautiful blue sky and trees. And it was way in the back, so no one went there, so I would go there like my little office, four hours a day. And I collected all the litigation materials, but I also went and got all the cases that -- not only that were discussed in the materials -- but other cases about national security, civil liberty historically and whatnot. And so I just read 'em, and I started to form this picture that tapped into my sort of deep desire to have been part of the coram nobis team to begin with, was what's the impact on the future? And I began to realize that this was a historical pattern. That during times of national crisis, government officials, in order to bolster their political standing, will sometimes do the right thing to provide for the security of the country, which was really important, but oftentimes they would go way overboard. That they would find out who's the most vulnerable group and scapegoat that group in order to make people feel better. Whether it's because people feel safer, or their sense for vengeance or whatever it is, is dealt with. And so I realized that this has happened over and over, and that what happened in internment could happen again unless we really learn some deeper lessons that were translated in broader ways. And then I realized that it was the courts that were allowing this to happen over and over again. So I spent that time examining the national security, civil liberties tensions embodied in American law. And so I spent that time in the cafe every day, not only figuring out the more specific legal lessons of the Korematsu, Hirabayashi, Yasui coram nobis cases, but also trying to see how we could argue that American law, national security, civil liberties, should be altered and why. ",
                " And so I spent that time, I didn't have any computer. In fact, there were hardly any computers. So I handwrote on a yellow tablet, and I got my cards, and I wrote notes, and I cut and pasted and did all this stuff. And so I did that for six months, and I came out, I had a manuscript starting with the coram nobis case, Korematsu in particular, but also the national security, civil liberties jurisprudence, and then where it might go into the future. And so I wrote this all up by hand, and I did it just 'cause I wanted to do it. And then someone graciously agreed to type it up for me. It was on a very early computer, I needed a couple drafts. And then it turned out that my law school had an opening for a professor in civil procedure. And that's the one thing I would be qualified for. And, but I wasn't on Law Review. I applied for the position, and they said, \"You're not on Law Review, how do we know you can do scholarship? And you were in practice,\" and I had some really wonderful letters from the attorneys in practice. So I said, \"Well, I have this manuscript.\" I had two manuscripts; one I had written as an undergraduate doing that work, independent study work on Hawaii community and changes and justice issues, and that had won an award, so I showed them that. But then I showed them this other manuscript from the cafe, which was still very rough. But it just happened that Mari Matsuda, who had joined the faculty, was on the hiring committee, and John Mananke, our Con Law professor was on the hiring committee. And they knew what this stuff was about and why it was significant, and that the manuscript, what I was writing about was brand new stuff, and it was very significant for the future of American law, perhaps. And so that opened the door for me, and then I made it to the short list. And at that time, they were hardly hiring people from Hawaii, they wanted people elsewhere. And I was on the short list, even though not having been on Law Review, and I had to give a presentation to the whole law school. That was kind of the test, \"Could this guy do it?\" And so what did I talk about? I talked about the coram nobis cases, and I talked about the documents, and I talked about the impact. And it was a big hit with the audience. And so it was those two things combined that really got me over this hump that I would not, might not normally have qualified to be a law professor. And so the coram nobis cases and the legal team were just really, were so influential in me being hired. And my first article came out called \"Korematsu Revisited,\" in terms of present-day events. And you know, it got me into working on racial justice issues, human rights, civil rights, and it opened so many doors for me. And I've tied in my civil litigation, civil procedure expertise into that, and it's really meshed really wonderfully. ",
                " And for a while I thought, \"Well, I need to move on. I can't just do this thing and then sort of live off of this thing.\" But what I realized is that the coram nobis cases have a life of their own. And because they reflect so much, not only what happened and the importance of correcting injustice, but they also reflect on the future and about how we are likely, if we're not vigilant, to replicate this same type of injustice. And if we do, what do we do about it in terms of repairing the harm through reparations? And so I realized it has a life of its own that continues, especially post-9/11, the significance of all of this work is even more important. And so the Korematsu Justice Center that's opening here at Seattle Law School is so important for that reason. It's not just a historic look backwards, it's a look forward. And so the work that I do now really embraces that Korematsu spirit, at least for me. How do we assure that this kind of injustice or broader injustice doesn't happen to anyone? ",
                " LB: This manuscript that you wrote, did you write it because you knew that that might be a way to get into academia, or did you write it because you just needed to? "
            ]
        },
        "segment 18": {
            "Segment Desc": "Discussion of the original Korematsu v. United States case",
            "Segment Questions": [
                " LB: So one of the things that's often asked is, is Korematsu v. United States still good law, and what effect did the coram nobis cases have on that? "
            ]
        },
        "segment 19": {
            "Segment Desc": "Effects of the Korematsu case on 9/11 issues",
            "Segment Questions": [
                " LB: Has Fred's case been part of the public dialogue or the judicial dialogue after 9/11 expressly? ",
                " And so that's become very significant, I think, in the United States, for African Americans, for example, the Japanese Latin Americans, native Hawaiians, Native Americans, the Latino Bracero workers. On and on, you see it springing up, and you see Japanese American redress as one important piece of that puzzle. Internationally now, reconciliation has become very significant. Whether we're talking about the Korean sex slaves during World War II in Japan, or you're talking about the British treatment of the Maori in New Zealand. You talk about the aboriginal children, the \"stolen generation,\" taken out of their homes and put into horrid government schools in order to \"assimilate\" them -- really, abuse them. Whether it's Australia or Canada, whether you're talking about what happened in Rwanda or in Chile, Sierra Leone, the language of reparations as part of reconciliation and rebuilding countries, taking injustice and trying to repair the harms of injustice as part of what it means to be a civil society, all of those ideas now have taken hold. They're kind of all over the place, and there's no real clear sense of what it means or how do we measure what's successful and what's not? But at least part of that piece is traceable to Japanese American redress. And part of that piece of Japanese American redress is traceable to the coram nobis cases, and then back further to Fred, Min and Gordon's willingness to stand up and fight, and to the ACLU attorneys who were willing to stand up and fight for them. And so I think we can trace a lot of these things into the present, and perhaps into the future. ",
                " LB: After 9/11, have the courts, dealing with issues post-9/11, been citing the Korematsu case? Have they cited it as negative precedent? That is, \"Well, we can go ahead and do this,\" or have they condemned it? ",
                " LB: Did you talk to Fred about submitting the amicus brief in Rasul v. Bush? ",
                " LB: What did he say? ",
                " EY: Well, Fred, you know Fred, he says, \"You think it's a good idea?\" I said, \"Yeah, Fred, this is a really good idea.\" And he had, I talked to him also when he was, the Hamdi brief was coming out. And I said, \"Your voice can be really significant here.\" And so he says, \"Well, will you have a voice, you and Dale have a voice in it?\" And I said, \"We will. We'll make sure it's okay.\" So he said, \"Let's do it.\" He said, \"This is why my case, I litigated my case, and this is why you folks did it, too. Not just for me or not just for what happened before, but we want to stop it from happening in the future to other people.\" Now, it's so consistent with what Fred had felt and said right from the very beginning. It really was for other people. "
            ]
        },
        "segment 20": {
            "Segment Desc": "Remember a speech given by Fred Korematsu at the University of Hawaii Law School",
            "Segment Questions": [
                " EY: ...Okazaki, which had been nominated for an Academy Award, was being shown at the International Film Festival in Hawaii. I'm not sure why it's \"International,\" but International Film Festival in Hawaii. And so they had asked, they were gonna show it and they said, \"Well, we have speakers after these major films, can you speak?\" I said, \"Better yet, why don't you bring Fred Korematsu?\" They didn't even know he was alive. So they raised money, the JACL Honolulu raised money and they invited Fred. And then they decided they were gonna make this a big event, so they got the Eastwell Center, the big ceremonial room, and Leigh-Ann Miyasato and myself were on the panel with Fred, and Dan Inouye, the senator, introduced it. It was a big deal. So as part of that, I had Fred come down and talk to my class. And it was standing room only, overflowing. All the local media, the school media, everybody was there. And so I give the little opening about the case, a little background, and so Fred can do his thing. So I said, \"Fred, you got about twenty-five minutes. That's a long time.\" So he starts talking, and he starts out okay, \"There was this, and I did this, and my family...\" then he gets to he was in jail. So he's only five minutes into his talk, into the jail with the Hawaii jailmate. Then he starts talking for the next almost ten minutes about how they really thought the Hawaii girls were really pretty, and about the food in Hawaii was so great, and how he really liked those, those flower shirts. And, you know, he likes being in Hawaii. And he starts talking about the sun and surf. It's like, \"Fred,\" you know, it's a limited time, the room is packed, you haven't even got to your case in World War II, let alone the coram nobis case. And so then after... I can sense everybody's, like, \"Okay,\" and we all know from Fred, like, he can sort of go -- as Don Tamaki said, it'd be like this plane ride, then it starts to stall and starts heading to crash-land. So, \"Is he gonna pull it out?\" So I stand up, and he's talking, he's at the lectern, and I whisper and say, \"Fred, can you kind of speed it up and get to the real good stuff?\" That's all I say, right? So he pauses, and he goes, \"Hmm.\" He says, \"You know, my counsel, I always listen to my counsel, the legal team. And my counsel tells me that I'm boring you. That I'm talking about irrelevant things, and that I should really get to the, get to the relevant stuff.\" Everybody turns to me and starts booing me big time. \"Boo, ssss,\" at me. [Laughs] They're so totally... they're kind of wondering where he's going, all of a sudden he's shifted them back onto him, they're totally behind them, and he totally gets into his case and he totally gets into the coram nobis cases, and he just, like, knocks their socks off, and I'm the villain of this whole piece. And he was so good, and when he left, the lesson about what's going to happen in the future just resonated. And so it was in the newspapers. It was just magnificent. And, of course, Kathryn, his wife, who was so wonderful and who just knows everything about everything, so she's scolding him, \"Fred, why did you say that?\" But he says, \"Well...\" it was a very sweet moment. It was so classic Fred, and we all know that from seeing him speak. ",
                " LB: So what did it mean to you personally to have Fred go speak to your class, speak at your school? "
            ]
        },
        "segment 21": {
            "Segment Desc": "Reflections on the Korematsu case",
            "Segment Questions": [
                " LB: I have just a couple more questions. Fred was rejected by the Japanese American community when he fought his case during World War II. And some have felt that he resisted the internment for only personal reasons, not for, not on principled grounds. How would you respond to those concerns? ",
                " EY: Well, first of all, it was really difficult for Fred and for the Japanese American community at the time Fred stood up, and Min and Gordon stood up to say, \"No,\" to the internment. Because you gotta understand their perspective, those who were feeling so afraid and lost so much that, \"If we rock the boat, it might get even worse.\" And it might have. Certainly from the standpoint of Fred, Gordon and Min, they realize that it was wrong, and Fred knew it was wrong. And, of course, he wanted to, for himself, to have his freedom for personal reasons like everybody would. But the moment he was picked up and the moment he was gonna be charged, he had a very easy -- well, he had a choice that would have made life easier, which is simply to go to internment camps, that's it, like everybody else. But he said no, and he said, \"I'm going to challenge this,\" so they said, \"We're gonna charge you, we're gonna try you.\" And he said it then and he's reiterated that ever since, that he knew it was wrong, not just against him, but against all Japanese Americans. And so I think some of the criticism about Fred only doing it for himself, that's not correct. Because he did it for himself but not only for himself. I think part of that is still from that, that sense of anxiety at that time, like, \"Why are you doing this? You're making it worse.\" My gut sense is that some of that criticism has lessened, that as with redress and the significance of Fred's actions as part of redress, I think it helped lessen that somewhat. And I think the story of Fred Korematsu is coming out more and more and realizing that, sure, he did it for himself, but he did it for everyone, is surfacing. I think that's really important. And then I think what's really important also is that, for example, the Heart Mountain draft resisters in Wyoming, Frank Emi and that group, who I had a chance to talk with not too long ago, their resistance to being drafted was very significant and they were prosecuted. And many of the Japanese American internees felt the same way towards them as they felt towards Fred, like, \"Don't make it worse, why are you resisting?\" And it's only been much later that people have come to recognize the significance of that kind of resistance. And of course, they're doing it for themselves, but they're doing it for something larger for everyone else. And so I think the JACL has begun to recognize that there have been apologies, and I think that, more and more, that kind of feeling of criticism has softened. I'm not sure in your experience how that is now, but that's been my experience. So it really shows that to stand up is really hard. 'Cause you're not only standing up to the power, you're standing up sometimes to your own people and your own group, and you have to really exist almost alone for a long time. And so it really underscores -- this is what I call courage, and I think they really had it, and Fred certainly had it. ",
                " LB: So you may have actually already answered this question, and the last question. How would you, how would you describe or characterize Fred's legacy? ",
                " LB: Is there anything else that you'd like to share with me about, about Fred, about your, the things that have influenced you in your work? "
            ]
        }
    }
}