{
    "Narrator_Name": "Florence Ohmura Dobashi",
    "Bio": "Nisei female. Born October 1927 in Los Angeles, California. Grew up in several cities in California where father was a minister, but was living in Riverside, California, when World War II broke out. During the war, removed to the Poston concentration camp, Arizona. Left camp to finish high school in Ohio, then attended UC Berkeley and UCLA. After the war, worked for attorney Wayne Collins while he fought on behalf of Japanese Americans who renounced their U.S. citizenship in the camps.",
    "Title": "Florence Ohmura Dobashi Interview",
    "Interviewer": "Tom Ikeda",
    "Location": "San Francisco, California",
    "Date": "January 19, 2016",
    "Densho ID": "denshovh-dflorence-01",
    "transcript": {
        "segment 1": {
            "Segment Desc": "Father's family background",
            "Segment Questions": [
                "TI: So today is Tuesday, January 19, 2016. We're in San Francisco, and we have an interview with Florence Dobashi. And so, Flo, I guess the first question is, can you tell me when and where you were born?",
                "TI: And what was the name given to you at birth?",
                "TI: Good. And let's start out by talking first about your father. Can you tell me your father's name?",
                "TI: And where in Japan did your father come from?",
                "TI: And can you tell me or do you know what your father's family did?",
                "TI: Okay. And so what were the hopes for your father? Because most... I've done hundreds of these interviews, and most of the men who came over came because there was no other opportunities for them in Japan. And they came over as pretty, I guess, for lack of better words, pretty poor. It sounds like your father actually had resources when he came.",
                "TI: Okay, before we go there then, about how old was he when he first came to America?",
                "TI: And do you know about what year that was?",
                "TI: Okay, so he would have been about 1906?",
                "FD: Oh, was it? Well, whatever.",
                "TI: And then from San Francisco he made his way down to Southern California, or did he live in the Bay Area for a while?",
                "TI: Okay. Now, did he know people, did the family have, like, family friends or relatives in America for him to live with?"
            ]
        },
        "segment 2": {
            "Segment Desc": "Father's early life in the U.S.: having a son in Japan he didn't know",
            "Segment Questions": [
                "TI: And then you said, you were talking, so he got sick, and then after USC he got sick, and then decided to go into business, you said?",
                "TI: So pick up the story there, what happened?",
                "TI: And this was in Southern California, Los Angeles?",
                "TI: And then what did he do?",
                "TI: Well, and I've read some of your writing, so during this time period, one of the things that you wrote was that it sounded like he met a woman during this time?"
            ]
        },
        "segment 3": {
            "Segment Desc": "Father's involvement with a Christian church in Los Angeles",
            "Segment Questions": [
                "TI: So going back to your father, so he had this small magazine. He was in Japan, he spent a few months there. And then when he returned, what did he do?",
                "TI: Okay, that was the Japanese Union Church?",
                "FD: Well, it wasn't then. At that time it was, I forgot which one it was, but the Union Church is a, what do you call that? Well, it's a union of three separate churches, small churches that got together and formed what they called the Japanese Union Church. And then they built that structure in Los Angeles, it's still standing.",
                "TI: That's the one in Little Tokyo?",
                "TI: But yet that was his, sort of his hope to go into the clergy?",
                "FD: Well, after, while he was the administrator, they had difficulty locating somebody, a minister to stay permanently. They had various ministers who stayed for only a year or two, and that sometimes there were gaps, and they didn't have a minister. And so my father had to give the sermons and act as a so-called lay minister, or lay pastor they called it. And so after that experience, he thought, well, why be a lay pastor, why not become a real one? And so when they finally found somebody who promised to stay indefinitely, then he felt free to leave and go to the Pacific School of Religion at Berkeley and learn to become a real minister.",
                "TI: Now I'm curious, when he was a lay minister, were all his sermons in Japanese or did he also do English?",
                "TI: Okay, so he was able to do both, which was pretty impressive for an Issei to be able to be able to do English and Japanese sermons. And so about when did your father meet your mother?",
                "TI: Now when you say, when your father was at the Union Church, was this when he was a lay minister?"
            ]
        },
        "segment 4": {
            "Segment Desc": "Mother's family background",
            "Segment Questions": [
                "TI: And where was she from?",
                "FD: She was from Kyushu... oh, dear. I'm getting so old that I can't remember anymore. The province that Hakata is part of, what's that called?",
                "TI: And then how did she go from there to the United States?",
                "TI: In Japan?",
                "TI: I see. And so how long did she live in Japan?",
                "TI: And that's where she met your father?",
                "TI: Now, was it during that time they started dating, your father and mother?",
                "TI: Okay. You mentioned earlier your father was first a lay minister and then started getting training at Pacific. And that was in the Bay Area?",
                "TI: Did your mother also return to the Bay Area during this time or did she stay down in Los Angeles?",
                "TI: Okay. So then after your father finishes his training, what did he do next?"
            ]
        },
        "segment 5": {
            "Segment Desc": "Description of siblings, life in Chula Vista, California",
            "Segment Questions": [
                "TI: Okay, so this is where you joined the story. So you were born in Los Angeles, and then your mother and father and you moved to Chula Vista?",
                "TI: Now, did you have any siblings?",
                "TI: And what's your brother's name?",
                "TI: Was he born in Chula Vista?",
                "TI: Okay. And the names of your sisters?",
                "TI: Now going back to Chula Vista, do you have any memories of Chula Vista?",
                "TI: And what was that like? Can you remember the...",
                "TI: ...physical labor?",
                "TI: Okay. Yeah, I think earlier we were also talking that during that Chula Vista time, he was also assigned on an interim basis on a short term to San Diego?",
                "TI: And do you recall anything about San Diego?",
                "TI: Now looking back, when you think of Chula Vista versus San Diego, was it partly because the San Diego congregation was much larger than Chula Vista?",
                "TI: And so I'm thinking that it's a function of, kind of, I guess the wealth of the community that L.A. was much larger, much wealthier, Chula Vista is a small farming community, and then maybe San Diego is kind of in between the two possibly?"
            ]
        },
        "segment 6": {
            "Segment Desc": "Excelling in school in Riverside, California",
            "Segment Questions": [
                "TI: Yeah, so moving from Chula Vista, where did your father get assigned next?",
                "TI: Do you recall about how old you were when you moved to Riverside?",
                "TI: And how was it for you? Because you developed these friendships in school, and then it seemed like every few years you have to move. How was that for you?",
                "TI: What was the student body like? How many, like, Japanese were your class?",
                "TI: And was that the same in, like, San Diego?",
                "TI: And then going to Riverside?",
                "TI: So this would be a diploma for middle school that he sent to you?",
                " TI: Junior high school. And going back to why you might have been on the student council, things like that, back then, what were your grades like?",
                "TI: So pretty much the top of the class?",
                "TI: So maybe that's why? You were probably viewed as, at least in the school environment because of your grades, as perhaps a leader?",
                "TI: I mean, can you recall anything at Riverside besides student council and maybe your grades that people singled you out for? I mean, is there anything else that you can think of in terms of, you know, were you like, a particular subject really good at, or anything like that?",
                "TI: Now during this time did you ever help your other classmates, try to help them with their homework or understand things?",
                "TI: So going back to Riverside, who were your playmates? Who did you hang around with and play with?",
                "TI: Now, were these identical twins?",
                "TI: Yeah, it seemed like twins were more rare back then. Seems like there are more twins now, but I don't hear of too many twins. And what kind of activities would you do with twins?"
            ]
        },
        "segment 7": {
            "Segment Desc": "Learning to play the piano for father's church services",
            "Segment Questions": [
                "TI: Well, so when your father went to Riverside, we talked about Chula Vista and San Diego, with Chula Vista barely scraping by, San Diego, because of the congregation, you had a house and a bigger stipend. What was Riverside like? Was it more like Chula Vista or more like San Diego.",
                "TI: And when you say it also served as a church, it must have had a large, like one large room in there, like a large dining room?",
                "TI: And do you recall like about how many people attended services during this time?",
                "TI: Now, to get ready for, like, a Sunday service, did you or your siblings have to do anything to help prepare, or was this your father and mother who did everything?",
                "FD: Oh, my father did, except that they maybe take... not maybe, but they let me take piano lessons from the time that I was about eight years old. And I really enjoyed playing the piano until I found out that my father expected me to play piano for the church services. [Laughs] So that's one of the chores that I really dislike. If he told me in advance which songs were going to be sung at a service, then I could practice in advance and at least get acquainted with the melody so that I could play it. But then sometimes they'd say, well, the congregation gets to choose whatever they want to sing. And so they would pick things out of the blue. And, of course they picked tunes that I had never heard before, so I had no inkling of what they were supposed to sound like and I had to read the music as I went along. Well, sometimes it was a real struggle and I felt sorry for the congregation because I thought, \"How can they sing along when I'm struggling with the piano?\"",
                "TI: I guess that's one way of learning how to perform on demand, just do that. How about other, like, Japanese community events and things in Riverside? Do you recall anything like picnics or other types of things like that?",
                "TI: now, when he would do that, were there competing, then, Japanese language schools for the Buddhists?",
                "TI: Okay. And when your father did his services, Sunday services, did he do it in Japanese or English?",
                "TI: And so you had to play piano for both services?",
                "TI: And do you recall which one was larger, the Japanese or the English services?",
                "TI: And do you remember, like, which one came first, which one came second or anything like that?",
                "TI: And I'm thinking, so the English would be, would that be more of a Nisei audience?",
                "TI: And bible study on Wednesday and the services on Sunday. And then if there were things like weddings and funeral services, were those also conducted at the house?",
                "TI: And how, what did your mother do during all this time? Did she do any other work or did she just support her father?",
                "TI: Now did your father, because of his English-speaking capabilities as well as his business background, did he ever advise other Japanese people about just maybe community affairs or business affairs?"
            ]
        },
        "segment 8": {
            "Segment Desc": "Younger sister's adoption to another family",
            "Segment Questions": [
                "TI: Any other memories before the war, before we move to the war? Can you think of anything else that...",
                "TI: What are some, like, highlights that come to mind?",
                "FD: Highlights? Oh, we used to go to Los Angeles every summer to visit a certain family, and that was because, well, at the time, I was aware of it, but I learned later, when I was a little bit older, that it was because they had allowed an Issei couple to adopt one of my sisters. And it was, well, while my father was attending the seminary, my mother worked at the Japanese orphanage that was called the Shonien. So while she was working at the Shonien, well, she used to take me to work and leave me among the orphans so that the administration didn't know that she was taking her own child to be cared for by the other workers. But when my brother was born, she had two little kids and she couldn't hide both of them, so she asked the couple who had served us, the baishakunin, that is, the go-betweens for her marriage, to take care of me. And then after taking care of me for a couple of years, he wanted to adopt me, but then my parents said, \"No, you can't have our firstborn child, heaven forbid that we should give her up.\" And then he said, \"Well, maybe the next one if it's a girl,\" but then the next one happened to be a boy. \"We're not going to let this boy be given away.\" And so they said, \"Well, we'll see. Maybe we'll have a girl next time.\" And so the third one happened to be a girl, and that was Grace, and so they allowed this couple, the baishakunin, to adopt her. And then that made them happy, I guess.",
                "TI: And they lived in Los Angeles?",
                "FD: So the baishakunin lived in Los Angeles. So I figured that we were going to Los Angeles every year to visit the daughter that they had given away, and my siblings didn't know that she had been our real sister, they thought that she was a cousin. But I... when I was in the fourth grade, we learned about relationships within families and why some people were aunts and uncles and others were cousins and so on. So I asked my mother, \"Why is it that Keiko is our cousin? Is it because her parents, one of her parents is your sibling or our father's sibling or what?\" And she wouldn't answer me. And I kept pestering her about that from time to time, and finally she broke down and said, \"Well, if you promise never to tell another soul, I'll explain it to you.\" So she told me that they had allowed Keiko to be adopted by this other family. So I never told anybody until, oh, way into middle age. And then...",
                "TI: Now, did Keiko know this growing up, that she was adopted?",
                "TI: And how old was she at this point?",
                "TI: But at that point it was really your parents and maybe you and a few others? So it wasn't really that well-known?",
                "TI: But then probably the one who maybe dealt with it most was your youngest sister Ruth?",
                "TI: Wow, so it really complicated the family situation. That's interesting. Tell me a little bit about your mother. What was she like? I'm curious, as all this was happening, just her personality, how did she handle these difficult issues?",
                "FD: She was... well, how do you describe her? Well, she was very vivacious and talkative, good humored, but also short tempered, too. Well, she was nice, I guess, in her way.",
                "TI: And how would you describe your father? What was his personality like?",
                "TI: Now, in his position, I'm wondering, yeah, I'm not quite sure how it is to be a minister. Did he have very many, like, close friends that would come over and he would just sort of hang out with and do things with?"
            ]
        },
        "segment 9": {
            "Segment Desc": "Visiting Los Angeles",
            "Segment Questions": [
                "TI: Earlier you mentioned visiting Los Angeles. What was Los Angeles like for a young woman, a girl going from, because you kind of grew up in smaller communities where there weren't as many Japanese, and then you go to Los Angeles, and I'm guessing maybe like Little Tokyo, places like that, what was that like for you?",
                "TI: What would that neighborhood be called?",
                "TI: But when you would go to Los Angeles, where would be some of the places you would go to as a family?",
                "TI: And where would you go shopping?"
            ]
        },
        "segment 10": {
            "Segment Desc": "Hearing about the bombing of Pearl Harbor while parents were away",
            "Segment Questions": [
                "TI: Okay. So I'm now going to go to December 7, 1941, the date that Japan bombed Pearl Harbor. Can you walk through that day for me and what happened?",
                "FD: Well, we had Sunday school and church services as usual in the morning, and then in the afternoon my parents went to Los Angeles to attend the wedding of a former Riverside girl. And I decided that I didn't want to go, so I stayed at home and the twins came over to keep me company. So we just, I don't know what we did, just talked or played games or something. And then in the afternoon, a boy drove up to the house and rushed in, because we used to keep our doors unlocked in those days, and so he just dashed into the house and said, \"Lock all your doors and windows because some people are going around town threatening to kill all the Japanese that they can find.\" Well, what? What's going on? How come? And he said, \"Oh, Japan bombed Pearl Harbor,\" and everybody's mad, we're going to war, blah, blah. And so that was Pearl Harbor Day. So the twins stayed with me all day, I guess. But then I was wondering, what did we do for dinner? I don't remember. I don't know whether we went over to the twins' house for dinner or what, but anyway, the twins were still at my house, our house, when my parents came home in the evening, late in the evening.",
                "TI: And I'm curious, during that time period, during the day, when you were there with the twins, what were you thinking? I mean, did you lock all doors and windows?",
                "FD: Oh, yeah, of course we locked all the doors. We were just sort of scared wondering will somebody try to break in, or what? But nothing happened.",
                "TI: Probably maybe worried about your parents?",
                "TI: So when they came back, about what time did they come back?",
                "TI: And do you remember what your parents said or anything when they came?",
                "TI: So the days after, so the next day when you go to school, what was that like for you?",
                "TI: Did you ever have a personal conversation or did he ever say anything to you individually about anything after?",
                "TI: And do you recall the principal's name?"
            ]
        },
        "segment 11": {
            "Segment Desc": "Father encouraged to destroy Japanese Association records after the bombing of Pearl Harbor",
            "Segment Questions": [
                "TI: How about your father? How did things start changing for him and the church?",
                "FD: Well, shortly after Pearl Harbor... well, before that, the president of the Japanese Association, whatever they called themselves, asked my father to take care of the association's records, record books. And so he had them in the church, and then when Pearl Harbor occurred, the president said that it might be a good idea to get rid of, or to destroy the Japanese Association's records. Because if the authorities found the names of the members, that the members might get into trouble. So my father obediently proceeded to burn the records, and there was a great big trash can, a former oil barrel, I guess, in the backyard, and so this Mr. Okubo helped my father take the records downstairs and piled them next to the trash can. And then instead of staying to help my father, he went away. And I thought, \"That's curious, why doesn't he stay and help my father?\" But no, he went away. And later on I thought, oh, maybe he didn't want to be seen doing that, because it took a long time to burn all that stuff. It had gotten dark, and it wasn't until late in the evening when my father was almost through that Okubo came back to see how things were going. Meanwhile, he told us kids to stay in the house, to not come out to watch.",
                "TI: But for him to burn them, in some ways, perhaps made it worse than it really was if he ever were tried or anything, the fact that he burned these records rather than just made them available. Did you ever talk to your father about why he did this?",
                "TI: So I'm going to do a little tangent here, because in your writings, your memoirs, you mentioned how many years later you went to the National Archives and got your father's file. Because later on he was picked up by the FBI, and they actually referenced, I think, burning these records. What did the records say? What did the files say?",
                "TI: Why would someone do that?",
                "FD: Well, to try to get better treatment for himself. That's why people inform on others, isn't it? To try to get better treatment for themselves?"
            ]
        },
        "segment 12": {
            "Segment Desc": "FBI's raid on the family's home",
            "Segment Questions": [
                "TI: But weeks after the burning incident, the FBI did come. Can you describe that, what happened on that day that the FBI came?",
                "TI: Besides the papers, do you recall that them taking anything else?",
                "TI: Now, a sword that fine is usually an indication of higher class. So do you know anything in terms of what that sword kind of meant to your father, the family ancestry?",
                "TI: So going back, so the FBI took those papers, the sword, and your father. And where did they take him?",
                "TI: Tuna Canyon?",
                "TI: But going back to the Riverside jail, so you said later on that day you visited him. What was that like? Describe what that was like, going to the Riverside jail.",
                "TI: Did he say, did you recall anything about, to you directly because you were the oldest?",
                "TI: Okay. And when you went to the Riverside jail, was it just the family, or did anyone else go?",
                "TI: And who was the family friend?",
                "TI: And do you think she called them because they were white also?",
                "TI: Yeah, interesting. And then you also said you visited him at Tuna Canyon?",
                "TI: And what was that like? Can you describe what Tuna Canyon was like?",
                "TI: But you were separated by just like a chain link fence?",
                "TI: And do you recall how your father's demeanor was or how he looked? Was there any difference than before that you could see?",
                "TI: And how was your mother during this time period, to see her husband?",
                "TI: And then after Tuna Canyon, where did your father go?",
                "TI: And during this time, did you have any, did your mother have any correspondence with your father, like letters back and forth?",
                "FD: Well, I thought that it was curious that they cut those pieces out. I thought, \"Why couldn't they just black out the parts they didn't want seen?\" But maybe they wanted to be positively certain that it couldn't be read.",
                "TI: And where did you see those letters? Was it something your mother had?",
                "TI: So now going back to the family, after Pearl Harbor, how did your mother cope? Now all of a sudden your father's gone, he was the head of the family and the church revolved around him. He's removed, and so what, how did the family cope?"
            ]
        },
        "segment 13": {
            "Segment Desc": "Preparing for mass removal",
            "Segment Questions": [
                "TI: Yeah, so after Pearl Harbor, in the weeks after that, did he continue the Sunday services?",
                "TI: And so how did the family start preparing?",
                "TI: And did the church help in any way? Because they had, I'm guessing that maybe the house was owned or rented by the church.",
                "TI: And so did they help out the family, perhaps, like storing things?"
            ]
        },
        "segment 14": {
            "Segment Desc": "The day of mass removal: driven to pick up location by a family friend",
            "Segment Questions": [
                "TI: Okay. And so the day that you leave Riverside, can you describe that day? What was that like?",
                "TI: So were you able to talk to anyone, any adults about this, like at school or anything else?",
                "TI: How about your Caucasian friends? Did anybody say anything to you about leaving?",
                "FD: Yeah, they asked, \"Well, what do you think about the war?\" And all I can remember is I sort of stuttered and said, \"Oh, I don't know,\" and we just sort of laughed it off and then went on with life as usual. In fact... well, actually, that's what I wrote in one of my stories.",
                "TI: And so the day you leave, do you remember what you were wearing?",
                "TI: Or what you carried?",
                "TI: And did you know where you were going at this point?",
                "TI: Okay. So then were you picked up with buses, or how did you leave Riverside?",
                "TI: And so where did the buses take you?",
                "TI: So you went all of it by bus, or did you do it partly by train?",
                "TI: And do you recall anything from that journey that you remember going on a bus from Riverside to Poston?"
            ]
        },
        "segment 15": {
            "Segment Desc": "Rough living conditions in camp: no heat the first winter",
            "Segment Questions": [
                "TI: Yeah, so when you go to Poston, do you recall any first impressions when you finally get there?",
                "TI: And for you at this point, it was your mother, you, your younger brother, younger sister, so there were four of you?",
                "TI: And do you recall kind of your room in the barracks, what that was like?",
                "FD: Oh, yeah. I do remember... well, I was rather upset when I saw where we were supposed to live. I said, \"This is just one room and we're supposed to live here?\" Then I noticed that there was a hole in the ceiling, in the roof, I said, \"Oh my god, what's that for?\" And so somebody said, \"Oh, that's for a stove that's supposed to be put in here.\" And I said, \"A stove? It's about a hundred degrees now, what do we want a stove for?\" But it turned out that in the winter we did need a stove. But the stoves didn't come until the second winter, which I thought was horrible.",
                "TI: So how did they heat the rooms then?",
                "TI: And so did people, I guess in other rooms, just cover up the hole because, to stop the rain and the dust?",
                "TI: So when you first get there, you get into the room and set up, what else did you, what other memories do you have of those first days in Poston?",
                "TI: And do you recall what it felt like the first time you slept on your straw mattress?",
                "TI: Yeah, no, I can see that. And so once you get settled into your apartments, what happens next? I mean, you're still going to school, I mean, do they start school up pretty soon? What happens next?"
            ]
        },
        "segment 16": {
            "Segment Desc": "Coping with difficult conditions in camp: weather, food",
            "Segment Questions": [
                "TI: You're in Poston, Arizona, and I think there's a term, I think \"Roastin' Poston?\"",
                "TI: So how did you cope? What did you do when it got that hot? What would you guys do?",
                "TI: Did, were people ever able to go to the river?",
                "TI: How about guards? Were there guards there, do you recall?",
                "TI: And Poston was divided into, like, three different camps?",
                "TI: And which camp were you in?",
                "FD: Daily routine? Well, it consisted mostly of waiting for mealtimes, I guess. The way you knew the meals were ready was by the gong, somebody would bang on a gong to call people to eat. Well, I guess that was about the only thing. Oh, and then they started showing movies after a while. It happened to be, they happened to show them a place just outside of the block that I lived in, which was nice and convenient. But there were no chairs, so we had to sit on the ground to watch movies, or camp chairs if you had any.",
                "TI: Who would you use it for? What would people use it for?",
                "TI: And so to put on bread or things like that?"
            ]
        },
        "segment 17": {
            "Segment Desc": "Attending school in camp",
            "Segment Questions": [
                "TI: Talk about school at Poston. What was that like?",
                "FD: Uh-huh. And then for social studies, you might have to go to another block, and for other classes you go to a different block. But anyway, it seemed like we were tramping all over the camp to attend school. While we were doing that, the adults were busy planning and building school buildings. And they built them out of adobe bricks, so I recall walking past the area where they were making adobe bricks and they would put them into wooden forms and laid them out to dry in the sun. So as I walked past it every day on the way to school, I would ask somebody, \"What are you going to do with these and when?\" And they said, \"Oh, you're going to have a nice school building one of these days. And so by the second year, they had constructed a school building.",
                "TI: And when you way the adults did this, were these the inmates?",
                "TI: But they would literally make the bricks and build a school?",
                "TI: Oh, so they built, I mean, the hole was to get the clay for the bricks, and then they made concrete swimming pools. So probably right next to the school then?",
                "TI: And what was the schooling like? I mean, who were the teachers for you?",
                "TI: And here you were, you were a really good student in junior high school. What was the quality of the education for you? I mean, how did you feel about what you were learning in the camp school?",
                "TI: And what did that mean to you when you received your certificate?",
                "TI: By any chance did you keep that? Do you still have it?"
            ]
        },
        "segment 18": {
            "Segment Desc": "Reuniting with father in camp",
            "Segment Questions": [
                "TI: You know, when you were at Poston, after about a year, your father was released, I guess, from Santa Fe, and he joined the family at Poston?",
                "TI: Do you remember what that was like, then, when he returned?",
                "TI: And so people in Riverside built a desk and they sent it to Poston?",
                "TI: Well, during that brief time when your father was more home, what was that like for you to have your father back?",
                "TI: And what kept him so busy? You said so right away he was doing his ministering, what was that, what was he doing?",
                "TI: Because at that point there wasn't a Christian church for the Isseis?",
                "TI: And how about your mother? Did she have a job?"
            ]
        },
        "segment 19": {
            "Segment Desc": "Leaving camp to finish high school in Ohio",
            "Segment Questions": [
                "TI: Now, I think after your junior year, a decision was made that you would attend school outside of camp. Can you talk about that? How was that decision made?",
                "FD: Oh, well, a teacher or somebody came to me one day and said, \"You can go to college outside if you want to.\" And I said, \"College? But I'm only a junior. What about my senior year?\" And so anyway, I thought that I might not be able to get into UC Berkeley if I didn't have all the prerequisites done in high school. So I said, well, I guess maybe I should go to high school instead of college, so that's what they arranged for me to do, to go to high school.",
                "TI: But then why high school outside of camp? You could have stayed in high school in camp.",
                "FD: Yeah. And the only thing I wasn't excited about was going to college. I thought, \"Oh, dear, I'm so short and so young, and I don't know anything.\" Well, if I don't finish my prerequisites in high school, how am I going to get into Cal? And at that time, nobody told me that I could have gotten those prerequisites done at this college that they were thinking of sending me to. By the time I found out, it was too late.",
                "TI: Now, were they doing the same thing with other students in your grade?",
                "TI: So how did you decide to go to Brecksville, Ohio?",
                "TI: And so talk about the journey to Ohio. I mean, what did you have to do? Was it just like hopping onto a train and going to Ohio? What was it like for you?",
                "TI: So when you say \"we,\" how many other Japanese Americans were there?",
                "TI: Do you recall what the guards were like? Were they friendly or were they pretty distant?",
                "TI: So when you arrived in Ohio, what was that like for you?",
                "TI: And so they had arranged for you to stay with a family?",
                "TI: So tell me a little bit about the family. Who did you stay with?",
                "TI: And so you stayed with this family, you were kind of like a housegirl where you would help with the chores and things like that?",
                "TI: And then you would then go to school at the local high school?",
                "TI: So how did that community accept you? Because you're probably, there aren't very many Japanese in Ohio. So what was it like for you to go to Ohio?",
                "TI: Now, did they know where you had come from, that you came from camp?"
            ]
        },
        "segment 20": {
            "Segment Desc": "Barred from speaking as the salutatorian at high school graduation",
            "Segment Questions": [
                "TI: Okay, so you were there for a year. And so how did you do in school there?",
                "TI: And so with many schools, at the end of the school year, when they do the graduation, they have the highest, the valedictorian speaking, and also the second person, the salutatorian, speak also. So what happened at Brecksville?",
                "TI: So the reason they gave was because you were so soft-spoken, wouldn't be heard. Do you think that was the reason why?",
                "TI: Do you recall anyone complaining about not letting you speak?",
                "TI: Like a teacher or someone, perhaps didn't think it was fair?",
                "TI: But it seemed like it would be a pretty difficult situation. How did you feel about not being able to speak?",
                "TI: Have you ever considered maybe contacting the high school and just letting them know what happened?",
                "TI: It's almost like for their school history they should be reminded what happened at their school. I mean, it's just a learning opportunity for their current student body, because oftentimes I think students think of issues of racism as being something someplace else. And for them to know the story would be, I think would be valuable for them. So maybe we'll send then a short clip or transcript of this so they can know what's happened. You mentioned also during the graduation ceremonies that perhaps there was a boy who also didn't like you or something?",
                "TI: Now, how did you find this out?",
                "FD: Because he told me?",
                "TI: So, which, who told you?"
            ]
        },
        "segment 21": {
            "Segment Desc": "Returning to California and attending Berkeley and UCLA",
            "Segment Questions": [
                "TI: So after you finished high school, what happens next?",
                "TI: And why Berkeley and not Los Angeles, like UCLA or someplace closer?",
                "TI: And what was the big brother to you? Just someone that because he was there, you wanted to go?",
                "TI: And so how difficult was it for you to get into Berkeley?",
                "TI: And so you go to Berkeley and what was that like for you, to actually to be back on the West Coast?",
                "TI: Now, were there very many Japanese going to Berkeley?",
                "TI: And going back to your family, you said they returned to Riverside. So I'm guessing that your dad returned to the church. And how was it for him? Did a lot of Japanese Americans come back to Riverside? ",
                "TI: And that was because of the camp connection?",
                "TI: So tell me about that story. That wasn't in your writing, so what happened at Berkeley?",
                "TI: And what did you graduate in at UCLA?",
                "TI: And so at this point, how politically aware would you say you were? This is, you're in college, I mean, you had just one through an experience where the U.S. government, and you're a U.S. citizen, learned that they just did something they're not supposed to do, and put Japanese Americans in concentration camps. And now you go into political science. So how would you describe yourself in terms of your political awareness?",
                "TI: So would you then talk about these issues?",
                "TI: And what kind of conversations would you have? Would you talk about the camps and what it did to the community and things like that?"
            ]
        },
        "segment 22": {
            "Segment Desc": "Working for Ernest Besig at the ACLU of Northern California",
            "Segment Questions": [
                "TI: So, Flo, we just took a short break, and we were just getting into how you started at the ACLU. But before we do that, I realize the ACLU of Northern California was the Bay Area. So you graduated, or you were finishing up at UCLA, how did you get back up to the Bay Area?",
                "FD: Oh, that's Mr. Besig, was dictating correspondence to me, and affidavits and things like that. And I had such a hard time keeping up, and then that was bad enough, then I couldn't read some of my scribbling. And so after a while, he says, \"You really don't know shorthand, do you?\" [Laughs] Oh, that's true. And so he bought dictation equipment, which was rather new at the time, and after that, I was able to manage. And then after a few years I got married and decided that I didn't want to work full time anymore, and I thought it'd be nice if I could find a part-time job.",
                "TI: And before you move to the next job, were you able to ever have discussions with Mr. Besig about his work around the Japanese Americans and, in particular, maybe the Korematsu case or anything like that?",
                "TI: Yeah, so because you knew him so well, and his wife, why do you think they stood up for the Japanese Americans? Because everyone else wasn't during this time period.",
                "TI: So what made him so special?",
                "TI: Now, did he have much contact or experience with Japanese Americans before the war?",
                "TI: And how supportive was his wife for doing all this work? Because I'm guessing that they may have been called names and maybe even ostracized by some people because of their stance with Japanese Americans.",
                "TI: Did they ever talk about that, whether or not other people kind of shunned them because of his work?",
                "TI: Anything else about the Besig couple that kind of comes to mind about who they were as people?"
            ]
        },
        "segment 23": {
            "Segment Desc": "Getting a job with Wayne Collins while he handled the Japanese American renunciation cases",
            "Segment Questions": [
                "TI: And to be his kind of personal secretary?",
                "TI: So how did you handle things like shorthand? I mean, when he wanted to have you dictate a letter?",
                "TI: So in other words, you would create the letters, the documents, without having him having to tell you what to do, you could actually look at a case and know that this is kind of what needs to be written?",
                "TI: And so how was that for him? Did he like that or did he...",
                "TI: Can you describe what some of those things might be? What were you looking for?",
                "TI: Okay, because that would be kind of client confidentiality?",
                "TI: Now was what he was doing when you were there, was that somewhat controversial within the community, that he was helping renunciants? Because during the war, there was friction with other community members in terms of the decision to maybe answer \"no-no\" on the \"loyalty questionnaire,\" and then go to Japan. So was there any controversy within the community in terms of this work?",
                "TI: And why was that?",
                "FD: Huh? Because it was none of their business. That is, I wasn't going to say that a fellow by this name or that came to the office for this problem or that problem. That is, well, it didn't need any explanation, that is, when you work for somebody, you don't go around telling others what the employer is doing or saying.",
                "TI: Or did it come up because of who you worked for, whether it's an Ernest Besig or Wayne Collins, I guess, how well-known were they in the Japanese American community?",
                "TI: Yeah, maybe as more of a historian, I'm really familiar with those names of what these men did. I guess maybe the question I'm asking is, how well did the community know about the work of these men?",
                "TI: Okay. And did you have a sense of, sort of, the importance of their work when you kind of were working with them? I mean, if you were able to take a step back and think almost from a historical perspective, what these men were doing?",
                "TI: Any other kind of stories about working with Wayne Collins before we move on? Anything else you can think of?",
                "TI: And in general, how would you just describe working for him? How was he as an employer?",
                "TI: Okay, good. So after a couple years, you left because I guess your husband's business was expanding or he was doing something?",
                "TI: So you went over there to go help them with that, do that. So can you tell me your husband's name?",
                "TI: Okay. And did you have any children?",
                "TI: And the name of your child?",
                "TI: And when did you divorce your husband?"
            ]
        },
        "segment 24": {
            "Segment Desc": "Writing about life experiences",
            "Segment Questions": [
                "TI: And the way I got in touch with you was you've been published in three different books. And so I just want to ask you, so why is it important for you to write about these memories and share them?",
                "TI: When you say \"do it for yourself,\" what does that mean? Why'd you feel the need to do it for yourself?",
                "TI: And when you complete it, what does that feel like, when you're able to kind of write down your memories and kind of maybe just have to remember things, write it down, probably revise it a couple times and edit it. When you're all done, how does that feel for you?",
                "TI: So tell me, what are your plans, what are you doing right now?",
                "FD: What?",
                "TI: What are doing right now?",
                "TI: And then the plan is to put it all in one book or something?",
                "TI: And how much are you writing? Is it like every day you write a little bit?",
                "TI: So it becomes almost more like historical fiction?",
                "TI: Okay. So, I finished all my questions, is there anything else that you wanted to share or say that maybe I missed?"
            ]
        }
    }
}