{
    "Narrator_Name": "Frank Isamu Kikuchi",
    "Bio": "Nisei male. Born 1924, and during childhood lived in various places in the Midwest, Seattle, Washington, and Los Angeles, California. Was a high school student when Japan bombed Pearl Harbor on December 7, 1941. Removed to the Manzanar concentration camp, California, and after camp returned to Los Angeles.",
    "Title": "Frank Isamu Kikuchi Interview",
    "Interviewer": "John Allen",
    "Location": "",
    "Date": "November 6, 2002",
    "Densho ID": "denshovh-kfrank_2-01",
    "transcript": {
        "segment 1": {
            "Segment Desc": "Parents' background; father's early work",
            "Segment Questions": [
                " (JA: Tell me, how old were you in '41? ",
                " JA: What do you know about what motivated them to come to the United States? ",
                " JA: What led your father? ",
                " JA: Did you -- in growing up, in the years before the war -- ever have any personal experience with racism by virtue of being Japanese lineage? "
            ]
        },
        "segment 2": {
            "Segment Desc": "Hearing about the bombing of Pearl Harbor: \"Things aren't going to be the same around here anymore\"",
            "Segment Questions": [
                " JA: What do you remember about December 7, 1941? ",
                " FK: On that day, I was, you can tell by my age I was about fifteen or so then, and I was going to high school already. And on that Sunday, this group that I was with had gone to see a basketball game, it's a local Japanese groups, Nisei Athletic Union kind of deal, and we went to a basketball game. And we came back to Maryknoll, Maryknoll School, that's where we were, where we were centered, there was a community center, and gee, we noticed right away everybody's quiet. The whole atmosphere was different, and then there was this Brother Theofain that used to be at Maryknoll. He asked us, \"Did you guys hear about it?\" and then he told us what happened, and he was very worried. He said something like, \"Things aren't going to be the same around here anymore,\" and you know those were really prophetic words. ",
                " JA: How would you describe what happened? ",
                " FK: Well, what do you mean? ",
                " JA: What was your family's reaction? ",
                " JA: How did Pearl Harbor change the way that, apart from the official things like the Executive Order, how did it change the way other American citizens treated you? ",
                " JA: They did not? "
            ]
        },
        "segment 3": {
            "Segment Desc": "Preparing for camp: buying clothing, burning some belongings",
            "Segment Questions": [
                " JA: What... tell me about the experience of learning you had to go to camp. When did you first learn that and what was the family reaction? ",
                " JA: How much advance notice did you have for having to go off to camp? ",
                " JA: What were you able to take with you? ",
                " JA: How did you decide what it was you were going to leave behind? ",
                " JA: What did you do with the items you had to leave behind? ",
                " JA: You didn't try to sell them? ",
                " JA: What about your father's business? ",
                " JA: So he got a fair price? ",
                " JA: What kind of emotional feelings did you have or your family have about having to make this move? "
            ]
        },
        "segment 4": {
            "Segment Desc": "Memories of the train ride to Manzanar: guards, bad food",
            "Segment Questions": [
                " JA: Were there guards on the train? ",
                " JA: Say that again? "
            ]
        },
        "segment 5": {
            "Segment Desc": "Hardships in camp: dust, windstorms",
            "Segment Questions": [
                " JA: What were your first impressions when you got off that truck and looked at where you were going to be spending a while? ",
                " JA: What kind of place did you spend that first night? ",
                " JA: Did you have any privacy there relative to other people? Did you have your own apartment? "
            ]
        },
        "segment 6": {
            "Segment Desc": "Daily routine in camp; effects of camp on Issei generation",
            "Segment Questions": [
                " JA: What kind of a daily routine did you get into? What was daily life like once you sort of settled in there? ",
                " JA: How did that disruption of family life affect the older generation in the camps? ",
                " JA: Did you play against teams from outside the camp occasionally? "
            ]
        },
        "segment 7": {
            "Segment Desc": "Impact of camp on education: no higher level classes available",
            "Segment Questions": [
                " JA: Tell me about school. What are your memories of school? ",
                " FK: In camp? ",
                " FK: Oh, that was a downer for me because previous to the evacuation, I was -- I told you I was sixteen -- I was a senior at Cathedral High School and I had about six months to go, one semester to go, I guess, to graduate. And I was taking what's known as an academic course, a college prep course. When I went to Manzanar, one of the first things we were supposed to do was to register for school. I went and registered and there was nothing available for our class, my kind of student work, nothing, nothing at all. So I ended up not going to school. And my sister was also taking academic course here in L.A. at a Catholic high school in Lincoln Heights, St. Mary's... I forget the name of the school -- Immaculate Heart of St. Mary's? But she didn't go to school either because she was in the same boat. What they did was they concentrated on starting school up for the younger kids. If anything, if I were older, they would have made me teach one of those younger classes, I guess, because they were having trouble getting teachers initially. ",
                " JA: So how did that affect your education? Were you ever able to -- ",
                " JA: So how would you describe the impact of camp on your education? "
            ]
        },
        "segment 8": {
            "Segment Desc": "Negative impact of incarceration on Issei parents",
            "Segment Questions": []
        },
        "segment 9": {
            "Segment Desc": "Hearing about the so-called \"Manzanar riot\"",
            "Segment Questions": [
                " JA: What was the effect of that event on the community as a whole? "
            ]
        },
        "segment 10": {
            "Segment Desc": "Description of food in camp: \"wholesome and adequate,\" but \"awfully boring\"",
            "Segment Questions": [
                " JA: Did they ever attempt early on to serve you what they thought Japanese people would eat? ",
                " JA: What inspired those victory gardens? "
            ]
        },
        "segment 11": {
            "Segment Desc": "Being \"forced\" out of camp",
            "Segment Questions": [
                " JA: Did people there -- how did people view this whole experience? I mean, was it just kind of, ultimately, resignation, this is the way it's gotta be? ",
                " JA: Were some people allowed to leave prior to the actual closing of the camp? "
            ]
        },
        "segment 12": {
            "Segment Desc": "Participating in the Boy Scouts while in camp",
            "Segment Questions": [
                " JA: You said you were a Boy Scout? ",
                " JA: Where is the original of that picture? Do you have a copy of that? ",
                " JA: Was that one that Toyo Miyatake took? "
            ]
        },
        "segment 13": {
            "Segment Desc": "The unfairness of the so-called \"loyalty questionnaire\"",
            "Segment Questions": [
                " FK: You know, that question I realize now is so unfair and I really don't know for sure how I answered. I had feelings that I was so mad, though, that they would dare to ask a question like that where it would tend to sort of break up a family. The government is asking, in my case, a father and a son who have different situations, the same question, and on the basis of your answer your family might be broken up. Because it, it was two questions. One was pretty forthright: \"are you loyal to this country\" or something on that order. And the second one was a funny one where it said, at the end of the thing it says \"and you have to forswear allegiance to the Japanese emperor\" or something on that order, you had to forswear allegiance to the Japanese emperor. Now, how could my father answer that question where he has to forswear allegiance to the Japanese emperor or any other foreign government? Because this country hadn't given them citizenship. He had been here most of his working life, and because of the war, he had lost everything and the government wants him to forswear allegiance to the Japanese emperor? He'd be a man without a country. And how am I going to answer it, because I can't forswear allegiance to the Japanese emperor because I never had allegiance to him. You can't forswear what you didn't have. By having the word \"forswear,\" the government made a mistake: you can't answer the same question in the same family, like father and son. A Nisei cannot answer that. How can you forswear an allegiance you don't have in the first place? So, I wonder how I answered, I must have lied or my father must have lied because we never got shipped to Tule Lake. I really thought a lot about how should I answer that, and we among the Nisei, we used to talk about it among ourselves. ",
                " JA: What do you think the point was of asking those questions? ",
                " FK: I guess it was more of the United States government trying to separate us and ship the dissatisfied with this country types back to Japan. I do know some people that went that way, by the way. But a lot of 'em were able to come back, you know that? I don't know how many, but I know some of them were able to come back. "
            ]
        },
        "segment 14": {
            "Segment Desc": "Thoughts on the Japanese American military volunteers",
            "Segment Questions": [
                " JA: Tell me about the... as time went on, I think that there was a movement about, from some young men to want to join the military service. Did you know people who joined the U.S. military? ",
                " FK: You mean volunteered? ",
                " JA: That's quite an irony isn't it? ",
                " JA: At that time, did you feel your country had let you down? "
            ]
        },
        "segment 15": {
            "Segment Desc": "Looking back on the incarceration experience: \"we didn't get our due process\"",
            "Segment Questions": [
                " JA: What would you say you learned from this experience at Manzanar? ",
                " JA: How did you feel when those things happened? "
            ]
        }
    }
}