{
    "Narrator_Name": "Frank Yamasaki",
    "Bio": "Nisei male. Born 1923 in Seattle, Washington. Spent prewar childhood in South Park and Belltown areas of Seattle. Incarcerated at the Puyallup Assembly Center, Washington and Minidoka concentration camp, Idaho. Refused to participate in draft, imprisoned at McNeil Island Penitentiary, Washington, for resisting the draft. Resettled in Seattle.",
    "Title": "Frank Yamasaki Interview I",
    "Interviewer": "Lori Hoshino (primary), Stephen Fugita",
    "Location": "Lake Forest Park, Washington",
    "Date": "August 18, 1997",
    "Densho ID": "denshovh-yfrank-01",
    "transcript": {
        "segment 1": {
            "Segment Desc": "Description of parents' early life adjusting to the U.S.",
            "Segment Questions": [
                " LH: Okay. Today we're meeting with Frank Yamasaki at his home. Lori Hoshino is the interviewer and Steve Fugita is the second narrator and Matt Emery is the videographer today. [Ed. note: Stephen Fugita is the second interviewer.] Frank, I want to thank you for your willingness to participate with our study and the interview. If you don't mind if we start out with, I'd like to find out a little bit about your upbringing and your parents. Could you tell me a little bit about their personalities and their work? ",
                " LH: I see. Now, what was she like? ",
                " LH: So, she was, she was addicted to reading? ",
                " LH: Did she read to you as a child? ",
                " LH: And what sort of work did they do? ",
                " LH: What did your parents do? ",
                " LH: Oh, what did he do for the junk company? ",
                " LH: Now, how did they meet and get married? ",
                " FY: There's an interesting thing about -- coming over on the ship, my mother was never exposed to a Western-style pull chain toilet, so on the ship, her first experience was when she saw the bowl. Toilet bowl. She thought, \"Could it be something to wash your feet in or wash your hand in?\" And anyway, she was curious about that chain. It was, in the old days, they had the water tank up above the bowl, toilet bowl. And when she pulled the chain and the water started gushing down, she thought she broke it, so she would run off. Another thing she said that was interesting, the bathtub, the Japanese were used to taking bath in a furo, hot tub. So they would do their washing outside the tub and there'd be more than one person in there. And they'd wash outside, then they go and soak. Well, you can imagine what happened to the floor in that bathroom, and the captain, I guess, was angry to see what a mess there was there. "
            ]
        },
        "segment 2": {
            "Segment Desc": "Choosing an \"American\" name: from \"Hideo\" to \"Frank\"",
            "Segment Questions": [
                " LH: When did, when were you born? ",
                " LH: Is that right? ",
                " LH: So, did you have siblings? ",
                " FY: I beg your pardon? ",
                " LH: Did you have siblings, brothers and sisters? ",
                " FY: Did I? ",
                " SF: Why do you think that your parents gave some of the kids English names and some of the kids Japanese names? ",
                " SF: Before you changed your name to Frank in high school, did you remember feeling you'd like to have an English name or a Japanese name? With different groups, was it different, or...? ",
                " LH: It made life easier? ",
                " FY: Pardon? ",
                " LH: Did it make life easier for you? "
            ]
        },
        "segment 3": {
            "Segment Desc": "Moving with family as a child: \"we were all poor in that area, and it was home to me\"",
            "Segment Questions": [
                " LH: Well, you said, you said that at the age of three that you moved to South Park? ",
                " LH: And how was growing up in South Park different from living in the city? ",
                " FY: In the city? Well, we had open airs, trees and in back of our house was kind of like a forest back there. Vegetables, fresh, acres of vegetables, any time you're hungry we'd go out and just pull a carrot out. And over to the left of the house, there was an orchard there, fruit trees, apples, pears, prunes. And to this day, I don't know who owned it. Just, people all went there. We never, looking back, no one seemed to hoard it. They just took what they wanted to eat and that's it, so there was plenty for everyone. There was a creek running in front of our house and we used to catch minnows with our handkerchiefs. It was a wonderful life. In contrast, in the city, most of the people that we knew, they had businesses. Whether it's hotel or grocery store, they would be living there. If it's a grocery store, they would live in the back and they, if they had several children, they'd have several bunks. So it was a very cramped quarters. Their activities, of course, were on the streets. There would be some lots. There was one area -- are you familiar with the Uwajimaya? ",
                " LH: Was your family farming out in South Park? ",
                " LH: I see. So at this time, you attended grade school. And what was the grade school that you went to? ",
                " FY: Well, the school was Concord. And at the Concord grammar school, it was located on a hilltop so that you could overlook the area of South Park. And one of my terrible experience I had was we, the kids were out to recess, and this friend of mine, Robert, was looking out the window and I was looking out the window and the teacher was there with me. And this Robert, an Italian, Italian, pointed to this big yellow house and he told the teacher, he said, \"You see that big yellow house over there to the right?\" He said, \"That's where I live. And you see over to the left on the foot of the hill there, that shack? That's Hideo's place.\" That's my place, and I never thought about it as a shack. It's, these are the kind of experiences I guess we go through. We were all poor in that area, and it was home to me. And until someone pointed out it is a shack, and it was. After I grew up, I can recognize it was a shack. ",
                " LH: Is that the first time you can remember feeling, being put in a certain place? "
            ]
        },
        "segment 4": {
            "Segment Desc": "Ethnic make-up of childhood neighborhood; first exposure to Italian culture",
            "Segment Questions": [
                " LH: In the area of South Park, there were a lot of Italian Americans living and growing up? ",
                " LH: Would you say that there were a lot of other Japanese Americans living in, in your vicinity, in your neighborhood? ",
                " SF: Since a lot of your buddies were Italian kids, how would you describe the relationship between the Japanese kids and the Italian kids or, or even the parents or the other families in the area since it was a mixed kind of neighborhood? "
            ]
        },
        "segment 5": {
            "Segment Desc": "Maintaining traditional Japanese community activities",
            "Segment Questions": [
                " LH: Now, did your family try to maintain some Japanese traditions and activities? ",
                " LH: Can you describe some of the shibai? ",
                " LH: If there was any heart of the community at that time, what do you think that would be? "
            ]
        },
        "segment 6": {
            "Segment Desc": "Raising Nisei children within the community, Issei methods of parental control",
            "Segment Questions": [
                " SF: You kind of mentioned some Japanese activities like the shibai and other cultural things and then you also talked about a lot of American things, baseball and sports and all that. Do you recall at that time, when you were growing up, did your parents or did any community people sort of suggest that, \"Well, we should be more Japanese or we should be more American.\" Was there a kind of pressure either way, or didn't seem to be any and people just kind of lived their lives? "
            ]
        },
        "segment 7": {
            "Segment Desc": "Encountering racial discrimination: denial of access to public pool",
            "Segment Questions": [
                " LH: When you interacted with the Italian Americans and made friendships, did you also interact with other ethnic groups? ",
                " LH: Do you feel that that allowed you to make friendships beyond just the Japanese American community, then? ",
                " LH: Now were there ever any problems with you being the only Asian amongst a group of other mixed-, mixed-race kids? ",
                " LH: Can you tell me what was going through your head at the time? ",
                " SF: I'd like to follow up a little bit on that \"gentlemen's agreement\" idea. Where did you feel you couldn't go? Like certain restaurants or... ",
                " SF: So when you went places with some of your Italian friends, you would not go to certain places that you would go with your Nihonjin friends or Japanese friends? ",
                " LH: Now Frank, you mentioned about going to Nihonmachi with your friends. Did you ever take your Italian friends to Nihonmachi? ",
                " LH: Do you think that there might have been some discrimination from Japanese towards the greater community in some way? ",
                " LH: What was that? ",
                " LH: Can you give me an example of when somebody might use that word? ",
                " SF: So there were these fights between the Niseis and Chinese kids. Were there fights between Japanese kids and white kids? ",
                " SF: Did, like when you got to high school age, people must have, like Italian kids must have been attracted to the Japanese kids, I mean, in terms of like girl-boy relationships and visa versa, but was that the case that people used to say, \"Oh, she's really cute,\" or something like that? "
            ]
        },
        "segment 8": {
            "Segment Desc": "Teenage \"rites of passage\": driving, smoking",
            "Segment Questions": [
                " LH: Now, how old were you at this point, about sixteen, seventeen? ",
                " LH: How did you get around? Did you drive a car? ",
                " LH: Can you recall learning how to drive? ",
                " LH: Oh, speaking of some of these rites of passage, learning how to drive or beginning to date, did you also try maybe some of the other things like smoking, drinking? Can you describe your... "
            ]
        },
        "segment 9": {
            "Segment Desc": "Moving to Seattle, living in family's hotel",
            "Segment Questions": [
                " LH: Can we take you to the time just prior to the war, and you had moved from South Park to, now where did you move to? ",
                " LH: Now, where were your brothers? ",
                " LH: Now, what kind of hotel was this? ",
                " LH: Now was this primarily catering to Japanese and the Japanese community? ",
                " LH: Can you describe that area for me? At that time. "
            ]
        },
        "segment 10": {
            "Segment Desc": "Language barriers: mother's difficulties with language and customs",
            "Segment Questions": [
                " SF: You mentioned that your parents didn't speak much English. Did they send you to Japanese school? ",
                " LH: Now, why was it called a \"tip\" school? ",
                " FY: Well, I'm not sure, but I, I, in the old days, there was an expression that I think many gamblers used to use, and they'd say, \"I got a hot tip,\" or, \"What's the latest tip?\" Meaning, what's the latest information. So often wonder, I never really got, investigated that, and often, I'm assuming that that's where it probably started. ",
                " LH: When you were a child, Japanese was your first language, wasn't it? ",
                " LH: Now how, how did you make that adjustment? ",
                " SF: Do you remember, when you were using these words, like the word for, Nisei word for butter and so forth, did that produce kind of a self-consciousness in folks in those days? ",
                " FY: It did. The, the period there where it wasn't only the Asian that were immigrants. There were whites that were immigrants. So language was tolerable, much more than when I grew up where I've been insulted where somebody said, \"Why don't you speak English?\" because I'm not pronouncing the words correctly. ",
                " SF: You mentioned that your mom was supposed to run this hotel. And how would you -- what were gender relationships like in those days between the Issei fathers and the Issei mothers? "
            ]
        },
        "segment 11": {
            "Segment Desc": "Ostracization by classmates following bombing of Pearl Harbor: \"I'm still bitter\"",
            "Segment Questions": [
                " LH: So Frank, it sounds like you were helping to run the hotel, you were selling newspapers and -- did you continue your schooling then? ",
                " FY: Again, things like that, it seems like gee, you're doing a lot of work, but most Niseis were doing the same thing. So, kind of like, \"What's new?\" Our parents worked hard, we say \"hard\" now, but at that time it was just normal. ",
                " LH: Uh-huh. Did you go to high school at this point then? ",
                " LH: How did you feel at that time? ",
                " FY: I know, I keep thinking, how do one react to it? It just, all of a sudden you're just calling up others, \"You hear about this?\" And there's no other ways of communicating. There was no real community to coordinate anything like this. And so, we're just calling friends. And the next day, of course, the war is declared, the President. And then the day after, gradually, as you walk the street, there are anger shown. And so gradually we hesitate going out, and again, most of the communication is by telephone, calling each other, \"Hey, what's going on,\" because we didn't know what to do. And then gradually the media would get more and more involved, and come out with the, inciting this \"hate Jap\" type of campaign. And in school, gradually I could, terrible, the friends I know as I walk toward the locker, they would find excuse to walk in some other direction, because they don't want to be embarrassed. And later on, as it got more and more severe, it was just like I had some kind of virus. They just, people would just... people who knew me would just go off and others would just give me a dirty look. It was... ",
                " LH: Were you one of the few Japanese at Queen Anne High School? ",
                " LH: Were there ever any incidents that you were aware of, of intimidation or discrimination at your high school? ",
                " FY: You know, people say, \"Bitter?\" Yes, I'm bitter. I'm still bitter. It's wrong. And the thing I'm bitter is, if the country can't learn from that wrong they done, then that kind of thing is still continuing. That's what I'm angry about. We all make mistakes, but if we don't adjust that... we don't, you know, the kind of discrimination that still exists among the young blacks -- I'm using \"blacks,\" it's Afro-American now, isn't it -- the people with AIDS, the kind of discrimination they go through. It just, you find a whole array of people. It's wrong, it's wrong. "
            ]
        },
        "segment 12": {
            "Segment Desc": "Preparing for mass removal: selling the family business and packing for the unknown",
            "Segment Questions": [
                " FY: I'm not that familiar with the area where we can travel, but they had a curfew so that we had to be indoors or back at home within certain hours. And, of course, Japanese are very obedient so that wasn't much problem. We all abided by the command. The... lots of pain, there was a lot of pain there. But there wasn't that much time to reflect, because there was such a short time. We had to get rid of our business. We had to take care of all of our financial affairs. It goes on and on, and with such limited time. And they allowed, I think it was just two suitcases, so what do you do with all your household goods? ",
                " LH: What happened to your hotel business? ",
                " FY: We sold it. To give you an example, the two families that had grocery stores, one just outright sold the store for around $400. That's including inventory, cash registers, big freezers and it goes on and on and on. It was worth ten, hundred times more. I don't mean -- considerably more. Hank, he decided he's just going to go out and take his groceries to other grocery store, and sell it for less than wholesale and hopefully he'll get something and he did, his cash registers, and freezers and things of that sort. He did get two or three times more than what the other family did. But even at that, it was still... $800, $900 or $1,000. In our case, we were lucky. There was a fisherman that was one of the tenants, and he just happened to come back from Alaska, and he bought our apartment for $500 or the hotel for $500. Can you imagine? And all our goods... we used to have a sort of an assistant manager, Ed Meyer. And we had one of the rooms, we stored all our personal belongings and furnitures and household good into that room. And with the understanding that we are entitled to get it back. And, of course, the manager wasn't there anymore. Nothing was there. We lost everything. ",
                " LH: How much time did you have to settle the affairs of your family? "
            ]
        },
        "segment 13": {
            "Segment Desc": "\"Evacuation day\": \"Everyone was dressed in their Sunday best\"",
            "Segment Questions": [
                " LH: Well, before you go on, what were you saying? You were starting to say something, you forgot to... ",
                " FY: Yeah, I forgot now, what, what were we talking about? ",
                " LH: Did you want to get it on tape? Because we can continue that. ",
                " FY: Well, let me think about... most of us, most of my friends' family were... are you on now? ",
                " LH: So do you think the mood at the, during the bus ride was full of anxiety or more of a light atmosphere? ",
                " FY: It was... no, far from being light, but there was anxiety. And I think, again I speak for myself as a teenager, there was girls around, so I started conversation with girls, \"Where are you from?\" \"Where do you live,\" etceteras. That type of conversation and we were all familiar with Puyallup because they would have their annual Puyallup Fair. I don't recall... we went into Area A. That was the first area that was open for the internees. And I can't remember whether it was, because there was so many occasion when the, the ground would be very muddy, but if I recall, it was slightly muddy that day. And of course, we were all in street shoes. So after we, we settled in the camp, of course, we all resorted to the, not the Sears-Roebuck but they call it the \"Monkey Ward,\" Montgomery Ward catalog, and everybody started to order high ankle shoe... work shoes. I'd like to say, they called this assembly center \"Camp Harmony.\" It was very ironical. [Laughs] ",
                " LH: How did it get that name, \"Camp Harmony\"? ",
                " SF: When you drove up to \"Camp Harmony,\" what did the place look like? I mean, what did you see? ",
                " LH: So this is where everybody slept and this was their basic living quarters? ",
                " LH: Where did everybody eat? "
            ]
        },
        "segment 14": {
            "Segment Desc": "Teenage activities in Puyallup Assembly Center, Washington",
            "Segment Questions": [
                " LH: How do you think the Issei felt about their lack of freedom? How did they adjust to this, to \"Camp Harmony\" life? ",
                " FY: You know, at that time, it's hard to say. Again, I speak, I'm talking about this from a teenage perspective. I'm sure, in the evening when they're alone, they must have had a lot of reflection as to what is life, what's...? Some have lost a lot more than others financially and what they lost was very difficult because they worked so hard. They scrimped and they saved their money. And yes, I think many of them had desires of someday they would go back to their own village again and see their relatives and friends. So there it is, everything was just topsy-turvy, you might say. ",
                " LH: And for you, how did you cope with the loss of the freedom? ",
                " LH: Can you describe some of those activities for me? ",
                " LH: Where was \"there\"? "
            ]
        },
        "segment 15": {
            "Segment Desc": "Former teacher visits camp: loss of \"happy-go-lucky\" adolescence in Puyallup",
            "Segment Questions": [
                " FY: During that period was there an experience I had that was very revealing to me. In that, one day a messenger came and said that there was someone who wanted to see me, not a Japanese, someone from the outside. And so I was curious, and I'm thinking gee, could it be Norm Peterson, could it be Tony, could it be...? So I go, and here it is, my teacher. And I thought, God, my relationship with that teacher wasn't that... ",
                " LH: Where was this teacher from? ",
                " FY: From Queen Anne High School. And I, we shook hand and kind of walked. And he is still quiet, and he says, \"Is there someplace we can sit and talk?\" And I said, \"Yeah.\" And I'd been up on the grandstand then with some date, girls before, there's, on the fairground, the grandstand still exists. So we went up there, and all of a sudden I just feel that the atmosphere has changed. All of the sudden I had a perspective view of the whole camp area and I never dreamed the rows of barrack that was there. It was a kind of shocking view. Because in the other area there's no, we're all ground level, and all of a sudden you get up in this grandstand and you look and you see all the rows and rows of barracks. They were built in this area where they would have the horse racing and all that. And this guy, the teacher said, he was telling me about his experience during World War I. And he's German and his father was interned. And so he went through a similar experience, and he said that it was a dirty rotten shame that this kind of thing had happened. And for the first time I really felt the impact of what was going on. It made quite an impression on me. Just prior to then I was a happy-go-lucky, carefree teenager. "
            ]
        },
        "segment 16": {
            "Segment Desc": "Quarantined for measles in Puyallup Assembly Center",
            "Segment Questions": [
                " LH: Now why weren't there any lights? ",
                " LH: How old was he at the time? ",
                " LH: And where was the rest of your family at this point? "
            ]
        },
        "segment 17": {
            "Segment Desc": "Memories of assembly center: dances, friends",
            "Segment Questions": [
                " SF: Going back just a little tiny bit, in terms of, like all those activities that you had, like the dances and things of that sort, how was that organized, who set those things up? How did they come about? ",
                " FY: Yeah, it's... each mess hall would have a staff of waitress, waitresses and dishwashers. And I worked in Mess Hall Two and there was a whole group of us, in fact, John Okada who wrote that book, \"No-No,\" [Ed. note: Narrator is referring to No-No Boy by John Okada] was even with us. We were all friends and we would more or less say, \"Hey, let's have a dance.\" We'd talk to the girls and the waitress, so you've got about twelve waitresses and even more boys, so you already have a group to dance and then others would come. But again, it just makes me... how did they get the PA system? Who brought the records? So there was lots of things they say we can't do, and yet it was there, available. ",
                " LH: Now were you able to associate with the same friends that you had in Seattle? Did you have the same friends in Puyallup, at \"Camp Harmony\"? ",
                " FY: No. Some were located to -- I don't know why. Let's see, where... isn't that strange? No, as we did our work, we were assigned, our friendship developed among ourselves, among the fellows we worked with. And then when we'd go back to our barrack, there is another group there, sort of... and I don't mean to generalize, because I think I was a, kind of a semi-loner or... I used to... I was interested in women, girls, and activities and sports. So, I was kind of, went on my own a lot. Except we would, after -- in-between washing dishes, like you have your breakfast and then you have to come back for your lunch -- in between there, we would play poker and there was the regular like John and Pete and Mutt, all these interesting names. [Laughs] We had regular poker sessions. ",
                " SF: What kind of person was John Okada, since you mentioned that. What kind of a guy was he? ",
                " SF: Then you two were, kind of, good buddies? ",
                " LH: So you were friends, did you become friends with some of the Issei? "
            ]
        },
        "segment 18": {
            "Segment Desc": "Memories of Minidoka concentration camp: sand everywhere, even in the food",
            "Segment Questions": [
                " LH: If we could move to the period where you were going to Minidoka, and you said that you had a blank period that it's difficult to recall, but what made the biggest impression on you when you got to Minidoka? ",
                " SF: So right before you were gonna go to Minidoka, did you anticipate it as a positive event or a negative event when you were moving from \"Camp Harmony\" to Minidoka? Was that seen as more hassles or a good thing? ",
                " LH: What were your living quarters like at Minidoka? ",
                " LH: And it was one open space? ",
                " SF: Did your mom and dad put up some temporary blankets or any way try to get some privacy? ",
                " LH: Now what does that mean? ",
                " SF: Were there any facilities for these people who had special needs, like handicapped people or people who had kids who had mental problems, or...? How were those things handled? "
            ]
        },
        "segment 19": {
            "Segment Desc": "Increased leisure time for the Issei in camp",
            "Segment Questions": [
                " LH: Speaking about Minidoka, how did the Issei adjust to life in Minidoka? ",
                " LH: So because of the way that the camp was set up, where maybe the Issei didn't have as much responsibility, or work to do, they had a lot of free time. And did they have to still look after the kids and those household chores? ",
                " LH: What do you think happened to the family relationships then? "
            ]
        },
        "segment 20": {
            "Segment Desc": "Community life in Minidoka concentration camp: bands, sumo, Japanese crafts, and other activities",
            "Segment Questions": [
                " LH: So, when you were in camp, what occupied your time? ",
                " LH: Were you involved in any of the sports? ",
                " LH: Well, maybe we can follow on this theme. What was the situation, the dating situation in camp? I mean, you're inside a limited area that's surrounded by barbed wire. It doesn't seem like a very romantic location. How, what was the dating scene like? ",
                " SF: When you were on the Irrigator, do you ever remember any pressure from the administration to write pro-WRA things, or there were arguments among the staff about whether you should cover some political event or something like that? ",
                " FY: Again, I was so naive. But yes, I used to hear, we had one editorial writer who's name was Dyke Miyagawa and he was good. He was intelligent and he used to write about certain issues, again, which was over my head. And I used to hear them talk about Bigelow, who was the camp-appointed... not editor, but what would you call it? He was assigned to oversee the publication. Yes, I used to hear them talk about he has censored or rejected certain views. So in retrospect, I'm sure, yeah, there was of course, certain restrictions. ",
                " LH: Do you feel that there was a sentiment in camp that you had to be as pro-American as possible? ",
                " SF: I want to go back to one of your favorite topics, on girls. You're ain this very small tight space and there is a lot Issei around. What are they, I mean, was there any opportunity to act out any or were the Issei... or no one dared to do that kind of thing, and the Issei were there and people would gossip and that kind of stuff. What was the situation like? "
            ]
        },
        "segment 21": {
            "Segment Desc": "Deciding to leave camp and go to Spokane, Washington",
            "Segment Questions": [
                " FY: There was a period where... one day, in fact, I was walking around by the administration building, where the main gate is and a truckload of girls came in. And I thought -- and then there was a crowd of people after they got off the truck -- and I thought, \"Wow, what's this commotion about?\" So I got close and I knew one of the gals, so I went to ask her, \"Hey Mas, what's going on?\" \"Oh, we were in the...\" I can't remember the place, but, picking potatoes. And gee, they came back, and she earned six or eight dollars just that one day of work. ",
                " LH: What was a normal day's pay? ",
                " LH: Now, what was the requirement in order to leave? ",
                " FY: You know, I made out a form, but I don't remember. It got so that I felt like a dunce head for staying home. Even my mother would say, \"What's wrong with you? All the others are going out and making money.\" So I finally decided I'll go. I went to Spokane because my brother was there and he was just graduating. He went ahead to go to Spokane from Seattle. I think it was from Seattle, because he only had a semester or so to finish his aeronautical degree at the UW. He finished it at Gonzaga. ",
                " LH: Now Spokane was outside the relocation zone? ",
                " LH: What did you do there? "
            ]
        },
        "segment 22": {
            "Segment Desc": "Contracting tuberculosis and living in a sanitarium",
            "Segment Questions": [
                " FY: And because I had a class from seven to ten and I went to KBU, Kenman Business University. So aside from going to school and working, and staying awake, I did finally break down and got sick and there's lot of thing that leads up to it. But I didn't know the, I didn't know any doctors in Spokane. The only thing I looked for is I opened the directory and looked for a Japanese name. But there wasn't any Japanese doctors that I could find. So finally, I just point blank hit a spot and the name happened to be Frank Miller, Dr. Frank Miller. And I thought, well, Frank is all right. So I called up and I went and he says, \"Come on down right now.\" And it was only about three or four blocks away, so I walked there. And you know how they tap and start checking. And finally he said, \"Take your shirt off,\" and he's gonna take X-ray, and I just wanted a sleeping pill because this Japanese guy who had this pharmacy, drugstore, he wouldn't give me a sleeping pill. People don't know, but in those days, it was like asking for morphine or marijuana. He said, \"You got to have a prescription.\" So anyway, I just went to the doctor to get a prescription and he takes, starts taking x-rays. And I thought, \"Oh, no. This is going to cost me a bundle.\" So that was it. And when I'm ready to leave, he said, \"Come back tomorrow.\" And I said, \"Well, how about the sleeping pill? Can I, just so I can sleep good one night.\" He said, \"You don't need any.\" Very abrupt... well anyway, so he said, \"If you want it...\" and he writes me a... so I get this prescription and I go down. Anyway, I decide to go to a movie and I slipped in a movie house and went to work, and next day I went back to see the doctor. And he had my x-ray on the chart and he says I got TB, tuberculosis. In those days, tuberculosis was somebody saying you've got terminal cancer. I think I blanked out almost. I can recall hearing a sound like a buzzing sound, and then I don't even remember how I left the office. I don't remember how I went down the elevator. Just when I went outside I heard this woman's voice, and it was the nurse there talking to me and she is explaining she is an ex-patient. And she had it much more serious. She had a rib removed and all this and that. And it brought me back to consciousness. So I ended up going to the sanitarium. And then, that's a whole new chapter of my life. ",
                " LH: What is the, what was the treatment at the time? "
            ]
        },
        "segment 23": {
            "Segment Desc": "Meeting Gordon Hirabayashi and gaining a civil rights perspective",
            "Segment Questions": [
                " LH: And so they found out the news about your tuberculosis. And were they able to send for you? ",
                " LH: About how long were you in the institution? ",
                " LH: And the conditions were? "
            ]
        },
        "segment 24": {
            "Segment Desc": "Making the decision to resist the draft: \"just pure gut\"",
            "Segment Questions": [
                " FY: Yeah, then I went back to Minidoka and saw the family and saw friends. And then, but prior to that -- now, I didn't know about this, my brother was telling me, he says, \"You know, you're angry or something.\" I heard from what was going on in camp... rumble about show that you're American, prove that you're American, etcetera. And so I was angry, really angry. Why, why should we? ",
                " LH: So at the time that you were in the sanitarium, that questionnaire, the \"loyalty questionnaire\" had already come out in camp? ",
                " FY: That was after, after we had committed ourselves to resist what was going on. Went into camp and again, I'm not a speaker, I just, one-to-one with others, I said, \"Gee, this is stupid. They kick us around and now you're going to have go and prove that you're an American?\" To me it was just pure gut. I had no intellectual understanding of this or anything. And then at the same time, we had no legal advisor. None of us, we don't know, we just go on the pure gut. ",
                " LH: So when you say that you had to prove you were an American, what was it that prompted that? ",
                " FY: Volunteer to the U.S. army. Well... no way, from my feeling. It was, it was just totally wrong. Let us, take us back to Seattle, get our parents and get our hotel back, get us back into what we were. We were American. How come Tony, they were Italian, how come they weren't evacuated? How come the German friends I had, they weren't evacuated? And they had far more active political organization in America than the Japanese had. The Japanese, I don't recall ever sounding, being subversive-minded. And I think, later on, it proved there was absolutely no subversive act. ",
                " LH: So, when you're talking about the subject, were you talking with close personal friends or...? ",
                " FY: If you can write this down, I said my only purpose of this, is that we were unjustly put into this concentration camp -- I didn't say concentration -- to this camp, and if you will restore our lifestyle like before this evacuation, yes, I would be more than willing to serve in the armed services. If not, I will not. There was no... nothing to do with the alliance. I told them I was born and raised here, this is my country. But that court... this is where all this FBI, I found out what they are. They didn't care. They didn't care at all about the injustice, about the evacuation. At the trial, that's exactly what happened. They just wanted to know, \"Did you or did you not report for induction?\" So... and the judge will instruct the jury, \"The preceding by the defendant is immaterial, irrelevant and incompetent,\" or something like that. Everything that's said. And our attorney, a court-appointed attorney, came out and said, \"Here is the Constitution right here that the government wrong, we're not wrong.\" They didn't care, \"Did you or did you not report for induction?\" So we learned a lot. So then years and years later, you know, the law firm that my wife was involved in, this one asshole says, \"You know, Frank you didn't have to answer that.\" And I said, we were kids. We don't know. "
            ]
        },
        "segment 25": {
            "Segment Desc": "Family's response to decision to resist the draft",
            "Segment Questions": [
                " LH: Did you have a chance to discuss this with your parents, your decision? Did you discuss your decisions or your thinking with your parents in camp? ",
                " FY: Did I...? ",
                " LH: Did you discuss your thinking about, you know, the dilemma in camp about answering one way or another or reporting for induction? ",
                " FY: When I came back with my parents? Yes. I said, \"This is ridiculous that we're called upon to prove that we're American.\" It was, you know, I have to say even though they had volunteers. You know, they agreed with me. It's just that their feeling was, well, what do you do? That's where the Japanese word \"shikata ga nai\" that means, well, you have to bear with it. ",
                " LH: So, do you think that there were quite a few others that believed the same as you, but just did not want to speak up? ",
                " LH: So, did you feel as though you were acting individually, or did you also have friends that, that also spoke up? ",
                " LH: Did you feel able to speak openly to others in the camp? ",
                " FY: At first, of course, my feeling was this was an obvious opinion. I just felt that everybody, and I was going to get in there and just support it. Not to be the isolated vanguard of it. You know, I thought this was an overwhelming feeling. At least this was the feeling I had when I was there and when I left and when I came back even. It was wrong. It was wrong. And so, ironically, no, I was on the short end of the stick instead. Later. And it was, there was lots of, what do you call it? Drum beating. This promoting of, by outside source. And they were competent speakers and they spoke. And they kept insisting that we must prove that we are Americans. I felt I'll just have to show my citizenship and say that it is. I am an American. ",
                " LH: So did you feel that there were others supporting your point of view? ",
                " LH: At the time in camp, did you feel that there was any threat to you? ",
                " SF: How do you explain why you were able to follow through on your decision and so many other people who may have felt the same way you did? ",
                " FY: I think, I think majority felt more comfortable doing what... because generally, even before the war, people would say, \"What are you going to do?\" or \"Where are you going to go?\" And there was a kind of a numerical support you get. And people have a tendency to go in that line. Why I was different, I don't know. Part of my personality, I guess, from way back. But I think I mentioned earlier about my experience with Gordon and my experience with the teacher and those were all part of the feeling of how I felt. ",
                " LH: Aside from your own point of view, how did you feel about the people who chose to join the army? "
            ]
        },
        "segment 26": {
            "Segment Desc": "Standing trial for resisting the draft: \"it became a farce\"",
            "Segment Questions": [
                " SF: When you decided to resist, what did you think would happen to you? ",
                " SF: When you found out that you were going to go on trial, did you think you were going to win? ",
                " LH: So each of you were tried individually? ",
                " LH: And did you have the chance to speak before the judge? ",
                " FY: No, it became a, it became a farce. That's when I realized that they didn't care the least bit about whether there was injustice placed on us or whether we were uprooted from home, taken... all they were interested was, \"Did you or did you not report for induction?\" Our court-appointed lawyer even opened the Constitution and said, \"Here, under this kind of situation, a person under duress or restraint\" -- which we were in the camp -- \"are not subject to military duty.\" Well, we didn't even care about that. I didn't -- we were just concerned one thing. We were unjustly incarcerated, you know. And that was it. And I didn't know a bag of beans about laws or what is pertinent or what is relevant. So when they came to those questionnaires, it doesn't mean nothing to me. Yes-yes, no-no, whatever. It was just the simple, simple thing that we... the country had done wrong to us. We're citizens. Why should they single out just the Japanese? Why not the Italians, why not the Germans? There had to be a racial implication there. [Interruption] Learned a lot. And it is certainly different from what a lay people would think. "
            ]
        },
        "segment 27": {
            "Segment Desc": "Resisting the draft on principle",
            "Segment Questions": [
                " LH: Were they trying to register you for the draft at that point? ",
                " FY: Now when you say, \"who,\" they? ",
                " FY: The Selective Service? ",
                " LH: And they asked you to report for a physical? ",
                " LH: Well, I'm curious because if you had tuberculosis, would that have disqualified you for the draft? "
            ]
        },
        "segment 28": {
            "Segment Desc": "Feelings upon being sentenced to prison for draft resistance: \"it was a nightmare\"",
            "Segment Questions": [
                " LH: So when you were -- moving back towards the trial, when the judge spoke to you and told you... okay, he pronounced his verdict. And what was the sentence? ",
                " FY: Isn't that funny? I can't even remember that. I think it was three and a half years. Or was it five years? Three and a half or five. Isn't that funny? I never even thought about that. ",
                " FY: Oh really? ",
                " LH: What did you, can you describe what you, what your reaction was when you heard the sentence? ",
                " LH: Can I ask you, did you have a chance to... after the trial, did you have a chance to say goodbye to your family at Minidoka? ",
                " FY: Pardon? ",
                " LH: So from the time that you left, left the camp and said your farewells, what happened to you after that? ",
                " LH: Was this a temporary holding facility? ",
                " LH: Only you? ",
                " FY: Yeah. And at first I thought, \"Gee, how come they're taking me out?\" And they let me go out. Gee, I even wandered around. They want me to get me out in the sun. They don't know that... they must have found out I had TB. Even when we went to McNeil, same situation. I had a real easy job and if I did -- one time at the McNeil big house, I came down with a cold and I couldn't shake it off, and so the hospital doctor recommended I do yard work, outside work. So again sun and then I'll try to find a closest tree and they had me out there for a couple of weeks to get my health back and then they know they want to feed me good food. So they'd assign me to officers mess hall as a waiter or a what to do you call it, the people who clear the table. And, of course, you eat good food there, real good food. Then I was assigned to education. "
            ]
        },
        "segment 29": {
            "Segment Desc": "Serving sentence at McNeil Island Penitentiary for draft resistance, thoughts on other inmates",
            "Segment Questions": [
                " FY: Over at McNeil? ",
                " FY: I don't recall talking much about the situation because we were all pretty much under the same situation. Our feeling was this is it. Piss on it. We're not going to... if they're going to kill us, they're going to kill us all the way, so there was a... well, I can't generalize -- sort of a martyrtism there, too. We were gonna be martyrs and we were gonna go all the way through with it. And the injustice, there was no point in talk about it. We know it was wrong that we were put in camp, concentration camp. It was only later than when our trial date was to be set. Then we said, what do we do? See and again, nobody knew anything. ",
                " LH: So was there any access to legal advice in the camp? ",
                " LH: Do you feel that your lawyer did the best he could? ",
                " FY: I felt he did. I mean, again, his voice was strong. Again, I don't know what constitutes a good lawyer. He sounded like somebody we see in movies. He takes the book and slammed it down and made noise and says the so-and-so amendment says under the Constitution that we under duress or restraint or, you know. \"Gee, he sounds pretty good.\" That's how naive I was at least. And I'm sure most of us are the same. When the jury... and we didn't, I don't recall ever saying one word and then when we finished, then the judge would instruct the jury and said, \"The preceding testimony is immaterial, irrelevant and incompetent. The question is, did he or did he not report for induction?\" That's all. Then the jury goes out. They go in the hallway, you could see them, they are smoking a cigarette. And when they finish their cigarette and they come and, \"Guilty.\" The judge, I think this judge later became governor of, or formerly was the governor of Idaho. Governor Clark, Judge Clark at that time. ",
                " LH: When you were in McNeil and you had a chance to talk about the outcome -- here you were in prison -- was there time for regret? ",
                " LH: In what way? ",
                " LH: How was he treated differently from the rest of you? "
            ]
        },
        "segment 30": {
            "Segment Desc": "Daily life at McNeil Island Penitentiary; work and visitors",
            "Segment Questions": [
                " LH: Did you find that when you were in prison at McNeil that you were bonded together with the other resisters in a way? ",
                " FY: No. Again, we are assigned different work. Now in my case, possibly because of my health, right from the beginning I was assigned to censor board and I kept books and it was in what they called the civilian area, so the people were all civilian people. And then when I got ill, they had me outside and then they fed me well at the officer's mess hall and then they shifted me to education. I was secretary there. So you know, I'm sort of isolated from the others in a sense. Funny now, I just wondered what a lot of the others... you asked me this... isn't that strange? I don't really remember what... some worked in a cannery, later on when we were all sent to the farm, there were some working in the dairy and again, out on the farm, I worked for the, they were civilian, they had a civilian crew and an engineer building up what they call a coffer dam there and I was his assistant, you might say, secretary. And there was a great time I had. I was alone. I just had to go out and check and see how much clearing that was done every day and at times I get to move these equipment, so I get the chance to drive the tractors or these big ton, heavy trucks, dump trucks and things. You know, I grinded the gear a lot. [Laughs] ",
                " SF: When you were at McNeil, did any people visit you? ",
                " FY: Pardon? ",
                " SF: When you were in McNeil, did folks come and visit you? ",
                " LH: What did you look forward to? What got you through the prison time? "
            ]
        },
        "segment 31": {
            "Segment Desc": "Issei struggles to start over after the war, impact on father",
            "Segment Questions": [
                " LH: Did you have any notions about how you would be treated when you were released? When you got back to your hometown? ",
                " FY: Yeah, I thought about it a lot. I used to hear... I'd get letters about my friends that got killed. Good friends, you know. Of course, my feeling was they should have done what I did. But they did what they had to do. And so, I came out and I just figured I got to pick up from there. And I was kept busy because the tragedy of this evacuation is not really when you're in there. It's when you're taken away from home, put in there, and then when you're thrown out. Well, my parents are old now. Where do they go to? No business. Start from nothing. They got no place to stay. ",
                " LH: So at the time you were in prison, they in the meantime were let out of Minidoka? ",
                " LH: What happened to your mother after that? ",
                " LH: How old would, would he have been? "
            ]
        },
        "segment 32": {
            "Segment Desc": "Career decisions upon being released from prison: interest in art",
            "Segment Questions": [
                " LH: What was your plan when you got released from prison? ",
                " FY: Well, there was a person I met there who was at one time a very prominent Japanese. He's a Nisei, but he was evacuated because he happened to be president of a West Coast, a big corporation. We got to be good friends. I learned a lot from him during the yard period. Like I say, I did, I enjoy sports. I played a lot in high school, but we used to walk together and he'd tell me about lots of things. And it was interesting because it was a totally different area, about corporation, all the import/export and all that. And he kind of got fond of me and so he had in mind to have me... he's saying that oh, this situation with America and Japan would all go away, so they know something ahead. So he wanted to me to get some bookkeeping experience. And so, I mean, since I did study economics and I was working in a bookkeeping office then he wanted me to go to some other place and he wanted to meet some Japanese businessmen that were coming. I don't know if you're familiar with working for a Japanese company, you know, you're very subservient. The earliest one to go there, and the last one to leave, clean the place. If they have dinner, you (...) have a date, but you have to forget that and go have dinner to meet somebody. At the same time, I don't think my personality fit this atmosphere. And there was lots and lots of promises at that time. So, but, so I quit and they came over and talked to my parents that I'm making terrible mistake and then when I told my mother I wanted to be, \"What are you going to do?\" I saidm, well, I wanted to be an artist. \"Artist?\" she says, \"My God, you're going to end up having long hair, and you won't be able to make a living.\" She was right about the long hair. [Laughs] So I worked as a houseboy on Queen Anne. Did dishwashing again, worked in drug stores and doing this and that while going to school. ",
                " LH: And this was art school? "
            ]
        },
        "segment 33": {
            "Segment Desc": "Intimidation by other Japanese Americans in response to wartime draft resistance",
            "Segment Questions": [
                " LH: When you returned to, when you returned to Seattle, did you... how was your reception amongst the community? ",
                " SF: To take you back, what was the one instance that you bumped into with the community after the war? What was that? Was that one time you had a problem when you came back? What was that, can you describe that? ",
                " LH: -- used to be some of your friends? ",
                " SF: So did you feel that this would always be an issue with some people about what you did that somehow made you more careful or sensitive or reserved or anything like that? "
            ]
        },
        "segment 34": {
            "Segment Desc": "Starting over after the war: denial of all things Japanese, and attitude toward pardon of draft resisters",
            "Segment Questions": [
                " LH: So were you, did you have much contact, then, when you returned, with non-Japanese? ",
                " LH: And was it comfortable? ",
                " FY: Yes. Again, you know, I, I used to hate the whites, but later on I feel it's not a case of whites. You know, there are, women are discriminated, whites are discriminated. So we can't keep dividing ourselves up by saying this person is white or this person is tall or this person short. I think, I think we have to look at society as a whole and if we see a lot of pain some place, we should be compassionate. I can't think of any other way to explain that. We have these constitutional rights, and we -- but, you know, unless it's practiced, what good is it? ",
                " FY: I didn't even, I didn't even care. I didn't hear about it because, you know, to me, the... the whole issue was answered, right, before we were even, from the time we were convicted. It's no different from the reparation. That money that's sent to us, does that remedy everything that was done? Can you imagine the Jews saying, in Germany, saying, \"Oh, they're going to give us $20,000 so now that's all right,\" what the Germans did to them. No. It's wrong, and it should never be done again. And it's the same with the evacuation of Japanese; it should never be done again. Or it shouldn't be only Japanese. It could be any other people. ",
                " SF: I think we talked -- we were just casually flinging the bull one time -- about how the Japanese sort of felt about themselves before the war, even though they were in a very segregated community and how they felt about themselves, how they interacted with whites after the war, even though now they could go more places, they could get jobs and all that. Somehow their perception of themselves had changed. I don't know. Could you give us your thoughts? ",
                " LH: Given the reticence of Nisei to speak out, have you been able to speak with others about your experience openly? ",
                " FY: This was the first time I was able to. I have periodically when the occasion arose, but I found that most people are not interested in it. You know, if you were not working on this Densho Project, would you be interested? At the same time, I found even among my Caucasian friends, if someone was, mentions the McNeil Island present, it just sort of scares them. Say, \"Oh, gosh, he's an ex-con.\" So I thought, well, what's the point? And besides, what am I going to solve? This is the first time I'm interviewed like this. "
            ]
        },
        "segment 35": {
            "Segment Desc": "Words of wisdom: have compassion for all of humanity",
            "Segment Questions": [
                " LH: Well, looking back then, you know, if you have a chance to talk to your grandkids about your experience, perhaps, what would you like, what would you like them to know? ",
                " LH: Looking back at your life, the different experiences that you had, could you pick out maybe the most, oh, the worst effect and then perhaps maybe the best outcome? ",
                " LH: Might there be some positive outcomes of all the experiences that you've accumulated? ",
                " LH: Is there anything that you'd like to ask, that you would like to talk about that we haven't covered already? "
            ]
        }
    }
}