{
    "Narrator_Name": "Frank Kitamoto",
    "Bio": "Sansei male. Born May 28, 1939, on Bainbridge Island, Washington. Incarcerated with parents at Manzanar concentration camp, California, and Minidoka concentration camp, Idaho. Returned to Bainbridge Island after end of World War II. President of the Bainbridge Island Japanese American Community (BIJAC), a community organization dedicated to the preservation of Japanese American history on Bainbridge Island.",
    "Title": "Frank Kitamoto Interview",
    "Interviewer": "Lori Hoshino",
    "Location": "Bainbridge Island, Washington",
    "Date": "April 13, 1998",
    "Densho ID": "denshovh-kfrank-01",
    "transcript": {
        "segment 1": {
            "Segment Desc": "Early history of Japanese American community on Bainbridge Island, Washington",
            "Segment Questions": [
                " Lori Hoshino: This morning we're interviewing Frank, Dr. Frank Kitamoto, here at his dental office on Bainbridge Island. And our videographer today is Matt Emery and my name is Lori Hoshino, I'm the interviewer. And Frank, thank you for letting us interviewing you today and I appreciate you letting Densho have this opportunity to talk with you. First of all, can you tell me a little bit about Bainbridge Island before the war, geographically, what kind of place was it? ",
                " LH: So the, the primary industry of the Japanese here, coming to Bainbridge Island was farming and timber? ",
                " LH: Well, wait a minute, how, how do you lose a shipment of logs? ",
                " LH: ...at that time, Bainbridge was a community that was an island community. How was it accessible from Seattle? "
            ]
        },
        "segment 2": {
            "Segment Desc": "Father's immigration story; mother a Nisei",
            "Segment Questions": [
                " LH: So your father essentially was a, a farmer? ",
                " LH: And was he the first generation to come over from Japan? ",
                " LH: Gee, 1906, in San Francisco. Was he there during that big earthquake? ",
                " LH: I see, so your, your mother came from maybe a similar village in, in Japan? ",
                " LH: Yeah, and so where was your mom born? ",
                " LH: And what's your father's story? How did he come here? ",
                " FK: I'm not really sure. He, he said he was born in Watsonville and... in California in 1900. And that's, his birthday was February 25th, if I remember in 1900. And he said all his records were destroyed in the... the same San Francisco earthquake, and so he couldn't prove he was a citizen. Now, when I talked to my sister, she's not sure whether he was born there or was came, born in Japan and came over at an early age. It's hard to tell. Although, I know if he did come from Japan, it had to be very early, because some of the photos that he has show him as a pretty young guy. He said that he didn't get along very well with his stepfather. So, one day his father, stepfather, asked him what he learned in school and he said, \"Nothing.\" So his stepfather said, \"Well, why are you going to school?\" So he just quit school. And, and actually left home and worked as a ships boy, kind of went out on his own... yeah. ",
                " LH: Now, you said he was how old? ",
                " LH: At the age of twelve? "
            ]
        },
        "segment 3": {
            "Segment Desc": "Parents' early work: running a farm",
            "Segment Questions": [
                " LH: Well, so then, how did he work his way up to Seattle? ",
                " LH: I see. Did he end up being a farmer after that? ",
                " FK: Well actually, when they got married, I think it was about 1929, they ended up in Seattle. And I, I'm not sure, I think my father actually worked at a grocery store for a while. I don't know whether it was for the Miyauchis or what. But, I know my mother had a lot of miscarriages. It seemed like my sister was finally born. Let's see, she was born in '32, so it was probably a good... what? Three or four years before she had a, she had my oldest sister Lilly. But, he's never really farmed. He's kind of -- he worked for Friedlander's Jewelry stores before the war. ",
                " LH: Now, was that a typical situation back then that, maybe, a wife would run a farm? ",
                " LH: And whose farm was this to begin with, though? "
            ]
        },
        "segment 4": {
            "Segment Desc": "Mother sent to Japan as first-born child",
            "Segment Questions": [
                " LH: So she didn't really meet her parents until she was an older child? ",
                " LH: And so she came over here when she was twelve? "
            ]
        },
        "segment 5": {
            "Segment Desc": "Description of siblings; family's farm",
            "Segment Questions": [
                " LH: Well, so when did you and the kids come along? ",
                " LH: How was life growing up on Bainbridge Island at that time, right before the war? Do you, did your parents ever talk about what it was like that, at that time? ",
                " LH: And as far as your family, can you describe what the farm was like before the war? What you've been told about what the farm was like? "
            ]
        },
        "segment 6": {
            "Segment Desc": "Father's arrest by FBI: speculating on possible reasons",
            "Segment Questions": [
                " LH: So at, at the time of 1941 when Pearl Harbor, the news of Pearl Harbor broke out, you were two years old and your family was situated, well-situated on a farm and doing well. Your father was working as jeweler? ",
                " LH: And do you know where he was taken to? ",
                " LH: Did your father ever mention anything about his experience there in Missoula? "
            ]
        },
        "segment 7": {
            "Segment Desc": "Mother's difficulties taking care of family after father was taken by FBI",
            "Segment Questions": [
                " LH: How about your mother. Did your mother say anything about that experience when he was taken away from the household? ",
                " LH: Why would that be? ",
                " FK: Well, that's what I said, \"Mom, what would you say a thing like that for this awful situation?\" And she said Dad had already been taken away and that she was at home with the four kids. And she was changing Chiseko's diapers in the bedroom and, I mean, Chiseko was Jane, Jane now so... she must, she would have had to be less than nine months at that time. And she said while I was changing her diapers, somebody yelled at her through the open window to pull her blinds because it was a black out. And our farm is like about 18 acres and we don't have that many neighbors that are real close to us. And she said, \"It scared me half to death to know that someone was standing outside my bedroom window spying on us.\" She said without Yoshito, my father Frank there, it really scared her. So she said she felt a lot safer being with everybody else. And I thought, \"What a thing to say, it just makes people feel (going to camp was for our benefit).\" [Laughs] "
            ]
        },
        "segment 8": {
            "Segment Desc": "Thoughts on why Bainbridge Island Japanese community was removed so early",
            "Segment Questions": [
                " LH: So, the Bainbridge Island group was the first group to be evacuated by the army? ",
                " LH: Was there some particular reason why Bainbridge was singled out? I mean, in your opinion? "
            ]
        },
        "segment 9": {
            "Segment Desc": "A child's memories of \"evacuation day\"",
            "Segment Questions": [
                " LH: Frank, the day that Bainbridge Island was evacuated of all the Japanese, I know you were only two years old and so what memories you have, might, well, what you know of that day might be hearsay. What have you heard about that day? ",
                " LH: Is that right? ",
                " LH: Can I back up a little bit Frank? ",
                " LH: ...and are they in the position really, to do any protesting? "
            ]
        },
        "segment 10": {
            "Segment Desc": "Hearing stories of people's experiences: a pet dog left behind",
            "Segment Questions": [
                " LH: Frank, I know that you were only two years old at the time of the evacuation from Bainbridge Island and so what you know of that day must have been hearsay, but what have you been told about that particular day? ",
                " LH: Now how were you treated by the soldiers? What do you, as far as what you were told? "
            ]
        },
        "segment 11": {
            "Segment Desc": "Memories of the trip to Manzanar concentration camp, California",
            "Segment Questions": [
                " LH: And where did you go? "
            ]
        },
        "segment 12": {
            "Segment Desc": "Family's struggle over the so-called \"loyalty questions\": \"I'd rather hang myself than go to Japan\"",
            "Segment Questions": [
                " LH: So Manzanar, the Bainbridge Island group went to Manzanar. And where was your father at this point? He was still in... ",
                " LH: When did he rejoin the family? ",
                " LH: And why would that have been? ",
                " FK: Well I've always... literally thought that hard about why he didn't want to sign his. But when I think back on it, I'm thinking, here he was, taken away from his family with probably what he thought was no reason at all. And I, I found the papers where he petitioned to be, get out of Missoula and join us. And I'm thinking he was probably bitter at that time, pretty bitter at that time. Here he was being asked to, if he would be willing to serve in the U.S. Army, and if he would disavow any allegiance to the Emperor of Japan. And, and I'm thinking... now I'm thinking, \"If someone threw you into jail unjustly and without giving you hearing or anything... I mean, would you feel good about that? And would you feel good about saying, 'Yeah, I really love my country, and I really love what's going on, and I'm willing to forgive whatever happened to me'?\" And I'm thinking, knowing my father and how the type of person he was, he probably wasn't feeling really too good about that. So, he was refusing to sign \"yes.\" ",
                " And my mother told me the story of how she pleaded with him to sign yes. She said, \"You know, what would you do in Japan?\" She knew, at that time, if you didn't sign yes and you couldn't prove you were a citizen that they were going to send you off (to) someplace else and maybe exchange you for Caucasian people that were trapped in Japan. She said, she was saying to him, \"What would you do in Japan? You can't write Japanese, you can't read Japanese, you know, what would you do there?\" And she, she ended up saying, \"I'd rather hang myself than go to Japan.\" And my dad was so angry with all this frustration that he said, \"Go ahead.\" "
            ]
        },
        "segment 13": {
            "Segment Desc": "Many years later, deciding to establish a community history project",
            "Segment Questions": [
                " LH: But still, he still never did really explain how he had been treated up in Missoula? ",
                " LH: Why was it do you think, that, that your father never did speak of it? ",
                " FK: I don't know. I don't know whether it was because none of us were, ever asked him about it, or, or what. Because he died in '67 and I really didn't get interested, back on history, until after I was out of college. And I got out of college about '65 in dental school. So, he died a couple of years after I got out of dental school and a year after I got married. So I don't know. I, I, I think in a lot of ways, that the experience was real painful for some people, real painful. And, and I know when we started, we tried to get our oral history project started, on the Island it was, we had a lot of resistance. It was three of us, Sansei that wanted to do this thing. I was probably the oldest of the three Sanseis. But, they were coming up with things like, \"Why would you want to bring up bad memories for the... if you brought this stuff up, then what would the rest of the Caucasian population think of us on Bainbridge Island?\" and things like that. They made some statements like, that we were really angry people because we wanted to bring this up. So there was a lot of resistance to bringing up a history project about... ",
                " LH: And so how did you decide to proceed? "
            ]
        },
        "segment 14": {
            "Segment Desc": "The difficulty of talking about the impact of incarceration",
            "Segment Questions": [
                " LH: Okay Frank, how about your mom? Did your mom speak to you much about that time in Manzanar? ",
                " FK: No, I don't think, I don't think anybody spoke to anybody until we started this project and, and I think... whenever I talked to my mom about it, or ask her a question, she was very willing to talk about it. And I don't remember talking to my father that much about it. But neither of them probably ever brought it up, or started talking about it on their own. And I think that's probably true in most of the families here on the Island. In fact, some of the families still say, \"We've never really talked about this with our kids, and we don't (like to) give interviews and, and talk about it,\" when they're asked questions. But I think that in most families, no one's, none of the adults have really sat down and talked about this experience with their kids. In fact, one of the, one of the guys said that his kids said, \"You went through that?\" So they didn't, didn't know that their, their parents actually had even gone through it, so... ",
                " LH: And this was a Sansei? ",
                " FK: Yeah. You mean as far as the kids or the...? ",
                " LH: Do you think it's a cultural reason? ",
                " FK: To not talk about it? I don't know. I think that could probably be part of it. You know, you tend not, in the Japanese culture, you tend not to want to complain. And, and you want to gaman or be as strong as you could be and so forth. And I think that was an advantage, because it helped us, get us, get through this. But at the same time, I think the memories of that period of time are not a real, real positive one for most people, and very painful in a lot of cases. And, and I think it was hard for them to talk about this. In a lot of ways, it's shameful to a lot of people. That they were, that they were rounded up and put in sort of like a prison. ",
                " LH: In your view, what do you mean by shameful? "
            ]
        },
        "segment 15": {
            "Segment Desc": "Stories of different responses and reactions to the so-called \"loyalty questionnaire\"",
            "Segment Questions": [
                " LH: So pretty much this whole Bainbridge group, you felt, sort of reflected that feeling? ",
                " But the, the feeling was, I think the feeling was, really prevalent that among the younger guys was, \"Hey, what is this... you're trying to get us to do this stuff and still you're treating us this way.\" I know one of the guys said, when he came to that questionnaire, he refused to sign it. And he, and he said there was a lone army personnel that was questioning him about this because he didn't sign it. And he said, he said, \"Sure I'm loyal to the United States. And sure I, you know, I've got nothing to do with the Emperor of Japan. And it's, this, it's, it makes me angry that you even ask this question.\" But he said, \"As long as I'm not free or whatever, I refuse to sign it.\" But he said, \"If you, if you do draft me, I'll go.\" So... and I said, \"Why?\" I said to him, \"Well, didn't you get in trouble for that and not signing?\" He said, he said, \"No, I never signed it.\" He said, \"I think that the soldier, that I talked to, understood.\" "
            ]
        },
        "segment 16": {
            "Segment Desc": "Childhood memories of Manzanar concentration camp: waking up covered in sand",
            "Segment Questions": [
                " LH: Then, so then, your time in Manzanar was about until February of 1943? ",
                " LH: And where did you go after that? ",
                " LH: And do you have any memories of that time in Minidoka? ",
                " LH: Was this in your own barracks? "
            ]
        },
        "segment 17": {
            "Segment Desc": "Transferring to Minidoka concentration camp",
            "Segment Questions": [
                " LH: Well why, why did the Bainbridge Island group go up to Minidoka? ",
                " LH: So therefore, you were the first group to enter Manzanar, but you were the last group to enter Minidoka? ",
                " FK: Yes, yes. We ended up in the last... what do you call those...? Last... well, it was block, last block. And I remember 44-8-E was where we, our family stayed. Because I, my mother had... embroidered that in some of my clothes, because I kept leaving my clothes everywhere. So I remember, still remember having some things after we came back from concentration camp with 44-8-E on them. "
            ]
        },
        "segment 18": {
            "Segment Desc": "Childhood activities in camp: a network of tunnels in which to play",
            "Segment Questions": [
                " LH: Now, can you describe a little bit about what you remember of, of Minidoka? ",
                " LH: How did, how did you know they were cowboys? ",
                " LH: Is that right? ",
                " LH: You, you actually went down in these tunnels? ",
                " FK: Yeah, they actually let me go down there. I don't know why they let me go down there, but they let me go down and I remember seeing that. I remember being pulled (on a sled) on the pond when it froze over. People would skate on the pond, and I was on a sled and they would pull me behind on the sled, and I remember that. What else...? I remember, I remember almost hanging myself one day. ",
                " LH: How in the world did that happen? ",
                " LH: Where was that? Where was it? ",
                " LH: And you, how old were you at the time? ",
                " LH: So your cousin was how old? ",
                " LH: Gee, and he...? "
            ]
        },
        "segment 19": {
            "Segment Desc": "Remembering childhood activities in camp",
            "Segment Questions": [
                " LH: Was this Miss Minidoka contest? ",
                " LH: Oh, boy. Again, you're five or six? ",
                " LH: So you, you never got caught? "
            ]
        },
        "segment 20": {
            "Segment Desc": "Father's decision to resettle in Chicago",
            "Segment Questions": [
                " LH: Okay, Frank. Back in Minidoka, your father was there with your family at that point, right? ",
                " LH: And why was that? ",
                " FK: He was, he was still trying to figure out how to get out of, out of concentration camp. They were allowing people to go to either the midwest or back east, but not to go home, if you had a sponsor or if you were going to school and so forth. And, or if you were helping by -- because of the manpower shortage as far as, but -- with agriculture or factories or so forth. And he was -- my mother said he wanted us to move to Denver. And my mother said, \"Well, what are you going to be doing in Denver?\" And he really didn't know what he was going to be doing. So she said, \"Well you know, how you gonna feed the family and stuff if we all go there?\" So, she had refused to move to Denver but rather would stay there, because she didn't know what he would do to feed the four kids. And he, finally, decided to go back to Chicago and go to watch repair school... because his dream really was to own his own jewelry store, because he had worked for Mr. Friedlander. He actually had a letter of recommendation from Mr. Friedlander. In fact I found that letter. And I had it once, I showed the slide of it once... and this woman from one of the Jewish history things that's going on in Seattle wanted me to mail her the letter. And I couldn't find it, but I finally found it again, but now I've lost her address. So, I should probably try to figure out who she is and try to get her that letter... because it probably was unusual (then) to have a Japanese person working for a Jewish person and have that person write a letter of recommendation. But, so he went back to Chicago to watch repair school. "
            ]
        },
        "segment 21": {
            "Segment Desc": "Filming of movie Snow Falling on Cedars, using extras from Bainbridge Island community",
            "Segment Questions": [
                " LH: Well, now, who did you turn to then if you... if you were looking for a male role model, what did you do? ",
                " LH: Is that right? "
            ]
        },
        "segment 22": {
            "Segment Desc": "Impact of incarceration experience on children and teenagers",
            "Segment Questions": [
                " LH: Well, it's really interesting that when I read the survey that you had finished, that one of the questions in there was if you were to rate your camp experience, how would you rate it? And you answered, at the time, neither best or worst years of your life, but in retrospect you thought that perhaps they were the worst years of your life. Could you explain that a little bit? "
            ]
        },
        "segment 23": {
            "Segment Desc": "Reception of Bainbridge Island, Washington, community to returning Japanese after the war",
            "Segment Questions": [
                " LH: But, you were released from, or allowed to leave camp in 1945, about July? ",
                " LH: So what did happen to your family? ",
                " LH: Well, it sounds like... was that a big contrast from Minidoka? ",
                " LH: Do you recall, excuse me, do you recall returning to your farmhouse? "
            ]
        },
        "segment 24": {
            "Segment Desc": "Decision to return to West Coast after World War II",
            "Segment Questions": [
                " LH: And, and why was it that your family chose to return to Bainbridge? ",
                " LH: So let me ask. Why was it that some Bainbridge Islanders returned and not the others? "
            ]
        },
        "segment 25": {
            "Segment Desc": "Mother's efforts to reestablish the family farm after the war",
            "Segment Questions": [
                " LH: So as far as your parents, did they just pick up right where they left off? ",
                " LH: Can you describe what that means to you? ",
                " LH: Were there any other Christmas trees being planted? "
            ]
        },
        "segment 26": {
            "Segment Desc": "Attending elementary school back home after having completed kindergarten in camp",
            "Segment Questions": [
                " LH: And you're about how old, you're six or so? ",
                " LH: Can I just ask you, if we could just go back to that Minidoka experience? Because you had told me, you related a story to me that I'd liked before about your kindergarten in Minidoka. Just to contrast between kindergarten in Minidoka and what you experienced on Bainbridge. Can you tell me about that in Minidoka? ",
                " LH: What does a \"U\" mean? "
            ]
        },
        "segment 27": {
            "Segment Desc": "Using American names after the war",
            "Segment Questions": [
                " LH: Were you apprehensive at all, at all about going to school? ",
                " LH: Well was that a strange adjustment? "
            ]
        },
        "segment 28": {
            "Segment Desc": "Language difficulties in school upon returning from camp",
            "Segment Questions": [
                " LH: Frank, can you tell me a little bit about what your grade school experience was like back on Bainbridge Island? "
            ]
        },
        "segment 29": {
            "Segment Desc": "Postwar adjustment: \"I kind of felt like, that I really wasn't American\"",
            "Segment Questions": [
                " LH: Well when you came, when you came out of camp -- now that you mentioned looking different -- when you came out of camp, you said that in hindsight, you wanted to be as American as possible. Now was that an easy thing to do at Bainbridge, at the elementary school on Bainbridge Island? ",
                " LH: So do you think that meant to you that you tried to push aside anything Japanese in your heritage? ",
                " LH: In what ways did you show that? ",
                " LH: Did you yourself tell your friends about camp? "
            ]
        },
        "segment 30": {
            "Segment Desc": "Feeling uncomfortable with Japanese American ethnicity",
            "Segment Questions": [
                " LH: So during the time when you were in school, all the way up from elementary to high school, you wanted to be as American as possible? And, now when did you start to feel uncomfortable... well, when did you feel like you wanted to learn more about being Japanese or being Japanese American? ",
                " And I guess when I got to college, certain things would happen to me that they made me very aware that here, I was in a, a situation where it wasn't the same as on Bainbridge. I mean the same things could have been happening on Bainbridge, but no one would overtly would say things. But I remember one of my college friends, Caucasian friends, in the dorms being really upset one day because he saw this Japanese guy studying at the library with this Caucasian girl. And the first thing, that came out of his mouth was, \"I bet he's screwing her.\" And I said to myself... and then my other friend, Ed Picket who was another Caucasian friend who's passed away said, \"Sid, that's stupid. Why could you say a stupid thing like that?\" He said, \"What if that Japanese guy was Frank?\" And Sid said, \"Well, that would be different 'cause I know Frank.\" You see, but the same, immediately the light bulb that lit in my (mind) was, you know, people who don't know me, who just look at me can think a certain way about me just because of the way I look. ",
                " LH: Well it's interesting, were you trying to be as white as you could be? "
            ]
        },
        "segment 31": {
            "Segment Desc": "An influential mentor in college",
            "Segment Questions": [
                " LH: In some way did you, did you feel that being Japanese was less than being Caucasian? ",
                " FK: Than being Caucasian... I, I assume I did. Otherwise I wouldn't had this struggle to try to be someone else than I really was. The problem with, the problem with... my, and not that long ago I went to a... I was, we were real fortunate to be able to have Gerald Jampolsky, who's a medical physician that works with kids who have AIDS and gives free clinics for kids that have AIDS, gave us a course. And he said, \"You know what the opposite of hate is?\" And of course, since I know all the answers, I said... I mean, I'm sorry, \"what the opposite of love is?\" And of course, since I knew all the answers, I said, \"Well, the opposite of love is hate.\" And he said, \"No, that really isn't what it is, it's really fear.\" He said that when we're afraid of what's going to happen to us, or afraid for ourselves, we can't love someone else because we're too busy either protecting ourselves or building an, building an image that you want other people to see. So, and that's, that's kind of when you look at it, why certain things happen. Maybe even why we were put in concentration camp. Because the fear was so great at that time, of people who felt like they had to do something with us because they were afraid. "
            ]
        },
        "segment 32": {
            "Segment Desc": "Choosing a career as a dentist",
            "Segment Questions": [
                " LH: Can I ask you a little more about your experience at the U? Well, how did you decide that you wanted to become a dentist? ",
                " LH: Well at the time, did you have anybody to guide you? To tell you... any Japanese dentists in the community that were...? ",
                " LH: Do you think it was based on influence from your father? "
            ]
        },
        "segment 33": {
            "Segment Desc": "Raising a family postwar",
            "Segment Questions": [
                " LH: Practicing here on the Island? ",
                " LH: Derek. And so do you ever talk to him about your life experience at, with camp, etc. and your involvement with the Japanese American community? "
            ]
        },
        "segment 34": {
            "Segment Desc": "Giving a presentation in son's college class about incarceration experience",
            "Segment Questions": [
                " LH: Frank, did you ever talk to your son Derek about your own life experience with the camp and resettlement? ",
                " LH: And what sort of slide presentation was this? ",
                " LH: May I ask what race she was? ",
                " LH: Had you ever met her parents? ",
                " LH: Yeah, so when you were talking with Derek about some of your experiences in, in college or in school, what, what are some other experiences you were able to tell him about? "
            ]
        },
        "segment 35": {
            "Segment Desc": "Becoming involved in Bainbridge Island's Japanese American community history",
            "Segment Questions": [
                " LH: So for yourself, what was it that got you going and starting to look into your own background? ",
                " LH: So, at what point in your life did you decide to do this? ",
                " LH: And so this was not just a personal interest, but a group activity? ",
                " LH: Oh, I see. Who were, who was the group? ",
                " LH: And you, you said earlier that there was some reaction in the community? "
            ]
        },
        "segment 36": {
            "Segment Desc": "Beginning an oral history project to teach others about the incarceration experience",
            "Segment Questions": [
                " LH: And what were you trying to accomplish at that point? ",
                " LH: So were the, were the Bainbridge Island Isseis or Niseis reluctant to talk to you at first? ",
                " LH: Can you explain a little bit about that saying? ",
                " FK: And I thought, oh gee, why would he say that? [Laughs] "
            ]
        },
        "segment 37": {
            "Segment Desc": "Activities of the Bainbridge Island Japanese American Community",
            "Segment Questions": [
                " LH: Oh, excuse me. For the, for the Bainbridge Island Japanese Community now, well, your organization is, is, is that what evolved into BIJAC or...? ",
                " LH: And some of the works that your organization does are? Could you explain what those would be? ",
                " FK: Oh, it would be like, well, the photo project we did. When we, that was the Washington Humanities commission and... it was $35,000 to do the photo project. So, we raised half the money and we got the other half with contributed time, in kind, I mean with a matching grant from the Humanities commission. We do a teriyaki dinner every year and that's... we (have) the Kokon Taiko's come and play at that, and the Peninsula Women's Group will do dances at that. And we have two servings. It's our main fund-raiser. There was a Japanese man that came from L.A. once, and I don't really know who he was, but he, he was there and he said, \"This is amazing.\" And I said, \"Why is this amazing?\" I said, \"Don't you guys have stuff like this too?\" And he said, \"Yeah.\" He said, \"We do, but we don't have 7/8ths of the crowd here being Caucasian.\" And, and that's, and essentially, it's really good for the Japanese community because everybody works on it. I mean we have probably over a hundred people that volunteer to work on it, and they may never show up for anything else but this dinner. But most of the people that come are Caucasians from the community, and that's probably because the rest of us are working on it. But in order for it to be successful, it has to be the rest of the community. And they really enjoy coming to it and... ",
                " LH: They support it? ",
                " LH: And can you tell me what that is? ",
                " FK: It's making mochi, which is the, I think Japanese people know what mochi is. But it's mostly the rice and sometimes you put an inside, put the brown bean stuff inside, but it's... the old fashioned way is to pound it with mallets. You cook it on, it's, I get, think it's called sweet rice and you cook it over, in wooden crates over an open fire. One of the men actually reconstructed the (stuff) out of old wash tubs, the fire thing. And you cut out the hole (where) you put this big wash tub on top of that and somebody still had the wooden crates that you, with the, with the wooden bamboo stuff in the bottom, and you put the rice in and you cook it and you keep changing the layers. And so we do that and we hand pound. One of the guys had a granite mortar type thing that they used to use. And, it was something they used to do before the war a lot, here on the Island. They used to have New Year's celebrations for good luck and prosperity and stuff. And people would actually go to each other's houses and have meals and dinners and stuff and drink some sake and so forth, and that was a way of them sharing things together and celebrating. And so one day, one of the guys said, \"Well why don't we just go ahead and try and make the mochi again?\" So we've, we've done it now for, maybe eight years. "
            ]
        },
        "segment 38": {
            "Segment Desc": "Bainbridge Island Japanese American community picnics and reunions",
            "Segment Questions": [
                " LH: Bentou, box lunch? "
            ]
        },
        "segment 39": {
            "Segment Desc": "Thoughts on present-day Bainbridge Island; the importance of multicultural education",
            "Segment Questions": [
                " LH: Let me ask you, you're a professional man, you can choose to move around the country and practice wherever you'd like. Why, why do you choose to be here on Bainbridge? ",
                " LH: In what way? ",
                " My firm belief is that multicultural education is not for just kids of color, but it's for majority kids as well, because they're the ones who are most likely going to end up with leadership roles in our country. And I'll show a slide to the kids, in it that has, when, little girls and little boys of different color and I always ask them, \"Who do you think is going to be, have the best chance of being President?\" And they'll pick the white male. And that's true because he's the person that's probably going to be a, the head of a corporation or head of government or whatever. And... ",
                " LH: And what do you say to that? ",
                " FK: Huh? ",
                " LH: What do you tell the kids? "
            ]
        },
        "segment 40": {
            "Segment Desc": "Speaking to student groups",
            "Segment Questions": [
                " LH: So not only do you work on, not only do you work on the Bainbridge Island Japanese Community Projects, but you're speaking on your own to these kids groups? ",
                " LH: Oh, but this is as part of BIJAC? ",
                " LH: Now, was the, you do this locally just on Bainbridge or do you travel? "
            ]
        },
        "segment 41": {
            "Segment Desc": "The psychological impact of incarceration",
            "Segment Questions": [
                " LH: Well you know, if you could describe the, the Japanese American community on Bainbridge now, today. And living through their experience going to camp. Now, what kind of shape do you think it's in? Do you think it's. How is it doing? ",
                " FK: Oh, gosh. I think there's a lot to be done as far as... and I'm glad you guys are doing this because I think this is really helping. But, when you talk about, like all their gathering this history and one of the guys said when the war broke out, he went down to the draft office with some of his Caucasian friends to join the army and the recruiter looked at him, looked at him and said, \"There's no way you're gonna' join this army 'cause you're a Jap.\" And he's saying this, and as he's saying this, tears are coming down his cheek. And he says, \"You know, I've never said this before and it's been over fifty years.\" And it becomes really obvious that, that we have to deal with that pain in order for people to go on with their lives. And although this project is for our children, in order for us to get on with our lives, we have to do some healing also. And I think the psychological damage that was probably done by that time, is something that's really hard to overcome. I see people getting the reparation checks and feeling like, What are people going to say about me taking this money from the government? ",
                " LH: And what do they mean by that? ",
                " LH: Now how do you...? "
            ]
        },
        "segment 42": {
            "Segment Desc": "Thoughts on redress",
            "Segment Questions": [
                " LH: How do you personally feel about the redress? ",
                " But it's important because -- I went to an 8th grade class and was giving my slide presentation here on the Island and I said to them, \"Do you ever think this would be possible to happen again where a group of Americans is rounded up and put into concentration camp?\" And most of the kids said no, they don't think it would be possible. And a few that said, well maybe it could happen. So I said, \"Well how about during the Gulf War? Did you know that the FBI was gathering information on Iranian-Americans, and actually had kind of tentatively set aside a spot or a site to put them?\" And, it was real quietly in there for awhile, and then this one kid said, \"Well you know, that might not be a bad idea because you never know what terrorists are gonna' do.\" And I said, \"Well, what if we went to war with Great Britain again? You know, do you think all the kids that are of British extraction should be rounded up and put aside and put into a concentration camp?\" And he didn't hesitate a minute, he said, \"No, of course not.\" And I said, \"Why not?\" And he said, \"Well they're more like us.\" ",
                " But he said, \"You know something? The Japanese Americans are the only group that has gone through the process that they've gone through as far as losing their civil rights and, and having to deal with being in America and being thought as not being American.\" But he said if you get down to where who's gonna help other Asians to know what it's like to be American and to know the humanistic aspects of caring (for) each other to, to become a part of this country. He said, \"There's no one else in the United States that's better suited to do that, than Americans of Japanese descent.\" He says, if anything, that's our calling. And I agree with him. I think, and that's maybe one of the reasons why I feel this with a passion, that I need to talk to, to schools and make sure that kids feel okay about themselves and that they actually fit into this country. "
            ]
        },
        "segment 43": {
            "Segment Desc": "Coming to terms with Japanese American identity",
            "Segment Questions": [
                " LH: And on a personal note, do you feel like you've come to terms with your own sense of identity, being Japanese American? ",
                " I remember once, I remember once being at church camp, when the leader of the camp said to me, \"Maggie Brown has this, this Japanese guy that she really likes. And she wonders what it would be, if it would be okay as far as his ethnic background and stuff to like this Japanese guy.\" And I'm thinking, Gee, Maggie is really a nice, nice person, you know, I really like her. It's the second year in camp and stuff. And I said, \"I didn't even know she had a Japanese boyfriend.\" So I hear myself saying, \"Well you know, if they really like each other and really love each other, it shouldn't make any difference.\" And that's all I tell them. And then I'm going, and I go back to the dorms after (camp's) over and I'm thinking to myself, God I wonder who Maggie really liked. I thought, \"God, I wonder if it was me?\" Because we'd been two years in camp and stuff, and I thought, \"Well you know, when she comes back to camp next year I'll have to ask her.\" [Laughs] And she didn't come back to camp next year, so I never knew. But that's just the way you think. You think, \"It couldn't, it's not me.\" So, I don't have the slightest idea, but that's probably a good example of how that kind of affects you, without realizing that it is. That you, you, sometimes is, you don't even realize it's you, that people are talking about because you don't really think you're that good, or whatever, whatever it is. I don't know if it's got to do with culture or the way you were brought up of the things that happen to you when you were growing up so, it could be all those things. And that could be anybody of any color. But I think it's specifically the things we had to go though as Americans of Japanese descent to make that happen to you. ",
                " LH: For allowing us to interview you. Is there anything else that you'd like to add that we haven't covered? "
            ]
        }
    }
}