{
    "Narrator_Name": "Fred Oda",
    "Bio": "Nisei male. Born September 2, 1923, in Watsonville, California. Grew up in Watsonville, where parents operated a joint barbershop and bathhouse business. During World War II, removed to the Salinas Assembly Center, California, and the Poston concentration camp, Arizona. After leaving camp, worked in Milwaukee, Wisconsin, before returning to Watsonville. Attended barber school in San Francisco, eventually joining father's barber business.",
    "Title": "Fred Oda Interview",
    "Interviewer": "Tom Ikeda",
    "Location": "Watsonville, California",
    "Date": "November 19, 2008",
    "Densho ID": "denshovh-ofred_2-01",
    "transcript": {
        "segment 1": {
            "Segment Desc": "Born in Watsonville's Asian American community",
            "Segment Questions": [
                " TI: Dana. And I'm the interviewer, Tom Ikeda. And so Fred, let's start off, and can you just tell me when and where you were born? ",
                " TI: By any chance, do you know the name? ",
                " TI: And when you said you were, you had a midwife, so were you born at your family's home? ",
                " TI: Okay. And where was that home located? ",
                " TI: And was that pretty much where the Japanese community was? ",
                " TI: Oh, so that's interesting. They called it Chinatown because before the Japanese, did the Chinese live there? ",
                " TI: And you say \"they chased them,\" who chased the Chinese across the bridge? ",
                " TI: Oh, that's interesting. So why did Mr. Porter do that? ",
                " TI: Okay. That's interesting, I didn't know about that. So when you were born, what was the name given to you at birth? ",
                " TI: Okay. And then siblings. Do you have brothers and sisters? ",
                " TI: And she was born in 1921? ",
                " TI: And then you were number two, and you were born in 1923. And then after you, who was next? "
            ]
        },
        "segment 2": {
            "Segment Desc": "Father's family background: immigration first to Hawaii",
            "Segment Questions": [
                " TI: So let's go back and talk a little bit about your dad. What was your father's name? ",
                " TI: And do you know where in Japan he was from? ",
                " TI: And do you know anything about the family, like what kind of work they did or anything like that? ",
                " TI: And so was your mother kind of from the same area? ",
                " TI: And what was your mother's name? ",
                " TI: Okay, so let's go back to your father a little bit. So why did your father come to America? ",
                " FO: Well, that's it. I always thought the Issei, lot of 'em came because they were the second-born son, and the first soon really take over the family deal. But I found out that a lot of 'em came because there was a draft going on. [Laughs] Was it the Russian War? ",
                " TI: So that was, so was he the first born or was he the second born? ",
                " TI: I have to make a note because I found the same thing about my grandfather, that he was a first born. And I asked my dad, \"So why did he come?\" and he said to avoid the draft also. So I thought that was interesting. ",
                " TI: Okay, so when he was in the United States making money, he would send it back to the family, and he would complain because, or your mom would complain because you were supporting a politician? ",
                " TI: Okay, talk about that. So what did he do in Hawaii? ",
                " TI: Well, in San Jose, what did he do in San Jose? ",
                " TI: Okay, and so Hawaii, then San Jose, and then after San Jose? ",
                " TI: And what did he do in Watsonville? ",
                " TI: And do you have a sense about what time he came to Watsonville? ",
                " TI: Okay. And then right away, he became a barber? ",
                " TI: So how did he meet his first wife? Do you know who she was and how they first met? ",
                " TI: And do you know how this first wife died, and this first child? ",
                " TI: Are they, are they buried in Watsonville? ",
                " TI: And do you know where they're buried? "
            ]
        },
        "segment 3": {
            "Segment Desc": "Father's skill in Japanese performing arts",
            "Segment Questions": [
                " TI: So while we're talking about your dad, describe, then, what was he like? What were some of the things he liked to do? ",
                " FO: Well, he wanted to be an artist. He was, he liked, you know, like shakuhachi, he used to play shakuhachi, and he used to do penmanship, writing, what do they call it? Fude. (Also haiku and bonsai). ",
                " TI: Did you ever hear him play? ",
                " TI: The koto? ",
                " FO: Shamisen. Or koto? Is that the long one? ",
                " TI: And so going back, in Japan, did he, what kind of education did your father have? ",
                " TI: So that's unusual, too, who would he play tennis against? Other Isseis? ",
                " TI: Wow. Do you have that photograph? ",
                " TI: And what was he wearing when he played tennis? ",
                " TI: So he played the shakuhachi, he did haiku poetry, he played tennis, what were some of the other things he enjoyed doing? ",
                " FO: Huh? ",
                " TI: What else did he like to do? ",
                " TI: And so would he do these scrolls and things like that? ",
                " TI: Now, do you have any of those left, of your father's writings? ",
                " TI: Yeah, you should. Some of that could be really valuable. So what about some other Japanese cultural traditions like tea or anything like that? Did he do kind of things, too? ",
                " TI: So that would be the more traditional tea ceremony? ",
                " TI: And when would he do all this? ",
                " FO: Huh? ",
                " TI: When would he practice all these different things? ",
                " TI: So after work, he would come home and do this? ",
                " TI: So was that the way your dad was? Did you guys live at the barber shop? "
            ]
        },
        "segment 4": {
            "Segment Desc": "Parents' prewar business: barber shop and bathhouse",
            "Segment Questions": [
                " TI: So describe the barber shop for me. What, so in the front, how many chairs did your dad have in the barber shop? ",
                " TI: And how large was that front room with the chairs? ",
                " TI: And is it kind of like the traditional, in the front, was there, like, a barber pole? ",
                " TI: That's, and so is it painted, like, red and white? ",
                " TI: And on the front, what was the name of the barber shop? ",
                " TI: So like Oda or something like that? ",
                " TI: And was it again, like I look at those pictures of barber shops, was it like a big mirror? ",
                " TI: And then what, and so a barber shop, what were the services that your father would do at the barber shop? ",
                " TI: And were there any other things like baths? ",
                " TI: Okay. So in the front, you would have the barber shop area, and then there'd be like a back room? ",
                " TI: And how many baths would there be back there? ",
                " TI: And so you say two tubs, so were these like those old, like bear claw, those big tubs? ",
                " TI: And then that would be something your mother would sort of take care of? She would heat the water and get the baths ready? ",
                " TI: Good. And going back to your father, you talked about him wanting to be an artist. It sounds like in some ways, he was an artist already, with the poetry. Personality-wise, how was he? ",
                " FO: Huh? ",
                " TI: What was his personality like? Was he a talkative person? ",
                " TI: And so I always think of barbers, though, because when they're cutting hair, so was he a pretty quiet man or did he talk about things? ",
                " TI: I always think of barbers, they talk about politics or they talked about different things because, with their customers. But personality-wise, your dad was pretty quiet? "
            ]
        },
        "segment 5": {
            "Segment Desc": "Mother's family background",
            "Segment Questions": [
                " TI: So let's talk about that a little bit. So when your family found out that Hiroshima was bombed, how did your mother find out about the death of, I guess, your grandmother? ",
                " TI: Oh, Pearl Harbor. We'll get to that a little bit later. And so your mother's family lived in the city, and you mentioned that they were pharmacists? ",
                " TI: And do you remember your mother's maiden name? ",
                " TI: Fujisaka. And how did your mother and father meet? ",
                " TI: Like a baishakunin? ",
                " TI: Because at this point, your father's first wife had died, and so did your father go back to Japan, or do you know how they made that arrangement? Or was she sent over as a \"picture bride\"? Do you know how that worked? ",
                " TI: And how about the age difference? Were they about the same age, or was your father older than your mother? ",
                " TI: About how much older do you think your father was? "
            ]
        },
        "segment 6": {
            "Segment Desc": "Recreational activities and games played as children",
            "Segment Questions": [
                " TI: Okay, so let's now talk about you a little bit more. So you were born in 1923, and what are some early memories that you have growing up in Watsonville? ",
                " TI: Now, when you said Cut the Pie, is that a game? ",
                " TI: Okay, so it was kind of like, then, it's a knife skill game, that you would try to get smaller and smaller, and then the winner would be the last one who could get their foot into that pie. And who were your playmates, when you had all these games? ",
                " TI: Were they all Japanese? ",
                " TI: And so tell me about, like, the Japanese neighborhood, your friends. Like how many friends did you have that you ran around with? ",
                " TI: And what were some of the names of your friends? When you say ten, fifteen, what were just a few of the names of some of your better friends? ",
                " TI: So better yet. Give me the, we love nicknames, what are some of the nicknames? ",
                " FO: What else was there? I can't think of who else did we have... nickname. (Narr. note: Also Hump, Sugar, Bonehead.) ",
                " TI: Now, why would someone have the nickname Slug? ",
                " FO: Huh? ",
                " TI: Why would you give a nickname Slug? ",
                " FO: I don't know why. The Japanese name was Kasuto, but Slug? Oh, yeah, Soup, a guy called Soup. ",
                " TI: And do you know why they called him Soup? I'm always curious how they -- ",
                " TI: Or Pinhead. Why did you get a nickname like Pinhead? ",
                " TI: Good, okay. So we have more names for our, we have this list of Nisei nicknames, and I think we have some new ones here. This is good. But they never gave you a nickname? ",
                " TI: And when you have these nicknames, how would the nicknames come about? I mean, who would give someone a name? "
            ]
        },
        "segment 7": {
            "Segment Desc": "Memories of Japanese American peer group",
            "Segment Questions": [
                " TI: So you mentioned, there's a group of you, mostly, like, sons of the business owners. Now, were there activities that you would do, like go on hikes or go out into the woods or anything, or the river, things like that? ",
                " TI: And you'd be swimming just in that same water? ",
                " TI: Oh, because the first hole would be too warm or something? ",
                " TI: And how far would you have to go to these different holes? Like first hole, second hole, third hole... ",
                " TI: And so when you would do a, kind of a swimming outing, would this be, like for all day? You would go down to the river and swim... ",
                " TI: And so you'd just do this by the riverside right there? ",
                " TI: And how many boys would be down there at the same time? ",
                " TI: It's kind of interesting in terms of the timing. Was there, like every -- what am I trying to say? Like a, was there a mini baby boom in terms of how many kids there were at your age? There seemed to be like a lot of kids your age, or was that true for every age group? If you looked at kids maybe four or five years younger, was there the same number of kids, Japanese kids? And in the same way, like four or five years older, was there about the same number of Japanese kids? Or did your age group -- ",
                " FO: Because yeah, after the war, the called them the baby boomers, huh? "
            ]
        },
        "segment 8": {
            "Segment Desc": "Prewar Japanese American business district in Watsonville, California",
            "Segment Questions": [
                " TI: And were most of these businesses run by, you mentioned the men, did they have wives also? ",
                " TI: And the grocery store next to your dad's barber shop, what was the name of that grocery store? ",
                " TI: And all these businesses you're talking about, who would the clients be? Who would use these stores? Was it mostly Japanese or was it... ",
                " TI: So everybody meaning you get a lot of Caucasians coming down? ",
                " TI: The Chinese? ",
                " TI: Filipinos? ",
                " TI: Oh, to the farmers? "
            ]
        },
        "segment 9": {
            "Segment Desc": "Description of father's barber shop",
            "Segment Questions": [
                " TI: So describe what, I'm thinking like a weekend, like a Saturday afternoon, when the farmers would come to town. What did this area look like? Was it pretty crowded, were lots of people walking around? How would you describe that? ",
                " TI: And would they come usually on the weekend, like on a Saturday or Sunday, or was it during the week they would come? When would be the busiest day? ",
                " TI: And so describe that. When you think of the streets, I mean, how crowded or how many people would be around? ",
                " TI: But like the barber shop, was it pretty busy? ",
                " TI: So would people be waiting to get their hair cut? ",
                " TI: So was that true of your dad's barbershop, that sometimes he would open up at night? ",
                " TI: Well, that's why I was wondering about the competition, because it seemed like there was lots of overlap. There were, like, multiple barber shops, multiple grocery stores, multiple places where you can buy tofu. So did people shop around, or like, for instance, the barbershop, would the same customers always come back to your dad, and other customers would go to, like, the Nakata barbershop and things like that? ",
                " TI: And would your dad ever try to convince other people from another barbershop to come to his place? ",
                " FO: It's all how the customer feels, huh? ",
                " TI: And so if someone got a bad haircut, would they switch barbershops sometimes? ",
                " TI: Oh, that's interesting. So do you think he was like the best barber? ",
                " TI: And so how would his customers be different from, say, the other barbershops? ",
                " TI: But did your dad ever stay up with the styles? As hairstyles changed, would he kind of adapt and do the newer hairstyles and things like that, or would he always give the same? ",
                " TI: Oh, he did? I've never heard, that's a little unusual. ",
                " TI: And these were Japanese? ",
                " FO: Huh? ",
                " TI: Were they Japanese? ",
                " TI: And who would they be? Would they be more, again, the wives of professionals, or who would get haircuts? "
            ]
        },
        "segment 10": {
            "Segment Desc": "Tensions between Japanese Americans from town and those from farming areas",
            "Segment Questions": [
                " FO: Well, the kids, the father would buy 'em ice cream or something like that, big treat. Then even like they go China-meshi and stuff like that. I guess Seattle's the same way? Folks come into town and go China-meshi. ",
                " TI: And sometimes when I've heard these stories, sometimes there might be some tension between the town people and the farming kids? ",
                " TI: And so what would happen when -- what kind of tension would there be? ",
                " TI: Well, was that sometimes true? Did the... ",
                " TI: Well, so did you ever have sports teams between, like the city folks against the farming? ",
                " TI: Were there ever fights between the farmers and the city folks? ",
                " FO: Same world over, I guess, huh? "
            ]
        },
        "segment 11": {
            "Segment Desc": "Learning kendo",
            "Segment Questions": [
                " TI: Let's talk about some of the, you talked about, with your friends, just playing and, like, swimming and different games. How about things like organized sports? Did you, did the community have things like judo or kendo and things like... ",
                " TI: Okay, so talk about that. Where did you do the kendo and who was the instructor? ",
                " TI: And did you guys have the full equipment? ",
                " TI: So who, so when you burned all the kendo equipment, did you help do that or did the instructors do that? Who burned... ",
                " TI: And kendo in particular, because it was more of a, kind of a... what's the right word? Martial art, I guess, in terms of... ",
                " TI: How about other organized sports? So you mentioned kendo. ",
                " TI: And were you a baseball player? ",
                " TI: So did any of your friends play or they were all too young? ",
                " TI: But even though you were too young to play on those teams, did you and your friends play baseball? ",
                " TI: So why was it that the Niseis, the older Niseis, had a more organized, like, semi-pro team? ",
                " TI: And why were the Isseis so interested in baseball? I would think the Isseis would rather promote kendo or judo, but they promoted baseball? ",
                " TI: Why do you think that was? ",
                " TI: Because the kids like baseball more than the others? ",
                " TI: And for you, was there anything like that in Watsonville for your age? Like a place or a club for you guys to get together, like a community center? Or was it pretty much just on your own? "
            ]
        },
        "segment 12": {
            "Segment Desc": "Participating in high school sports",
            "Segment Questions": [
                " TI: Well, how about in school, did you do sports? Were there any sports that you did in school? ",
                " TI: And what event did you do in track? ",
                " TI: And so you would compete against Caucasians? ",
                " TI: But then for high jump, you must have been a good leaper. You probably had a good spring? ",
                " TI: So were you able to, when you saw the other track people doing the western roll, did you ever try to do that? "
            ]
        },
        "segment 13": {
            "Segment Desc": "Attending school",
            "Segment Questions": [
                " TI: So let's talk a little bit about schools. Before high school, what were some of the elementary schools you attended? ",
                " TI: And so when you went back to it, was the school pretty much the same when you went there? Was the building pretty much the same, the classrooms? ",
                " TI: And how would you, when you think of your kids' education versus what you got, how would you compare the two? I mean, how good was your education? ",
                " TI: And why do you say that? What kind of things did they do that you thought made them more dedicated than your children's teachers? ",
                " TI: So you, you thought you got a pretty good education, then, that your teachers were good teachers? ",
                " TI: Earlier you talked about how your graduating class was the largest, had the largest number of Japanese Americans. Do you have a sense of roughly what percentage of the total class was Japanese when you were going to school? So was it like a tenth of the students, or was it half of the students? Do you have a sense of what percentage? ",
                " TI: And in general, how did the students do? So you're about twenty percent of the class. ",
                " TI: Earlier you mentioned a mutual friend of ours, (Katashi Oita), that was a valedictorian. In general, did the Japanese do well in school in terms of grades? ",
                " TI: And so was it common for the valedictorian to be Japanese? ",
                " TI: So your, was it your older sister that was a salutatorian? ",
                " TI: Did your mother and father emphasize education, though? ",
                " TI: So if you looked at the older Niseis, so they weren't able to get jobs. But it sounds like your sister and your brothers, they did pretty well in school, went on and got college degrees, and then they did that. So do you ever have regrets that you didn't try harder in school? "
            ]
        },
        "segment 14": {
            "Segment Desc": "Working for a local company after graduating from high school",
            "Segment Questions": [
                " TI: So about what time, what year did you graduate from high school? ",
                " FO: Huh? ",
                " TI: What year did you graduate? ",
                " TI: So this is like June 1941, and then I think you mentioned that you got a job at the apple drying? ",
                " TI: So tell me a little bit about that job, and what kind of business? I've heard about it from other people. ",
                " TI: And was this seasonal? ",
                " TI: So it was for, like a, how long a period did you have to work? ",
                " TI: So that, how long would that be? "
            ]
        },
        "segment 15": {
            "Segment Desc": "Hearing about the bombing of Pearl Harbor: \"I couldn't believe it\"",
            "Segment Questions": [
                " TI: So Fred, we're going to now start the second hour of the interview. And so the first hour, we talked about pretty much prewar Watsonville, a little bit about your family, things like that. So for the second hour, I want to start with, so now you're working at the Hiura's apple drying plant. And we talked about it a little bit, but on December 7, 1941, bombing of Pearl Harbor, can you tell me how you heard about the bombing? ",
                " TI: And what was the reaction of the people around you? ",
                " TI: Now, was this something that you had thought, at this time, when you were eighteen years old, did you have that? Or was this something that later on you read more about? Or was this kind of what you were thinking? ",
                " TI: So this is what you thought back then? ",
                " FO: At that time? ",
                " TI: Now, the people around you, so you mentioned there were other people working at this drying plant, did you guys talk about this? Or what kind of words or feelings were going on? ",
                " TI: So did you continue working or did they shut the plant down? ",
                " TI: But I was just thinking, on that day, though, that day, did anything change on that Sunday when you were at work? I mean, it was just a regular work day? ",
                " TI: And did you talk with your parents or with your sisters or anything like that about what happened? Did your dad say anything about it?"
            ]
        },
        "segment 16": {
            "Segment Desc": "Dealing with legal and business matters before mass removal",
            "Segment Questions": [
                " TI: So when you eventually heard that you had to go also, how did you feel about that? Because you were a citizen, you had a high school education, so you studied civics and all those things, so you knew about the Constitution. So when they took, when they said that you had to go as a U.S. citizen, how did you feel about that? ",
                " TI: So you went along. But before we move to Salinas, what did your father do with the shop? When they found out that you all had to leave, what did the businesses all do? ",
                " TI: And when you say \"the lawyer,\" who was your lawyer? ",
                " TI: And so your dad was able to shut the shop down, did he rent it to someone else, or was it just shut down during the war? ",
                " TI: And with that, your dad got some money from rent during the war? ",
                " TI: Did you keep those letters? Do you still have those letters? ",
                " TI: That's too bad. I would have loved to have seen this. Do you think in general, the lawyers and the real estate people treated your family fairly when you were in camp? And they were taking care of your property, do you think they -- "
            ]
        },
        "segment 17": {
            "Segment Desc": "Residency restrictions for Issei in town",
            "Segment Questions": [
                " TI: And during this time, did you have any incidences or events that affected you personally, like a, was anyone, say anything to you that was derogatory or anything like that? Or were there any acts of kindness that you could remember? ",
                " TI: And, well, going back to that Italian man who lent you his truck, did he ever say anything to you when he let you use the truck? ",
                " TI: But did he talk about why he was doing it or anything, or what was happening to you? Did he talk about that? ",
                " TI: And how did that make you feel when he let you use the truck? "
            ]
        },
        "segment 18": {
            "Segment Desc": "Witnessing a tragic accident involving a peer in camp",
            "Segment Questions": [
                " TI: So eventually you go to Salinas with your family. So what was Salinas like? How would you describe it? ",
                " TI: And so what, what are some... do you have any examples of maybe the good side? What would be something good that happened by seeing all these Japanese? ",
                " TI: Oh, that's good, though. So you intentionally got a job as waiters, you and I guess some of your friends, just so that you could get more food to eat. Because you were always probably hungry. Any other memories from Salinas that you can recall? Any events or anything? ",
                " FO: Huh? ",
                " TI: So let's go back. So were you there when he was hit by the, I think he, my understanding was he was hit by a baseball, is that what happened? ",
                " TI: Okay. And then, so you were with him after that accident, and he was underneath the barracks. And why were you underneath the barracks? ",
                " TI: And you, but noticed his eyes didn't look right, they were red, and you thought that he should see a doctor? ",
                " TI: And was he able to see a doctor right away? ",
                " TI: And so was Mas's brother about your age? Were you friends? "
            ]
        },
        "segment 19": {
            "Segment Desc": "Moving to the Poston concentration camp; coping with difficult conditions",
            "Segment Questions": [
                " TI: What are some other activities that happened in Salinas? So there were baseball games, you had to do things like -- ",
                " TI: Oh, so that's ironic. So you left on the Fourth of July? ",
                " FO: Yeah, then we left on a train, you know, and they had the train all dark, curtain down. My father got sick, and I had to go find a doctor and trip over everybody. Stuff like that really burned me up, you know. We're going through all this, what for? Then once we reached Arizona, it was 120 degrees, and we left here, you know, in this kind of weather. Oh, boy, it's really too much for people around here. So you see guys from around here walking around with a wet towel on their head, they cut their pants, you know, make shorts. Then you see guys from the valley, they're throwing baseball and stuff out in the, football out in the firebreaks. And find out they're from El Centro, out in the desert country, east of L.A. So they could, nothing to them, but for us it was just... [laughs] yeah, drink lot of ice water. ",
                " TI: So that day, when the dust got in the food, then did people just go hungry that day? ",
                " TI: And so when all this was happening, you said that it kind of burned you up. What were you thinking? I mean, in particular, going back, you left on Independence Day, the Fourth of July, and you're, again, a U.S. citizen being taken away, and you did nothing wrong. Were you thinking about these things? ",
                " FO: Huh? Well, no, not at that time. But it'll keep building up. Then our block, too, there used to be an amputee, and those days, I mean, in the latrine, toilets, they had no partition. Just all lined up. So you know how you'd feel if you've got a wooden leg and stuff like that. So he has to go late at night when hardly anybody around and stuff like that. Then I understand that lot of these other camps, too, lot of the ladies, they got cardboard and they made their own partition. ",
                " TI: Salinas. And so there was... and so did they have a service with a reverend or something? "
            ]
        },
        "segment 20": {
            "Segment Desc": "Answering \"no-no\" on the so-called \"loyalty questionnaire,\" then changing to \"yes-yes\"",
            "Segment Questions": [
                " TI: Can you talk about that? What did you think when you got this questionnaire? ",
                " FO: Yeah, well, that's where I got in trouble. [Laughs] Because they says, \"Will you forswear all allegiance to Japan and swear allegiance to America?\" And another question was, \"Will you bear arms for America?\" And I answered \"no-no\" to both of them. And the sergeant says, \"Son, do you know what you're doing?\" ",
                " TI: Well, before you go there, why did you answer \"no-no\"? What were you thinking? ",
                " FO: Well, I'll tell you why. Because the sergeant said, \"Son, do you know what you're doing?\" I said, \"Look,\" I says, \"when I registered for the draft, I was classified as 1-A. And then you guys turned around and classified me as 4-C, that's 'enemy alien.'\" I said, \"What the hell is an 'enemy alien' doing in the U.S. Army? And I got no allegiance to Japan, I never been there,\" so I left it at that. And they said, \"All the 'no-nos' we're going to ship into Tule Lake, we're going to ship 'em to Japan.\" I got nobody in Japan, I'm not going to Japan, so I had to change it, get a lawyer and change it to \"yes-yes.\" ",
                " TI: So you were able to get it changed while you were in Poston? ",
                " TI: And so what did you have to do to get it changed? Was it a hard process? ",
                " TI: Well, you're probably fortunate that you were able to leave Poston for a job. Because oftentimes they would use that against you and keep you in camp. So when you were in Poston, before you left, what kind of jobs did you have in Poston? ",
                " TI: And so what was your job? What did you do at the chicken farm? ",
                " TI: And did you have to do that sometimes? ",
                " TI: And so how long were you in Poston before you left? ",
                " TI: And going back to the, where you said you sort of got in trouble for going \"no-no,\" did that questionnaire, those questions, did that cause a lot of discussion or turmoil at Poston for you and others? I mean, did you guys talk about it very much? ",
                " TI: Did you ever talk to your father about how you should answer the questionnaire? ",
                " TI: Now about your, your younger brothers? Did they, how did they answer the questionnaire? "
            ]
        },
        "segment 21": {
            "Segment Desc": "Living and working in Milwaukee, Wisconsin",
            "Segment Questions": [
                " TI: And so where did you go? ",
                " TI: And why did you choose Milwaukee? ",
                " TI: And so did you go with someone else? ",
                " TI: And so these were, who were these three? Were they from Watsonville? ",
                " TI: And what kind of jobs did you guys get in Wisconsin, in Milwaukee? ",
                " TI: Oh, three of you. Three of you. And who were the other two? Do you remember their names? ",
                " TI: Are they both living still? ",
                " TI: And so you both, all three of you are Milwaukee. How did people treat the three of you when you got there? As Japanese Americans, was there any discrimination against you because you're Japanese? ",
                " TI: Now, were there very many other Japanese Americans? ",
                " TI: And why do you say that? What were the problems with housing? ",
                " TI: Okay, so they weren't direct, they didn't say, \"We won't rent to you,\" but they would just say, \"Oh, the room is already gone,\" or something like that. Now, were there other Japanese Americans in Milwaukee? ",
                " TI: So did you guys ever get together with them? ",
                " TI: And so would you join the JACL and go to those meetings? ",
                " FO: Yeah. No, let's see... was it Japanese group? I wonder if they did call it JACL. ",
                " TI: So was it more like social types of things? What kind of things did the group do? Was it like dances? ",
                " TI: Just more meetings? "
            ]
        },
        "segment 22": {
            "Segment Desc": "Recalling a speech by Congressman Spark Matsunaga",
            "Segment Questions": [
                " TI: And so Sparky came to Milwaukee and gave a talk? ",
                " TI: And were you there? ",
                " TI: Do you recall what Sparky was talking about in his speech? ",
                " FO: What was the subject now? [Laughs] But then later I found out that he and, whatchamacallit, Inouye, Dan Inouye, they're both Harvard graduates. And they, I guess they majored in English and speech and stuff, too. 'Cause my brother in San Jose, he kids his Hawaiian friends there, \"How come you guys can't speak like those guys?\" Because the other guys, you know how they talk: \"I go, you go,\" and all that stuff. [Laughs] "
            ]
        },
        "segment 23": {
            "Segment Desc": "Returning to Watsonville",
            "Segment Questions": [
                " TI: Okay, so this must have been around 1949 or so, after the war was over? ",
                " FO: '49? Yeah, it was in there, I guess. ",
                " TI: But they got you back to the West Coast, you're at San Francisco, they declare a draft holiday, so what do you do next? ",
                " TI: This was back in Watsonville? ",
                " TI: So was it just because it was backbreaking work? Just kind of leaning over? ",
                " TI: So why, why did people use the short hoe? Was it faster, or why didn't people use the long hoe? What was the difference between the short hoe and the long hoe? "
            ]
        },
        "segment 24": {
            "Segment Desc": "Encountering discrimination upon returning home",
            "Segment Questions": [
                " TI: And in thinking about Watsonville, when you got back to Watsonville, had your dad reestablished his business by then? ",
                " TI: Yeah, so I was going to ask you, so how, what was the difference between before the war in the late '30s, and when you come back in the late '40s? ",
                " TI: And where did everyone go? ",
                " FO: Huh? ",
                " TI: Where did people go? ",
                " TI: In general, when you came back in the late '40s, how receptive was the overall Watsonville community for the Japanese to come back? ",
                " TI: And was it still bad when you got back? Because you got back a little bit later. ",
                " TI: And so that was probably the reason why the Japantown never came back, because it was hard for people to come back there? ",
                " FO: Well, then a lot of 'em had nothing to come back to, you know what I mean? ",
                " TI: Oh, because a lot of the stores may have been leased or something, so they didn't own the stores? ",
                " TI: And so about how many Japanese businesses were there when you came back? I mean, you said it was smaller, how much smaller? ",
                " TI: So was your dad the only barbershop, for instance? There used to be four, I think, before the war. ",
                " TI: And like how many grocery stores after the war? ",
                " TI: And before the war, there must have been, what, five or six? "
            ]
        },
        "segment 25": {
            "Segment Desc": "Attending barber school",
            "Segment Questions": [
                " TI: And so this, it was, so you did all these sort of temporary farm jobs, it was hard, and so did you continue doing that kind of work, or what did you do next? ",
                " TI: And why did you do that? Was it because you knew that you could work with your father and that was a good business? ",
                " TI: So did your father encourage you to go to barber school, too, did he think that was a good decision? ",
                " TI: Did he try to discourage you? Did he try to tell you not to? ",
                " TI: Well, so for you to go to San Francisco to barber school, how would you afford that? ",
                " TI: So that was a way to get room and board? ",
                " TI: And was that a, how did you enjoy doing that? Was that hard work to do? ",
                " TI: And so how was that like for you? Going, when you went to Japantown in San Francisco. Because that was still pretty large, wasn't it? There were a lot more Japanese. "
            ]
        },
        "segment 26": {
            "Segment Desc": "Working in father's barber business",
            "Segment Questions": [
                " TI: So you finished barber school in San Francisco, and then you come back to Watsonville. And did you start your own shop or did you work with your father? ",
                " TI: And how was it working with your dad? ",
                " FO: Huh? ",
                " TI: How was it working with side by side with your father? What was that like? ",
                " TI: But you had other jobs, you worked at tire, the tire place, and so you had different types of jobs. And now you're, all of a sudden, back in Watsonville working next to your father. Was that a positive experience for you? ",
                " FO: Oh, yeah. Because if I was an average guy, I'd get out and they'd have to find me a job so I could apprentice. And you know how it works, they won't hire you because you haven't got any experience. And how you going to get experience unless you work? And they won't give you a job because you don't have experience. [Laughs] It's a tough go, yeah. ",
                " TI: And so in some ways, you made it sound like, but that was a bad thing for you, because it was too easy for you? ",
                " TI: Because you thought if it were harder, you would have learned more? ",
                " TI: That's interesting. And how many years were you able to work with your father? Because eventually he, I think he retired. ",
                " TI: So how long did you work together? ",
                " TI: But was it more than, what, five years? ",
                " TI: And would they play in the front area or would they be in the back? ",
                " TI: And so your dad would go back there and play with them, too, if there were no customers? ",
                " TI: And did you enjoy that? Did you enjoy kind of watching the Isseis together? ",
                " TI: Yeah, I'm sure you do. And so after your dad retired, did the same customers just keep coming to you and you just did that? ",
                " FO: Yeah. Then I'd lose some, yeah, naturally. [Laughs] Because I told you my dad was a master, huh? ",
                " TI: And then during this time, what was your mother doing? ",
                " FO: Huh? ",
                " TI: Your mother. What was your mother doing during this time? So you're back in Watsonville... ",
                " TI: Oh, so you were working with both parents, your mom and dad are both there? ",
                " TI: And so that was, it sounds like, a pretty hard life for your mother, if she worked the ranch? "
            ]
        },
        "segment 27": {
            "Segment Desc": "The hardships faced by Issei parents",
            "Segment Questions": [
                " TI: So when you think about kind of the experience, the war years, having things taken away, coming back and establishing, do you think it was most hard on the Isseis, when you think of the hard work that you did and everything? ",
                " TI: But for the Isseis who stayed in the United States, like your mom and dad, how do you think this experience affected them or changed them? When you kind of saw them -- especially you had the opportunity to work closely -- ",
                " TI: Did she ever share with you kind of her, her thoughts and feelings about losing her mother with the bomb and all the things taken away, and the hard life? ",
                " TI: And what were some of the things that she talked about or said to you? ",
                " TI: Just her mother. But she didn't keep some contact? ",
                " TI: Now, was she ever able to visit Japan? ",
                " TI: And do you know how that was for her? Did you ever talk to her about going back and what she saw and what it meant to her? ",
                " TI: Well, so when your mother lived over a hundred years, do you think she felt that she lived a good life? ",
                " FO: Huh? ",
                " TI: That your mother lived a good life? When she lived that long and she saw so much, did she ever reflect back on her life? "
            ]
        },
        "segment 28": {
            "Segment Desc": "Getting married, raising children",
            "Segment Questions": [
                " TI: So let's talk a little bit about your family. So at some point you got married. So who did you marry and when did you get married? ",
                " TI: But do you remember the year you got married? ",
                " TI: Were you married in Watsonville? ",
                " TI: And how did you meet your wife? ",
                " FO: How did I meet? At a dance, I guess. ",
                " TI: And her name is? ",
                " FO: Huh? ",
                " TI: What's your wife's name? ",
                " TI: Betty, and what's her maiden name? ",
                " TI: Betty Fujita. And you met at a dance, and this is after the war that you met? ",
                " TI: And did the two of you have children? ",
                " TI: And your daughters' names are? ",
                " TI: And then you mentioned that you have grandchildren? ",
                " TI: And do they live nearby? "
            ]
        },
        "segment 29": {
            "Segment Desc": "Reflections",
            "Segment Questions": [
                " TI: And so when you think about, in particular, your grandchildren, and I'm guessing your grandchildren are probably pretty old now, too. They're probably in, what, high school or college? ",
                " TI: So do you think their lives are a lot better than what you had? Are their lives a lot better than yours? ",
                " TI: And so if you were to give them advice, what would you tell your grandchildren? Like when you think of your life, your parents' life, what are the important things that you would want them to really think about and know? Because right now, they're still really young, and they're not really thinking about these things. But maybe later on, they'll be interested. What would you tell them? ",
                " FO: Don't stress those things, huh? ",
                " TI: Yeah. And I think a lot of these values that you learned from your parents, sometimes get lost. And so I encourage you to talk about these with your, your grandchildren. Well, so Fred, that's the end of my questions. Is there anything else that you wanted to talk about or say in the interview? ",
                " TI: Does that, what does that make you feel or think about America? 'Cause you went to the point where they put you into a camp because of your race, and now we have the country electing an African American president. So what does that make you feel? "
            ]
        }
    }
}