{
    "Narrator_Name": "Fred Shiosaki",
    "Bio": "Nisei male. Born August 23, 1924 in the area of Spokane, Washington, known as Hillyard. Grew up in a multi-ethnic Hillyard area where his parents owned the Hillyard Laundry. When World War II began, was a senior at Rogers High School. Went on to attend Gonzaga University and then volunteered for military service, joining the 442nd Regimental Combat Team, a segregated U.S. Army unit consisting of Japanese Americans. Mr. Shiosaki fought in Europe, then returned to Spokane where he finished his degree at Gonzaga, and started his career and family.",
    "Title": "Fred Shiosaki Interview",
    "Interviewer": "Andrea Dilley",
    "Location": "Spokane, Washington",
    "Date": "2003-2004",
    "Densho ID": "denshovh-sfred-02",
    "transcript": {
        "segment 1": {
            "Segment Desc": "Encounters with community members after the bombing of Pearl Harbor",
            "Segment Questions": [
                " AD: What was it like to be Japanese American? ",
                " AD: What about -- let me start here. What about after Pearl Harbor? Did you feel any kind of shift in the way that people treated you? ",
                " FS: Okay. Oh, certainly. Well, after Pearl Harbor, the first thing that happened is that, of course, my father's laundry business just went, went down the tubes. He just, they, people just stopped coming in and I, for a while there, I know my dad was worried. He thought, geez, we're gonna, they're gonna starve us out of here. Then I think that he, he washed the industrial clothing, the work clothes for those guys, and there was just nobody else around who could handle that stuff, he had the equipment and stuff to do that. So they started drifting back. My favorite story about the laundry, though, and the aftermath... my father had a fellow who, who used as a mentor somebody to help him out through the bureaucracy. His name was Will Simpson, and he was a very ardent Democrat. And after Roosevelt was elected, he was appointed postmaster for the city of Spokane. He also ran a print shop behind us, job shop behind us, and so they were good friends, and my dad depended on him for help. The thing that my dad did in turn was he, he would, he would go drive up to his house on Monday, pick up his shirts to launder, and then when they were done, he would take them back, and it was just something added that my dad did for him. The day the war started, the Monday after the war started, he drove up to his house to pick up his shirts, and he said, he said Mr. Simpson unrolled the paper with this big, big black headline about the war, and he said, \"Hey, Kay, what do you think of this?\" And my dad says, \"Oh, it won't last long, it's a stupid thing,\" and so on. And so Mr. Simpson said, \"Well, I'm sorry, I just cannot do business with you anymore.\" And I think, I thought, when my dad came back and told us that story, I thought he was going to cry because this guy had been a friend for twenty-five or thirty years. What the outcome, of course, was that things were busier and busier at the laundry, and of course Mr. Simpson discovered that he couldn't find somebody to do his shirts. And so he came in some time later, and he asked him, \"Well, say, would you do my shirts for me again?\" And my dad said, \"Geez, I'm really sorry, but I'm too busy.\" And so what goes around comes around. "
            ]
        },
        "segment 2": {
            "Segment Desc": "Coping with restrictions imposed after the bombing of Pearl Harbor",
            "Segment Questions": [
                " AD: What kind of restrictions were placed on you guys? After Pearl Harbor happened, there was a lot of curfews, limitations. What, maybe you could tell us about some of those and what it felt like. ",
                " AD: How did you feel? I mean, how did, how did you and your family respond do that? What did it feel like to have those restrictions? ",
                " FS: Well, I guess we just felt like we were, we were... I think when you think back on it, we were kind of a pariah. Although they didn't, the kids I knew in the neighborhood, they didn't pick on me, they didn't, they didn't do anything overt or covert against me, as far as I know. I recall one incident, though, early in the war they had blackout restrictions. You had to, had to cover your windows, and nobody was really ready to do that. And of course, this very officious fellow who was our, was the neighborhood, neighborhood... what do you call it? Air raid warden or something, and gosh, he said, God, he came up to the door and he pounded on the door and he says, \"I can see a light through your window up there.\" Of course, my mother had covered the windows with blankets, but I thought... I felt like we were being treated as enemy agents at that time. It was, it was really a strange feeling 'cause he was a guy we knew for years. But I guess he was drunk with power or something. ",
                " AD: Were you attracting enemy planes? ",
                " FS: Oh, I was a, I was a senior in high school, and reasonably active in the, in the class. We, I was on the annual staff, we were putting together the annual, and I was the, actually the snapshot editor that year. So right after the war, they confiscated cameras and sporting guns, and we even had a little shortwave radio, my brother and I, and they took that. And I still had pictures to take around the school, so I borrowed a guy's camera and I was taking pictures inside. And then I went outside and took a picture, to take pictures of the entranceway to John Rogers High School. I was standing out there under the trees taking a picture, and that was fine. Until a few days later, I get a call in one of the classes to report to the, to report to the principal's office. And there was this guy in a suit and tie, and he said, \"You were seen taking pictures of the school. What are you doing?\" Obviously somebody had seen me doing this and called the FBI. And I said, \"Well, I'm photo editor of the, of the annual, and I was taking pictures. And he said, \"I want you to cut that out.\" [Laughs] And so I cut that out, you know. I said, really intimidating, first experience with the FBI. ",
                " AD: And tell, I mean, tell us how did it feel? You were seventeen, you're a kid, and you're being treated as... ",
                " AD: What did, what did it feel like -- and I kind of asked this before -- but what did it feel like to be treated as an enemy, and that you were, were all these little incidents and sort of restrictions that were placed on you? You were, I mean, even looking back on it retrospectively, what... ",
                " AD: Does it make you mad when you look back on it? ",
                " AD: What about your parents? Do you think that, what, what do you think -- and obviously you're sort of conjecturing here -- but what do you think they felt at the time? "
            ]
        },
        "segment 3": {
            "Segment Desc": "Struggling with Japanese American identity after the bombing of Pearl Harbor",
            "Segment Questions": [
                " AD: Talk more about that. What do you mean by that? ",
                " AD: What, how did you guys consider yourself in terms of, sort of, did you consider yourselves American? Talk about sort of patriotism and how you, how you perceived yourselves in America during that time. ",
                " AD: Did those feel questioned, did those loyalties feel questioned after, after Pearl Harbor and sort of all the events? ",
                " AD: But I mean, did you feel like other people were questioning? "
            ]
        },
        "segment 4": {
            "Segment Desc": "Volunteering for the army, but then being reclassified 4-C \"enemy alien\"",
            "Segment Questions": [
                " AD: Tell us now, Fred, about sort of the, the events that led up to your enlistment in the war. What was your, what was the impetus between, why did you decide to enlist? ",
                " AD: What, what did it feel like to be reclassified as 4-C? ",
                " AD: What do you think about it now in retrospect, even if you didn't ponder on it much then? ",
                " AD: So tell us back, pre-Pearl Harbor, what, was there an element of anticipation there, any kind of, did you or your parents foresee the war and sort of what came after? "
            ]
        },
        "segment 5": {
            "Segment Desc": "Meeting other Japanese Americans who had enlisted out of the concentration camps",
            "Segment Questions": [
                " FS: You know, when I finally got down to Camp Shelby, the unit was already formed and we were, I was placed in a training company and we, the unit had already been training for several months and so the new people had to be trained separately. And so I was, I fell into the company of a bunch of guys who had volunteered from the, from the camps. And just talking with them, I thought to myself, \"Boy, Fred, would you have volunteered from one of those camps?\" It's one of those questions that I never, I couldn't answer, and I suspect that it would have been really hard for me if my mother and father were stuck in a tarpaper shack and we all lived together in, in one room, that I could have volunteered. And I guess I really admired those guys who said, \"Well, what else could we do? We had to, we had to do something.\" And the shame of it all was that their, he, they and their families were sorely abused by a lot of those people in camps. Their homes, their shacks were vandalized, some of these guys were physically beat up and stuff. So that's a tough one. I'm not sure what I would have done under those circumstances. ",
                " AD: Talk about, what's your perspective on those who chose not to volunteer, the resisters? ",
                " FS: Yeah, the resisters. They had a point, and, and when they talk about taking the high ground on that, they say, \"Well, you've incarcerated me, you've taken away my, taken away my family's property, and you ask me to volunteer and fight for this country when we have absolutely no civil liberties. You have guard towers, have machine guns that are pointed inwards, you're not protecting us from anybody.\" I can understand that. I, and under those circumstances, I think I could have, I could have taken that position. But being a dumb kid, you know, I might not. Depending on who said, \"Hey, let's go volunteer,\" I'd have gone and volunteered. But in talking to the people who really felt strongly about this, and who led the pack, Gordon Hirabayashi and those others, I really admire them for taking that position. You know, in talking with my friends from the service, they say, \"You know, that's fine, that these guys, these guys resisted. But what if we, what if we had all resisted? What if, what if ninety percent of the Japanese American men refused to go in the service? Do you know what would have happened to us? We'd have ended up on some garbage heap somewhere. They might have put us on a boat and shipped us back to Japan.\" So when you look at the best of the best of what has happened, it's been finally they upgraded the Japanese community and we gradually, things have gotten, things got better after the war. So it's, it's a tough one. The one thing that I keep saying about the resisters is that, \"Hey, how many of those guys started resisting when they heard the casualty figures from the 442nd?\" Maybe that's unfair. They're, my friends and I in the 442nd always bring that up. ",
                " AD: Talk about the sacrifice of the 442nd. What was, what was sacrificed there on behalf of the Japanese American community? ",
                " FS: Well, I guess the casualty figures and the heroics are all on the records. But I think the reality, what really has happened is that the 442nd, they had to form the 442nd. If, if we were just put in regular units, as just mixed in with the other, with other people, with the Caucasians, they couldn't see that we were, we were fighting the war as hard as we could. As a segregated unit, we, we were given an opportunity to say, well, okay, we're a segregated unit, we've got to show our stuff. And I'm sure this is part of, part of what happened in the 442nd. Why we didn't have our own PR people, the media did take up on the things we did after a while. The one, I guess -- people always ask me, \"Well, how come they, how come you were such a crackerjack unit? How come?\" But the Japanese American community was really small. 120,000 people on the mainland, and probably that same number in Hawaii. If you, if a guy screwed up, not only did the guys immediately around him, but the families knew and the family's friends knew. It was just a matter of pride that these guys did not, we did not fail. I always felt that was part of it. But it was, there was... and the Hawaii kids, particularly, were, were friends. They all came in as a bunch, they knew each other. God, if you screwed up, then that, this word got back to Hawaii, your family would have ended up being a pariah. That's part of it. But I think, I think somewhere along the line we realized that we had something to prove. That the families back in camp, all this business about being disloyal, preyed on everybody's mind. I, actually, I thought about stuff like that, finally, when the bullets started flying. "
            ]
        },
        "segment 6": {
            "Segment Desc": "Feeling that the service of the 442nd Regimental Combat Team helped Issei gain U.S. citizenship",
            "Segment Questions": [
                " FS: But there are other things that took place. For instance, we talked earlier -- may I proceed? For instance, we talked about my parents and other first-generation Japanese and the exclusion act did not permit them to become citizens. And during World War II, they modified that and Chinese, Chinese, Asians, Chinese immigrants become citizens. It was not until 1952, 1953 that the laws changed and people like my folks and Lily's mother were eligible to become naturalized citizens. And so the great mass of the first generation, Isseis, became American citizens at that point, and that was really a major, it was quite an occasion in our family. I can recall standing in the back of the room watching my mother and dad being sworn in and I said, the thought passed my mind, \"My God, Fred, you had a piece of this one.\" It was really a very satisfying, gratifying thing. It was not until 1962 that the State of Washington cancelled the alien land laws. It was not until then that -- the state has always had alien land laws. That people from, particularly from Asia could not own property. Of course, by then, my sister and brother were old enough that they could own the house that we lived in, for example. And then my folks became citizens so it didn't make any difference. But this, the law was on the books in the state of Washington until 1962. But these were all, I at least would like to claim this is part of the legacy of the, of the 442nd. ",
                " FS: The, one of the things that happened when they changed the law was that they said people like the Issei, like our Issei parents did not have to take the test in English, and was, that's always been the law, that they have to... so we were given these crib books for, to help my mother and father pass the test. And so my older brother Roy and I would coach them in this thing. They learned well, Mother and Dad were not dumb, but they had trouble with the English language, and I can recall this, they said, \"Where was the, where was the Constitution signed?\" And, \"The Constitution was signed in Hooloodaufiya.\" And \"Mom?\" \"Hooloodaupiya.\" And it, the Philadelphia just would not come out, you know. There are just not letters in the Japanese language that, that pronounced like that. But it would, my brother and I would just roll on the floor when trying, but it, they did pass, they become American citizens. [Laughs] But it was, oh, God, that was quite an occasion. "
            ]
        },
        "segment 7": {
            "Segment Desc": "First encountering segregation in the South",
            "Segment Questions": [
                " AD: Was that, I mean, did you think about it at the time as being anything strange? "
            ]
        },
        "segment 8": {
            "Segment Desc": "The rescue of the \"Lost Battalion\"",
            "Segment Questions": [
                " FS: Well, I guess by way of background, the general for the 36th Division was a fellow named General Dahlquist, and he was really gung-ho. He was one of Eisenhower's favorites, several classes below him or something, I don't know. But anyway, and he was, he was ready to make a name for himself, and so he, he would push his troops hard, and they were, it's a good outfit. He would push them hard. And this particular battalion was ordered to take a series of ridges that approached St. Die. And of course they were overextended. The units beside them could not push because of the terrain, so they got overextended, and the Germans recognized it and immediately combined and cut them off. The other, other elements of the 36th attempted to get into them for three days and were repelled. So in the meantime, the 442nd was also on line, or elements of the 442nd were on line. Our battalion, the 3rd Battalion, had been pulled off line for rest, we'd been in combat, in combat for several days, a couple weeks. And so they pulled us off line and we were sitting at a little crossroad there at one little town, little crossroads. And said, \"Okay, you've got five days' rest, you gotta take a shower and get some clean clothes, and you're going to get a hot meal. And this was in the afternoon. That morning at two o'clock they came through, and they roused us and they said, \"We're moving out.\" And, well, a grunt, a GI Joe doesn't know anything. All he does is when somebody says, \"Jump,\" you say, \"How high?\" "
            ]
        },
        "segment 9": {
            "Segment Desc": "The impact of the rescue of the \"Lost Battalion\"",
            "Segment Questions": [
                " FS: Rescue -- I'm sorry, rescue of the \"Lost Battalion\" represented that we were not just fighting Germans. What I'm saying is that we were really Americans and we wanted to save other Americans. And I think we, the 442nd really justified all the confidence that the War Department and other people put it, is that we, it's something that had to happen. My story about it is this... this story. I was, I was on my way home from Europe, I landed in Newport News and there was, it was right after Christmas of 1945. Riding the train from Newport News, Virginia, to Camp Kilmer, New Jersey, to fly home. And on the, I was on the train, and the train passed through Washington and stopped there. And it's the old Union Station, and you could see the Capitol Building, so I was looking at it. And somebody came by in the aisle, in the train, and saw my patch and he said, \"Hey, you were with the 442nd.\" I said, \"Yeah,\" and he said, \"You were, you were, were you at the Lost Battalion?\" I said, \"Yeah.\" \"I was one of the guys in there.\" And I can, no way I can explain what I felt like. I was angry. I kept thinking of all the casualties we had taken, and how many, how many people were rescued. And I said, well I, he didn't, I had words about that. I was angry. You know, and he, he started to walk away and he offered me his hand, and I refused to take his hand, and so he left. And I thought about that for years. I thought, \"God, you're a real jerk, aren't you?\" But, and I think about that, and I think, \"That's what made the 442nd, the rescue of the 'Lost Battalion.'\" They can never take anything, you can take everything else away, but we rescued the \"Lost Battalion,\" it was Americans rescuing Americans. ",
                " FS: Well, you know, you're talking about battle and the \"Lost Battalion,\" but combat, there's just moments of just absolute terror and then a great deal of boredom when you're not, not fighting. But the most important thing, and this is what we were taught during basic, your one, the most important thing that you do is stay alive, because you stay alive and fight the next battle. But you look after yourself and then you look after your buddies, and you do as you're ordered by the officers. If they say, \"Charge,\" you say, \"How far?\" And so that's, that's what war is about, is that the guy who makes the bayonet charge and gets killed hasn't really accomplished a hell of a lot, except to get himself killed. And you don't, you don't get, the officers don't get medals for killing off a bunch of their men. So that's the important thing about battle, is staying alive, prosecute the war, and, well, of course, kill the enemy. That's, I just... that's what war is all about. Yeah, we, we may talk very high-mindedly about the war now, but when you're, when you're up to your knees in mud and snow, and you haven't eaten for three days, the important thing is to stay alive. "
            ]
        },
        "segment 10": {
            "Segment Desc": "Reflections",
            "Segment Questions": []
        }
    }
}