{
    "Narrator_Name": "Fumiko Uyeda Groves",
    "Bio": "Nisei female. Born 1933 in Seattle, Washington. Parents operated a store in the Sanitary Market (now known as the Pike Place Market). Father was very active in kenjinkai (prefectural organization) activities, both before and after World War II. Spent prewar childhood in and among Seattle's Japanese American community. Incarcerated at the Puyallup Assembly Center, Washington, and Minidoka concentration camp, Idaho. One of the first Japanese American families to return to Seattle after the war.",
    "Title": "Fumiko Uyeda Groves Interview",
    "Interviewer": "Larry Hashima",
    "Location": "Seattle, Washington",
    "Date": "June 16, 1998",
    "Densho ID": "denshovh-gfumiko-01",
    "transcript": {
        "segment 1": {
            "Segment Desc": "Grandfather's immigration story: entering through Canada, rowing over at night",
            "Segment Questions": [
                " LH: I think where we'll start, then, is really with your grandfather's immigration story, because that's actually really interesting in the fact that he is two generations removed from yourself. How did he come to the United States? ",
                " LH: And what year was this, that this all happened? ",
                " LH: So how was this, I mean, it seems pretty elaborate for them to go from Vancouver to Port Blakely to Seattle to Portland and then to Wyoming. How did they sort of follow this trail all the way out to Wyoming? "
            ]
        },
        "segment 2": {
            "Segment Desc": "Father and grandfather's immigration to the U.S.",
            "Segment Questions": [
                " LH: And he worked as a coal miner when he first got to Vancouver, and then when he went to Rock Springs he was also a coal miner when he got there? ",
                " FG: Yes, yes, yes. He went from coal mine to coal mine, and so, and then shortly after, when my father was seventeen years old, then my father was born in 1895 so this must have been -- if he was seventeen he must have been -- it must have been about nineteen-what, twenty-two? ",
                " LH: How big of a family did he leave behind in Japan to come? ",
                " LH: And had he intended to return to Japan after? "
            ]
        },
        "segment 3": {
            "Segment Desc": "Father's work in pool hall",
            "Segment Questions": [
                " LH: So your father came from, came to the U.S. in 1912, and he went to Rock Springs, Wyoming, obviously. What did he do when he first got there? ",
                " LH: A pool room, sort of pool hall, you mean? "
            ]
        },
        "segment 4": {
            "Segment Desc": "Mother's immigration story: an arranged marriage",
            "Segment Questions": [
                " LH: And so how long did he work railroads? ",
                " LH: And when did your mother come to the United States? ",
                " LH: And how did she come to the United States? I mean, how did she meet your father? ",
                " FG: Yes. [Laughs] And then when she got to Hiroshima, she found out what had happened, and she talked to my grandfather. And my grandfather said that he apologized that he had allowed this, however, \"it's kind of up to you.\" And my mother says, \"Well, what do you think? What would you like me to do?\" Japanese woman, right? And my grandfather says, \"Well, it would be very nice if you would and it would help the family because we do have a family of ten children.\" And she was a second from the oldest and my mother says, \"All right. If that's what you want, that's what I shall do.\" So that's how. It's kind of a picture bride, but it's sort of a complicated. "
            ]
        },
        "segment 5": {
            "Segment Desc": "Mother's childhood in Manchuria",
            "Segment Questions": [
                " LH: And you had mentioned that your mother actually grew up in Manchuria. Can we go back a little bit and actually just talk about how did her family come to live in Manchuria? I mean, although they were ethnically Japanese, they were in Manchuria. How did that come about? ",
                " LH: Did your mother ever tell you any stories about what it was like growing up in Manchuria? ",
                " LH: And when did your mother's family actually return to Japan from Manchuria? "
            ]
        },
        "segment 6": {
            "Segment Desc": "Mother's trip to the U.S., being instructed in how to be a proper Japanese bride",
            "Segment Questions": [
                " LH: Well, we're going to go back ahead then to your parents and then coming to the U.S. You mentioned that your grandfather actually accompanied your mother back to the U.S. Did your mom ever tell you stories about what that trip was like and how they came to the U.S? ",
                " LH: In Rock Springs in Wyoming. So this was what they did once they got there, wow. And this is something your mother had no experience doing before? ",
                " LH: And so they would go, I mean, again this is in Wyoming, they would basically go door to door to sell this or they would have the shop that people would come to? How did they sell the tofu there? "
            ]
        },
        "segment 7": {
            "Segment Desc": "Enterprising father, moving to the West Coast",
            "Segment Questions": [
                " LH: Well, let's go again to Rock Springs and then talk a little bit more about that. How long did your parents live in Rock Springs before they actually came to Seattle? ",
                " LH: And so during this time you mentioned that your father had left the railroad. What did he do for a living while he was in Rock Springs for that duration? Did he always work for the railroad? Or did he... ",
                " LH: He always worked for the railroad in Rock Springs. And so why did they decide to leave at the time that they did? ",
                " LH: So what did he think that he was going to be able to do in Brazil? Did he have any idea or was it just go and see when you got there? "
            ]
        },
        "segment 8": {
            "Segment Desc": "Born in the back room of the family store",
            "Segment Questions": [
                " LH: So when he came to Seattle, then, what did he start doing? ",
                " LH: Okay. And then, of course, at the time they were all doing this they were starting to raise a family as well. And what year were you born? "
            ]
        },
        "segment 9": {
            "Segment Desc": "Description of siblings, a Kibei brother in Japan",
            "Segment Questions": [
                " LH: So, and then your mother went back to take care of your brother and then what happened? ",
                " LH: So did he arrive safely in the United States? "
            ]
        },
        "segment 10": {
            "Segment Desc": "Growing up in prewar Seattle, being babysat by \"the Market\"",
            "Segment Questions": [
                " LH: So once you returned to the United States, how was your life growing up in Seattle at the time before the war? ",
                " LH: Well, Thirteenth and Stewart, that's pretty far removed from what people consider the Japanese community today or even back then. So, I mean, how did they end up having a business all the way out there? ",
                " LH: And so they moved the store from Thirteenth and Stewart and then you said where? ",
                " LH: And what year was this that they actually opened up the stall at the Sanitary Market? ",
                " LH: So what do you remember of that store? I mean, that stall at the Sanitary Market? Did you have much reason to go down there? ",
                " FG: Oh, well, I think the market babysat me. They were my babysitter and I was about, when I wasn't in school I would have a lot of free time. And what they did was my mother would take me down to this store with her and I must have been about six, seven years old, right. And so but then there were a lot of Japanese storekeepers and stall keepers and so I kind of, they always kept track of me because then they'd say, \"Oh, yeah. Well, I just saw her walking. She was going toward Okada-san's place.\" And oh, and you go ask Okada-san. And Okada-san, \"Oh, well I just saw her, she was over at such and such.\" So they kept a pretty good eye on me. And then we always ate at, there was a lunch counter there that all the Japanese ate so I didn't have... I only had, say about between about eight to twelve, right, that I was playing around. And then I'd have between one to five, and I always kind of wandered around inside the market. I really couldn't get lost and I couldn't get into trouble. I could probably eat too much because everybody would give me as you walk by, a little kid walking around. They give you, the Italian produce people used to give me oranges and grapes and bananas and everything. \"Oh, here do you want one?\" [Laughs] And they used to give me things and I'd go by the Milwaukee Sausage and I'd get slices of lunch meat, cheese -- [laughs] -- and it was quite a bit of things to do to keep me occupied. "
            ]
        },
        "segment 11": {
            "Segment Desc": "The family business, Home Brew Supply",
            "Segment Questions": [
                " LH: So where would he deliver? "
            ]
        },
        "segment 12": {
            "Segment Desc": "Attending Bailey Gatzert Elementary School and the Japanese Language School",
            "Segment Questions": [
                " LH: So obviously you started going to school around 1939, 1940, in sort of the elementary school. Where did you go to elementary school? ",
                " LH: So what did you do in that hour, hour and a half, I'm assuming, of course, that you did go to Japanese school afterwards? ",
                " LH: So what was it like, I mean, going to Japanese school after just coming from Bailey Gatzert, so then an hour between what was that? ",
                " LH: So what do you remember of Japanese school of sort of actually the experience of going to Japanese school after school? ",
                " LH: So, but was it a real chore, though, to go to Japanese school? "
            ]
        },
        "segment 13": {
            "Segment Desc": "Father's involvement in the Nikkeijinkai: hosting visiting seamen before the war",
            "Segment Questions": [
                " LH: ...and talk about right before the war began. What do you recall of your father's involvement in the community and sort of what he, how he stood in the community with the other leaders? ",
                " LH: The Nikkeijinkai? "
            ]
        },
        "segment 14": {
            "Segment Desc": "Father's arrest by the FBI following Pearl Harbor: a short goodbye and a three-year separation",
            "Segment Questions": [
                " LH: Well, then let's go right to the war. I mean, what do you remember about or did you hear anything about sort of conflicts between Japan and the United States before the war actually began? ",
                " LH: So when did you first actually understand what was going on? What had happened? ",
                " LH: So what were you thinking as this was all going on and you were watching this? ",
                " LH: And that was all that your father said to you at that time? ",
                " FG: Uh-huh. Oh, he told me to be good and he told my brother who was -- how old was he? Four years old, no, let's see -- three years old. He says, \"Now you're the man of the family.\" I'm sure my brother understood that. [Laughs] He says, \"You have to take care of your mother.\" So that was it. But he told both my brother and I to take care of my mother, which of course we would. [Laughs] And then that was the last we saw of him for what, two and a half, three years, because then he went to his camps and we went to our camps. "
            ]
        },
        "segment 15": {
            "Segment Desc": "Notice of \"evacuation\" orders, preparing for removal",
            "Segment Questions": [
                " LH: And going to that experience of you going to your camps, how did you hear about the fact that you were actually going to be moved from Seattle? ",
                " LH: So what did they explain to you when they were reading it to you? ",
                " FG: Well, first of all one of the first things that was read to me was a curfew that we had to be in, we couldn't be wandering around in the streets after... what time? ",
                " LH: Eight? "
            ]
        },
        "segment 16": {
            "Segment Desc": "Mother's role running family store after husband's arrest by FBI",
            "Segment Questions": [
                " LH: So here is your mother basically left alone with two children. How did she handle the situation? What did she do? ",
                " LH: When she opened up the store, did she think that she was going to actually have to run the store again or was it just to sell what was left and then close the business? "
            ]
        },
        "segment 17": {
            "Segment Desc": "Finding places to store belongings",
            "Segment Questions": [
                " LH: You had a house and so where did you put it? Did you put it in the attic? ",
                " LH: So what did you -- did other families store things in your basement as well or did they just go to the Buddhist Church? ",
                " LH: And what did your mother do about the house in terms of having someone look after it? Did she ask someone to look after it? "
            ]
        },
        "segment 18": {
            "Segment Desc": "Frightened by the sight of soldiers with rifles at the Puyallup Assembly Center",
            "Segment Questions": [
                " LH: So what do you remember about, after getting ready for evacuation, actually having to go to Puyallup? What do you recall of that day? ",
                " LH: Going back to Puyallup, what else do you remember of it? Do you recall what you did for your life, sort of your day-to-day life, in Puyallup? ",
                " FG: What I remember, I remember it was the first time I was ever in a mess line and the facilities were kind of primitive, like a scout camp or something. I guess, it's like the army, but it was like a scout camp. And see... what else do I remember? I don't know. That's about it as far as Camp Harmony is concerned. Then from there we went to Minidoka in Idaho and that took, I think it took the better part of a day. We got on a train and it was very strange to us, because the shades were down, and we weren't, I guess, allowed to see where we were going, what we are passing or anything. And then we had a rest stop. I believe, it was... I don't know. It was somewhere in Idaho. I think it was Boise. And as we got off, there were the military police were guarding us. Couldn't quite understand why, but it was very, it was very frightening to young children because they had these rifles and they were very big. They were tall because they were hakujin, right, and I think they were probably as frightened as we were and it showed, [Laughs] the very sternness. And that was something that was very different. "
            ]
        },
        "segment 19": {
            "Segment Desc": "First impressions of Minidoka concentration camp, rattlesnakes underfoot",
            "Segment Questions": [
                " LH: So what do you remember of, sort of, arriving at Minidoka? When you first got there, what did you see? ",
                " FG: Sagebrush and dust and dust and sagebrush, a lot, and then the barracks. And we, let's see. We got off at Twin Falls and then we were trucked into Minidoka, and again it was army trucks. And let's see. Was it a bus? No. I think it was an army truck. And then they dropped us off at the block that we were, and it was a long ride because we were at the end of camp. There were forty-four blocks and we were in Block 42 so it's the next to the last one. [Laughs] ",
                " LH: So once you got into your barracks, what did you think? I mean, obviously it must have been somewhat similar to what you saw in Puyallup. ",
                " FG: Doesn't it? ",
                " LH: Do you remember anyone getting bit? "
            ]
        },
        "segment 20": {
            "Segment Desc": "Schooling in camp, keen competition among like peers",
            "Segment Questions": [
                " LH: Nine years old. So you obviously were starting to go to school. What do you remember, of sort of going to school in camp? ",
                " FG: Oh, I don't know. It's actually a very... it was different and the same at the same time because if you went to school in the community, there were many, probably the majority, would be Japanese Americans, right? And then we went to Japanese school afterwards so that was all Japanese. So then we go to school in camp and it's all Japanese again. So it's kind of the same, but different. ",
                " LH: How is it different? ",
                " FG: Because they were people from other towns, right? I mean, we were, I was in school with people from Portland and Spokane and things like that. We used to walk to school, but then I think we all walked to school all the time, right. That's no different. Maybe the one difference that the school rooms had in camp that we didn't have in Seattle were the pot belly stoves. ",
                " LH: So what did you think about, you mentioned going to school with these kids from Portland and Spokane and other areas. What did you sort of think of these new kids? ",
                " LH: Really? "
            ]
        },
        "segment 21": {
            "Segment Desc": "Life in camp: swimming, church, Christmas",
            "Segment Questions": [
                " LH: Well, what else do you remember of sort of your everyday life in camp? And besides going to school, what else did you do for the spare time that you had? ",
                " LH: Well, you had mentioned a little just briefly that you had went to Sunday school. Now, was this a Buddhist Sunday school? Was it a Christian Sunday school? ",
                " LH: So what was it like going to this Buddhist Sunday school? "
            ]
        },
        "segment 22": {
            "Segment Desc": "Mother's resiliency, finding work in camp",
            "Segment Questions": [
                " LH: So going again to your life in camp, how did your mother sort of adjust to life in camp and having these children in camp? ",
                " LH: Where did she get a job? "
            ]
        },
        "segment 23": {
            "Segment Desc": "Celebrating Christmas in camp",
            "Segment Questions": [
                " FG: One of the things that I, really impressed me and it still does is that Christmas was kind of -- being Buddhist, it wasn't a real, real big thing before we went to camp -- but then when we were in camp then Christmas became a big thing 'cause then we always had the, they had these competition between the blocks. And they decorated the dining room and real ingenious with the material that there was, and they had different themes in each. And there was a contest and that's when you became real aware of Christmas. And then there would be gift giving and what impressed me was that when we were in camp then the Friends, was that the Friends Committee? ",
                " LH: The Quakers? ",
                " LH: So did you help in sort of get into the Christmas spirit so to speak by decorating the barracks? ",
                " LH: So on Christmas did Santa come and sort of distribute the presents there? Do you remember that happening? "
            ]
        },
        "segment 24": {
            "Segment Desc": "Mother's parenting style",
            "Segment Questions": [
                " LH: Well, we were talking a little bit also about how your mother was working in camp and sort of didn't really explain to you what was going on in terms of the war, but did she sort of continue to give you advice or warn you not to do things or to be, to sort of do those things that mothers do in terms of parenting? "
            ]
        },
        "segment 25": {
            "Segment Desc": "Limited contact with father, censored letters of life in Lordsburg internment camp, New Mexico",
            "Segment Questions": [
                " LH: So at this time, of course, you're -- you, your mother, and your brother -- they're in Minidoka. And your father, where is he at this time? ",
                " LH: Of 1942? ",
                " LH: So did you have any contact with your father at all? ",
                " LH: And your father would write letters back to you? ",
                " LH: What were some of the things that your father wrote back that you remember? ",
                " LH: Did your mother ever share the letters with you though? "
            ]
        },
        "segment 26": {
            "Segment Desc": "Hiroshima-ken in Lordsburg internment camp",
            "Segment Questions": [
                " LH: By going through his records. What have you learned about your father's life in Lordsburg from going through his papers and his letters? "
            ]
        },
        "segment 27": {
            "Segment Desc": "Importance of ken connections",
            "Segment Questions": [
                " LH: Really? What kind of competition would they have? "
            ]
        },
        "segment 28": {
            "Segment Desc": "Father is reunited with family, and son doesn't recognize him",
            "Segment Questions": [
                " LH: Well, once your father returned to Minidoka and you were reunited with him, what was that like, the sort of the first meeting that you had with him as he came back to camp? ",
                " LH: So what exactly did your father do at this front gate? What was his job there? ",
                " FG: I guess. Well, if you have a pass, somebody has to stamp the pass or look at the pass, right, that's what my father did. I mean, why do you have a pass if somebody doesn't have to look at it, right? [Laughs] You have to turn these things in to people so they, my father, so they turned it in to my father and he was a clerk. ",
                " FG: Yes, not as somebody -- it's kind of like thinking of policemen as either people, either positively or negatively of policemen, same thing. They were basically military police, right? Anyway, it kind of changed things in my mind so that was good. ",
                " LH: And when exactly did your father return to camp? I don't think we established that. It was 1944, but... ",
                " LH: But what month? "
            ]
        },
        "segment 29": {
            "Segment Desc": "Returning to Seattle and school after the war: facing racism",
            "Segment Questions": [
                " LH: And how long did you, were you with your father and the entire family in camp, how long did you remain in Minidoka? ",
                " LH: So what was that like actually knowing that you were coming back to Seattle, but there were only going to be you and this other family? Were you worried about coming back to Seattle at all or were you happy to come back? ",
                " FG: No. Do you really want to know what was going on in my mind? What was going on in my mind was the other person, the other family, had a boy that was the same age as I was and he would be starting school at the same time, right? Well, I didn't know about him. I really wondered about him. [Laughs] I mean, he was my biggest concern and Tom didn't get there. There is something about little boys that little girls don't like, right? I don't know what it is, but anyway I felt relieved because when I got to school then Tom hadn't come yet. He waited another day before he started school [Laughs] so I was there before he was. Accepting the problem of being the first one back was that Ms. Mahon was very, very pleased to, real pleased to see me back because she liked her Japanese students a lot and she missed them, and I just represented the first of the flow back. But these are kind of child type reactions, right. Well, what she did was in her... I don't know, in her exuberance she kissed me on my forehead. Well, I had never been kissed in my life, and I thought that was so terrible. [Laughs] It was kind of this oh, yuck. But I remember that very, very distinctly. She was very glad to see the Japanese back and she treated me so, she treated me so well. I got a little bit of flack in school and it really wasn't the children themselves, I think it comes from all the media and their parents and just everything and the war. And so I remember I sat there the first day and there was a little, there was a little hakujin girl sitting behind me and then there was a boy sitting across, and they're sitting there arguing. And so finally one of them says, \"Well, you ask.\" \"No, you ask.\" \"Okay. I'll ask.\" And then so Mary says to me, she says, \"Eugene thinks you're Japanese, but I don't. Are you?\" [Laughs] And then so I said, \"Yeah, I'm Japanese.\" And so she says, \"Well, that's okay.\" She says, \"I like you anyway.\" That was my first day of school. And then I was in another class and there was a little -- poor kid -- there was a little black boy sitting next to me, and he looked at me and he said, he says, \"Are you one of the Daughters of the Sons of Heaven?\" And I said, \"What?\" [Laughs] ",
                " LH: Daughters and the Sons of Heaven? ",
                " FG: Yeah, something about son of heaven, right? The Japanese were called the Sons of -- the emperor was the Son of Heaven, that sort of thing. What he was doing was he was repeating from the comic books and things like that. Well, anyway, the whole thing just sort of, kind of blew my mind and I start crying. And so the poor kid, he got called to the office and Ms. Mahon really scolded him and then so she expelled him for a day because of me. And then she asked me, \"What did he say?\" and I got tears rolling down my face and I tell you. And I really didn't know what he said or what I was saying. I don't know why I was crying, but I was crying and then afterwards I even cried more because when he was expelled, I thought I did that and he didn't mean any harm. He didn't hit me or anything. Poor kid. I'll never forget. I felt so sorry for him because he was just being, just being a child. He was just being a boy and he was just repeating something that he had read and he had heard on the radio and in the movies and stuff like that. That was so funny. It was so funny. But, anyway, it wasn't funny to him. It wasn't fair to him. But that was what my first couple of days in school were. And I think Ms. Mahon did that because she wanted to make sure that when the rest of us came back then we'd be comfortable, and we wouldn't have any problems. I did have another experience that I, at age eleven it was kind of shocking. I was down on Maynard and Jackson waiting for a bus and the bus stopped, and then the woman was sitting on the window side, and she had the window open. And I was waiting to get on and she just looked down at me from the bus and she said, \"You killed my son,\" and then she spit at me. ",
                " LH: An eleven year old girl and she spit at you? ",
                " FG: Yeah. And I thought, well, what did I do? It was kind of far so it didn't hit me. [Laughs] She missed, but the whole concept I thought, well, I don't even know your son. You don't even know me. I thought what do I have to do with your son is what I was thinking, but that was... at the age of eleven, it kind of leaves a bad impression and I have no idea why that happened or who she was or what her problem was or anything like that. But it was just kind of, it was kind of shocking. "
            ]
        },
        "segment 30": {
            "Segment Desc": "Father's postwar employment as a gardener",
            "Segment Questions": [
                " LH: Well, now your family came back. They obviously moved into the home that you had had before the war, and you'd mentioned that you went down to the basement and pretty much everything was gone. What did your mother and father do to get back on their feet, so to speak, get everything back in order? ",
                " LH: And this was still in Seattle? ",
                " FG: And so first my father asked if he could borrow it because he couldn't buy it, right? And then so he bought that from him. The problem is that it ran, but it never went up hills so you had to go around the hills. And then, so then eventually, I don't know where he got it, but he bought a 1936 car. I can't remember what it was. And then he used that for a while that and pretty soon he bought a, he bought a lawnmower and then he worked his way up to trucks. [Laughs] But at first he went to work on the bus with a bag of tools in his hand. "
            ]
        },
        "segment 31": {
            "Segment Desc": "Mother's work in a hotel",
            "Segment Questions": [
                " LH: And so what did your mother do while your father was out hunting down these gardening jobs? ",
                " LH: So she would be keeping the books for your dad, going working at the hotel, and raising kids. When did your mother sleep? "
            ]
        },
        "segment 32": {
            "Segment Desc": "Helping returning Japanese to find postwar housing",
            "Segment Questions": [
                " LH: When more and more Japanese families started coming back, how did that change the way Seattle reacted and also how did your family welcome people back? ",
                " LH: And what did this gentleman do for a living? ",
                " LH: What was it like though having these single men come and live in your house, maybe stay for a couple months and leave and then have other people come in? ",
                " LH: Really? "
            ]
        },
        "segment 33": {
            "Segment Desc": "The work of community groups after World War II",
            "Segment Questions": [
                " LH: Again you were talking about how your father had continued these ties to Japan by having these students come work for him and live in the house. But I want to go to the period right after he returned to Seattle and started his business, started his work back up. And how did the Nikkeijinkai reform after the war ended and people were starting to come back? ",
                " LH: But Mr. Mihara did have a lot to do with that because he was still overseeing the school at the time, right? "
            ]
        },
        "segment 34": {
            "Segment Desc": "Visiting friends living at the language school",
            "Segment Questions": [
                " LH: Really? "
            ]
        },
        "segment 35": {
            "Segment Desc": "Schooling in postwar Seattle: a \"cosmopolitan\" school environment",
            "Segment Questions": [
                " FG: Well, obviously, not obviously, but if you go from Bailey Gatzert to junior high school, it's still the same group, right, in the same community so you have basically the same friends. And so I think for me, my junior high, my junior high school experience, was really very positive. The teachers were always really very nice, very helpful, and very encouraging. And I don't think there was anything, I couldn't... I mean, I don't remember anything racial about it excepting that every time a new person came into the class, we'd kind of sit there. It was quite, one thing about Bailey Gatzert and Washington Junior High School and Garfield and Franklin at that time right after the war, they were pretty cosmopolitan, a lot of different ethnic groups. And one of the things that used to happen or had happened when I was in junior high school, somebody new would come into the class and so we'd kind of sit around, my friends and I would say, \"Well, is that one of yours or is that one of yours?\" I says, \"It's not one of mine. It's yours.\" [Laughs] ",
                " LH: Meaning what though exactly? ",
                " FG: Sylvia Nomura came into the room and so there was, my girlfriend was Chinese and then there was a Filipino girl and so we kind of all looked at each other, and I just decided that Sylvia was not, Sylvia was not Japanese. She was, but to me she didn't look Japanese. I didn't recognize her. Foon said, I says, \"She's one of yours.\" She says, \"No, she's not.\" So then we decided it was a Filipino girl. [Laughs] Anyway, that was Sylvia, is a full-fledged Nisei, [Laughs] but I didn't know. It was very, it was very cosmopolitan and scholastically it was interesting because we were all coming back from camp and so our standards were from camp because, see, when we left camp, we were in the fifth or sixth grade. And then we brought that into junior high school and so school was... I don't know. Easy? I don't know if it was easy, but we had a pretty good foundation. And so we were, I think most of the Nisei were kind of competing with each other more than anything else. "
            ]
        },
        "segment 36": {
            "Segment Desc": "Nisei attitudes toward education following World War II",
            "Segment Questions": [
                " LH: And what were the expectations that were placed on you as a Nisei woman, teenager, in terms of your education, what you would be doing with your life? ",
                " FG: In the home? I mean, from parents? ",
                " FG: Interestingly enough, I don't know. My parents, I don't know, just get a good education, right? That was as far as in junior high school. When we were in junior high school one of the things that I remember very clearly was that the teachers had had Nisei before the war, and so we were compared to them, and we were supposed to keep up the standards that they had. They were good students so we had to follow in their footsteps. And I think, and then through high school the same thing. We often encountered this where, \"I had before the war, I had so many Japanese students who were very good, very quiet, very conscientious,\" period. Which meant that's the way I expect you to be, right? And so we had a lot of like people who had gone before us. We had a lot of examples to live up to. That's what we were faced with when we were in junior high school and high school. ",
                " LH: And you graduated from Garfield High School in 1951? "
            ]
        },
        "segment 37": {
            "Segment Desc": "Racial climate at the University of Washington postwar",
            "Segment Questions": [
                " LH: When you got to the University of Washington, what was it like going to college as a Nisei? ",
                " LH: So did you ever consider trying to join your Caucasian friends in the sororities or in their activities? ",
                " LH: So what then did your social life encompass at the U for Japanese Americans? "
            ]
        },
        "segment 38": {
            "Segment Desc": "Choosing a career path",
            "Segment Questions": [
                " LH: Well, going more then to your academic life at the U, what did you decide to study once you got there? ",
                " FG: Oh, I had my life, I had my heart set on becoming a medical technologist. And then so that's what I started off in, and my mother kept asking me what are you doing, and I tried to explain to her. She said is that like a nurse and I thought, well, kind of. Is it working in the hospital? Yes. \"You know, Fumiko, you've never been really very strong so therefore I don't think that that's a very good thing for you, besides you probably will be getting married, right?\" Right. So anyway, I switched to home ec. But I didn't want to be a dietitian 'cause I was more interested in the art side, but still anyway I took all of these food courses. So now I call it food technology. I never did anything. Oh, I know what I was going to say. Then I thought what am I going to do with home ec? And then so I thought the only thing you can do with it because we couldn't do demonstration as a home economist, right. I didn't think I'd want to do anything like that anyway so I thought okay, teaching. Everybody was in, everybody was in education. Everybody was teaching. So I thought okay. And then I think the first, I guess, the first couple of courses I took a week we went to visit the schools, and I looked up at the students and they were all taller than I was. Everybody. And I thought, I cannot discipline these people. They're too big. [Laughs] I thought no, I can't do this so I don't know. ",
                " Then I started wondering about what I was going to do and then by that time I was a junior. And my dad thought I ought to visit, make a visit to Japan so I went to Japan. And then I really knew that's not what I wanted to do. [Laughs] But actually I had a... Oh, one of the things we did in the first couple of years in college was every time our grades started dropping, we would take Japanese [Laughs] and raise our grade point. But it just happened that one of my professors was Dr. Richard McKinnon and it just happened that when I was in Japan in 1955 Dr. McKinnon was there on a Fulbright scholarship. And so I talked to him about staying in Japan and going to school, and he says, \"Well, first of all, don't do it half. Go back and then come back. Go back and finish your degree at the U and then come back and do further studies.\" So then that got me thinking that I really didn't want to go into home ec, I really didn't want to teach, I didn't know really what I wanted to do. But then I wanted to do something that had to do with Japan because I wanted to go back. And so I came back and I took, to finish off my courses I took more Japanese courses. And then I ended up with a kind of a major and a minor type of thing, and it was really a bachelor of arts, bachelor of science degree in food technology with a minor in Japanese. What do you do with something like that? So then right after that, after I graduated I went to work as a file clerk at the telephone company. Doesn't that sound fitting? ",
                " FG: Inconsistency? I don't know. It didn't bother me because what it is is that it depended on what I wanted to do, right? My life, the way I led my life from day-to-day, from morning 'til night, my mother could tell me, could give me advice and tell me how to do that, right? But when it came to the bigger things in life then it was my father, and my father always, he always encouraged me to go to school. It really puzzled me because I was a girl and why would he want a girl educated? That's what I used to wonder, but it didn't bother him at all. "
            ]
        },
        "segment 39": {
            "Segment Desc": "Involvement helping visitors from Japan through the Nikkeijinkai",
            "Segment Questions": [
                " LH: Well, at this time I also want to talk about your relationship with your father in terms of his relationship again with the Nikkeijinkai and his role as sort of hospitality. Because there was something we had talked about earlier in a previous conversation about how you, while you were growing up, sort of became an impromptu tour guide for him. Could you describe that and what that was like? ",
                " FG: Kind of interesting. When you... I don't know whether it's because you have a driver's license and you want to drive a car and the family has a car, right, that's where it starts. Then my father was involved with Nikkeijinkai and he used to be, he was the social service chairman. And so every time there were visitors from Japan including the vessels, the naval vessels and the maritime vessels and the research vessels, if the Nikkeijinkai was involved and my father was involved and he also involved himself in it from the not only the Nikkeijinkai part of it, but then if the group was very large he would look for those who were from Hiroshima, and then he got the Hiroshima Kenjinkai involved. And so then with his involvement then that meant that one, we would have a lot of visitors in the house and my mother did a lot of cooking and we entertained a lot of people. Then two, it meant that whoever drove my father's car would also drive the people that he invited, and then if my father thought that the people that he invited should have a tour of the city, then I was attached to the steering wheel, right? So, therefore, I would be driving. Well, then they would ask me what this was and what that was and then so I'd explain it. So I had to really brush up on my Japanese and really work on it, but I think it paid off. I'm a lot richer for it, but I did a lot of tour guiding and then I even graduated to the bus. One year the ships, there was a big ship that came in from Japan and they put them all, these were cadets and they put them on three buses to go to Mount Rainier. And so my father put me on one of the buses and I was a tour guide that went and if that wasn't scary. [Laughs] I had to explain everything from here to Mount Rainier, and I didn't know what it was. [Laughs] But, anyway, it was really interesting and I had to try to act very professional and I had no idea what a tour guide did, but I did it anyway. But partially what it was was the bus driver would tell me in English and then I would translate it in Japanese. ",
                " LH: But it was interesting that your father asked you to do this instead of asking maybe another member of the kenjinkai or the Nikkeijinkai. Why did he ask you to do this? ",
                " FG: Control. Who else would you have more control over than your family? [Laughs] Yeah. I mean, when my brother was home, he would use my brother. My brother was rarely home, but then it was, it's real easy to ask family members. They're kind of appendages, right? That's why, I think. I don't know, but whatever it is, whatever you're assigned with, I think you become that much richer for because you have to do it. And I think it was much easier to give orders to me than it would be to anybody else that he knew including the people who worked for him. "
            ]
        },
        "segment 40": {
            "Segment Desc": "Barred from working as a flight attendant because of race",
            "Segment Questions": [
                " LH: And I guess we should go toward the more recent part of your life after you graduated from the University of Washington. Obviously you started work as a, you said a file clerk. How long did that last and what did you do after that? ",
                " LH: Now what did that mean, they weren't mixing the crew? "
            ]
        },
        "segment 41": {
            "Segment Desc": "Working in the library system",
            "Segment Questions": [
                " LH: So after Northwest Airlines then what did you pursue? ",
                " LH: What were you doing and what was his position at the library? ",
                " FG: He was the... he was a... was he the head librarian or he was the manager? He was managing. He was a librarian. He had a library degree, but he worked right under the head librarian. He did administrative, he was an administrative librarian, I think, but I just did clerical work. Kind of interesting because he's the one that the library today is named after, that Paul named it after. But, anyway, yes. So I worked at the library and then I was asked if I would like to work at the Seattle Public Library as a, working with children as a... Now, you call that what? Paraprofessional or whatever you call it. It's a paraprofessional librarian. But, anyway, at that time we were called clericals, but we did the work of the librarian without a library degree. And I only had a bachelors so I was a paraprofessional and I did that for about ten years. And in the meanwhile, I had children. And then I was working and then my supervisor asked me to go back to school and get my library degree and I thought well, I don't know. And she insisted on it so I thought all right. ",
                " LH: Why did she insist that you go back and get your degree? "
            ]
        },
        "segment 42": {
            "Segment Desc": "Raising children",
            "Segment Questions": [
                " LH: When were your children born? ",
                " LH: And so at this time and you started going to the library school in what year? "
            ]
        },
        "segment 43": {
            "Segment Desc": "Working as a librarian in Samoa",
            "Segment Questions": [
                " LH: Well, you were successful in getting your degree eventually. What did you do then after you got the degree at the UW? ",
                " LH: So what was that like? I mean, complete change of venue and your life for three years. ",
                " FG: Interesting. It was very different. It was very interesting because there were different culture and completely different place and the weather is different and just everything was so different. No matter where you go, that you have, there are difficulties, but I think in the long run I think it was very interesting. I think it was very interesting. I still don't know, I still don't know how my kids think, what my kids think about it. But it was, for me it was part of my life that I'm glad I had. And everything, a lot of things that, a lot of things that were associated with my career to me are plus. I'm not sure that they were plus for other people, like I'm not sure they were pluses for my children, but they were for me, which is kind of selfish, I guess. But I did a lot of traveling with the job, with the work. What I did was when I graduated from the library school, I decided not to go into libraries per se, but I wanted to become an information specialist. This was early on. This was before computers were really, really there. I think there is a position or a career called information specialist now. I made it up. For me, I made it up. I thought I don't want to be a librarian, I'm going to work with information. I want to work with information dissemination and what do I call that? Well, it's information specialist. That's what my professor said, I said okay, fine. So then I go looking for a job. They say, \"What are you?\" \"Well,\" I say, \"I'm an information specialist.\" \"Well, what do you specialize in?\" \"Information.\" [Laughs] \"Well, what kind of information ?\" \"Well, what kind of information do you have?\" It went around and around. It was really funny, but, yeah, I know my, after I went back to library school they asked me, my professor asked me if I would come and talk to the library school, his library school class, to tell them how I got into this, and I thought I can't. I don't know how. [Laughs] I said I don't think I'm up to it, but it was one of those things. ",
                " LH: And what year was this that you did this? "
            ]
        },
        "segment 44": {
            "Segment Desc": "Importance of preserving history",
            "Segment Questions": [
                " LH: Japanese Community Service and the Japanese Language School. Well, using your background knowledge of that, why do you think it's important to preserve these things, and how did you get involved into preserving this kind of information for people? ",
                " FG: Might be because I got involved because of the people I know probably that they talked me into it, right? And I wouldn't hesitate to help because I felt that after my mother and father died, I did a lot of cleaning up at the house and I did a lot of saving. When I was first cleaning out their house, I worked with the University of Washington Archives, but many of the things that I had that have to do with Japanese Community Service, Hiroshima Kenjinkai, and Buddhist church were written in Japanese. And the university didn't really have the facilities to take those luckily and so I just kept them. And so I was kind of, I think I was kind of complaining to somebody I have all these things I don't know what to do with, right? And so they said, well, we're going to start the museum up and I says you want them? They would take them so that's how I got involved. But mostly though I think I've always thought that it's a very, very important project because we're losing the Issei -- and this is quoting my husband -- but the Issei phenomenon is a very special phenomenon just as the Nisei phenomenon is and it'll never happen again. The Isseis are kind of like the pioneers that came west. It's the same sort of thing. It will never happen again. The Nisei experience will never happen again. It would be a shame if nobody ever, if everybody forgot what had happened and how the people came to be, why the Sansei, Yonsei, are where they are. I mean, why they're here, period, is because way in the back they had ancestors that traveled from Japan and came here, but then if I were them, I think would want to know a little bit about my own roots, that sort of thing. And it would be a shame to lose, to lose it, and to lose the artifacts and memorabilia that we would have, we wouldn't have if we didn't have a museum. ",
                " FG: My father always has been very interested in history and so he always, my father always thought of... what is it? Going back and following the generations and things like that. And he always had my mother write it up. [Laughs] My mother did the writing; my father did the thinking. And so I ended up with all this written work that my father had thought of, and he even wrote kind of a personal history, his own personal history. It wasn't the family, it was just his own, that sort of thing. But my father always kind of looked, he always felt that this sort of thing was important. I think he would heartily support a museum today. In fact, I think he would insist on it. But these things sort of came up kind of after he passed away. Daddy and I had talked about it before and he thought that, he thought it was important too, but I don't know. I think there's also there's always, no matter what you do, there's a political factor. And I was telling my father I don't know how to, I don't know how to think of that and he said you must. [Laughs] "
            ]
        },
        "segment 45": {
            "Segment Desc": "Words of wisdom: remember and take pride in your past",
            "Segment Questions": [
                " LH: Well, as a final question and you've talked about it a little bit before, but for people who will be watching this interview and also reading from it, what do you think are the important lessons to learn about the Issei experience and the Nisei experience? What are the things that you think people need to understand and realize about the Issei and the Nisei? "
            ]
        }
    }
}