{
    "Narrator_Name": "George Nakano",
    "Bio": "Sansei male. Born November 24, 1935, in Los Angeles, California. During World War II, removed to the Santa Anita Assembly Center, California and the Jerome concentration camp, Arkansas. Transferred to the Tule Lake concentration camp, California, as a result of parents' answers on the so-called \"loyalty questionnaire.\" After leaving camp, returned to California, attended school, and served in the California Air National Guard. Earned a Masters in Education and became a teacher. In 1998, elected to the California State Legislature. Appointed by the Speaker in January 2002 to serve as Democractic Caucus Chair and became one of the highest-ranking Asian Americans in the State Legislature.",
    "Title": "George Nakano Interview I",
    "Interviewer": "Sharon Yamato",
    "Location": "Los Angeles, California",
    "Date": "July 20, 2011",
    "Densho ID": "denshovh-ngeorge-01-",
    "transcript": {
        "segment 1": {
            "Segment Desc": "Parents' family background: born in Hawaii",
            "Segment Questions": [
                "SY: Okay, I'm talking to George Nakano. This is an interview for Densho. Today is July 20, 2011, and we're at the Japanese American Community, Culture and Community Center in Los Angeles. My name is Sharon Yamato, and our cameraperson is Tani Ikeda. So, George, first of all I'd love to start with talking a little bit about your family background. Maybe we can just start with your parents. Can you give me their full names, where they were from, and a little bit of history on them?",
                "SY: So you think he came by himself back?",
                "SY: And he came from a fairly, what size family?",
                "SY: Uh-huh, and then went back to Japan on his own?",
                "SY: I assume by choice, he decided he wanted to go back?",
                "SY: And they, did they know each other at all?"
            ]
        },
        "segment 2": {
            "Segment Desc": "Grandparents' family background",
            "Segment Questions": [
                "SY: So he was rather prominent in, both in Japan and in Hawaii? Or you think he came to Hawaii to make his fortune?",
                "SY: And he eventually went back, and did he become successful in Japan with the money he made here?",
                "SY: And how do those name changes occur? Do you know why that happens or how it happens?",
                "SY: Wow. So, and you don't ever refer back to your old family name, do you?",
                "SY: [Laughs] That's good. Now people will know your email address. So, now tell, let's talk a little bit about your mother's family. Do you know very much about them?",
                "SY: And this is your grandfather's property?",
                "SY: Yeah. I, you'll have to explain to me the Asano clan, though, what, it was a, just one clan in this, in, I mean, it was obviously a very big one, right?",
                "SY: Oh, the younger brother. I'm sorry, wasn't the son. Okay. So that stood out. Are there any other things that kind of were, piqued your interest?"
            ]
        },
        "segment 3": {
            "Segment Desc": "Family history",
            "Segment Questions": [
                "SY: So then when your grandfather came here, I'm just curious what... I guess he was considered a community leader here, then?",
                "SY: So I guess the next question, unless there's some, is there anything else interesting about your family that we should talk about? I was gonna...",
                "SY: And your, and your uncle is still alive?",
                "SY: So he really profited from it and led a very wealthy life, then, in Japan afterwards?"
            ]
        },
        "segment 4": {
            "Segment Desc": "Born in Los Angeles",
            "Segment Questions": [
                "SY: Yeah, everything comes around. Now, when you were born your parents had lived here how long, in Los Angeles?",
                "SY: And then how did they manage to come to Boyle Heights? Do you know?"
            ]
        },
        "segment 5": {
            "Segment Desc": "Earliest memories: going to Santa Anita",
            "Segment Questions": [
                "SY: So can you go back and give us some of your earliest memories as a young boy?",
                "SY: Right, right. So that's interesting, so you have that flash memory of being on, gathering up and going on this bus. Do you have any, your family originally went to an assembly center?",
                "SY: And do you have any memories of that?",
                "GN: I remember having a different color badge, depending on what time you're, you get to go to the mess hall to eat. That I remember. I remember the last few days before we left camp that there were a lot of empty barracks. Well, one of the things that, we got to live in a barrack instead of the horse stalls that people who went there earlier had to live. But I remember my sister and I were climbing on top of the cots that were leaning against the wall inside of the barracks, and in her case, she fell backward and hit her head and had a concussion, and so they had to send her to the hospital in, what's the name of the hospital near, in Boyle Heights?",
                "SY: And do you remember going on the train at all?",
                "SY: And you, were there others on the train with you, or was it pretty much cleared out by then?",
                "SY: Did you, did you at the time realize that you weren't being put in horse stalls, or was that sort of later?",
                "SY: Four, and so can you sort of give us a little bit of description? I guess you and your sister were the, were the people that went to camp at first.",
                "SY: Okay, and your sister's name was?",
                "SY: Shigeko. So you were how many years apart with your sister?",
                "SY: Three years. So you were definitely the one, the oldest. Did you feel that sort of strain in life of being the eldest child?"
            ]
        },
        "segment 6": {
            "Segment Desc": "A child's memories of camp",
            "Segment Questions": [
                "SY: Okay, so you're, we've gotten as far as Jerome now. You're, you've gotten on a train, now you're in Jerome, and any memories of that particular camp?",
                "SY: Wow. Now you, when you were at Jerome, then, did you start school right away? Or do you remember being in school, or was that -- ",
                "GN: In the hospital. And let's see, what else? I remember going into the forest with my father one time. Jerome was fairly open, even though they had guard towers. They had people cutting down trees for lumber, and I think my father was doing that, I remember. And he still has a book, I guess he was working as a foreman, so he had a number of people that were working for him at that time.",
                "SY: Wow. And your mother was taking care of the two kids?",
                "SY: So, and do you, how, do these memories come just in little pieces?",
                "SY: And you get things refreshed when you hear stories from other people?",
                "SY: I see. And have you been back to Jerome at all?",
                "SY: And when you went back to Jerome, do you remember any of it when you went back?",
                "SY: And did, do you remember certain landmarks or anything in Jerome, or was it all just very vague? ",
                "SY: And so how long totally were you in Jerome?"
            ]
        },
        "segment 7": {
            "Segment Desc": "Transferring with family to Tule Lake",
            "Segment Questions": [
                "SY: So, yeah, so as a child your experience was then you were being moved again. Is that what, how did that feel? What was that experience like?",
                "SY: And so, and what was the, you don't know what prompted it? You don't know?",
                "SY: Yeah, you were so young. And so where did you end up? Do you remember?",
                "SY: Tule Lake. And then do you remember your impressions of Tule Lake when you got there?",
                "SY: Right. But did, so did you feel that when you got there, that it was different?",
                "SY: So you were strictly in Japanese school, no English school at all?"
            ]
        },
        "segment 8": {
            "Segment Desc": "Father's participation in the Hoshidan at Tule Lake",
            "Segment Questions": [
                "SY: And your father, was he a member of the Hoshidan?",
                "SY: And can you talk a little bit about what that was?",
                "SY: He was born at Tule?",
                "SY: Can you sort of just describe -- I'm sure this in retrospect, but what the Hoshidan, or even at the time, what the Hoshidan was like? Or what the organization, what the purpose of the organization was.",
                "SY: Right. And your father putting you into Japanese school was in support of the Hoshidan?",
                "SY: Is that, is it bald with a, what is the bouzu, bald?",
                "SY: And then you wore the, did you wear the headband?",
                "SY: And that was a disciplinary thing, the jogging, or the wasshoi?",
                "SY: And was it everything from adults to children, or just the children in school did this?",
                "SY: And that's where you learned Japanese, or were you speaking Japanese at home before that?",
                "SY: So what were some of the subjects? They taught everything in Japanese?",
                "SY: And what kinds of things, do you remember what you learned?",
                "SY: It's interesting because it seems to me that, from your mother's description, you were a little bit of a rebellious child. Would you describe yourself that way?",
                "SY: The rest of the population. And it's sort of odd that the government allowed this at the time. Do you, I mean, looking back, was that something that the, do you know, did the government sanction?",
                "SY: Wow. That's amazing. And you don't, I mean, did you ever hear why that was happening, or do you have any idea why that was happening?",
                "SY: But at the same time they continued to teach it, right? It was kind of an odd...",
                "SY: 'Cause they certainly allowed these schools. And your, I mean, was there a, did you get a feeling in camp of this, this strict Hoshidan kind of movement in camp, or was that just outside of your experience?",
                "SY: And just, so all the information, or all that you know about the Hoshidan, did that come later, what you know about what they were trying to do in terms of sort of causing a little bit of, talking to other people about trying to join Hoshidan and that kind of thing?",
                "SY: You were, didn't experience it yourself, right?"
            ]
        },
        "segment 9": {
            "Segment Desc": "Parents sign \"no-no\" on the so-called \"loyalty questionnaire\"",
            "Segment Questions": [
                "SY: So your parents, then, do you know now why they, that they answered \"no-no\" to the, to the questionnaire and that's why they were at Tule?",
                "SY: And your mother and father both, they answered it the same or differently?",
                "SY: And so now, when the war was still going on, do you know that they decided to go back to Japan? Do you remember that, or when...",
                "SY: So can you give us a little kind of a sense of what they would say or how they would say it? Were they mainly talking about the U.S. and Japan or how terrible it was in the camps? Or what kinds of things would they say? ",
                "SY: And do you know why? Were they adamant about going back to Japan?",
                "SY: They wanted to go back. And so what ultimately happened?",
                "SY: And do you know when that was when they decided? Was it very close to the end of the war?",
                "GN: Yeah. And there were already people preparing theirselves to go to Japan. So they had applied for a hearing before the WRA to rescind the request to go to Japan and instead stay here, and so finally they did go to the hearing and they indicated to them that the kids' never been to Japan and they don't want to go to Japan, and so they granted the request and so we stayed. So now the waiting period, when are they going to release us? You could see a lot of people going to Japan, leaving Tule Lake, and so we were one of the few people that didn't go to Japan. And we had another relatives named Hatakiyama, they didn't go to Japan either, so I'm sure they probably talked to each other.",
                "SY: Right, as a family decision. You had other relatives at Tule besides the Hatakiyamas?",
                "SY: So then as people were leaving and you decided, or your parents decided to go, not to go back, then what happened next?",
                "SY: So did you go to school in, when you first came out of, out of camp? Were you --",
                "GN: Oh yeah. I remember going to, was it the First Street School? It was an elementary school near First Street. Might've been the Third Street School, I'm not sure."
            ]
        },
        "segment 10": {
            "Segment Desc": "Facing racism upon leaving camp",
            "Segment Questions": [
                "SY: You mean like other Caucasian families?",
                "SY: So that was a mixed ethnic troop when you first joined?",
                "SY: Sick in the plane?",
                "GN: And I remember going to Boy Scout camp. They had a camp, they had a jamboree at Rio Hondo, I remember going to that. But I caught, I got yellow jaundice at that camp. Yeah, in fact... they had type A, type B and type C, what is it called?",
                "SY: I don't... it's a jaundice type?",
                "SY: Malaria? No.",
                "SY: And you, and there's no residual of hepatitis? ",
                "GN: Well then, years and years later -- no, nothing, I didn't get anything after that -- and I read in the paper that many Asians, especially those from Hong Kong, have hepatitis B, and one of the things they find about people with hepatitis B is that there's a high percentage of those who end up with liver cancer. And so that really worried me, and so I went to the doctor and mentioned about what I read, and he says, well, he says, \"When was it that you had your, this yellow jaundice?\" I said it was like 1947, thereabouts, or '48. And he says, \"Well, in those days they didn't have, they didn't know that there was hepatitis A, B or C, but we could check that out by seeing what your antibody is like.\" And so they took my blood sample and when I went to see him again he said, \"It was hepatitis A that you had.\""
            ]
        },
        "segment 11": {
            "Segment Desc": "Getting into fights in school",
            "Segment Questions": [
                "SY: You never felt, and you weren't that big either, right?",
                "SY: And so were you intimidated by bigger guys?",
                "SY: That's amazing. And you never felt, well, like you said, you don't like to be intimidated, but you never felt intimidated by guys who were bigger than you?",
                "SY: So do you remember what prompted some of these fights?",
                "SY: It wasn't, was it a racist name?",
                "GN: No one came to break it up. And I was hoping that hakujin guy that lived across the street from me, 'cause he was tall, I said, gee, where is he? I wish he would come and break this up, but he was nowhere around. I think he came later when the crowd started gathering.",
                "SY: So did you, well, and did you then get some sort of reputation after this? Or did kids sort of know you as a fighter?",
                "SY: And then what happened to this guy?",
                "SY: Wow. And did you learn a lesson from this in terms of if people pick on you?",
                "SY: And your parents, did they have anything to say about it, or did they even know?"
            ]
        },
        "segment 12": {
            "Segment Desc": "",
            "Segment Questions": [
                "SY: And they, the event was staged just to protest you, just to protest your position?",
                "SY: And so, and you, were you subsequently admonished, or did you have any kind of reaction after that?",
                "SY: Good. So there is a happy ending. And do you think that that kind of attitude really led you to become the person you were in politics? Do you think that politicians really need that kind of..."
            ]
        },
        "segment 13": {
            "Segment Desc": "Returning to Boyle Heights neighborhood",
            "Segment Questions": [
                "SY: Well I, we're gonna have, we're skipping a whole bunch, we'll definitely cover more on that 'cause I think it's fascinating, but getting back to Centennial, now, so you were in Norwalk and then what? Where did you end up after Centennial, or did you, did you move from there, Norwalk?",
                "SY: And you never had a problem with English? Did you, were you, I mean, having spent all those years speaking, or learning in Japanese --",
                "SY: So you were basically an English as a second language student. But, so that, did you notice that when you started school back in, after camp?",
                "SY: That's amazing. So then you went from Norwalk and went all the way through intermediate school, which is considered, what, junior high school now? To Centennial and then what happened after that?",
                "SY: Can you talk about the area then, back then, Boyle Heights?",
                "SY: So it, you, Boyle Heights was kind of a mixed area?",
                "SY: So you were in a very poor neighborhood. And your father was at that time doing what?",
                "SY: So he took on gardening as a business. And then you had to transfer schools?"
            ]
        },
        "segment 14": {
            "Segment Desc": "Being discouraged from higher education in high school because of ethnicity",
            "Segment Questions": [
                "SY: And what kind of student were you? Were you a fairly good student?",
                "SY: You couldn't take algebra?",
                "SY: So then you then eventually, from Hollenbeck -- this happened at Hollenbeck, right?",
                "SY: And was this, just on another note 'cause we'll go on, but is, were you very active in sports there at Hollenbeck?"
            ]
        },
        "segment 15": {
            "Segment Desc": "Working part time in high school",
            "Segment Questions": [
                "SY: But you, you had no trouble transferring to another?"
            ]
        },
        "segment 16": {
            "Segment Desc": "Involvement in postwar club activities in Los Angeles",
            "Segment Questions": [
                "SY: So these groups, then, when you first joined one at Roosevelt, the Squires, was that real common then? I mean, were there all the young kids?",
                "SY: And, like how did you originally get in? You just, a bunch of guys get together, they, or do you get invited in, or do you just decide which club you want to join?",
                "SY: And the Constituents were, I mean, they were pretty, would you consider them a more well known club?",
                "SY: And these were in different schools, in different neighborhoods?",
                "SY: L.A. Poly, so if you were in a club mostly all the kids were in one club? I mean if you were in a school, most of those kids were in one club?",
                "SY: I see. So when you say aggressive, kind of describe what kinds of things you did. What did, like what kinds of things did the club do?",
                "SY: And then you would, they would invite all different, these clubs to one dance?",
                "SY: So then these fights, did they mostly occur at these social, like these dances?",
                "SY: And what prompted them usually, since you were all kind of Asian but got along? Or was it, was it racially motivated, these little fights?",
                "SY: And was it, like an individual had a conflict and then suddenly it spread?",
                "SY: Did you, did you have weapons?",
                "SY: And kids, did they get hurt, badly hurt in fights like that, or were they mostly fistfights?",
                "SY: Now, how would you compare those, so they were called clubs, but sort of like gangs?",
                "SY: And explain that a little bit. I mean, do you know?",
                "SY: And would you say that it was Japanese American, like, initiated? Like you had all different ethnic groups part, that were part of the clubs, but were there mostly Japanese Americans who kind of gathered together first?",
                "SY: And was it a certain kind of person that would join the club?",
                "SY: So there must have been, but you didn't really talk about your experiences in camp, did you, when you were hanging out together?",
                "SY: Interesting. And yet there were other people of many other races that were part, and so you all, was it, but you, did you consider it minority, that there was a minority faction? In other words, the blacks that were in your group felt some sort of racist component?"
            ]
        },
        "segment 17": {
            "Segment Desc": "Positives and negatives to the postwar clubs",
            "Segment Questions": [
                "SY: So what was, I know that there was a positive and a negative side to it, or would you characterize it that way? Were there positives, what were the positives and what were the negatives?",
                "SY: Can you talk a little bit about those, 'cause I know some of 'em were pretty bad. Were there any that were very, that were life-threatening for you?",
                "SY: Never. With people who had guns? No? You never felt that threatened by any other encounters.",
                "SY: And you had to pay to get into these dances?",
                "GN: Yeah, it's like twenty-five cents. So we raised, how much did we raise? Hundred and seventy-five dollars, I think. And most of us were in the eleventh grade at that time, and we donated that money to Shonien and so we got our picture in the Crossroad newspaper.",
                "SY: And where were your parents during all this? Were you pretty much on your own?"
            ]
        },
        "segment 18": {
            "Segment Desc": "Joining the California Air National Guard",
            "Segment Questions": [
                "SY: I see. So that was sort of a way of avoiding the draft, which was, at the time it wasn't a big deal, though, was it?",
                "SY: And was that, what, was there a war going on then?",
                "SY: Right. Right, that was, that was a bad time. So how did it sort of end, your relationship in the gang? Was it just, does everybody still see each other after high school?"
            ]
        },
        "segment 19": {
            "Segment Desc": "Memories of high school",
            "Segment Questions": [
                "SY: And aside from being in this club, you were all pretty good students, or you were? Were you a fairly good student?",
                "SY: And that's in high school?",
                "SY: You were, you're put into vocational?",
                "SY: I see. And then you were still active in sports then?",
                "SY: That's nice. And then were you working through this whole period?",
                "SY: So, and your family, meantime, is still kind of struggling, your father's gardening business, or was he getting, did it, was it a hard life for your parents?",
                "SY: And your two, your three younger siblings, were they just going to school?",
                "SY: And they, did they move around like you did or did they stay in Boyle Heights?",
                "SY: That was, I see. So do you remember feeling, like, very poor when you were growing up?",
                "SY: Really poor. And that, so you, the working, were you the only one who was helping with the family income?"
            ]
        },
        "segment 20": {
            "Segment Desc": "Taking up electronics repair",
            "Segment Questions": [
                "SY: And then when you graduated from Poly, what did you, where did you end up?",
                "SY: Now why was that? That was a particular interest of yours?",
                "SY: And it, they wanted you to get an advanced degree in what subject?"
            ]
        },
        "segment 21": {
            "Segment Desc": "Working for Hughes Aircraft",
            "Segment Questions": [
                "SY: You worked at Hughes Aircraft for how long?",
                "SY: Fifteen years. Long time. And do you, can you talk a little bit about what your experiences at Hughes were like?",
                "SY: And what specific things did you work on?",
                "SY: Quite sophisticated, electronic engineering kinds of things. And were you involved in, I mean, because it's sort of a corporate structure, were you involved in the politics there?",
                "SY: Wow. So would you get into political discussions?",
                "SY: Was there any kind of, like, racial divide?"
            ]
        },
        "segment 22": {
            "Segment Desc": "Getting married and starting a family",
            "Segment Questions": [
                "SY: And you were living in, where were, or did you move when you started working at Hughes?",
                "SY: So, and were you married at the time?",
                "SY: So when did you get, end up getting married? Was that during that fifteen years you were at Hughes?",
                "SY: And how did you meet your wife?",
                "SY: Really? She went to Poly also?",
                "SY: Wow. So she knew you when you were a member of the Constituents, so was she also in one of these girls' clubs?",
                "SY: I see, and you started dating then? I mean, you...",
                "SY: But you eventually, after you started working at Hughes, then?",
                "SY: Right, but then how, when did you decide you were going, you wanted to get married?",
                "SY: I see. And what was she doing at the time, when she graduated?",
                "SY: So she, did she go straight out of, out of high school?",
                "SY: And ended up working there for her, as a career?",
                "SY: I see. And then you, so after you got married you moved again, or did you, you stayed in Gardena?",
                "SY: And how much did you sell the Manhattan Beach home for?",
                "SY: Yeah, it happens. So that was, so you started a family and you, when you finally ended up in Torrance, or did you start your family in Manhattan Beach?",
                "SY: And she's how old now?",
                "GN: How old is she? She's what, she had her fiftieth birthday last year.",
                "SY: Wow. And a teacher in L.A., Los Angeles?",
                "SY: Wow, so he kind of took after you did, huh?",
                "SY: Wow. That's amazing, I know... and they're, and he's how much younger than your daughter?"
            ]
        },
        "segment 23": {
            "Segment Desc": "Getting involved in kendo",
            "Segment Questions": [
                "SY: So I'm gonna switch over the subject and talk a little bit about your interest in kendo. Can you talk about how that started, when it started?",
                "SY: That was on television, the Tonight Show?",
                "SY: And you do exercises?",
                "SY: And is it meant to actually strike the opponent?",
                "SY: So is it, can it be painful?",
                "SY: And what's the, what's the purpose of it? In other words, do you get scored?",
                "SY: Really? 'Cause you're constantly en garde, is that the...",
                "SY: And do you do, you don't do, you are always with an opponent?",
                "SY: So it originated as, as sort of a, with, I mean, it was an aggressive sport, or was it considered a sport when it originated?",
                "SY: What, now was that kind of what fascinated you about it? Was it the, when you first saw it, was it the aggressiveness of it?",
                "SY: Yeah, very interesting. And you ended up becoming how, how long did you practice it?",
                "SY: So at the height of your practice how many, how much time did you devote to it?",
                "SY: So fifth dan is what level in terms of the total scheme?"
            ]
        },
        "segment 24": {
            "Segment Desc": "Teaching kendo: founding the Torrance Dojo",
            "Segment Questions": [
                "SY: And then how, then after you got your fifth degree, is that when you started thinking about instructing?",
                "SY: So did you, so you had to actually rent space at this, the center?",
                "SY: That's nice. And so how big did your dojo become?",
                "SY: And it's still the same people who you formed it with originally?"
            ]
        },
        "segment 25": {
            "Segment Desc": "Practicing iaido, a different form of martial arts",
            "Segment Questions": [
                "SY: But you also were involved in iaido?",
                "SY: And how did it turn out?",
                "SY: This was post-9/11, huh?",
                "SY: And then you, did someone introduce it? How did...",
                "SY: And how long was, how long did this last, this little routine?",
                "SY: And did you get personal reactions? Did people come up to you afterwards?",
                "SY: They had, you had to kind of explain what it was, right?",
                "SY: So did you find that this was a way of channeling that energy that you had as a young person?",
                "SY: It's not a real common form of martial arts, or is it?",
                "SY: I see. And did you find that you enjoyed that more or less than kendo?"
            ]
        },
        "segment 26": {
            "Segment Desc": "Being the target of a smear campaign while running for California State Assembly",
            "Segment Questions": [
                "SY: I'm gonna, I want to skip ahead 'cause I remember that there was a smear campaign with you in the kendogi. Was it kendogi? Tell us a little bit about that.",
                "SY: But you never felt that it being so, the sport being so, or the art being so Japan-oriented might be a problem for you? In terms of...",
                "SY: He eventually, didn't he, wasn't he the one who asked you to run for state assembly?",
                "GN: Gavin, the son. So we had a photograph of that in my campaign brochure, and this guy's a professor at Cal State Dominguez Hills in the business department and he was a friend of Ron Wasserman, and he happened to stop by his office one day and he asked him if he's seen my brochure. And he said he did, and so he asked him, \"What do you remember about the brochure?\" \"Oh, that George is a black belt.\" So that was that, okay, but just keep that behind, keep that in mind. So we fast forward from 1984 to 1998 when I ran for the state assembly, and my consultant at that time, yeah, my consultant at that time had, you know when they do...",
                "SY: Some sort of report?",
                "SY: Negative or positive?",
                "SY: Right, but this actually, in fact, it was the opposite. It actually helped you. Wow. Yeah, that's amazing. It must've been hard to give it up, huh?",
                "SY: Really?"
            ]
        },
        "segment 27": {
            "Segment Desc": "Leaving job at Hughes and attending college",
            "Segment Questions": [
                "SY: Okay, so let's get back, so we were talking about working at Hughes and then deciding to go back to college, getting your degree. And then what happened next in terms of your education, profession?",
                "SY: And so going back to school, what was your intention, eventually?",
                "SY: Why was it that you wanted to leave Hughes?",
                "SY: And when did that desire start? When did you start feeling like that was something important?"
            ]
        },
        "segment 28": {
            "Segment Desc": "Beginning the Gardena Pioneer Project",
            "Segment Questions": [
                "SY: And what was your involvement with the Gardena Pioneer Project?",
                "SY: The Coral Foundation wanted you to?",
                "SY: I see. And you just said no to the Coral Foundation, left that behind?",
                "SY: So this senior, how long were you, then, with this Pioneer Project? It was strictly --",
                "SY: And this was an offshoot of the Japanese Cultural, in Gardena, the Japanese Cultural Institute? Or it's completely separate?",
                "SY: And did you have a committee, or was it just you and Carolyn?"
            ]
        },
        "segment 29": {
            "Segment Desc": "Becoming a teacher",
            "Segment Questions": [
                "SY: And so when you finally got your degree and you started teaching, where did you, what was your first teaching job?",
                "GN: At Jordan High School in Watts. And that time that was a solid African American school, and a rough, rough neighborhood. You had the Jordan Downs federal housing project where a lot of the students came from, and you had these white teachers that would come on campus to teach and they, you know right away they're not gonna make it. And the kids would know, right? The moment you opened the door, the classroom door, they got you figured out already, whether you're gonna make it or not.",
                "SY: Was it was your choice to go there? Or how did that, it just got assigned to you?",
                "SY: And did you experience any kind of confrontations there?"
            ]
        }
    }
}