{
    "Narrator_Name": "George Iseri",
    "Bio": "Nisei male. Born April 23, 1920, in Thomas, Washington. Grew up in Thomas where father ran a general store. During World War II, removed to the Pinedale Assembly Center, California, and the Tule Lake concentration camp, California. Left camp to work in Weiser, Idaho, and opened a service station. Eventually moved to Ontario, Oregon.",
    "Title": "George Iseri Interview",
    "Interviewer": "Alton Chung",
    "Location": "Ontario, Oregon",
    "Date": "December 5, 2004",
    "Densho ID": "denshovh-igeorge_2-01",
    "transcript": {
        "segment 1": {
            "Segment Desc": "Growing up one of twelve siblings",
            "Segment Questions": [
                "AC: This is an interview with George Iseri, a Nisei man eighty-four years old, and this interview is happening in Ontario, Oregon, on December 5, 2004. The interviewer is Alton Chung for the Oregon Nikkei Legacy Center's Oral History Project 2004. I want to thank you for taking the time in speaking with us today and all your wonderful hospitality. I just want to start off very simply saying, where were you born and when were you born?",
                "AC: And what was, how many brothers and sisters did you have?",
                "AC: What were the names of these kids?",
                "GI: What's that?",
                "AC: You were in the middle so how many sons, how many daughters?",
                "AC: And what were the names of your parents?",
                "GI: What was that?",
                "AC: What were the names of your parents?",
                "AC: What were the names of all your siblings?",
                "AC: So you had both Japanese names and some of them had English names. In the family, you referred to each other as with the Japanese names or a mixture of both?",
                "AC: So did you have to legally change, when they had the English names, did you legally change the names?"
            ]
        },
        "segment 2": {
            "Segment Desc": "Parents' family backgrounds",
            "Segment Questions": [
                "AC: When did your dad arrive in the United States?",
                "AC: And what did he, what was, why did he come here and what did he do?",
                "GI: Why did he come and what he did? You know, this is a sad thing because I, there were so many things I want to talk to Mother and Dad about that it was too late when I realized that, boy, I missed my opportunity. But Dad apparently, he was sixteen years old when he came to the country, and his older step, half brothers I think had been here and maybe returned once, and my dad decided that he wanted to come to America. Apparently at that time in Japan, there was just real tough times, and Dad just had enough \"gumption.\" I use that word. I don't think it's in the dictionary, is it? To get away from there, from Japan, and go and make his own life which he did, you know. He learned to speak English, and he could sit here with us today and joke and tell, jokes with each other, tell jokes himself, and he really got along well with the Caucasian and the Nisei as we all grew up. But you know, his life changed considerably when he and my mother got married in 1907, and there was one kid after another, and I don't think Dad had much time to really try to learn, get educated professionally or anything, so he didn't do that. But he worked in the community, acted in the community as a liaison between the Japanese and the Caucasian folks all his life.",
                "AC: So he taught himself English?",
                "GI: Yes. He went to night school. And amazingly, his handwriting was so good that he would ask the principal of our school, \"Why is George's handwriting so lousy?\" because my dad's handwriting was much, much better. He was an immigrant from Japan, and Dad mentioned to him and maybe it's because after he hurt his hand sometime. But the principal said, \"Oh, no. That has nothing to do with it.\" In fact, I think he was, told my dad that, \"George could do better if he tried.\"",
                "AC: And could you?",
                "AC: So what kind of, what kind of, how would you describe your dad?",
                "GI: My dad? Well, I think probably the first thing I remember about that side of the story is why I don't know because we don't have any of us children that are that way, but Dad must have been about forty inches or so around the waist. As I recall him, he slimmed down considerably after the war and as he aged, but that's the thing I remembered about him. He was so big around the middle. But I guess family wise what I remember the most was that he and Mother always got along good. Of course, my mother was a marvel when it came to that ability because she wouldn't open herself to an argument. She handled it very nicely, and she respected Dad, and Dad was the boss. In other words, you know what Dad says, and so we listened to what Mother said. And Dad was a very serious person most of the time. But when he relaxed and met with his friends and had some sake or beer or something, that's the time we used to ask him if we could have a dime to go see a movie because he'd dig out everything out of his pocket, that's fine. But if he was sober, we didn't ask him. About that time, my older brothers would give us a dime to go to the movies. But Dad was always helping other people, it seemed like, sort of like my youngest son, Mike. And the way I went through life is, I was taught that I've got to help other people and that Dad went out to help people all the time. In fact, it was a wonder that he had time to do any work. I guess that's what I remember most about him was he was envy of a lot of families because he could speak the language, and the parents of the Nisei kids would come to my dad all the time to ask for help. So that alone I think was invaluable to the community and to us, too, because he was widely known, and I've gone through life and every one of us kids that have survived have gone through life hearing from others, especially Isseis, \"Oh, your dad is Matahichi Iseri of, Iseri of Thomas, Washington.\" \"Yeah.\" \"Well, come in.\" Dad and Mother opened the doors to us, thousands and thousands of doors, as we've gone through life especially in business because several of us had been in business most of our lives. And so certainly, I don't feel that Dad wasted any of his time in his life. He just was working all the time and especially helping people.",
                "AC: What kinds of things did your dad do to, or how did he help other Issei, Nisei?",
                "AC: How would you describe your mom?",
                "GI: Well, as I mentioned before, Mother lived to one hundred and three. The night before she passed away, she was living here at the apartment that I just constructed. And perhaps thirty years, almost thirty years in a way and almost every single day that was available, she would have all the friends around the commons, they'd all play Hana, the Japanese game. And there were ladies in the group who didn't know the first thing about playing Hana. Somebody had to practically hold the cards for them and play the cards for them. But my mother's group was just compassionate enough to let that person play, and everybody still had a wonderful time. My mother was good with getting along with people, and she just wanted to do something for other people, and I really admire her for that that, around thirty or forty years that she, well, and Dad both too, while Dad was living too, they used to have friends come over all the time. But after Dad died, that's when my mother started playing Hana, learn how to play Hana. And she loved to garden. We built a new house for her over here after Dad died and had a garden there for her, and she'd be out there in the garden and all. And we'd all tell her, \"Well Mom, it's too hot for you to be out here, this hot sun.\" And to make a long story short, she just told us, \"Leave me alone.\" She says, \"If it gets too hot, I'll go inside. I'll take care of myself. Don't worry about me.\" So we let her be. And she was out there in the garden. She could raise anything including even marijuana. And at age one hundred, all of a sudden, she quit. She didn't tell us she's going to quit or anything. She just didn't go out to the garden no more. But if you, she were here living here today, she'd be thinking, \"Well, what can I send home would these gentlemen?\" She'd be getting some sort of canned jam or canned vegetables or tsukemono or something for you to take home. She just couldn't let you go home without having something. Maybe she might have given you a box of Cracker Jack. She did that all her life, Cracker Jack for the kids. But she was a wonderful mother like most mothers, and she was just good at handling all of us. You can just imagine twelve kids, and the oldest one was twenty-six years old than the youngest. As the cars came home at night, Mother used to say, \"I can tell which one came home.\" \"When I hear all the doors on the cars close, then I could sleep,\" she used to say. And so she was worried about all of us all that time, and she probably had good reason to be because there's a bunch of boys and friends of a bunch of other Caucasian boys in the community. She had something to worry about, because us Niseis didn't get to do things that the Caucasian boys got to do, you know. She was a wonderful mother."
            ]
        },
        "segment 3": {
            "Segment Desc": "Growing up in Thomas, Washington",
            "Segment Questions": [
                "AC: So what kinds of things would the Caucasian boys do that you couldn't do?",
                "AC: So growing up in this large household in Thomas, Washington, what did you do for fun?"
            ]
        },
        "segment 4": {
            "Segment Desc": "Attending school",
            "Segment Questions": [
                "AC: So how was, can you tell me a little bit about going to school when you were a kid?",
                "AC: Do you remember any of your teachers?",
                "GI: Any what?",
                "AC: Do you remember any of your teachers?",
                "GI: Yes, I remember quite a few of the teachers. Do you want some of the names?",
                "AC: Any that made an impression on you?",
                "AC: What made them memorable?",
                "AC: So what did you do to the Spanish teacher?",
                "GI: What's that?",
                "AC: What did you do to your Spanish teacher to make her cry?",
                "And we were that way with, I should bring this out because we might overlook it otherwise. We have other teachers to be so thankful for, and that are the teachers of our Nihongakkou, Japanese school. We couldn't understand why we had to go to Japanese school two hours after our Caucasian friends went home for the day. Every day, we had to walk. We thought it was about a mile to walk to go to Japanese school. In the recent years, I've gone back there and walked to it. It's about two blocks. [Laughs] I guess our feet were smaller and it just seemed like a lot farther than it was. But anyway, at that time, one of them just passed away. His name was Reverend Kyoshi Matsukuma. He became a minister later on. But there's a whole bunch of Japanese students, Japanese students from Japan, attending primarily University of Washington in Seattle. And from there, we had several Japanese school teachers. And it would be one or two hours every day after ordinary school, and they taught us Nihongo. And like I said, most of us griped to go to Japanese school because we tell our parents, \"Why do we have to learn Japanese for? We need to learn more English.\" And the answer was, \"Don't ask any questions. You go to Japanese school.\" Okay. And then so thankful for that. And for myself, it's just been terrific because I have been, all the lives of the Isseis in our community during their lives, I was able to help them in many, many ways like I said my dad did for them. And not only that but the highlights of my ability to speak and write Nihongo as I can and understand it and to read and write not kanji so much but other, katakana, hiragana, that I've made over hundred trips to Japan now since 1957.",
                "AC: So how many years of Japanese school did you go?"
            ]
        },
        "segment 5": {
            "Segment Desc": "Memories of childhood",
            "Segment Questions": [
                "AC: So did you, you said you began starting to work at sixteen. Did you finish high school or did you stop going to school at that time?"
            ]
        },
        "segment 6": {
            "Segment Desc": "Hearing about mother's childhood in Japan",
            "Segment Questions": [
                "AC: Your parents tell you very much about how it was living in Japan?"
            ]
        },
        "segment 7": {
            "Segment Desc": "Remembering childhood during the Great Depression",
            "Segment Questions": [
                "AC: -- general merchandise. And during the depression, he'd go out and make his rounds, take orders and fill the orders. Can you tell me a little bit about those days and what kinds of hardships that you experienced or you watched other people experience?",
                "GI: I'll tell you an experience I had. The other day, I was, where was I? Anyway, I saw some cans about like that, little cans like that. There was a convenient store I think in, I said, \"What's in that round package there?\" I said, \"Is that 'Snoot'?\" And I said, \"I bet you don't know what 'Snoot' is.\" No, he says, \"I don't.\" He went down like that. Oh, you mean \"snuff\"? And that was a great item in our grocery store that we sold, Copenhagen snuff. And these guys that would eat it, just open the can up and dip into it, put it under their tongue then spit it out, and they would spit and keep chewing away. Then maybe after a while, they'd put some more in. And I said, \"Is that good?\" \"Oh, that's really good.\" And so now one day, I'd try it. So when I was alone in the store, I opened up a can of snuff and put a chunk in my mouth, and oh, that tasted terrible, so I ran out to the front of the store. I spit it all out, and I turned the water on, took a drink of water. Hell, I was drunker than a lard. I'll never forget that. That was a first experience with anything like that, alcohol or anything like that. That would knock you over practically. And then I realized that these people that used it were, become so accustomed to it, so there was no problem. But we used to sell a lot of that Copenhagen snuff."
            ]
        },
        "segment 8": {
            "Segment Desc": "Helping father make grocery deliveries",
            "Segment Questions": [
                "AC: I want to know more about what it was like to go out and deliveries and taking orders with your dad, driving around in a car? Was it all these Japanese families that you visited?"
            ]
        },
        "segment 9": {
            "Segment Desc": "The Ontario, Oregon, community after the war",
            "Segment Questions": [
                "By that, I think I should include that I served on the city council here for nine years. And when my term expired, I was appointed and then I served two years, got unanimous, majority votes. When I ran for mayor, I got whipped by a lady who was, had been a schoolteacher here for thirty some years. She knew a lot more people than I did, so that took care of that. The same year that I came up with cancer and couldn't perform my job anyway. I was accepted into the Lion's Club. It's been fifty-six years I've been in the Lion's Club, the oldest and the longest member in our home club here which Joe Saito, by the way, was a Lion's Club member when I joined. Tommy was also a member, but neither of them were able to stay with it. Did I mention the nursing home here? I served thirty-four years on the board there. The point I'm getting at is that I've lived in an era here where the respect for us Nikkei has come to a point that we don't have to be ashamed of being a Nikkei in any way; although, that's not what the story was, way back."
            ]
        },
        "segment 10": {
            "Segment Desc": "Memories of the Pinedale Assembly Center, California",
            "Segment Questions": []
        },
        "segment 11": {
            "Segment Desc": "Living conditions in Tule Lake",
            "Segment Questions": [
                "But we were able to... no. I want to give you this part of the story first. You've heard about the \"no-no\" boys in camp. People who weren't in the camp there didn't know what we were up against, and I know it's hard for them to imagine what it must have been like when those questions, one was something to do with \"would you swear your allegiance to the United States of America?\" and so and so was in there. Another question was \"would you serve if called for the armed service of the United States?\" Well, the uprising in Tule Lake at that time was, \"Hell, no, we're not going. We're not going to even sign those papers.\" That's consensus of the group. So there's, people start agitating there. Well I don't know why, but I guess really the majority of us felt like I did after we talked amongst ourselves and that is no matter what we do, if we say we're not going to sign these affidavits, questionnaires, what are we going to gain from it? If we signed \"no-no\" or refuse to sign them, the government can say, \"Okay. We'll put you into solitary confinement or whatever.\" And so I said, \"I'm going to sign 'yes-yes.' I'll be a hypocrite. I'm going to get the hell out of here.\" So a whole bunch of us did that. And at that time, the antis were after us guys and called us dogs. Dog wasn't, maybe it's the same today, but calling us a dog wasn't a very complimentary remark. And the people were getting beat over the head and things in the camp amongst the California group. I'm very glad that it didn't happen, none of that happened among the Washington group, I don't believe at that time anyway.",
                "So my brother was in Weiser, Idaho, and I'll make it another story, but then he was able to get us a contract here to get us out here. And so many of us came out here as well as other places to avoid violence in the Tule Lake camp which later became the segregation camp, and they took the people who affirmed their allegiance and their acceptance to serving in the military if called, and many of us left there. Those, there were still those, some caught there that maybe old folks with young kids who said, \"Well, where would we go? What are we going to do? We can't take these little kids out there and go out in the farm in this kind of weather, and it's that cold time of the year.\" So they were kind of stuck. But at that time, there was enough agitation in the other camps, same way, that they let the group out who said \"yes-yes\" and shipped them to other camps like Minidoka and Wyoming, and they took the bad ones from those camps and filled up Tule Lake again. You see what I mean? They shifted us around, and that's what happened then.",
                "Well, I came out here and lived in Weiser in a one bedroom, not a one bedroom but a one room cabin with a small kitchen, no bathroom, and my wife had two hot plates, I mean, two burner hot plates. One of them didn't work. Eventually, she got so that she was cooking for seven or eight of us because I had a contract to farm. I had workers come to camp to live, so my wife cooked for seven or eight of us. And some other people didn't, bachelors were there, so not one burner hot plate and no place to eat it. They had to eat in, I don't remember where we ate now, but that type of a deal. And then the local laundry in Weiser said, \"George,\" he said, \"Well, by golly, you know, you folks are hardworking people and how about recruiting some more help for me from Tule Lake?\" And he said, \"I'll drive you down there. You go with me. We'll go down there and recruit.\" And I said, \"Well, okay.\" So we went down and recruited more labor to come out here to Weiser to work which panned out quite well. But these guys that were in camp that had give us trouble, enough time had elapsed, he said, he's coming on, \"George, well, we heard you're having a tough time out there.\" \"Oh yeah, it's tough,\" I says. \"Hell, we get to go uptown and buy whiskey if we want, and we'd go to any grocery store we want, and we do this and that. Yeah, it's awful tough out there.\" Oh, it's like that, you know. You see, they were envious of what they had passed up. They couldn't leave now. They were all tied there. "
            ]
        },
        "segment 12": {
            "Segment Desc": "Brothers' wartime experiences",
            "Segment Questions": [
                "GI: But to tell you the story, I want to tell you the story about my brother Tom because he has a, he had a different kind of a story. My brother Tom married a German American girl about 1935. When times were tough and my older brothers were out chasing around with the hakujin male friends and hakujin girlfriends and things like that, it was a no, no, no deal. In fact, my older brother had a reputation of doing something bad, and that was dating hakujin girls. Okay. But he, my brother Tom, I had mentioned that he did not drink or smoke, and he was the conscientious one, really conscientious, and he lived at home at the time, and he became friends with this Winona Meerbaum, and became quite serious. And he brought her home to our home and presented her and asked my folks if they would object to them getting married. And guess what? My mother and dad said, \"Tom, if she's your choice and vice versa, you have our blessing.\" It was an unheard of situation because I'll bet you nine out of ten similar marriages, it broke up the whole family. They even got to a point where they wouldn't speak to each other. But my folks were wise enough I guess to foresee the future and probably the idea that my dad had become fluent in English. My dad had a lot of association with Caucasian people. My brothers had a lot of association with Caucasian people just as well as we did, and that must have made things that different. See, the war wasn't on or anything yet. Anyway, most of the marriages like that broke up the family. My brother and his wife just became, just, I think, that much stronger for the whole family that, well, it was a great deal. People couldn't talk bad about my brother Tom because he was specimen of a good man, you see."
            ]
        },
        "segment 13": {
            "Segment Desc": "Farming in Idaho during the war",
            "Segment Questions": [
                "We raised, oh, the crop of onions that we raised, I remember the day very clearly because of June the 14th, 1943. By that time, my folks, I had them come out and they were living on the farm, living on little knolls so you can see the field from their house. On June the 14th, a storm came up, and so I ran up to my folks' house, and I was watching out the kitchen window, and I watched, the onion must have been about that tall, June the 14th. I watched the storm come, and this hailstorm came and clipped every one of the tops of those onions off to the ground, just about to the ground. It just ruined the crop. As soon as the storm was over, I drove back out there and I looked, and the odor of the, what you call it in the air just, what onions would do to you. Well, that's the way it hit me, and the air was just full of onion smell. The corrugation where we ran the water was all full of hail. You know, there had been rain with it, so the hail came and come clear down to, covered the whole field, but a lot of it came down in the field, and oh, that made me feel sick. So I got a hold of one of the landlords there. He said, well, he said, \"George, that's sure too bad.\" And he said, \"I think the crop will recover. I think we will get a crop all right, so let's take good care of it and we'll see what happens.\" This is one of the lesson I learned that there's angles to a lot of things that you do in life. After a while, he determined, he said, \"George,\" he says, \"there's something wrong with these onions. They're growing okay, but they're not, they don't look like the yellow sweet Spanish onions that I planted.\" He said that they look like a different variety. Now I don't know whether he was kidding me or not. But anyway, he said, \"I'll tell you what, let's go talk to Hank Ankin.\" He was the boss of the company's farm department. So I went with him and we sat there and we convinced him that they had sold us the wrong seed. But that variety of onion was worth many times more than the right seed onions were. So when the crop was harvested, we had a higher price for them onions than we would have if the crop of a yellow sweet Spanish came up. That proved to me one thing, it taught me one thing, I used that later during that period too. But the Simplot Company who you work for, they had a deal with the government something like we'll pay you cost plus ten percent. The more they paid out, the more they made. Okay? So I don't know. Today, they wouldn't allow a thing like that to go on, but that's how Jack Simplot, the second wealthiest billionaire in the world or something like that, made a lot of his money. About the same time, I was, I had a couple of trucks in hauling onions here, cull onion here, when they sort the onions out, hauling cull onions out to dump here. I go and ask him they want me to do the hauling. I said, \"Well, what are you going to pay me?\" \"Well George, what do you charge? Just remember this, the more you charge, the more we make,\" so I got the benefit of that too.",
                "So anyway, my farming experience from that two years wasn't too good except that I learned a lot about farming and then about how to grow crops, marketing as well. And we, the following year, we had a beautiful ten acres of russet potatoes. I guess they were russets, and they look great. And so my landlord said, \"Okay George. We're ready to sell them now.\" I told him I'd like to sell them to my brother's outfit, said, okay. In the meantime, I had become well acquainted with these produce inspectors here, got to be pretty good drinking buddies, so it really helped me out, be able to tip elbows with them and stuff, and they're real good to me and to a lot of us. But the question of hollow heart potatoes come up when I was at the packing jet when my potatoes were coming in, and I found out the hollow heart is a disease, I guess, that, maybe it's not a, it's a malformation I would think. If you cut potatoes open, you might see potatoes that are hollow inside, and oh, I said, \"Is that right?\" So I'm over talking to him, and god dang it, I made a mistake of saying, \"Well, how do you, how can you tell from the outside if it's hollow or not?\" He picked up a potato out of my field, he chopped it in half and guess what? It was hollow. And the whole ten acres went was sold for cattle feed, so I got practically nothing for it. But I learned a couple lessons there on that potato deal and onion deal. It cost us ten percent, and when you're selling something, be careful. [Laughs] I don't know what would have happened if they packed them and never found out they were hollow. My brother's company might have taken a strike, and I don't know. But anyway, we wouldn't taken such a liking there."
            ]
        },
        "segment 14": {
            "Segment Desc": "Running a service station during the war",
            "Segment Questions": [
                "You know, another good point on this thing was being in a service station business and a wholesale tire business. We accumulated a whole pile of tires in back of our service station wondering what to do with it. They were worthless, you know. When the war came along, we took probably ninety percent of those tires unless they were completely shredded, and were able to, if they were wore out, that's smooth, we had a tire grooving machine. That was popular those days, and we groove the tires, and we'd sell that tires, get good price for them. So it's something else that helped us out quite a bit, rounded up 400, 500 bucks for them, and that was a lot of money those days. Talking about 4 or 500 dollars, I'll give you a comparison on that. When my wife and I got married, my brother told me and they checked up on it for me and said, \"We're all ready to go on it.\" Five hundred dollars for a one bedroom house material, five hundred dollars, toilet and everything without the property also. That's what we could have built a new house for 1941. So I tell that story because when people, when people compare, they think we got a lot of money when we got twenty thousand dollars. A house would cost twenty thousand. You know at that time one bedroom house, you could maybe build one for twenty thousand dollars. So that twenty thousand dollars we got was the equivalent to five hundred dollars roughly at the time that we were put in the camps. That kind of helps people, one of our new city councilmen, when we got that twenty thousand dollars, he had a big sign on his truck saying that we didn't, I don't know the exact words, but he claimed that we weren't entitled to it, that we never lost anything, so on and so forth, you know. And I don't think the voters of Ontario knew that, what kind of guy he was, but they voted him in. And that's one of the first things that he did in the news the other day I read where he said, \"We got a crisis in the finances in the city right now.\" So he says, \"One of the things is I wonder about the cultural center, whether we need to put all that money in the cultural center.\" So we're going to have problem with that guy I guess if he, but he's kind of, I think he's such a timid guy. He's not going to affect us too much, and I think he's going to realize that he better keep his mouth shut because he's a politician. If he wants to get reelected or thought nice of, well, he's got to use his head a little bit. We got the twenty thousand dollars, so what? Worth five hundred of what we have put if we got it at that time, when they evacuated us. So now -- "
            ]
        },
        "segment 15": {
            "Segment Desc": "Hearing about the bombing of Pearl Harbor",
            "Segment Questions": [
                "AC: Well, I'd like to go back to when, you know, to where were you and how did you learn about Pearl Harbor?",
                "GI: Okay. And on that broadcast, I listened, intently because I said, \"Boy, this can't be true and it will be proven when we get the, every fifteen minute station break,\" see. No break came at least I didn't hear one, didn't hear one for the whole program. And I don't know who they referred that there was a station break or not, but I didn't hear one. And when I was fixing that, working on the guy's tire, I kept looking up, like this. I wondered if the invasion going to come to where I was and got down and then found out when the program was over that it was a false, just a presentation of a program. I was relieved, but boy, that was realistic, you see. Well, about December, that was December the 7th. My wife and I was married November the 5th, so we went on our honeymoon to Southern California, and I had a '41 Chevrolet. About that day, I was just getting back to greasing and lubricating the car and changing oil and checking it all up, and I headed up on our service station hoist, had the radio on full blast, no. I didn't have the radio on yet. A neighbor, fellow named Earl Harden, and he's still living yet, good friend of ours and been a lifelong neighbor, and he says, \"George,\" he says, he was just white, you know. \"George,\" he says, \"Japan attacked Pearl Harbor and the Philippines.\" I said, \"What do you mean?\" \"Yeah, they bombed Pearl Harbor, Hawaii, and the Philippines.\" I don't think I ever heard of Pearl Harbor before but I found out. And I said, \"Oh, Earl.\" I says, \"That's another one of program like Orson Welles program.\" \"No, George, turn your radio on.\" I turned the radio on, and oh, my god. It just shattered me. I didn't know what to think, what the hell? You know, it can't be, but it's on the news. And it wasn't long before army trucks start going by our place which is the main Valley Highway going back and forth from Tacoma to Seattle. And all that realize well, it must be true.",
                "And that evening, an army truck stopped across the street and I thought, oh boy, bunch of servicemen coming running over to the gas station. They just came over to buy some pop or something, you know. And I kept thinking one of the guys could see that we were, what's the word? The service station work, really nervous, you know. And one guy said, \"Hey, don't worry you guys. We're not here to cause any trouble or anything like that. We just wanted this or whatever. In the first place, it isn't you guys in Japan had caused the war. It's the goddamn Englishmen,\" he said. I never really understood what he meant by that unless he was going back to the Revolutionary War. But politically, there must have been something going on, that he admitted. I didn't really find out what it was for. The barrage balloons, they started putting them up, and what they were for I guess is to detract bombs or aircrafts or anything they could do. They started putting up tents, and the servicemen, they were coming in and living in the tents, you know. And they never bothered us a bit.",
                "About the time that they put the curfew on, they said, okay, we can't leave our homes from 8 o'clock in the morning, 8 o'clock in the evening to 6 o'clock in the morning. Well, we had the service station here, and my, one of my employees is Art Imanishi. He lives here. I think we lived across the, we were in the old store I think in the bedroom back there in the old store building, and so we didn't worry too much about it. We went back and forth there, took chances there because they would be, after all, we're working here and we're going home to bed, you know. So sometimes we broke the curfew. But the surprising thing was is that we came to know some of the GIs, the MP's real well. They used to drop by the service station and visit with us and talk with us, this and that. During curfew, they say, \"Hey, you guys want to go for a ride to town, see what's going on?\" Yeah, sure. So they put us in their car and take us uptown, Kent and Auburn, and show us around. They were that good to us, and we never got caught or nobody gave us any trouble. We weren't causing them any trouble."
            ]
        },
        "segment 16": {
            "Segment Desc": "Father's arrest by the FBI",
            "Segment Questions": [
                "AC: So you had mentioned that your father was picked up on the evening of December 7th?",
                "GI: We were living in Kent across the river, and I guess just Dad was just at home. But a fellow that was either a chief of police or he was a deputy sheriff, his name was Imoff. I can't think of his first name right now offhand. But anyway, he came with the FBI agents I understand to, they never searched for anything that I know of. They just arrested, not arrest, they didn't arrest him. So I imagine if Dad wanted to or we wanted to, we could say, \"Wait a minute, wait a minute. You got to arrest him or something. You can't just pick him up and take him,\" but they did. And kind of a humorous part of the thing was that Dad, I'm told, my sister was there, they Imhoff, he was either chief or deputy sheriff at the time, he says, \"Imhoff, you know you've been coming to my house as a little kid playing here. You come here, we give you candy and stuff. You played here.\" And you know, he was about the age of my older brothers and all, and my dad just gave him hell. And the guy, he was just speechless I guess, and he said, \"Dammit, I just can't.\" The FBI's with him and he's got these orders. They had to take him. And we thought that they would release him in a short while. The reason they picked him up they said was because, primarily because he had just returned from Japan. In October of 1940, he and my mother went to Japan the first time that either one of them had been back to Japan. And they were going as a, well, a big doing in Japan, that was 2600th year of the Japanese history, government history, not the history of Japan, but the historical figures of Japan. And they were there about two or three months. And according to the, by the way, I have that here. There's several different interviews made by the government, the FBI with my dad and several other people. But they tried to pin him down, my dad down as an official representative to Japan for the government celebration over there. And it's, it seemed kind of silly to me because hell, it's a celebration. He went to the celebration, and so why does that automatically tie him into being a subversive person? But anyway, my dad answered the question several times and he said, \"No.\" He said, \"I was there in no official way.\" But in a way, he was because he was the president of the Japanese Association at the time. But the Japanese Association had no tie with the emperor's office or the Japanese government just like the Japanese Association was just disbanded in Ontario just recently, and the one in Portland, the Japanese Association still exists throughout the country. But they're there to help, kind of be a liaison between the Japanese government and what you call, not representing the Japanese government. It's an American association. So I guess that's the reason that they made, didn't make too much of a case out of that. But actually, I didn't see any of this in there, but my parents and anybody that went over there at that time could see that there was problems, that Japan was well equipped as well as they could do with aircraft supposedly hidden and fuel and stuff hidden away and this and that. But the fact of whether they were tied in with that or not is... they couldn't make a case of it.",
                "Except in November, while we're on our honeymoon, this Saburo Kurusu, I think that's what was his name was, onward from Japan, landed in San Francisco, and I don't remember whether he was on a plane or what now, the ship or, yeah, ships [inaudible], but he was on his way to Washington, D.C. And the news of us, his comments was, \"I'm going to Washington DC, and I'm hoping for a diplomatic touchdown.\" That's the very words I think he used. So naturally, that's a pretty smart deal as far as Japan was concerned getting everybody all caught off-guard over here too. They're already having a tough time in Japan. And if you've ever traveled on the Pearl Harbor cruise in Hawaii, you'll get, the last time I was on that cruise, they still had the correct story. It told about how the, how the day before, radar screens showed airplanes and things coming in, and they said that, oh, they must be on our planes coming in and stuff like that. That night before the Pearl Harbor attack, thousands of the servicemen were at a party, okay. What an opportune time to be making a strike, and golly sake, we should have known, in ten minutes, the thing should have been all over it. But on that Pearl Harbor cruise, it leads up to a point where it makes us realize that, I can't tell you exactly how it is because how I think it is it might not be correct in that I might be criticized for it, but it looks like and it sounds like the \"big wheels\" in Washington, including our President, was encouraging or antagonizing Japan to have a war to bring prosperity to our country. Now that comes out in public records and that's a damn, that's the reason I'm a Republican today. You guys are, it's obvious to me that most Asians in the Pacific Coast are Democrats. We were Democrats and my brother Mun was old enough now and you know and know about politics and stuff. Boy, he got a hell of a bunch of us to Republicans after the war. But you see, that gives you that story I think in that it might help, there might be a lot of Nikkeis who feel real bad about it. I feel real bad about it. It shouldn't have happened, but we, the American, should have been more on the ball when that came. But then if it was intended to be that, how in the hell can you fight that?",
                "AC: So how did your parents and your family react to your father being picked up?"
            ]
        },
        "segment 17": {
            "Segment Desc": "Memories of camp",
            "Segment Questions": [
                "AC: So how long was your dad interned?",
                "AC: Six months. And in that time, the entire family was moved down to Pinedale, the relocation center, and then you were moved to Tule Lake. When did your father, when was your father reunited with your family?",
                "AC: When you were down in Tule Lakes?",
                "AC: You're in Pinedale. So how was it, can you describe what was it like being in Tule Lakes?",
                "GI: Oh, I don't know. It's a kind of a funny feeling because we, I was an office manager for the packing shed. We shipped vegetables and fruit out to all the other camps, and the other camps would send us food and stuff that we didn't have. We grew some wonderful, they had rutabagas that, rutabagas and turnips that big. They hollowed them out and used them for hats for the farm festival in the fall. I didn't get to see that, but that's what they told me. We were allowed to go out of camp because our farm, camp farm was down the road seven, eight miles. So we had a car to, not to my private disposal, but my boss and field men had the cars and all. We got to do things like... because one thing they didn't allow was liquor in the camps. And because they wouldn't allow it, we, well, wanted to get them, drink, because what the hell, we got nothing else to do, you know. And we had friends working in the post office. And somebody that went out on a contract would say, \"Hey, you guys want a bottle of whiskey? I'll send you a bottle of whiskey.\" \"Yeah, sure, send us a bottle of whiskey.\" So I got friends in the post office. There'd be whiskey bottles come in in a carton marked \"candy,\" and our friends in the post office knew right away what it was, and it was whiskey. So they just clear it through and give us the whiskey. That was as far as alcohol is concerned.",
                "But we didn't feel so locked up. I don't feel like we were in prison so much until you just stop to think of it, to think about it. We got together in the evenings and we'd play poker. The lights would go out once in a while. Well, we pass the flashlight around to play poker. We used to, in our area, the packing shed was, lots of lumber came in, and I don't know why. I don't know what they used the lumber for. They had some about 2 by 24, big thick ones like that, and we knew where they were, and there's other lumber there, well, we'll just go borrow some of that. So we'd get one of our farm trucks, and we'd load up some lumber, take it out to the barracks. And my brother got some too, and he made furniture out of it, and I made some furniture out of it too. That is not much, but a stand and things like that. But you know, a little bit dishonest maybe, but hell, it's a camp. It's our camp. What the hell? Let's use the stuff, you know. There was an awful lot of things like that that I think that the government really was lax over. We just got a feeling, well, it's ours. Hell, we'll just take one of those home, whatever it was, wasn't stealing nothing. We didn't hide it from anybody, and it was too bad, but that type of, it wasn't good, but I suppose it's just like a guy works in a restaurant, you know. If you got some leftover food, it's probably going to get thrown out. Well, there's nothing wrong. One of the airplane companies, United or TWA here a while back, some stewardesses were taking some leftover cookies or something, they got raked over the coals over that. But those were some of the experiences that we went through, and we use quite of an expanse of building and things, you know. If I had to walk to work, I would imagine I'd walk a mile to go to work. "
            ]
        },
        "segment 18": {
            "Segment Desc": "Daily life in camp",
            "Segment Questions": [
                "GI: In Tule Lake, obviously that was a totally lake bottom, that whole area was. That lake itself that was existing there about the time we were there was so fertile with goose manure and stuff that raise those crops without putting anymore fertilizer on. I went out there in the field once with my shed manager, and he said, \"George, I want to show you something.\" So we drove out to the field, and we headed across that lake bed that had the geese on it, going twenty, thirty miles an hour right through it. It's just like a blanket was being lifted, lifted off the field. It was that thick with geese. But being a lake bed right there by the packing shed, ladies of the camp, well, I'd say the older ladies, not our wife's age but my mother's age, started digging through the dirt, and they found all kinds of shells, sea shells, and thought they were getting some good ones, and they started making, like they did a lot of other things, making nice kind of costume jewelry and stuff. You know, pretty strange making necklaces and things like that. And the sad part of it was that there were a few lives lost when they dug too far and the thing came down on them, you know. We had a few things like that happen. But along that line, I wish I could have saved some. One of the favorite things I think they made was... what do they call that? New growth or old growth wood. When they made lumber, the pieces toward the outside with the bark on it, well, some of those pieces they threw away and used for firewood. And the one that's got bark on it and some wood on the inside, some of the inmates, the residents there, they took those and made turtles out of them. The bark would become the shell, and underneath it was white. Okay, then they carved the legs of the, legs and the head for the turtle and made beautiful looking turtles. They went there to the, they call it greasewood. I guess it's the sage brush. I'm not sure. But all twisted up sticks, good, they'd make canes out of them, polish them up, varnish them, beautiful job. And they made so many things like that out of waste material. There was some furniture and things that I made, little night stands and things. That came out of piles of firewood that was brought from the lumber mills, the scrap that they would dump in our block. Oh, there was lots of things. Tom Itami here that lived here most of his life had, there's a person in Tule Lake called \"Alaska,\" cross the canal or a ditch or slough there, and he had the most beautiful porch. He had built a beautiful porch on his end unit. And again, that's, he just borrowed some of the lumber from where we were and made a beautiful porch there."
            ]
        },
        "segment 19": {
            "Segment Desc": "Father's internment at Fort Missoula",
            "Segment Questions": [
                "AC: Where was your father interned?",
                "AC: So after being in Tule Lake for a little while, you had the opportunity, the \"loyalty oath\" came down, the questions 27 and 28, and you answered \"yes-yes\" to get your pregnant wife and yourself out of the camp. Did your whole family go with you?",
                "GI: To what?",
                "AC: To leaving Tule Lake to come out here?",
                "AC: And simply just to get out of the camp and to work?"
            ]
        },
        "segment 20": {
            "Segment Desc": "Hearing about the end of the war",
            "Segment Questions": [
                "AC: So you, how did you feel, your family feel at the end of the war when the war ended?",
                "AC: And you know you said that your father was changed after the war, that he wasn't as outspoken as he was before or didn't want to do much with the community. What other changes did you notice in your parents?"
            ]
        },
        "segment 21": {
            "Segment Desc": "Postwar community work",
            "Segment Questions": [
                "AC: Were you very active in the JACL?",
                "AC: What was it like after the war?",
                "AC: How did you feel when the talk about redress started bubbling up?"
            ]
        },
        "segment 22": {
            "Segment Desc": "Raising children",
            "Segment Questions": [
                "AC: So how many children do you have now and where are they?",
                "So anyway, by the way, my son Mike, I got to tell you this story. For kids who failed to go to college maybe or are having a rough time going through college, he came home and worked in our business when he could. He went to TVCC during the time he was here. And when he got through college, he graduated, in eighteen months, he graduated Oregon State University. When he got home, I says, Mike, I said, \"How much cash and investments have you got right now?\" after he graduated from college. He says, \"Well about ten thousand dollars.\" He went through college without any financial help and had ten thousand dollars in the bank when he got through college. And if he could do that, there must be a lot of other kids that if they set their mind to it... admittedly, I paid him good wages but not fabulous wages, but he earned it all, and he worked like hell when he was at home, you know. And I keep telling my grandkids that, that they can get their college education too. And I think my grandkids, my daughter got a GI Bill, government loan, and she was older, so I paid that off for her. And our son Jan, I helped him a little bit. He didn't quite make the graduation, but he worked for most of his money. But it's just a message for the young kids. Tuition is up so high now, I can see it's not as easy as it used to be. But where there's a will, there's a way, and there's no shame in borrowing money from the government to do that as long as you don't expect it to be a gift. Pay it back and go on your way. But I've seen as far as kids are concerned, we're going to see a big change. Yesterday at the, this is a little different story. But yesterday at the, when I got through showing the kids through the museum, and this young lady, blond gal, she says, \"I'm part Japanese.\" She's proud of it, you know. That's great, patted her on the back. \"Well, my grandma, I think she was born in Hawaii. My grandma is Japanese.\" Great. There were days when if you're part Japanese, back when we were kids or our children days, this is a little tough on them. But now, proud of it, you're part Japanese."
            ]
        },
        "segment 23": {
            "Segment Desc": "Reflections",
            "Segment Questions": [
                "AC: Looking back on all your experiences your entire life, what kind of lessons have you learned about living here in America?",
                "GI: What?",
                "AC: If your dad were here right now and he's listened to our entire conversation, learned about your life, your kids, your grandkids, what do you think he'd say?",
                "And you know, I took care of my wife and I took care of my mother. She got hurt. Thirteen months before she died, she fell off a doctor's, as she got off a doctor's examining table, she collapsed. My brother was standing right next to her, doctor was there, nurse there, so it's just one of those things. She, her leg is weak, collapsed, and broke her hip. Thirteen months, I never, never dreamt that I ever see her in pain like she was, and that was tough now I'm telling you. Taking care of her was tough. The toughest part was to see her suffer. We took care of her the last thirteen months. My brother helped me. And that's, to me, a lot of guys tell me, before she got hurt, I'd take her to church every Sunday just two of us in service the last few years of her life. The guys say, \"George, you're doing a lot for your mother.\" I said, \"That's my mother. I got to take care of her. There's no ifs ands or buts.\" We took care of her the last thirteen months all the way. And taking care of somebody, if somebody knew what I as a man did for my mother a hundred years, hundred three years old, I think about it and I wonder how in the heck could I have done it, but I didn't worry about that. I had to take care of Mother. Dad wasn't here no more. When Dad died, my mother said, we told her, \"Well, Mom, thanks a lot for taking care of Dad.\" She said, \"Well, I had to take care of Dad.\" This is also after she had a colon cancer. We thought it was fatal, but she lived through it for forty years afterward. \"What would you guys have done, you kids have done if I died? I had to take care of Dad.\" So anyway, I think most of them would say we had a bunch of good kids and all. You guys did all right. I don't think they would mention the story that we didn't leave you a lot of money. And they needed, I feel sorry for people who inherent a lot of money. So I had to tell my kids I'm going spend your inheritance. Well, I can't spend the businesses, right? So they got that. But the rest of it, I'm going to spend it. I'm going to leave you a lot of cash. The heck of it is, what do we do when we think about going to a nursing home for five years at five thousand dollars a month. There's none left. And you know, I've been worrying about that. My mind is changing a little. If I spend all the kids' inheritance, give the kids the businesses and there's nothing left, you kids don't have to worry. I paid taxes all my life. You kids are paying taxes. We'll let whoever's going to take care of us take care of us. Why should I try to leave half a million dollars to take care of, maybe I might go to the nursing home. I think that's what I paid taxes for. If it comes to that, the government want to take care of me, I'm not going to worry about it. I don't want the kids to worry about it, no shame. As long as I could stay independent, I am. I don't want a handout for something not nothing.",
                "AC: Is there anything that we've talked about, that we haven't covered that you'd like to go and talk about?",
                "GI: Oh, there's so much. I think that I might sound like a broken record to a lot of people that I've known through my life, but you know, it's a sad thing and I realize that now, today. I'm eighty-four, my wife is about the same age, and we don't need any help yet. We're able to take care of ourselves. But the day that we need help might be tomorrow, who knows? If we die quick, well, so be it. That's our own. But there's so much we can do, the young people can do for the elderly people that I hope, I just hope they don't forget that somebody raised them from being a baby until adulthood, and we should do the natural thing and help the elderly people or anybody else that need help. And I'm just, next week I think it is where I do very little of the job, but we have a Helping the Hope program which delivers food all over the valley here to people who maybe are in a need. We hope they're the ones that need are getting it. But I take a couple of hours to help with that and all. But I hope that the Nikkeis, all the Asian people won't forget what our background is. All of us Asian people are, was been the history is the youngers take care of the elderly, and it's changing so much. I'd like to hope that the younger people will look after the older folks. There's so much more to tell. But right off the cuff, I've covered pretty much."
            ]
        }
    }
}