{
    "Narrator_Name": "George Nakano",
    "Bio": "Sansei male. Born November 24, 1935, in Los Angeles, California. During World War II, removed to the Santa Anita Assembly Center, California and the Jerome concentration camp, Arkansas. Transferred to the Tule Lake concentration camp, California, as a result of parents' answers on the so-called \"loyalty questionnaire.\" After leaving camp, returned to California, attended school, and served in the California Air National Guard. Earned a Masters in Education and became a teacher. In 1998, elected to the California State Legislature. Appointed by the Speaker in January 2002 to serve as Democractic Caucus Chair and became one of the highest-ranking Asian Americans in the State Legislature.",
    "Title": "George Nakano Interview II",
    "Interviewer": "Sharon Yamato",
    "Location": "Los Angeles, California",
    "Date": "August 23, 2011",
    "Densho ID": "denshovh-ngeorge-02-",
    "transcript": {
        "segment 1": {
            "Segment Desc": "Teaching in the public schools",
            "Segment Questions": [
                "SY: So was that by choice?",
                "SY: And what was that like, teaching predominately black students, right? ",
                "SY: Okay, and so, and you were teaching math, and what was that experience like?",
                "SY: Was discipline a problem? Did you have discipline problems?",
                "SY: So was, was teaching rewarding for you?"
            ]
        },
        "segment 2": {
            "Segment Desc": "Memories of teaching",
            "Segment Questions": [
                "SY: And then the next step in your career was what, after teaching?",
                "SY: Did you have any run-ins with the students at all? Did you have --",
                "SY: I see, and the position involved doing what exactly?",
                "SY: I see. And what did you learn from that experience? What did you get out of it?",
                "SY: So that was very helpful in terms of your growth later in working in politics?",
                "SY: So if you were to do it over again would you prefer teaching or the administration end?",
                "SY: Right, right. So did you notice any kind of interracial conflict while you were in the school system? Was there --",
                "SY: And you didn't feel any, singled out as being Asian or any kind of discrimination?"
            ]
        },
        "segment 3": {
            "Segment Desc": "Involvement in community activities: the Gardena Pioneer Project",
            "Segment Questions": [
                "SY: So all this time that you were teaching you were also doing your community work, right?",
                "SY: Can you talk a little bit about when that started and, it started with the senior, the senior citizens?",
                "SY: Reacquaint?",
                "SY: That's great. So, and how big was your Gardena Pioneer Project? How many people would you say were involved?",
                "SY: And was it, did you have other people helping you? Was it a --",
                "SY: All volunteer?",
                "SY: That's great. And so at the same time now, you were also involved in some other organizations besides the Pioneer Project, or did that all come later as far as your community involvement?",
                "SY: So once, you were with the Pioneer Project for roughly for how many years?",
                "SY: Wow, long time. And did that, what did that lead to? Did you decide to do other things as a result of that, that particular kind of community focus?",
                "SY: And the, so the Pioneer Project continued after you left it?"
            ]
        },
        "segment 4": {
            "Segment Desc": "Deciding to run for Torrance city council",
            "Segment Questions": [
                "SY: Now, going back, when you decided to run for Torrance city council was it, what, did that have something to do with your involvement with the Pioneer Project or was it totally exclusive of that?",
                "SY: And why did you decide to run?",
                "SY: He was a judge then?",
                "SY: Which is totally separate from the Pioneer Project. Is that totally separate?",
                "GN: Yes, Pioneer Project was pretty independent. We had our own facility. I think it eventually got involved with the JCI, but initially it wasn't part of it. And Vince called me because the JCI wanted to build a senior housing at the JCI, and most of the land would be in Torrance, but part of the parking area would be in Gardena. That's, it's almost like you didn't have a border between Torrance and Gardena right in that area. And so they have to go to the planning commission of both cities; they went to the Gardena planning commission and it was approved unanimously, and then they, when they went to the Torrance planning commission there were some neighbors that complained that it's gonna bring in traffic as well as some undesirable people. And so when it went before the Torrance planning commission it was turned down, so now it was the job of Vince Okamoto and Ron Wasserman to appeal the decision to the city council and lobby the city council member about the positive aspect of the, having this senior citizen housing. And they did that, and when it went before the city council they overturned the decision of the planning commission and unanimously approved the project. And today you don't have problems that some of the people were saying; you don't have traffic because, traffic problem, because seniors don't drive, and you don't have undesirable people residing there either. But anyway, what it did is sent a message to the board of directors of the JCI that now Torrance had about fifteen percent Japanese Americans in the city, and if there's an issue that's directly related to the Japanese Americans. who do you go to? They felt that they were lucky this time, but there's nobody on the city council, and that's when Vince gave me a call, asked me if I would consider running for the Torrance city council. And I have to say, at that time the only experience I had as far as campaigning was when George Ogawa ran for the city council back in 1976, I think it was. The call, when I got a call from Vince it was 1983, but George was unable to raise enough money to be a viable candidate and didn't do very well in that election. But I did walk some precincts for him, so that was my, my extent of experience about campaigning. So when Vince called me I said, I don't know anything about running for public office, and he said not to worry, he and Ron have experience in it, and he indicated that he served one term on the Gardena city council. He unseated an incumbent in the process of coming in first. And Ron Wasserman ran his wife, Fumi's campaign for the school board in 1980 and she also unseated the incumbent and came in as a top vote getter. And the two of them ran Paul Bannai's campaign for the state assembly in 1972, and he was a moderate Republican running in a Democratic district, and he won. So he told me that they're not professional at it but they have experience and they enjoy it, and anyway, he thought that I would be a good candidate for the Torrance city council. So that's how it began.",
                "SY: But, and for you, from your perspective, going into politics, what was that, was that scary or was it intimidating? Or did it seem..."
            ]
        },
        "segment 5": {
            "Segment Desc": "Winning a seat on the Torrance city council",
            "Segment Questions": [
                "SY: So with no experience you were able to win this election. Now how, what do you attribute that to? Was it their expertise?",
                "SY: And what was, what did that entail exactly?",
                "SY: And do you remember who endorsed you that, in your initial run?",
                "SY: So, and you were what percentage of the vote?"
            ]
        },
        "segment 6": {
            "Segment Desc": "Ethnic makeup of Torrance while serving on the city council",
            "Segment Questions": [
                "SY: So what, tell me what the ethnic makeup of the city was at the time, of the Torrance, the city of Torrance. Was it very multiethnic?",
                "SY: And so did that have any bearing on the race, do you think? Did you feel that being a minority, an Asian, did that present any problems?",
                "SY: So once you were elected, can you sort of characterize what the Torrance city council was? What problems did they have? Were there..."
            ]
        },
        "segment 7": {
            "Segment Desc": "Accomplishments while serving on the Torrance city council",
            "Segment Questions": [
                "SY: Were there other things that, while you were serving Torrance, that you were particularly proud of?",
                "GN: One is the graffiti. That started to pop up in the city. And I happened to be walking a precinct and this lady worked in city of Manhattan Beach, and they have an actual graffiti removal program in Manhattan Beach and so she asked me, \"Why can't we have one in Torrance?\" And so that gave me the idea of initiating something in the city of Torrance as the way to, an organized way of removing graffiti. So the way it's done is that the police will get a photograph of the graffiti so that you don't just take the graffiti off by painting over it and not knowing what kind of graffiti it is, and the police need to get involved because it could very well be gang related graffiti and the police are the ones that are knowledgeable about following certain patterns and words occurring and those kind of things. And so in the beginning, when we initiated the program, it would take about two weeks before the graffiti is removed, and I think now it's done within twenty-four hours. The policy is that you allow the, if it's on a private property you allow the people to remove it themselves, but if they don't do it within seven days then the city will come and do it anyway, and so that's how the program works.",
                "SY: Termed out, so that was the reason that you decided to run, Debra Bowen?"
            ]
        },
        "segment 8": {
            "Segment Desc": "Running for a California state senate seat",
            "Segment Questions": [
                "SY: '94, and can you talk a little bit about that?",
                "SY: And was this the reapportionment plan that you had put forward?",
                "SY: And what was the result of that? What happened as a result of that election? Or how can, how do you characterize that election?",
                "SY: So just to back up a tiny bit, so Venice, I mean the Torrance city council, you were, then you went back to serving? You were still within your term, term limit?",
                "SY: Ran for state senate. And just to talk a little bit more in general about the city of Torrance, does, was it, did you find that it was, because it was predominately Caucasian, was there a tone in the city council that was kind of not as conducive to minorities being there in the city? Or did you feel that it was...",
                "GN: And so that's how it happened. And so when we got that letter the mayor asked me to make an announcement at the city council meeting, so I started to make the announcement and this councilwoman interrupts my speech and says, \"I don't have anything like that to announce.\" And I paused momentarily, ignored her, and went on to make my speech. And it was at a budget workshop, I was approached by one of the staff persons from the city manager's office, telling me that the tape did not come out where I made my announcement. And I knew that was a flat out lie, but the thought occurred to me, should I make a big issue out of this or just ignore the whole thing? I decided, hey, I'm the first minority to get elected to the city council, kind of did it on my own. I wasn't part of any coalition. And so maybe it's best to just not make a big issue, so I didn't. And she had asked me, the person from the city manager's office, if I would repeat my announcement at a subsequent council meeting, which I did."
            ]
        },
        "segment 9": {
            "Segment Desc": "Description of qualities as a politician",
            "Segment Questions": [
                "SY: So now why then, after... well, first of all let me, I'm sorry, let's back up. Can you sort of characterize the kind of politician you were? How would you describe yourself as a politician?",
                "SY: And you had no hesitation about doing that?",
                "SY: And was there encouragement for you to run for state assembly at that particular time? Did Debra Bowen, did you have endorsements from the incumbents? Or why did you, what prompted you to do it at that point, other than the fact -- oh, you had termed out.",
                "SY: Now, and you had other endorsements, right? For that state assembly seat?",
                "SY: So you obviously thought that you had a fairly good chance, though, when you decided to run?",
                "SY: I see. Now did you have, but why did you feel that you had a fairly good chance in this election, in this particular election?",
                "GN: In '98, the assembly?",
                "SY: Now how, how do you figure that you were able to do that? What was it about your approach that Republicans might favor?",
                "SY: And did your being Asian, do you think, have anything to do with your position on issues, any kind of issues?",
                "GN: I didn't find that when I was running. The only Asian aspect, I would say, was that, I don't know if I mentioned this in the earlier interview, is the kendo part. Did I mention about that?"
            ]
        },
        "segment 10": {
            "Segment Desc": "Running for California state assembly",
            "Segment Questions": [
                "SY: So how would you, though, describe the, kind of the political climate when you were running for state assembly at the time? Did you feel that there was, was it very pro-Democratic, was it...",
                "SY: I see. And was the, the governor at the time was no longer Pete Wilson. It was, was Ian Vergosa the governor at that time?",
                "SY: So in this open primary election, did you, what percentage of the Republican versus Democratic vote did you get?"
            ]
        },
        "segment 11": {
            "Segment Desc": "Major accomplishments as a state assemblyman",
            "Segment Questions": [
                "SY: So how were you able to work in the social issues that you were -- or maybe we should back up and say, what were some of the things that you consider to be major accomplishments in the state assembly? What were some of the things that you would, you would look back and say you were able to do as a state assemblyman?",
                "SY: How did that actually come about, that API legislative caucus? Were there, there were other groups that had their own...",
                "SY: And so it was sort of your independent that you came up with the idea?",
                "SY: Term?",
                "SY: Wow. So it was the, it... and what was your relationship with Herzberg at the time? Were you close? ",
                "SY: And how did that come about? Why did you decide to take that on?",
                "SY: So they approached you?"
            ]
        },
        "segment 12": {
            "Segment Desc": "Addressing Asian American issues as a state assemblyman",
            "Segment Questions": [
                "GN: And then the other one was the California Civil Liberties Public Education Program. I had a bill to extend it for another -- and my original bill had five years extension on it, and the chair of the education committee, well, one of the staff members, approached me and told me that if you make it two years that they will put it on consent, which means that there won't be any discussion. The only way they could have it on discussion is somebody has to proactively say, \"I want this to be discussed, pull from the consent.\" So I had that choice, you want it as a discussion for five years or have it on consent for two years? So I made the decision to have it on the consent for two years.",
                "SY: I see. So these kinds of, and specifically Asian, they're Asian-specific things that you dealt with as a state assemblyperson, were those the thing that you fought hardest for, or did you feel that you were not just representing Asians? What percentage of your efforts went, would you say, toward doing Asian-specific...",
                "SY: How was that worked out?",
                "GN: So that was killed. Now, since that didn't work, and in the meantime the person that's lobbying for these things was, Arnold Plack was the superintendent of Torrance School District, and I have to say that I spent more time with him than any other lobbyist in the state of California. And so the other idea was -- and he did a calculation -- how about allowing the K through 3 where you have twenty per classroom, but going to the fifth grade at twenty-three as an option, providing that you don't have to lay off any teachers? And he worked out within his own district that he will not need additional classrooms, there's sufficient classrooms around, and will not have to eliminate any teaching positions by going from K through fifth at twenty-three per class. But the bill will be an option, not a requirement, providing that they could do this within those constraints, parameters. And they opposed that too. So those were the much more difficult ones for me."
            ]
        },
        "segment 13": {
            "Segment Desc": "The role of lobbyists",
            "Segment Questions": [
                "SY: So you mentioned lobbying and I'm curious because you had, you took some strong positions on certain issues. Now did you, how effective did you think these lobbyists were? Were you swayed by them? Did you always come forward with a, with your mind set on a certain way of dealing with things? And did you, did you consider, how much did you consider what your electability would be when you dealt with certain, some of these issues?",
                "SY: Right. So how did you balance, what was your approach in terms of dealing with opposition? Or did you just take a firm stand and try to stay very firm on...",
                "GN: Well, I was rear-ended by someone that was on a cell phone, but it just happened to be in a residential street that's very slow in traffic in Torrance and so there was no damage to my car nor injury to anyone, no damage to the other car as well. And I felt that there needs to be some kind of restriction on the use of cell phones while driving, and so I initiated a bill, and I thought one of the ways that -- well, so I had that and wanted some kind of fine associated with it. And then you ought to see the, all these lobbyists that represent the phone companies just converged into my office and opposed to it, and of course, they said you don't really need it. Why do you have to have restrictions? And because in my case there was an accident, but I also noticed that when I'm driving, if this car is not, appears like it's not paying attention to the road, sure enough, if you go around the car someone is on a cell phone. And so anyway, what ended up was taking data down as to what causes accidents. Well, so what we did is I had a bill, and I think it was AB 660, year 2001, the CHP will collect the data from all the different police departments in California that gives a list of the accidents and what caused the accident, and so they did it for six months. And sure enough, the number one was using a cell phone. Okay, so now you got the industry convinced of this, but the next thing is the fine and how much, and so one of the ideas that I had initially was you make the fine, have it only in the areas where you have construction going on. And even that I couldn't get it through. They had lobbied other assembly members in opposition to it. "
            ]
        },
        "segment 14": {
            "Segment Desc": "Helping to secure funds for Asian American causes",
            "Segment Questions": [
                "SY: And it's interesting that they, it all, the work that you did comes, came from your own personal experience too, so that, so as a person who came out of the concentration camps you used that as a motivating factor for a lot of the work that you did in the, in the legislature. You were successful in getting funding for some major groups. Can you talk a little bit about what that procedure is like, what prompted that, how you were able to get it?",
                "SY: And the, you were also, talk about some of these positions you served in congress, 'cause, head of the budget committee, you were also, what other positions did you hold?",
                "SY: And what did that give you? What kind of additional power did that give you?",
                "SY: Did they bring issues, did you all bring issues before the caucus and then you decided sort of uniformly what you were going to pursue?",
                "SY: And so during that period you were able to do more?",
                "SY: I see, I see. So other things that you are proud of in terms of what was done for the Asian community during your tenure?"
            ]
        },
        "segment 15": {
            "Segment Desc": "Supporting the World War II Nisei veterans",
            "Segment Questions": [
                "SY: And you had a family member in the, in the 100th or 442nd?",
                "SY: And did you have a relationship with this uncle? Do you, have you met him since he, he lived in Hawaii? He's no longer living, I assume?",
                "SY: Talk about it, how nice. And you were able to get funding for the 100th also? Was that another...",
                "SY: And that was responsible for building the memorial in Little Tokyo?",
                "GN: Sadao Munemori sign?",
                "GN: Well, there's a National Guard army armory in Torrance, and Ted Tanouye was a Torrance resident. He graduated from Torrance High School, he was a star athlete there, he was also a scholar. And he volunteered to join the army from Jerome camp, and so we felt that he should be recognized and so we thought that the National Guard armory would be an appropriate place for that. And given that I was the chair of the budget subcommittee on state administration, which is the largest of the five subcommittees, I had the military department under my purview, which is the National Guard. So the adjutant general of the National Guard would come and see me at budget time, and so I asked General Monroe, \"What are the chances of renaming the National Guard armory after Ted Tanouye?\" And I explained to him about Ted Tanouye. He's the only Torrance resident to ever receive the Congressional Medal of Honor, and we thought that it'd be an appropriate place to rename that armory. And so his response to me was, \"It's done.\"",
                "SY: Gosh. That's, how does that make you feel, though?",
                "SY: And when was that? That was...",
                "GN: And so when I became the alternate board member, before I was sworn in, Yvonne Brathwaite Burke invited me to a committee meeting that she hosted, and that committee meeting -- and I told her I'm not sworn in yet, but she said that doesn't matter, \"I want you to attend this meeting because you're gonna have to know some things that go on at the committee level before you're sworn in, anyway\" -- so the CEO of the MTA just in passing mentioned that they're gonna eliminate the station, at that time they were gonna put up the red line above the rail, the light rail, that will go to East L.A. The plan has changed a lot now, but at that time it was the rail line, light rail that would be running from East L.A. to downtown L.A., but they said that they're gonna eliminate the station at Little Tokyo, and she just said that in passing. And so what happened was we got this booklet that has all the home phone numbers of the MTA board members as well as the senior staff members, so I called her that night and said, \"Is it true that they're gonna eliminate that?\" And she says yes, and I say, \"I have a problem with that. A station such as that means so much economically for Little Tokyo.\" And so she said that, well, it can be brought up at a subsequent meeting, which I think might've been the board meeting, but I don't remember exactly. Might be another committee but a bigger committee. But in the meantime I contacted senior staff members that, \"You people that have not even presented this issue before the Little Tokyo people and you're making this unilateral decision,\" I said, \"that's all wrong.\" And so we organized people in Little Tokyo to send letters to all the board members on the MTA board and set up a meeting in Little Tokyo, so the JACCC, we held a meeting there and then invited the two senior people from the MTA to testify. And anyway, one of the guys that was testifying was kind of dancing around, wouldn't respond to questions, and so I piped in. I said, \"That's exactly what's wrong with MTA is that you don't give a straight answer to a question. You're just dancin' around it, and that's why MTA has such a bad name.\" And so anyway, what happened was, as a result of that meeting and all the letters that went out, MTA took a position to have the Little Tokyo station."
            ]
        },
        "segment 16": {
            "Segment Desc": "Running for a state senate seat",
            "Segment Questions": [
                "SY: And the decision to run for state senate was made when? What did you --",
                "SY: So, and can you talk a little bit about that race? 'Cause it was kind of, it must have been challenging for you.",
                "SY: After serving. And then can you talk a little bit about that particular race?",
                "SY: So was this, it wasn't deliberate. It was just her ignorance?",
                "GN: And so the three people who told me not to have her as my consultant were right. She, in fact, two people that I know that were -- well, one of 'em is still the speaker pro tem of the senate -- because they didn't take a position in support of what CTA was advocating, she puts out anti, one was Don Perata, the other one was, is Steinberg. Put an anti Steinberg sign in the city, and so Steinberg dropped her as a consultant for the Democratic caucus. So if she'll do that, you think she's going to get me elected?",
                "SY: Yeah, but these kinds of things that go on, is that, so was that, did that have any bearing on your, in discouraging you from continuing in politics? Or was that just, did that give you more..."
            ]
        },
        "segment 17": {
            "Segment Desc": "Advice to future politicians",
            "Segment Questions": [
                "SY: So you really, though, given all of this, the self interest in politics and the kinds of things that go on, you still would advocate people getting... I mean, what kind advice would give to people who are wanting to go into that, into that field? What would you, what would you say to them to encourage them to continue in this?",
                "SY: And you also, though, are involved in helping people run for office, right?",
                "SY: So, but if, let's take Asian American potential candidates, do you, is there anything specific to them that you would advise to try to get them to, or to give them some direction in running? Or do you just, you base it all on your own experience?",
                "SY: And you continue to do that with people who are running for office. That's great. So after the state senate and the loss, then did you make a conscious decision, \"That's it for me, I'm not doing politics anymore\"? Or what, what was your reaction to that?"
            ]
        },
        "segment 18": {
            "Segment Desc": "Supporting community organizations: Go For Broke",
            "Segment Questions": [
                "SY: And so what, so what is your focus now in your life?",
                "SY: And what is your hope for Go For Broke? What do you, what would you like it to be? What would you, what does the work entail?",
                "GN: Well, there's a lot of things. One is professionalism that needed to be instilled within the organization. Needed to be managed better as an organization. They have to raise money. And one of the changes in direction, I would say, is -- and we haven't taken an official position, but it's something we're still exploring -- and that is instead of building a new building from ground up, my preference is to look for an existing facility that could be refurbished. For two reasons, number one, the veterans are dying off. Why have a building that's gonna be completed once they're all gone? Why don't we get something decent going before they're all gone, you know? They should be able to see something built. And so we're exploring that now and hopefully one facility we looked at will come about. And then the other one is the amount of funding that you have to have for a new building versus refurbishing an existing building. When I say refurbish I don't mean just cosmetic, but it would probably take a certain amount of detail work that needs to be done too, but I think it's a better choice than starting something from the ground up.",
                "SY: And so in small ways how do you feel you can impact, other than the building? And do, are there other ways that you feel you can impact organizations like Go For Broke? I mean, what are some of the issues that you fight for, that you continue to fight for? ",
                "SY: What would you consider one of your priorities in your life now, in terms of what you want to be doing with... I mean, would you say you want to prioritize these Asian American organizations? Is that something you really want to use your time for now?",
                "SY: I see. So, and then what, what are some of these other community things that are on your agenda now, besides the Go For Broke Foundation?"
            ]
        },
        "segment 19": {
            "Segment Desc": "Thoughts on current Japanese American issues",
            "Segment Questions": [
                "SY: So I'm coming back to this whole issue of your always taking a strong position on certain issues, being willing to fight for what you believe in, so if you were to characterize what you would fight for in the Japanese American community, what would, what would be the things that you think are the most important? What would you fight for? Where would you not -- in other words, there's probably division within the community too, as to what is important and what is not, so what are some of the issues that you fight for?",
                "SY: Right. So some of this position, the strong positions that you take with that, can you relate it back to perhaps having been incarcerated at Tule Lake where people were taking a stand? I mean, how would your, how would your parents react to the way you've decided, the way you fight your battles? What would you, how would you think they would react?",
                "SY: But they clearly took a stand that was not real popular, right?",
                "SY: And, and this idea, though, I mean, do you, so who were, as a child who were your role models? Who did you sort of want to be? Or did you emulate anybody?",
                "SY: Yeah, so there were people that you probably considered heroes to you that, there must've been some sort of direction that you got as you were fighting your battles. Or was it just all purely from your own, you don't, not wanting to be pushed around? I mean, it is interesting to me that you're really very strong about your feelings about things and you're willing to fight for them regardless of what other people might say."
            ]
        },
        "segment 20": {
            "Segment Desc": "Successful service as a state assemblyman",
            "Segment Questions": [
                "SY: And you, do you, when you, I still keep thinking about the fact that you would never back down when you were a child and someone confronted you, physically. Is that the same attitude you took into the assembly? I mean, do you feel that those are sort of the same kinds of...",
                "GN: Yeah, and you don't always want to butt heads. You kind of take a half a step back and think about how you should deal with it. One of the issues that had to be strategized was Howard Coble, who, a congressman from North Carolina that made a statement that Japanese Americans were put into camps for their own protection. That and then I think he also said something about the... yeah, I think that was the main one. I think that he said for their own protection. And so anyway, we wanted a resolution from the state of California, because he was the chair of the subcommittee on, what is it, security, and wanted him to be removed from that position. And I think he might've said something about engaging in espionage and sabotage as well. So we put this resolution together. The first part of the resolution had about asking President Bush to facilitate, help getting him removed as the chair of the homeland security committee, second one was asking Speaker Hastert that was the speaker of the House at that time, and the third one was just outright asking him to remove himself. And turns out that -- I don't know, did I talk about this at the first one?",
                "SY: Interesting. Yeah, I also remember reading about your stand on Earl Warren, which I think was an unpopular one. Can you talk a little bit about that?",
                "SY: So it, so what was the outcome on that?",
                "SY: Interesting. Yeah, but you probably got some flack from others for that, right? That, that was not a popular stand that you took there.",
                "SY: Good. Very good. And certain things are above criticism for you. You don't really, what would, what do you do for people who come out strongly against, say, that position of not having the statue? Would you, do you confront them with it?",
                "SY: That's really something. Now it's, is that, do you think, is a requirement of being a politician? Is that important, an important part of being a politician, is just being able to fight for what you believe in, take a stand on certain things?"
            ]
        },
        "segment 21": {
            "Segment Desc": "Reflections: career highlights",
            "Segment Questions": [
                "SY: So looking, just in closing, looking back on your life, is there, like, one or two things that you're most proud of? Are there things that are the most memorable, or moments in your life that you, that stand out in your career? 'Cause it's been a very illustrious career.",
                "SY: [Laughs] Well there's, yeah, it's really nice to have the kind of impact that you have that's, it's so important. I'm just really amazed at your career. So I don't know, are there any, is there anything in closing that you'd like to say? Like maybe what your hopes are for the future, for your future, for educating people, for... you've covered a lot. You talked a lot about the 100th and the whole purpose and the future for them, so that's kind of the direction you're going in.",
                "SY: But, so having gone through what you did as a child, even though it was, you were still a child, having gone through the whole incarceration, concentration camp experience to now, you've, is that something that you are glad that you can use that to fight for a bigger, bigger issues? I mean, has that helped you in your life?"
            ]
        }
    }
}