{
    "Narrator_Name": "George Fujimoto",
    "Bio": "Nisei male. Born January 13, 1920 in Colusa, California. Raised in Ault, Colorado, where family operated produce and sugar beet farm. Assumed responsibility for farm at age 15 when father suffered debilitating accident. Drafted into Army in 1942. After basic training in Camp Robinson, Arkansas, transferred to Fort Riley, Kansas. Attended second basic training in Camp Shelby, Mississippi, when President Roosevelt activated the 442nd Regimental Combat Team. Severely injured while guarding German POWs in Alabama. After war, moved to South Texas and operated several farms before opening a bowling alley.",
    "Title": "George Fujimoto Interview",
    "Interviewer": "Megan Asaka",
    "Location": "Denver, Colorado",
    "Date": "July 5, 2008",
    "Densho ID": "denshovh-fgeorge_2-01",
    "transcript": {
        "segment 1": {
            "Segment Desc": "Family background",
            "Segment Questions": [
                " MA: So I wanted to start with just a few basic questions. So when were you born? ",
                " MA: And where were you born? ",
                " MA: And what was the name give to you when you were born? ",
                " MA: And I wanted to know a little bit about your parents. What was your father's name? ",
                " MA: And where were your parents from in Japan? ",
                " MA: And do you know what your father, what his family did in Japan? What type of work? ",
                " MA: Do you know at all how he met your mother? ",
                " MA: So she came with her parents to the U.S.? ",
                " MA: And what about your siblings? How many children were in your family? ",
                " MA: So you're the oldest? ",
                " MA: And how many boys and how many girls were there? ",
                " MA: But you actually were raised in Colorado, is that right? ",
                " MA: When did you do that move to Colorado? ",
                " MA: Is that near Denver? Is that outside of Denver? ",
                " MA: And do you know why your, your dad decided to make that move? "
            ]
        },
        "segment 2": {
            "Segment Desc": "Growing up in the small town of Ault, Colorado",
            "Segment Questions": [
                " MA: Okay, so you moved to Loveland, Colorado. And what type of work were your parents doing in Colorado? ",
                " MA: So was Ault pretty much where you stayed? ",
                " MA: Okay. Can you describe the town of Ault and what, what it was like? ",
                " MA: How many families were there? ",
                " GF: The Japanese families in that area? ",
                " MA: So pretty small Japanese community? ",
                " MA: And were they all involved in farming? ",
                " MA: So, what, what did your house and farm look like? Can you describe that in Ault? Like how big was your house and... ",
                " MA: So how big, generally were, was your farm? Or was it one farm in Ault that you worked on ? ",
                " GF: Well, we rented, Dad rented some farms. Lots of it was anywhere from 80 acres on up. So if we rented two farm, that would be 160 acres. And so that's how it multiplied and I think the largest we had was, was three of 'em together so hundred and, I mean eighty plus three, that's two hundred and forty, right? That's, that's what we... about the size we had, the largest ",
                " MA: And your father was renting these farms? ",
                " MA: And that was because Japanese, at that time, couldn't own land? ",
                " MA: Who would you rent from? Who were the property owners? "
            ]
        },
        "segment 3": {
            "Segment Desc": "Description of family's farm",
            "Segment Questions": [
                " MA: So, I'm curious about your farm and can you describe a typical day for you on the farm? ",
                " MA: And what types of things did you grow on the farm? ",
                " MA: So the sugar beet, who would contract that? ",
                " MA: And who, so, I assume you and your siblings all worked on the farm? ",
                " MA: Oh, but this is later, later on? ",
                " MA: You and your whole family worked on the farms? ",
                " MA: Would you have other help? Would you hire other people to come help you work on the farm? ",
                " MA: And they would come up just for the sugar beet harvest? ",
                " MA: -- to Mexico? So how did it... can you explain the process for harvesting the sugar beets and what you'd have to do and... ",
                " MA: And would you go with your father around with the produce to sell? ",
                " MA: So he would kind of do that part? "
            ]
        },
        "segment 4": {
            "Segment Desc": "Attending school",
            "Segment Questions": [
                " MA: So I'm... I wanted to talk a little bit about your family and what, what religion did you practice? ",
                " GF: Well, my folks were Buddhist. And we went to the Buddhist gathering with the parents, but not saying that we went to the Buddhist church, you know. You know what I mean? We didn't study the Buddhism. We just went with them and that was it. ",
                " MA: And so it, was it just those families in Ault that would go or did other people come? ",
                " MA: And what, what about Japanese language school? Was there a school in Ault that you attended? ",
                " MA: Did you speak Japanese with your parents? ",
                " MA: So tell me about your American school. What, what was the name of it? ",
                " MA: Oh, I see. So it wasn't, it wasn't in Ault? ",
                " MA: So in Ault, what, what school did you go to? ",
                " MA: How many Japanese students were in Ault High School when you were there? ",
                " MA: And in general, in the town, was that the same? The Japanese and whites got along okay? ",
                " MA: Did you ever feel, with the other farms, the non-Japanese farms, there was any competition there? Like any tension, competition over... "
            ]
        },
        "segment 5": {
            "Segment Desc": "Father's debilitating farm accident",
            "Segment Questions": [
                " MA: -- a teenager? ",
                " MA: So then after his accident you really took on full responsibility? ",
                " MA: So when your father had his accident, did you take him to the doctor? Was there a hospital in Ault? ",
                " MA: Did the doctors usually come to, like if you were sick or something, did the doctors come to your house? ",
                " MA: Interesting. So, then your father had the accident, so, when you were sixteen you said? Or, a teenager? ",
                " MA: So I'm just curious about the Great Depression. Did you feel an impact at all on your farming or in Ault, in the '30s? ",
                " MA: Did your, so after you took over on the farm, after your father got injured, did your siblings also help out? Did any of them also have to quit school? ",
                " MA: But did they continue school? ",
                " MA: What about your sister. Why didn't she finish? "
            ]
        },
        "segment 6": {
            "Segment Desc": "Turning in \"contraband\" items following the bombing of Pearl Harbor",
            "Segment Questions": [
                " MA: So, let's talk about the day that Japan bombed Pearl Harbor, December 7, 1941. Do you remember that day and hearing the news? ",
                " GF: I heard the news, but we never thought too much about it. We went to work and done whatever we can and then the, the news kinda get, got worse and worse. And then our parents said, \"The United States was bombed by Japan.\" And they didn't say a whole lot about it except trying to... what do you call it? To get rid of all the, the Japanese stuff that she had. But, we didn't have to do that because the state, or the county, they come and kinda confiscated all that or we had to take 'em in. So all of our firearms, swords that we had, we had to take 'em to the courthouse. ",
                " MA: Was there any... did you feel any negative things or discrimination from the white folks in Ault after Pearl Harbor? "
            ]
        },
        "segment 7": {
            "Segment Desc": "Drafted into the army",
            "Segment Questions": [
                " MA: -- is that correct, into the army? Do you remember what, when that was? Was it... it was after Pearl Harbor, right? ",
                " GF: Oh yes, because Pearl Harbor was '41, right? And I went in the service in '42, March of '42. I was already signed up for going to the service but I didn't go in until March of 1942. ",
                " MA: So you, you had enlisted or you were drafted? ",
                " MA: Most of the boys from Ault? ",
                " MA: Even the Japanese Niseis? ",
                " MA: So when you heard the news that you were gonna be drafted, or you were drafted, how did you feel about going into the army? ",
                " MA: What about your parents? How did they -- I mean, I guess because you were the oldest and you were, had the responsibility of the farm -- how did they feel about you going off to war? ",
                " MA: Did your parents have to hire help to, for the farm at that point or what happened with that? ",
                " MA: -- a Japanese family? Oh, interesting. "
            ]
        },
        "segment 8": {
            "Segment Desc": "Going through basic training",
            "Segment Questions": [
                " MA: So, you were drafted and then, where did you go after you were drafted? What... ",
                " MA: So I wanted to talk first about Camp Robinson and... how many other Niseis were there at Camp Robinson with you? ",
                " MA: Were you treated any differently than the white soldiers in Camp Robinson? ",
                " MA: So what was, what was basic training like in Camp Robinson? What, what did you do every day, and... ",
                " MA: Did you ever go into the town in Arkansas, where camp Robinson was? Or did you basically stay on... ",
                " MA: So how long, then, were you, were you in Camp Robinson? ",
                " MA: How, how was your experience there in Fort Riley? ",
                " GF: Well, it wasn't too bad. The only thing, whenever we went to, to the Fort Riley there, I went to canteen which is, was a post exchange. And I guess maybe that's when I kind of felt a little bit of discrimination because I went to a bar, a soda fountain, and waitin' to get waited on, but the ladies that was there, they wouldn't wait on me. But later on I seen her doin' this. [Nods head to side] \"What's the matter? And, so finally stared at her and she's still doin' that. So after I got moved over, that's when I really found out there was black and white discrimination. I didn't know that in Colorado. So she said, \"Well, we can't serve you here.\" Says, \"You're, you're not black. That's only for black people. You're not black. You don't belong here.\" So, I mean, it wasn't against me. It was against somebody else that she wasn't gonna serve me there because that was for the black people. ",
                " MA: So they kind of lumped you in with the white folks? "
            ]
        },
        "segment 9": {
            "Segment Desc": "Undergoing detail work in Fort Riley, Kansas",
            "Segment Questions": [
                " MA: What about your work at Fort Riley? You were telling me earlier that you had to do... ",
                " GF: Oh, that, that was detail work in Fort Riley. So, most of us Niseis there had to do garden work or take care of the mess hall for mess officers. Some of 'em took care of the swimming pool. And I was stuck with taking care of a lieutenant's house, kind of sweep and clean the house and fix their beds up. That, just real dirt detail, I thought. That's what I thought. So, when we had a chance to get a leave, we took the leave and then when we took the leave we had somebody else, \"You want to take my place?\" Say, \"Yeah, I'll take your place.\" So when they took the place, well, I never did go back. [Laughs] We let them have it. ",
                " MA: Did the white folks, the white soldiers, have to do that kind of work or was it just the Niseis? ",
                " GF: Pardon? ",
                " MA: Did he leave the service then? ",
                " MA: So, what was the morale like among the Niseis at Fort Riley? I imagine, there was some... ",
                " GF: I guess it really wasn't too bad. The, lotta things that, that made 'em feel bad is, in Fort Riley, the cooks that cooked for all the Nihonjins there? They were all Chinese cooks. So at that time, the Chinese and the United States were allies, remember? So the Chinese people had a button on there says, \"I'm Chinese.\" And they were separated. I mean, they didn't have too much to do with the Japanese, which is different today. But they had not too much to do with the Chinese and... but that's why at that time, I didn't like 'em. Because that's the way they felt us. But it's all right now. It's changed. I mean, things change. ",
                " MA: But they were really separating themselves from the Niseis? ",
                " MA: So were they treated better than the Niseis? ",
                " MA: So, how long were you in Fort Riley? ",
                " MA: Why were you sent again to basic training? To another, another one? "
            ]
        },
        "segment 10": {
            "Segment Desc": "Experiences interacting with Nisei from Hawaii and those from concentration camps",
            "Segment Questions": [
                " MA: So they took you out, all the Niseis, out of Fort Riley and sent, sent you all to Camp Shelby? ",
                " MA: So how, how was it then being at Camp Shelby with all, all Niseis? How was that experience? ",
                " MA: So how... you were saying that there were Niseis from Hawaii and Niseis from the camps, how did you feel about those two groups? Were there... I've heard from other people, there's... ",
                " MA: Did the people that came from camp ever talk about camp... in, in Shelby? ",
                " MA: So what, what did you do in Camp Shelby? I mean, you'd already done the basic training. Did you have to repeat all the stuff that you had learned? Or did you take on a different role? "
            ]
        },
        "segment 11": {
            "Segment Desc": "Guarding German prisoners in Alabama",
            "Segment Questions": [
                " MA: Okay, so when... so they sent a number of you to Alabama, right? ",
                " MA: Was it the same group that had come from Fort Riley? ",
                " MA: And, okay, so you were sent to Alabama to guard, was it German, German prisoners? ",
                " MA: So the, the prisoners were harvesting the peanuts? ",
                " MA: They were working? ",
                " MA: Oh, interesting. I never... that's, that's interesting that the Germans would be sent to Alabama. How, how many prisoners were there? ",
                " GF: The prisoners? I'm not sure how many. You know, really, I don't really know just how big of a group that was there or not. Because if I think right, I'm sure, I probably was not guarding prisoners for, not much, maybe a week when this accident happened. And, actually the accident, and I don't really know just exactly how it happened, what happened because after it all happened I was kinda laid up in the hospital. And when we had this 65th anniversary in Hawaii, I went there for that one purpose. To meet some of the people from the service company to see what I could find out from them. If there was somebody in that, at the time, our wreck or heard about it. But I didn't get to see the service company because I was registered in the medics. So they wouldn't let me in the service... I mean I couldn't sit there because all the seats were taken. So they said, \"Well, go on over there. But you can sit here. We'd like to have you sit here for a while, until it started.\" And when it started, well then everybody from the service company come back over there so I didn't get to talk to them. ",
                " MA: So I wanted to ask you a little bit about, again, about the prisoners. Did you ever talk to them, talk to the Germans? ",
                " GF: Well, I got to talk to talk to one, really because he wanted to talk, I guess. But he was, talked pretty good English, fairly good English. He says, \"Hey, so you're a Japanese. What are you guys doin' over here? You ain't supposed to be guarding us. We're supposed to be friends.\" I says, \"Well, we're friends now, but we weren't then.\" Says, \"You were in the German army and my relatives are probably in Japan. And you fighting against United States, that's a war, American soldiers.\" And they couldn't figure out us Japanese people being in the American army guarding them. And that's as far as I knew, got to know 'em for little bit of, short time. "
            ]
        },
        "segment 12": {
            "Segment Desc": "Injured in a terrible army truck accident",
            "Segment Questions": [
                " MA: So can you describe the accident and what you know happened? ",
                " MA: But, was it a car accident? ",
                " MA: So what happened to you? How were you injured? ",
                " MA: How long were you in the cast? ",
                " GF: I was in there for twelve months. It was a body cast. And the reason I think it should have been healed and I should have been out is when I got transferred to this city here at Denver, Fitzsimmons, there's a colonel and a captain, the inspecting officers after, after they took the cast off, they come through in there. And I heard the, the colonel talking to the captain. He said, whatever his name was, said, \"You know, I can't understand why they kept this man in this cast for so long.\" So then I start thinking. I said, well, I shouldn't think that way, but the reason I was down there -- it was in Georgia, it was down South. Maybe the southern people didn't like us Japanese. So, he was a captain, and I said, \"Well, maybe that captain wanted to let me die in that cast over there.\" 'Cause if you hear somebody say, \"Why did they keep him so long?\" you start thinking. I did. Which maybe I shouldn't have, but I did. ",
                " MA: So when did you... when was your discharge? ",
                " MA: Was the war over at that point? "
            ]
        },
        "segment 13": {
            "Segment Desc": "Getting married",
            "Segment Questions": [
                " MA: So what did you do after your discharge? Did you go back to your, your family? ",
                " MA: In a separate farm from your family? ",
                " MA: But was it in Ault? ",
                " MA: And was it just you on the farm? Or... ",
                " MA: Was she from Colorado? ",
                " GF: My wife? Yes, she was from right here. I mean, not Denver, but Brighton. ",
                " MA: And what's your wife's name? ",
                " MA: And then you, at that point decided to move, right? Kind of make a life change. ",
                " MA: What... why did you suddenly decide to leave? Was there something that happened or you just got sick of it? "
            ]
        },
        "segment 14": {
            "Segment Desc": "Moving to Texas, trying to establish a farm",
            "Segment Questions": [
                " MA: South Texas. And was it you and your wife? Didn't your, your father also come with you? ",
                " MA: Did you know anyone in that area where you decided to move? ",
                " MA: And what area of south Texas was this? ",
                " MA: What happened with that farm? ",
                " MA: And what did you do after the citrus? "
            ]
        },
        "segment 15": {
            "Segment Desc": "Hiring Mexican laborers on Texas farm",
            "Segment Questions": [
                " MA: So I want to talk a little bit more about your, your farming experience in Texas and, I imagine Texas being so close to, to Mexico, you had a lot of... were a lot of your laborers who worked there Mexican? ",
                " MA: So how were the Mexican laborers treated by people? Was there a lot of discrimination against them? ",
                " MA: So they would kind of work seasonal and then go back home? ",
                " MA: Were there, was there a Japanese community in, where you were, in that area of Texas? ",
                " MA: And were most of these Japanese families, they had been there for a while? Or had they come more recently like you? ",
                " MA: Oh, after, after camp? ",
                " MA: So you kind of became friends with some of them? ",
                " MA: How, how were you treated by the white folks in Texas, in general? ",
                " MA: Right. So you farmed for a long time after, right, for a couple decades in Texas before you opened your bowling alley? "
            ]
        },
        "segment 16": {
            "Segment Desc": "Retiring from farming and opening a bowling alley",
            "Segment Questions": [
                " MA: What was the name of the bowling alley? ",
                " MA: And how, was it pretty popular? ",
                " MA: And was this in, right near your, your home and your, the town you lived in, where you opened the bowling alley? ",
                " GF: Well, what I done was I was gonna put in a lotta hours in the bowling alley. So, I bought a mobile home and set it right behind the bowling center because I wanted to get some early morning customers. And in order to do that, if I lived any distance from the bowling center I would have to drive by car, right? And by doing that, if I have a flat tire or somethin' like that, I'd have trouble opening the place up, someone might be waiting, so that's when I bought this mobile home to put it over there. And that way I could live right close to the bowling alley. And I'd just get up and have breakfast and open up the bowling center and wait for customers. ",
                " MA: Who were your customers? Were they mostly regulars that would come in? "
            ]
        },
        "segment 17": {
            "Segment Desc": "Description of children",
            "Segment Questions": [
                " MA: Was Donna the youngest? ",
                " MA: So you had two... what are your boys' names? ",
                " MA: And so they grew up in Texas? You had them when you were in Texas. "
            ]
        },
        "segment 18": {
            "Segment Desc": "Reflections",
            "Segment Questions": [
                " MA: So, you've lived in Colorado and Texas, can you talk about the differences that you noticed between the two, I mean, aside from the climate and all that, but just like how people are? ",
                " MA: That's interesting. So did your, your kids stay around in Texas? Did they move other places? ",
                " MA: And did you retire from your bowling alley? ",
                " MA: How was it closing your business? I mean... ",
                " MA: Oh. Great. So is there anything else you want to talk about or, or tell me? "
            ]
        }
    }
}