{
    "Narrator_Name": "George Katagiri",
    "Bio": "Nisei male. Born September 22, 1926, in Portland, Oregon. Grew up in Portland where parents ran a small grocery store. During World War II, removed to the Portland Assembly Center, Oregon, and the Tule Lake concentration camp, California. After leaving camp, was drafted into the Military Intelligence Service and served in Japan during the U.S. occupation. Eventually returned to Portland and became a teacher and school administrator.",
    "Title": "George Katagiri Interview",
    "Interviewer": "Stephan Gilchrist",
    "Location": "",
    "Date": "September 23, 2003",
    "Densho ID": "denshovh-kgeorge_3-01",
    "transcript": {
        "segment 1": {
            "Segment Desc": "Growing up in Portland, Oregon",
            "Segment Questions": [
                "SG: And tell me when and where you were born?"
            ]
        },
        "segment 2": {
            "Segment Desc": "Childhood memories: attending Japanese language school",
            "Segment Questions": [
                "SG: Were your parents, when did your parents come to the United States?",
                "SG: Do you know what brought, why he decided to come to Portland?",
                "SG: What kind of work did your father do?",
                "SG: Did she, was it mostly Japanese things that she sold?",
                "SG: Did you help out at the store?",
                "SG: So you were going to both English and Japanese school five days a week?",
                "SG: Did you ever have a difficult time going to the public schools in terms of discrimination from both the students and the teachers?"
            ]
        },
        "segment 3": {
            "Segment Desc": "Being part of a close-knit family",
            "Segment Questions": [
                "SG: Can you describe what your relationship was like with your parents growing up?",
                "SG: Do you think it was difficult for your parents as well?",
                "SG: Did you, would you often help your parents out in terms of being the go-between for speaking or translating English?",
                "SG: Did you ever have a chance to meet your grandparents?",
                "SG: How do you think it might have affected you not having grown up with grandparents, you and maybe other Nisei kids?",
                "SG: What was the, your role of your mother and father in the household?",
                "SG: What kind of stories did your mom tell you?",
                "SG: Did your parents ever talk about their feelings about the United States and Japan?"
            ]
        },
        "segment 4": {
            "Segment Desc": "Values passed on by parents",
            "Segment Questions": [
                "SG: Do you think your, the experiences your parents had being the first generation affected what they wanted to give their kids, or how they raised you?",
                "SG: So it, for them it was important for, really, for education, they really instilled that?",
                "And then of course, evacuation came along, and we had to get rid of all of our furniture and pot and pans and personal belongings because we could only take what we could carry. And on, in the early May of 1942, we moved into the Portland Assembly Center which was a big building north of, in North Portland. And as a family of five, we were assigned a little cubicle, and the cubicle was large enough for five cots, one for each member of the family, and so that was our home. The cubicle didn't even have a door. It just had a piece of canvas that was the entryway to the cubicle from the hall. And it was a strange life. But I was fifteen at the time and a Boy Scout, and camping was, my forte. I enjoyed camping. And so when we had to sleep on a straw mattress, it didn't bother me. And when I had to sleep on a cot, that didn't bother me. And there was nothing to do in this little cubicle. So in the morning, we just got up and said, \"Hi Ma, hi Pa, and hi Sis, good-bye,\" and I was out of there. And of course I was out of there, and then we, all of our friends got together. And so we got together, and we stayed in line and had breakfast together. And after breakfast, all of the friends went out and played baseball together, and we horsed around together, and we found creative things to do together all day and all evening, and we weren't having such a bad time, you know. Not only that, there's so many young, young girls our own age that we could look at. And so it was not a nice place to live. But for a young fellow, we were, I was having not such a bad time. Until one day, it got pretty hot, and the assembly center is a large building. And when the sun beats down on the roof, it gets like an oven inside. And I thought, well, I'll go outside and cool off in the shade. So I went outside of the building on the north side of the building which is the shady side. And on the north side, there's a street that goes right next to the building. And so I was sitting there on the ground with, leaning against the building and kind of enjoying the shade and the coolness, and somebody hollered, \"Hey, George.\" And I looked up, and there's a car going along the road, and from the back window of the car was my old friend Evan. And Evan and I went to elementary school for eight years together, every single day. And all I had time to say was, \"Hi, Evan,\" and the car had rolled down the road. Then at that instant, my eyes focused on the barbed wire fence between us. And for the first time, this kind of happy-go-lucky kid kind of sobered up and wondered, there's something cockeyed going on here. There's Evan who I grew up with, here's me, and there's that barbed wire fence. Why? And I, for the first time, I started to ask some questions. So the funness kind of went out the window after that instance. And if you ask me now, What did your mother and father do?\" I knew what I did, and my answer would be I don't know, you know. I never sat down and asked them. Here, I said, \"I played ball all day.\" What did you do? We never got a chance to ask each other. And even years after following that, I never thought to ask them that question, and now they're gone. And so I'm counting, I'm translating my mother's diaries, and I'm hoping I can find some of those answers there."
            ]
        },
        "segment 5": {
            "Segment Desc": "Preparing for mass removal",
            "Segment Questions": [
                "SG: You had mentioned that when your family was forced to evacuate, you could only take what you carried. Do you remember what items you and your family took?",
                "SG: Do you remember your feelings and feelings maybe of your family at that time?",
                "GK: Well, it was, everybody was in a dilemma, you know. We knew we were going to this strange place. We had no idea what it was going to be like. But once we were there, we adapted, and we didn't know for how long. Or actually, we never answered the question, why, why is this happening to us? And the answer that we kept coming up with, we're American citizens and our rights are guaranteed by the Constitution, and so how can all this happen? And those answers were never clear. They became clear years later when we looked into the reasons why all of these happened. And, but at that time, it was a real dilemma and, especially for the families whose fathers were picked up by the FBI right after Pearl Harbor of the, FBI picked up the fathers of many of the families around town. And I know we were on the telephone most of the day, trying to find out whose father was picked up. But if any time we asked the question, well, why was he picked up, no answer, or where did they take him, they didn't know, or when was he coming back, they didn't know. They just seemed to disappear. And if you think about how the families felt, how the children felt and how the mothers felt, it was a real trying time for many, many families.",
                "SG: What did, how did your parents, what did they do with their property?",
                "SG: Was there something of value to yourself that you had to leave behind?",
                "GK: Well, yeah. The year before, I delivered newspapers, the Japanese newspaper for three months and made ten dollars a month. So I ended up the summer with thirty dollars, and I wanted this bicycle so bad that my dad chipped in an additional eight dollars, and I went out and bought a thirty-eight dollar Columbia bicycle, a beautiful bicycle with front wheel brakes and balloon tires. And with that bicycle, for a whole year, I was able to travel from Southeast Portland to Japantown in Northwest Portland in a matter of minutes, and it was the greatest thing I ever owned. So I could go see my friends very easily and quickly with this bicycle. And just after owning it for a year, I had to sell it all of a sudden, and I missed my bicycle. And so eventually, when we got our redress payments of twenty thousand dollars, I think back, and I think well, George, what did you lose? And I think I lost my bicycle, and I got twenty thousand dollars for it. [Laughs]"
            ]
        },
        "segment 6": {
            "Segment Desc": "Coping with difficult living conditions in camp",
            "Segment Questions": [
                "SG: So how long were you in the assembly center?",
                "And there are a lot... not a lot. Most of the people in Tule Lake came from California, and other groups came from Oregon and Washington. But the California kids were there first, and they had seemed to have a chip on their shoulder. So I get there, and I feel like here I am all by myself, walking around, and here are these California kids. They've got sleeked down hair and wearing jeans, and they're riding around in trucks. And for some unknown reason, they compose these songs, very derogatory songs about any kid from Oregon or Washington, you know. They're going to beat their blocks off or something like that. And so initially, I thought, \"What am I getting into?\" you know. I want out of this place. And once the high school started, it turned out that most of it was all bark and no bite because when I got into the classes, I could speak English better than most of those kids could. And just the fact that I seemed to be more literate in the English language, I gained respect, and nobody tried to push me around."
            ]
        },
        "segment 7": {
            "Segment Desc": "Thoughts on the so-called \"loyalty questionnaire\" in camp",
            "Segment Questions": [
                "GK: But there's this whole other chapter that came along at that time. Like right after Pearl Harbor... well, yeah. Right after Pearl Harbor, there were a lot of young kids, Nisei kids, seventeen years old that had to register for the draft. And those that registered for the draft, if they were physically fit, they were classified as 1-A, and if their lottery number came up, they went into the army. They wouldn't let them into the navy or the marine corps or the air force. But a few weeks after Pearl Harbor, they got their notices saying, \"You're no longer 1-A, you're 4-C,\" and this meant that they were \"enemy aliens.\" 4-C is the classification for \"enemy aliens.\" So here all these young kids that are regarded as \"enemy aliens,\" they're the enemy, and they're wondering, \"What's going on here? I'm the enemy. They won't let me serve in the armed forces.\" Okay. That's after Pearl Harbor, December, January, 1942. Then by the following fall, they're all in the internment camps. And in the early part of 1943, they get a notice saying, well, Uncle Sam would like you to volunteer for the U.S. Army, and we're going to change your designation from \"enemy aliens\" to 1-A again, and you can imagine how most of the young guys felt. \"My gosh, they got our families in this dump with the barbed wires around us. They want us to volunteer.\" Well, it's a miracle, but thousands of them volunteered from the camps. And, but they had to find out, by that time, the authorities had decided, \"There's really no point in holding all these people in the camps. We should let them go or push them out and let the young kids go to college and let the young men join the service and let the adults find jobs back east.\" But they decided, well, before we can let them go and do these things, we have to be assured of their loyalty. And so some bright lawyer in the government decided to come up with a questionnaire, the \"loyalty questionnaire,\" and it contained forty-something questions, and two questions determined loyalty, question 27 and 28. Question 27 asked, \"Are you willing to serve in the armed forces?\" Well, my dad I'm sure said he doesn't care. He's fifty years old. If they want to have him in the armed services of the United States, they can have him. But it's yes or no. And then the question 28 was, \"Are you willing to disavow any allegiance to the emperor?\" And then my dad was saying, \"My gosh, I can't be a citizen of the United States. If I disavow allegiance to the emperor, I'd have no country,\" and so it was a crazy questionnaire. The young Niseis were saying, \"Are you willing to disavow allegiance to the emperor? I never had allegiance to the emperor.\" They said it's a trick question, you know. Don't answer it. And so there was this confusion over this dumb questionnaire that tried to determine loyalty. But those... so everyone answered it \"yes-yes,\" or \"no-no,\" or \"yes-no,\" or \"no-yes.\" And this is where the term the \"no-no\" comes. And so the young boys that respond \"no-no,\" were called the \"no-no boys\" and they were the \"disloyals.\" It didn't matter for what reason, you know. Some of the \"no-nos\" were disloyal because they wanted to go back to Japan, and others were disloyal, weren't disloyal. They said, \"We will serve. You just let our families out of here, and we'll be glad to serve in the army. But so long as they're in this place, we're going to say no.\" And so there were different reasons for the \"no-no boys.\" But anyhow, about ten percent of the people that were in the ten camps completed the questionnaire as \"no-nos.\" So they decided to take everyone who wanted to go back to Japan or who disavowed, who, didn't want to serve in the army and put them in Tule Lake, and then ninety percent of them could remain in the camps that they were in.",
                "SG: When you were back at the camps, what did you miss about home?",
                "SG: Do you, was the relocation a complete surprise to Japanese Americans, or do you think there were people who were seeing something like that coming?"
            ]
        },
        "segment 8": {
            "Segment Desc": "Drafted into the Military Intelligence Service while working in Minnesota",
            "Segment Questions": [
                "SG: You had mentioned that after, and you went, you decided to go to University of Minnesota?",
                "SG: And you worked as a houseboy?",
                "SG: What was that like?",
                "But later on, I got another job as a houseboy. This is after I was in the service, and that was quite different. I went to the University of Minnesota. So I was working as a houseboy. And then doing all of my studies, I was able to complete two quarters, and then Uncle Sam came after me. \"We want you to be in the armed service.\" So, I said, \"Okay. Let me finish the semester, and I'll join up.\" And so I joined up, and I went into the service in Saint Louis along with a lot of other boys from the Midwestern states, North Dakota, South Dakota, Missouri and all that. And we were sent to Fort Livingston, Louisiana, and I think there must have been a half dozen Nisei boys in the company, all doing well, and we got along fine. And basic training was as bad as everyone says, but the Niseis got through it probably better than most. We were in pretty good shape to begin with. And then after basic training, the question is, to me was, \"Where do you want to go? Do you want to go to the, with the 442nd in Europe, become a replacement, or would you want to go to Military Intelligence Service in Minneapolis or in Saint Paul?\" Well, that's where I was drafted from, and my girlfriend was there, so I didn't have trouble deciding that, well, I want to go to Minneapolis. So I was assigned to Fort Snelling, Saint Paul, in Saint Paul, Minnesota, and I enrolled in the six month language training program. And so I had a good time in Saint Paul with my girlfriend and learning how to speak Japanese.",
                "And I guess I should say fortunately, before we graduated, the war with Japan ended, and, whereas, we would have been prepared to go to the Pacific anyplace where we were assigned, we went right into Tokyo. And when we got to Tokyo, we got rumors that gee, our graduating class is going to be shipped to the Philippines. And I thought, my gosh, I don't want to go to the Philippines. And then I bumped into this lieutenant who I took basic training with, you know. We were both buck privates in the training program. I says, \"Al,\" he was a lieutenant. He went to OCS while I went to MIS. And I said, \"Al, if you can get me a job, get me a job.\" And he had a job where he traveled around Tokyo in a jeep, and he already had an interpreter, a Japanese interpreter. And he got me another job, so he had two interpreters, one American interpreter and one Japanese interpreter. So I spent my, I didn't go to the Philippines with the rest of the group. I was able to stay in Tokyo and meet all my family, my relatives and families. And that was an experience because I was just in Tokyo for a couple days, and a GI from Seattle came in and said, \"Are you George Katagiri from Portland?\" And I said, \"Yeah.\" And he says, \"I met your cousin.\" And I says, \"Where?\" And he says, \"On the black market.\" Well, everything was done on the black market at that time. I says, \"You know where he lives?\" And he says, \"Yeah.\" I says, \"Take me to him.\" So immediately, I was in touch with all my relatives, well, you meet one cousin, you know where all your relatives are. So I had a good time interacting with my cousins in Tokyo. And of course, I had the cigarettes and I had the soap and I had the candy and things of this type. And my parents had a favorite nephew in the country in Nagano-ken, and I kept them up on what was happening. And they said, \"Well, find out how Ichiro is doing.\" So I wrote to my aunt and uncle in Nagano-ken. And they wrote back, and they says, \"Well, Ichiro has been in Manchuria for the past so many years and the last we heard, he was trying to escape from the Russians.\" And I thought, \"Oh, gosh. Well, I'm sorry to hear that. But next week, I'll be back, and I'll have some days off, so I'll come out to see you.\" And the following week, I went out there, and who's standing there but Ichiro. He'd come home that week, and he was telling me, \"George, I came back last Wednesday. And when I going back to the village, I hid in the woods. And when it got dark, I snuck home.\" So he was ashamed to come home alive, and so he hid in the woods until he could sneak home at night. And immediately I got, beginning to understand the Japanese soldier and all that. So here he was all skin and bones, but he made it. And eventually, I met all my relatives, and I was the conduit through which the soaps and the cigarettes and the candies were sent by my folks. By that time, they were in Chicago. And they worshipped my parents for helping them through these lean years because they were starving because I had nephews who spent their time on the upper branches of trees picking out the new buds and ate them right there on the tree because they were so hungry. And so they were praising my parents for all this. And later on, I was thinking, my gosh, my parents just got out of the internment camps. They have no funds, you know. They were sending them everything they had, and that's the way it was."
            ]
        },
        "segment 9": {
            "Segment Desc": "A memorable job as a houseboy in Minneapolis",
            "Segment Questions": [
                "SG: Was she Caucasian?",
                "GK: No, no, no. I took her kid sister out in Tule Lake, so I have to say that I married Betty's older sister. [Laughs] But I was only in Japan for four months because I was really not needed. And so I came back, and now my continue, my story continues about this houseboy thing. I got back to Minneapolis, and I'm thinking, well, I'm going to re-enroll at the University of Minnesota. Where am I going to stay? So I'm at the YMCA. And I happened to know the name of the ironing lady that used to come to, the first place that I was a houseboy at, and her name was Mrs. Peterson. I said, \"Mrs. Peterson, I'm back in town. Do you know if anyone who's looking for a houseboy?\" And she says, by the way, she says, \"Yes.\" She says, \"I just happened to know that there's a doctor who's looking for a houseboy.\" I says, \"Oh, could I have his name and his address and phone number?\" And so I called him from the YMCA. And I said, \"Well, Doctor Ward, I understand you're looking for a houseboy, and I'm so and so.\" And he said, \"Where are you?\" And I said, \"Oh, I'm at the YMCA.\" He said, \"I'll be there in twenty minutes.\" I thought, wow, boy, this was easy. So he comes driving up in twenty minutes. And with my one little duffle bag, I'm in his car, and we go out to his nice home way out at the outskirts of Minneapolis. And as we go in the kitchen, there's a man in there. And he says to the man, \"Okay. You can leave now.\" And I thought to myself, \"What's going on?\" And the man didn't argue or anything. I think he was happy to leave. [Laughs] But it took him about three minutes to grab his clothes and his bag, and he was out of there. And the minute he stepped out of the kitchen door, Doctor Ward went up to the silver chest and counted the silver. And I thought to myself, \"What am I getting into?\" you know. We haven't even talked about what I'm supposed to do. Well, okay. Evidently, he was unhappy with the guy that was there, so he hired me without any interview or anything."
            ]
        },
        "segment 10": {
            "Segment Desc": "Witnessing the destruction in Japan due to the war",
            "Segment Questions": [
                "SG: George, I think we left off with the filet mignon. I was hoping just to go back a little bit to hear more about how being an American soldier in Japan impacted you. What were your thoughts and feelings while you were there and then after you got back?",
                "GK: Of course, the uniform made all the difference in the world. So long as you were wearing your American uniform, no matter where your work went, you were identified very quickly as an American GI, the conqueror. But it was kind of amusing because in the country towns where there aren't too many GIs walking around, if you took your hat off, you're just wearing your khakis, and a lot of Japanese men just wear khakis. And so if you had a Japanese face like I did, it would confuse them. And someone tried to tell them, \"Well, this guy's an American GI,\" people would doubt it. They said, \"Oh, you're just kidding me.\" But generally, we always had our little caps on. So no matter where we went, we were the conquering Americans, and we were treated with respect. It made a difference. It was interesting because when I, once, when I went out to visit my cousin in the country in Nagano-ken, my cousin asked me, \"Well, do you want to take a bath, George?\" And I said, \"Sure.\" And my concept of a bath is to go someplace where there is a tub, and you fill it with water, hot water, and you take a bath. But in this case in this country community, he rolls out this barrel into a part of the house with a dirt floor, then he builds a fire under the barrel and fills it with water, and the water heats up, and that's going to be your bath. But in the meantime, the community, kids in the community find out that there's an American GI in that house. And so while I'm in the tub there, here comes a group of kids, and they're sitting around this tub while the water is getting hotter and hotter, looking at this head that's sticking out the top of the tub that looks just like their big brother. And I'm not sure what they were thinking, but this is what an American GI look like, just like their big brother. It turned out to be one of the longest baths that I took because I had to wait for those kids to leave. But I remember that well.",
                "But it was a bad time when we were there. This was a number of months after the war ended, and they haven't recovered yet. So the railroad station in the center of Tokyo was still bombed out. It didn't have a roof on it. The trains were moving, and there were crowds in the stations, and everybody was carrying something, huge bundles on their backs, and I found out later that most of it was charcoal for, to heat and to cook with. But there was a lot of commuting going on. A lot of the trading was done on the black market. There were homeless people trying to sleep on the edges of the station. There was one instance when I met a young man about my age, a Japanese man, and he was sitting in a park by himself looking very dejected. So I asked him what was wrong. And he told me that he lived in town, and he took some valuables out to the country to trade for food, and... or, no. He took some valuables to sell, and he sold them. But while he was sleeping, someone stole his money. And so I asked him, \"Well, how much did you lose?\" I can't recall, but it was couple hundred yen or thereabouts or two thousand yen or something like that. And I had just happened to have that, and so I don't know whether he was telling me a lie or not, but I gave him the money, and I felt good about it even though he may have cheated me out of my last two thousand yen. But things like that were occurring every place. When you walked across Tokyo, there were acres and acres and acres of rubble, and the whole area was just flat. And every once in a while, you'd come across a piece of corrugated tin that would be moving a little bit, and someone would be sleeping under the corrugated tin. So it was not the best time to go and to be there. But for the GI, of course, we were well fed, and we had plenty of entertainment. And on one, they had dances at night at the basements of some of the billets. And I went down there once, and I can tell that this one Japanese girl was having trouble with a GI that was drunk and trying to hang all over her. And I don't know what was wrong with me, but I thought I'd be a good Samaritan. And so I cut in and, just to get her away from her drunk friend, and that's all I did. When the dance was over, I said, \"Well, thank you, very much,\" and I left. And the next day over the loudspeaker, someone calls me, and they said, \"George Katagiri, you have a visitor downstairs.\" And I thought, well, who knows me in Tokyo? And I went down there, and here's this girl and her mother. And I thought, oh my gosh, what am I getting into? They had handkerchiefs that they wanted to give me and little presents. And I said, \"Well, thank you, very much. But you know, I'm very busy, and I have to go.\" Well, they kept coming back for two, three times, and I finally had to tell, \"Well, I'm engaged to a girl in Minneapolis,\" and I don't think they took no for an answer. They kept it up until I felt very uncomfortable, and I just had to be very rude. And later on, I just wasn't there anymore, but that happened."
            ]
        },
        "segment 11": {
            "Segment Desc": "Visiting family members in Japan",
            "Segment Questions": [
                "SG: Did you have any contact with the Japanese soldiers who had served?",
                "SG: Did you have any conflicting feelings of being the occupation force and being an American and seeing what the American forces did, and having your own relatives and the land of your parents?",
                "GK: No. I just accepted what had happened. I knew about the atom bomb. Of course, I didn't have a chance to get down to Hiroshima or Nagasaki to see the damage, see the outcomes. I did come across several of their patients who were hospitalized in some of the hospitals in Tokyo. But I just accepted the war as it happened and didn't give it too much thought or worry too much about all the bad things that happened to everybody during the war. Because in the hospital, I found out that the nurses lived in the same room as their patients and nothing was sanitized. There was dust all over. The nurses' bedding was under the bed of the patients. So at night, they just pulled out the bedding from under the bed, and that's where the nurses slept. And I thought, my gosh, how can anybody get well under these conditions? But that was the best they can do at the time. It was a bad situation. I was, I felt very fortunate that I was an American and had my uniform on.",
                "SG: Well, is there anything else you would like to, or you remember from that time?"
            ]
        },
        "segment 12": {
            "Segment Desc": "Becoming a teacher",
            "Segment Questions": [
                "SG: So after Japan, you went back to Minnesota and studied?"
            ]
        },
        "segment 13": {
            "Segment Desc": "Pioneering a television program about how to teach science",
            "Segment Questions": []
        },
        "segment 14": {
            "Segment Desc": "Traveling in Europe",
            "Segment Questions": [
                "GK: Then finally after eleven years as the science specialist, I was offered a job with some school districts as a curriculum director or something, and the state superintendent, in fact, I signed a letter of intent with Multnomah County saying that I'd become their curriculum director which would have been a promotion, and the State Superintendent of Public Instruction said, \"You're not leaving us,\" you know. And I says, \"But I signed the letter of intent.\" And he went and contacted the superintendent of the Multnomah County Education Service District and says, \"Blah, blah, blah. You're not getting George.\" And so I was released from my letter of intent, and the superintendent promoted me to conduct a, direct a research project at the state level. And so I left my science position, and I became the Director of Dissemination. If you ask, \"Well, what's that?\" you know. It doesn't sound too nice. But at that time, it must have been 1971 or thereabouts, there was a lot of education, educational research was being conducted in all the universities throughout the United States, and they weren't being used. They were being conducted and filed away. And so this is when they started to put together all the research studies into a computerized format, and they started what they called the Eric program, E-R-I-C program. And so this Eric program contained hundreds of thousands of research articles in every aspect of education, but it wasn't being used. And so we, three states were selected to come up with a system whereby we can get all of this research into the hands of classroom teachers so that they would change their teaching styles and improve their teaching strategies. And so North Carolina, Utah, and Oregon were the three states that were selected for this experimental study. And so we worked on this for three years and developed computerized retrieval systems, and we had developed an extension service-type system to get these extension agents out to teachers and classrooms to help them locate articles that would solve whatever problems that they were encountering.",
                "And so we started the system, and that was very interesting. What was more interesting is that not only were people interested in this system in the United States, but they were also interested in it in Europe. And so there came a time when they were going to hold this big meeting in a 13th century abbey, 35 kilometers outside of Paris, and so who was invited to go? I was invited to go to this meeting, and people from Norway and France and Great Britain and a number of countries were represented there. And we were isolated in this, really the ruins, castle ruins. Half of it was in ruins. The other half, we had our conference, and that was just fascinating to be in a foreign country like that and in that setting because in the library, they still have books on book stands that were written by hand. And for our dinners, we had about three or four wine glasses out there. And the way they do it is they have one kind of wine at one time of the meal. And as you get through the meal, you have different kinds of wines, and they serve coffee in soup bowls. So you had to pick up the bowl, and that's how you drank coffee. But it was, it was an experience. And that conference, I can't recall how many days it went for, but I thought here we are, stuck in France, and this meeting's going to be held for so many days, what's everyone going to do after the conference is over? I wanted to tour Europe because I was there, so I was asking around. I couldn't find anybody who was staying after the conference. They're coming right back to the United States. And I thought, gee, how ridiculous. Until I came across this Mormon guy from Salt Lake, and I said, \"Werner,\" I says, \"Are you going to stay after the conference?\" He says, \"Yeah.\" He says, \"I have a car. I got it all rented. I have to make one stop in Brussels. Otherwise, I'm free.\" I says, \"Can we team up together and kind of make a little swing around, down the Rhine and around France?\" And he said, \"Sure.\" And so here, we're on our way from this, France and up through the countryside into the Brussels, into Holland and over to Cologne, Germany, and down the Rhine. But on the way, it was kind of warm, and we're getting thirsty, and we wanted something to drink, and so we stopped in some kind of a tavern, and Werner is a Mormon, you know. He's not supposed to have any alcohol. And so far as I'm concerned, I says, \"I'll have a beer.\" And so my beer came right away. And he says, \"Well, do you have any lemon juice or lemonade?\" And the guy is saying, \"lemon juice, lemonade?\" He finally said, \"citron.\" And I says, \"Yeah, citron, order some citron, whatever it is.\" It sounded like it was lemon or lime or something like that. And so he says, \"Oh, I'll have a citron.\" And it didn't come, and it didn't come. And finally when the waiter came by with this tray, he grabbed a beer off the tray, and he drank it, and so that's how he quenched his thirst. And that night we went to, or one of the nights, we went to this old tavern, and it was so old that the beams across the ceiling, you can see the axe marks on the beams. That's how old it was. And it was just fascinating to just be in a place like that, having your cheese and fruit and your wine. And I said, \"Gosh, I have to get a picture of this.\" And so I said, \"Werner, sit there, you know. We'll take a picture of our eating here.\" And he sat down, and he saw that wine, that bottle of wine. He moved the bottle of wine out of the picture, and so we have a picture of our eating in a tavern without the wine showing. But we had a great time.",
                "When we got down to Heidelberg, we stayed with some friends of mine who, he was a doctor in the army, and so we had to sleep on the couch in the living room. He had two couches, and so we went to sleep. And the next morning, I got up, and there's no Werner, and I thought, gee, where did he go? And so I got dressed. I went outside, and he's walking up and down the sidewalk. And I says, \"How come you're out here walking?\" He says, \"Well, I got up early, and I didn't want to awaken you, so I came out here, and I thought I would go for a walk.\" Okay. We let it go at that. But years later, he came to visit me in Salem, and he says, \"George, do you remember the time when we stayed in Heidelberg and I was walking on the sidewalk outside?\" I says, \"Yeah.\" And he says, \"Well, that night, you were snoring so badly that I couldn't sleep that I had to get out of there.\" Poor guy. Instead of telling me to be quiet or turn over or something, he let me snore, but I didn't know a thing about it until years later, but that goes to show what good a friend he was."
            ]
        },
        "segment 15": {
            "Segment Desc": "Preserving the Japanese American community legacy in Portland",
            "Segment Questions": [
                "So it was there a good five or six months, and then it traveled to places like Medford, Boise, Salem, and a number of other places. And then we get a call from Hood River saying they want the exhibit there. And we thought, oh my gosh, what are we going to do, because the exhibit contains, part of the exhibit contains what happened in Hood River right after the war, and it does not put Hood River in a good light. We have the newspaper spreads from Hood River that where the citizens of Hood River saying, \"We don't want the Japs back here. Please sell your property to the whites,\" and blah, blah, blah, with their signatures on the newspapers, dozens and dozens of the prominent citizens. And then we had statements from the Hood River American Legion damning the Japanese, and they spear headed the campaign to, for the community not to sell any goods to the Japanese as they were returning. And I thought, well, what's going on happen if this exhibit goes up to Hood River? Then I ask, \"Oh, where's it going to be held?\" They said, \"In the American Legion Hall.\" I thought, oh my gosh. And I said, \"Does everybody know what has happened in the past?\" And they did. Of course, this is happening in 1994, and all the negative stuff happened way back in 1946. And, but still in my mind, it was something that happened up there in the American Legion Hall. But we made the arrangements. We took the exhibit up there, and whose picture should be on the walls but the leader of the American Legion who was active at the time, and all the other leaders were up there. And we finally got the exhibit up. And someone said, \"Hey, George, the son of that man is looking, is in the exhibit now looking at the exhibit.\" And I said, \"Who, which was is he?\" And so they pointed him out, and here's a big young man, and he was very carefully going through the exhibit, not saying anything. And of course, by this time, the American Legion had completely changed, and a lot of the people who were active in it were Nikkei people. But still, the remnants of the old American Legion was still there. But it went off, it went off very well, and I thought, well, it was worth it. We've gotten over the hump. Things have changed for good, so be it. So that happened.",
                "So the concept of a legacy center began to develop. It was very clear that we needed a place where we can collect these things before they all disappeared. And so the idea of the legacy center started, and a group got together, and it kind of steam rolled, and it developed into the program that we see today. And we could see, so we've collected the history of all of these things at the legacy center, and we can also see the big picture of what's happening because for a while there, I thought, well, we're interested in the history of the Issei, but they're gone, and we're interested in the background of the Nisei, and they're leaving us quite rapidly. And once the Nisei are gone, who cares about the Nikkei. And then we looked around and we said, well, the Nikkei, the ethnicity of the Nikkei is disappearing, you know. Half my grandkids are hapas. They're half, half Caucasian and half Japanese, and I don't know how interested they are in their legacy. And I thought, well, it's, what good is it going to do to develop a good viable legacy program if the group is disappearing? And it's, then I ran into a couple of situations where I was taking my two sons who are pure Japanese, and my grandson who is half Japanese, and the four of us were headed down for Tule Lake, and I wanted to show them Tule Lake and explain the camp to them and go on down to Lake Tahoe and a place called Bodie, a ghost town called Bodie and Yosemite and come home. And on the way down, we went into a family restaurant in Klamath Falls. So the four of us walked into the restaurant, and we were guided to a booth, on the side of the restaurant, and we could tell that most of the patrons in the restaurant stopped eating and were kind of staring at us as we walked across the restaurant. Nothing was said, and we ordered a regular lunch and we had lunch and we left. But on the way down the highway, my grandson said, \"I never want to come back to this town again.\" He picked up something, about, just eating at that restaurant in Klamath Falls that he didn't like. And here, he looks Caucasian. He can get by, all of his friends are Caucasians, and still for him to pick this up, I thought was very significant. And it seems to me that he needs to know what his legacy is. In fact, he already knows quite a bit of his legacy, and that's why he picked up whatever ambiance he picked up. And a couple years later, this same kid, he's a senior in high school, and I said, Nick, I said, \"How come you never had a girlfriend when you're in high school?\" He went on several dates, and each date the girl had to ask him to go on a date. And he said, he says, \"I don't know.\" He says, \"If I ever find a girlfriend, I'd like to find one like me.\" And that told me a lot. That told me a lot. And so I think what the legacy center is doing, collecting all these things and carrying on these educational programs, is important even if the Issei and the Nisei are leaving us. We need to continue that program so that the young people know what their legacy is, and I'm sure things like this are happening to all families, and..."
            ]
        },
        "segment 16": {
            "Segment Desc": "Experiencing housing discrimination after the war",
            "Segment Questions": [
                "SG: I was curious if your years of living and working in Oregon if you, yourself, ever experienced prejudice or discrimination?",
                "GK: Yeah. I did not experience it when I was a little elementary kid even though I was the only Japanese kid in the school. Nobody ever bothered me or called me names. I was one of the kids out there playing soccer and marbles and everything else. And then I lived in Minneapolis for seven years. I went there to go to school, and I went in the military service while I was in Minneapolis. And in the service, I was mostly with Caucasian soldiers, and they never bothered me. But when I came back to Portland looking for, coming to my first job, after living in Minnesota for seven years, I needed an apartment for the family. And so I looked in the newspaper, and there was an apartment open in Westmoreland. And so I called the number, and I says, \"I'm interested in renting an apartment. Is it open?\" She said, \"Yes.\" And I said, \"I'll be there in ten minutes.\" So I was there in ten minutes. And I went up to the door, and I says, \"Well, I just called you about the apartment that's available here.\" She looked at me and says, \"Oh, it was just rented.\" And my knees buckled, you know. I wasn't expecting it. If I were expecting it, I would have said something not very nice and just left. But since I wasn't expecting it, my knees buckled, and I couldn't say a thing, and then I left. Of course, thereafter, every time I called, I identify myself as being Japanese American and so on. But that was the most striking remembrance that I have of being discriminated against.",
                "Oh, there are other occasions like when I first came to Portland. I had this job at this elementary school. And you won't believe it, but back in 1950, my annual salary was 2900 dollars a year, and I thought, gee, I don't think I can get through the year on that salary. I needed to find other things, other income. And I dreamed of the time when one of these days, I'll be making five thousand dollars a year. I dreamed about that. But to supplement my salary, I, some of my teacher friends found jobs at Sears Roebuck as clerks. I says, \"Gee, I'd like to do that.\" And they wouldn't hire me, you know. And so for a long time, I wouldn't buy anything from Sears. [Laughs] For a long time, I mean for years and years, I would not buy anything from Sears. But to supplement my salary, the kindergarten teacher at our school had some friends who were building houses, and they, I says, \"Well, can they use some help on the weekends or the evenings?\" He said, \"Fine.\" And so they were building these two houses up there by the medical school or OHSU, and I would help them put on siding or sand or paint or anything that anyone could do. And one day, I was sanding the floorboards on the floor, and the lady builder who was contracting said, \"Hey George, why don't you buy this house?\" I says, \"I just have a few hundred dollars in the bank. I can't afford to buy a house.\" And she says, \"No problem.\" She said, \"You get a GI Bill, and you can pay for this house.\" And the house wouldn't qualify under the GI Bill. And so she said, well, she'll carry a second mortgage for me. So I buy it under the GI Bill and pay her a little extra each month, and so that's the house we bought. And did she make me sign a paper? No. I mean, I never signed a paper. I could have stopped payment on the second month and called it quits there, but that's the kind of friends or people we got to know. And not only that, I was paid so much an hour sanding the boards and painting the boards, and so I had a little supplementary income there.",
                "And to supplement my 2900 dollar annual salary, I got a job as a projectionist at a local theater, and I went down and answered the ad. And they says, \"Well, what experience have you had?\" And I says, \"Well, I run the 16 millimeter projectors at school.\" There's no comparison between a 16 millimeter and an old fashioned 35 millimeter machine. And evidently, they didn't have too many applicants, and so I got this job. It was at this old theater that I think about ten patrons came in every night. But the machines were so old that they were lit by carbon rods. And so they had two carbon rods that when you lit it, you had to bring them together, and they would light, and then they would separate, you'd separate it for part of an inch, and then they would gradually burn out, burn back, and the machines would keep them the same distance theoretically. And if the theory didn't work, the light went out. And there were two machines, and so that was a time when you had to watch the picture and the little tiny numbers came up in the corner, and, but by the time the films got to our place, they had been worn so much that they've been spliced, and some of the numbers were missing. But the numbers were there, then you would sick, turn on one machine and started going and then turn off the next machine, and the audience wouldn't know the difference. But when they're not synchronized, there's a jump in there or a word missing or something like that. Then that's only running the machines, but you have to work the curtains too. So while you're doing all this, you have to run around the machine and press the button to start the curtain to come down, to close or to open up. But anyhow, it was a riot. Finally, the place, one day, one day, there was a Bob Hope film, and so I put it on like I do always. These are great big 35 millimeter rolls, and the image on the screen was upside down, and there's no sound. And I thought, well, it's a Bob Hope film. [Laughs] Maybe it's supposed to be that way. And so I waited a few seconds, and I finally came to the conclusion that some person that wasn't very intelligent put the, rewound the film backwards and twisted it or something. And so there you had a dozen people in the audience pounding their feet on the floor, and I finally had to shut everything down and take the reels out. And rather than trying, I couldn't possibly rewind it then without taking a lot of time, so I just stuck on the second feature and fouled up the features for the evening, but nobody complained. But anyhow, that was the way that I got through the first years of teaching, supplementing my income. Things got better after that, thank goodness."
            ]
        },
        "segment 17": {
            "Segment Desc": "Raising a family",
            "Segment Questions": [
                "SG: What was your, what was your home life like back then?",
                "And then the funniest thing happened. I went to work, to work with some professors and teachers at a school and the family stayed home. And when I got home, my middle son was fighting with a neighborhood kid, and my middle son was sitting on top of this other kid. So all I said was, \"Hi boys,\" and walked into the house. I guess the neighborhood kids had to find out who's boss around here. And they were a novelty because I don't think the neighborhood kids had ever seen an Asian before. And, but they figured out their pecking order, and everything went fine for the rest of the summer. But there was a second family from Portland, and they came over to see us one day, and they have three kids. And so when they got out of the car, the neighborhood kids saw this other family from Oregon, and they were saying, \"How come they don't have black hair?\" They had gotten the impression that everyone from Oregon had black hair. But this is the kind of experiences they had. We had a delightful time in Boston for months, six weeks and the Freedom Trail and all the historical places in downtown Boston. So there were a lot of advantages. We had a lot of good times with the boys growing up."
            ]
        },
        "segment 18": {
            "Segment Desc": "Reflections",
            "Segment Questions": [
                "SG: Is there anything else you would like to talk about in terms of your time in Oregon with your family, with work?",
                "And one day or one time, we went down to the Steam's Mountain. And this is when the kids were in high school, and I had two of the boys with me, and so we all went fishing. And I wasn't doing too well, but the other two, I told them I'm going back to camp. And the other two said, \"Well, we'll stay and we'll fish a while.\" And the one boy said that, \"If I run across a rattlesnake, I'm going to bring it back, and we'll cook it for dinner,\" and he was serious. And I was hoping he wasn't serious, but he was serious. So I went back camp and was getting ready for dinner, the campfire and everything. I see them coming up the trail, and I looked at them through the binoculars. One boy is holding something in both hands. And as they got closer, they had some fish in one hand, and this guy, my middle son had a rattlesnake in the other hand. And so he comes back, and he's real proud. He got his rattlesnake. I says, \"Well, how did you get it?\" He says, \"I stepped over this rock. I heard it rattle, so I took the pellet gun, and I shot it in the head, and the head just fell over, and so I just grabbed it by the neck, and I'm carrying it home.\" I says, \"Well, you still going cook it and eat it?\" He says, \"Sure.\" And here all the while, he's carrying it. He could feel the muscles of the snake, in his hands, in his grip. And of course, the first thing he did was cut the head off and bury it, and he wanted the skin to put around his cowboy hat. He had a beautiful cowboy hat, and so he cut the head off, he slit the snake down the belly, and he took the meat out. And he could still feel the muscles moving in his hand. And by that time, he finally decided, well, maybe he won't eat it. [Laughs] He won't cook it and eat it, so we never did have rattlesnake meat. But he did go ahead and keep the skin. And today, he's got a beautiful rattlesnake skin around his cowboy hat with nine rattles sticking out to one side. But they, we did a lot of things like this. They went to Camp Calarmo. This is the OMSI camp in Central Oregon to look for fossils. We did a lot of skiing when they were in high school, so we had a lot of good times together. They kept telling me, when I took them skiing, they'd go out to the slope and ski, and I would stay in the lodge and read or something like that. And they kept saying, \"Well, Dad, why don't you get out there and take a couple of lessons?\" And you're sitting in the lodge, you know. You look around the lodge, watching all these young skiers there, beautiful skiers with their beautiful clothes on, and here I am an old fat stocky man. I thought, oh, that's not for me. This is for beautiful young people. And finally one day, I says, \"Oh, to heck with it. I'll go out there and take a lesson.\" So I went out there and took a lesson. And all the old fogies are out there skiing, and all the beautiful people are in the lodge, looking at each other. So I learned to ski. And from that time on, we all had a good time except on the last run. On the last run, I had to drive the car all the way down to the, this town at the lower part of the ski run. And they were able to take this trail, Glade Trail, all the way down to the place. So Dad did the dirty work, and everybody else had the most fun. We had good times together, and we had a good life, and I wonder why the kids won't leave home, but they still come back today. One of the boys lives out of town, but he makes sure that he gets back on weekends to get a good meal. One boy moved in next door. [Laughs] Things were so great.",
                "SG: That's wonderful. Is there anything else you would like to add?",
                "SG: Is there any message you would like to give to the next generations to come?"
            ]
        }
    }
}