{
    "Narrator_Name": "Gladys Koshio Konishi",
    "Bio": "Nisei female. Born August 14, 1930, in Fort Lupton, Colorado. Raised in Fort Lupton, where family operated a produce farm. Attended Colorado College of Education. Following World War II, lived in Carbondale, Illinois, before returning to Colorado.",
    "Title": "Gladys Koshio Konishi Interview",
    "Interviewer": "Richard Potashin",
    "Location": "Seattle, Washington",
    "Date": "May 13, 2008",
    "Densho ID": "denshovh-kgladys-01",
    "transcript": {
        "segment 1": {
            "Segment Desc": "Born in Fort Lupton, Colorado",
            "Segment Questions": [
                " RP: This is an oral history for the Manzanar National Historic Site as well as the Densho legacy project. Today we're talking with Gladys Konishi. We'll be discussing Gladys' life growing up as a Japanese American in Colorado with emphasis on the period during World War II. Our interview is taking place at the Marriott Residence Inn in Denver, Colorado. The date of the interview is Tuesday, May 13th. Our interviewer is Richard Potashin and our videographer is Kirk Peterson. Our interview today will be archived in the Site's library and posted on the Densho website eventually. Gladys, thanks so much for coming over to share your personal history with us today. Really honored to have you here. And I'm going to start right at the very beginning. Can you tell us what your given name at birth was? ",
                " RP: In Japanese, what would your first name mean? ",
                " GK: In Japanese, you mean Gladys? ",
                " GK: Yukiko? I think Yukiko is \"snow.\" Yuki is \"snow,\" and then they always give the girl child \"ko.\" ",
                " RP: How about the name Shige? ",
                " RP: And were you born at home, or in a hospital? ",
                " GK: Yes, I was born at home. In fact, my, the house that I was born in is still there, and I see it whenever we go to Fort Lupton, we always see it and I think, \"Oh, that's where I was born,\" how many years ago now? Seventy-seven years ago. So it's still there. ",
                " RP: Were all the kids born at home? ",
                " GK: Yes, we had a, we had a local doctor, his name was Dr. Monasmith, and I'm not sure whether he, he delivered all of us, but he would come to the house, he made house calls. And with nine of us children, it seemed like he was out there quite often. And I remember whenever he would come, it's like, \"Who's sick now?\" [Laughs] But my folks used to get medication from Japan, and they would be in pill form. And I remember especially the Japanese, the medicine, it depended on our behavior, and if they felt like we were behaving ornery, they gave us this packet that had these little silver balls in them, and that was supposed to straighten us out. And then we always had this black medicine that took care of our colds and stuff. I'd forgotten that, that we got medicine from Japan. ",
                " RP: Would those have been kind of herbal remedies? ",
                " RP: Like taking your cod liver oil? ",
                " RP: Did it work? [Laughs] "
            ]
        },
        "segment 2": {
            "Segment Desc": "Description of father; mother's help because he couldn't read or write",
            "Segment Questions": [
                " RP: Your father, can you give us a portrait of him physically and personality-wise? ",
                " RP: Can you give us his, his full name? ",
                " RP: Do you recall how much education he had in Japan? ",
                " GK: You know what? I don't think he had much education because he couldn't read or write. My mother said that when he was supposed to be going to grammar school, his mother would make him lunches and he would play hooky and go fishing, but then he'd always come home at the right time, and so I don't know what happened. He didn't learn to read or write, but I think it was always a handicap for him, because I always remember that Mother would read -- there was a Japanese newspaper that came from Denver, and whenever they were getting along, he would sit alongside of her and she would read him the newspaper. But if they'd been in a fight, he'd sit next to her, and she read to herself. [Laughs] And then when things were okay, she was reading, you know, she'd read the newspaper to him again. But he did sign our report cards, I remember his name was Tom T. Koshio, you know. He did, he did sign our report cards, and he did look at our report cards and made sure that our grades were good. And signed our excuses if we were absent from school, but that was about the only time that I remember him writing in English and never saw him write Japanese. But I think my mother was very good with that. And because he didn't know how to read or write, she always took care of things. And I remember when they would come out for donations to the church, they would always have this sheet of paper with the name of the person and how much they donated. And so Mother would always stand behind my dad and she would read that to herself, and she'd always say, \"I think this is how much we should give,\" and it was probably right down the middle of the road. So I'm not, I'm pretty sure that other people didn't realize that he couldn't read or write, 'cause Mother always took care of that, and I always admired her for that. That was such a good thing. ",
                " RP: When your, when your dad's, your dad and his parents came over to America, where did they first settle? ",
                " RP: He worked in, he worked on the railroad in California? ",
                " RP: They were welcoming them to the community? ",
                " RP: And then he eventually worked his way over to Fort Lupton? "
            ]
        },
        "segment 3": {
            "Segment Desc": "Mother's arrival as a \"picture bride\"",
            "Segment Questions": [
                " RP: And your mother, what was her name? ",
                " RP: And that was in Seattle? "
            ]
        },
        "segment 4": {
            "Segment Desc": "A family of nine children",
            "Segment Questions": [
                " GK: A spread, isn't there? ",
                " RP: And Frank was sharing his large family of twelve, and he said that there were kind of groupings of, depending around the age. Was that the same for you? "
            ]
        },
        "segment 5": {
            "Segment Desc": "Coping with prejudice prewar",
            "Segment Questions": [
                " RP: Was that an attitude that prevailed before the war, too? ",
                " GK: No, I don't think so. I think when the war started, that's... I kind of think that they, just recently, this book that came out, Adam Schraeger, who wrote that book? "
            ]
        },
        "segment 6": {
            "Segment Desc": "A typical day on the farm",
            "Segment Questions": [
                " RP: And as you grew up, did your responsibilities change on the farm? You told me that you ended up driving a truck. "
            ]
        },
        "segment 7": {
            "Segment Desc": "Description of farmhouse: mother's sake still",
            "Segment Questions": [
                " RP: Tell us about the farmhouse that the family lived in. Did you have electricity, indoor plumbing? ",
                " RP: You shared with us a little saying that you remember seeing every day of your life growing up on the farm. Can you share that with us? ",
                " RP: Did you pass that along to your kids, too? "
            ]
        },
        "segment 8": {
            "Segment Desc": "Remembering German prisoners of war working as laborers on family farm",
            "Segment Questions": [
                " RP: Gladys, you mentioned earlier about, that you always had laborers helping on your family farm. Can you tell us who they were? Did they, were they Mexicans, other Japanese? ",
                " RP: What was that like, or did you have any feelings about that when you saw them? ",
                " RP: Just to follow up on your comment about one of the, quote, \"evacuees\" working on the farm, did they also live on the farm, too? ",
                " RP: And he didn't appear to have a family at all? "
            ]
        },
        "segment 9": {
            "Segment Desc": "Japanese American community activities: picnics, sports",
            "Segment Questions": [
                " RP: You talked about the Japanese American community in Fort Lupton and wanted to kind of expound on that. How tight was that community, and what institutions did they gather around? Your church... ",
                " RP: As far as family outings, you said your folks liked to go to the mountains? ",
                " RP: Was that with other Japanese families? ",
                " RP: Now, these teams were made up of strictly Japanese Americans? ",
                " RP: Kind of like a semi-pro league? "
            ]
        },
        "segment 10": {
            "Segment Desc": "Memories of grammar school",
            "Segment Questions": [
                " RP: Now, what grammar school did you attend, Gladys? ",
                " RP: This year? ",
                " RP: What do you remember about your school experiences and recollections? ",
                " GK: I think I can remember from the first grade, and I remembered all... you know, it's so funny, not too long ago, a couple years ago, I met this friend that I used to spend a lot of time with, and used to spend a lot of nights with her, and she said to me the other day, she goes, \"You know what, Gladys? You made me flunk the first grade.\" And I go, \"How? How did I make you flunk the first grade?\" She says, \"Because I couldn't speak English, and you didn't help me.\" And I said, \"But Catherine, you and I have never been in the same grade, I mean, in the same, we didn't have the same teacher.\" And she said, \"We didn't?\" And I said, \"I'm so glad you brought that up, because you would have gone on the rest of your life thinking I made you flunk first grade,\" because we did not have the same teacher. So I was glad that she brought that up, but anyway, I just, all my teachers were really, I think I can almost remember every teacher's name. And I really enjoyed, I enjoyed school. The only thing was, because Mother didn't speak English, anytime there was any kind of a program, my sister-in-law would come in her place. If there was any conference or anything, then my sister-in-law came for my mother. ",
                " But I have to tell you this about my mother. When my mother was ninety-nine, she said -- my sister and I had been taking care of her for three years, and at that time, at the end of three years, she said, \"You know, I need, I should go into a nursing home.\" And before that, she used to say, \"I don't want to go to a nursing home,\" and we kept saying, \"Mother, we're not gonna put you in a nursing home,\" I said, \"unless you get to that point where we can't take care of you anymore.\" So one day she said, \"I'm ready to go in,\" and she was still doing well, I mean, she was walking with a walker and everything. So I said, when she was saying, \"I can't go in a nursing home,\" I said to her one day, \"Why can't you go into a nursing home?\" and she goes, I said, \"why can't you?\" And she says, \"'Cause I can't, I can't speak English,\" and I said, \"Mother, you've been here for over eighty years. Why didn't you learn English?\" And she goes, \"If I'd known I was going to live this long, I would have.\" [Laughs] Isn't that funny? That was so funny. So you know, it's like... and when we were ready, when she wanted to go into the nursing home, she had to take some tests to see if she qualified, and she was so alert and so smart, she really didn't qualify. But the person that came to interview us felt like we needed the break, and so she said they would put her in, and that was the reason why she went in. But yeah, she didn't learn English because she didn't know she was going to live that long. [Laughs] Then she would say, \"At my age I can say anything and do anything,\" I said, \"No, Mother, you can't do that.\" [Laughs] ",
                " RP: So were your friends in school predominately other Japanese Americans? "
            ]
        },
        "segment 11": {
            "Segment Desc": "Holiday celebrations",
            "Segment Questions": [
                " RP: Principally, you were raised as Buddhist? "
            ]
        },
        "segment 12": {
            "Segment Desc": "Presentation of a ceremonial costume, photographs",
            "Segment Questions": [
                " RP: Gladys, this is, you shared with me a story about this cultural ceremony that you were involved in, and you had a special uniform that you wore for that. Can you describe the uniform and tell us about the ceremony? ",
                " RP: Did you do any type of a dance or a ceremony? "
            ]
        },
        "segment 13": {
            "Segment Desc": "Memories of the bombing of Pearl Harbor: dreading going back to school the following day",
            "Segment Questions": [
                " GK: Yes, I do recall. When it first came on the radio, I think we thought it was a program. And we used to listen to the radio a lot, and when they said the Japanese had bombed Pearl Harbor, I think it was with disbelief. And you know, you have so much emotion because you're American but you are also Japanese. And to think that the Japanese would do something like that, it's just like, \"How could they do that?\" So you're, you know, you're thinking, \"Okay, I'm American,\" but do you have any loyalties to Japan, only because you're Japanese. And you're ashamed that they did it. So you, I think you realize that you're ashamed of them, so you must be American. And there's just a lot of emotion and dreading to go back to school. ",
                " RP: What was that like when you went back to school the first days after the attack on Pearl Harbor? ",
                " RP: Good enough? "
            ]
        },
        "segment 14": {
            "Segment Desc": "Supportive family friends after the bombing of Pearl Harbor",
            "Segment Questions": [
                " RP: You say this was your brother's bank account? ",
                " RP: Was he in partnership with your dad? ",
                " RP: Were there other individuals that you recall doing that? Coming and... ",
                " RP: ...and saying, \"We don't hold this against you?\" ",
                " RP: Your sisters had married and gone away? "
            ]
        },
        "segment 15": {
            "Segment Desc": "Dealing with restrictions placed on Japanese Americans following the bombing of Pearl Harbor",
            "Segment Questions": [
                " RP: Did you take, or express any acts to support the war effort like saving aluminum or string or those kinds of things? ",
                " GK: [Laughs] Oh, yeah. Yeah, I think so. Even the gum wrappers, we would separate the gum wrappers and try to, yeah. We were doing that, yeah. And then, I mean, that was a very slow process, right? I don't know what we ever did with that. Yeah, always that \"Uncle Sam needs you,\" those signs and stuff. But my brother was, got a scholarship to go to school in '45, but then he was drafted after a quarter. He went to school for a quarter and then he was drafted. And so, you know, I always felt like, okay, now, he's in the army now and doing our, our... to support whatever, however way we could. ",
                " RP: And where did he go? ",
                " RP: He was? ",
                " RP: In the occupation? ",
                " RP: And did he, did he share with you what he did? I know that was kind of a secretive organization. ",
                " RP: How did rationing during the war affect your family life? Did it at all? "
            ]
        },
        "segment 16": {
            "Segment Desc": "Hearing about the mass removal of Japanese Americans on the West Coast",
            "Segment Questions": [
                " RP: Did you have any, any awareness of what was happening to Japanese Americans on the West Coast and being removed from their homes and sent to camps? ",
                " GK: Well, yes, I think... well, you know, my brother-in-law was one of those that was evacuated, and he just left just in the nick of time, I think. The last day, he got a truck and he got his dad and mother and grandma and grandpa and loaded everything. I think they had to have a friend help 'em, but his older brother was in the army, and he was stationed here in Denver at the Fitzsimmons, and they were on their way to Michigan, I think. That was one of the states that were allowing the evacuees to go to, and he stopped in Denver to see his brother, stopped, and I think his brother said, \"Why don't you settle here?\" he says, \"This is a good place to settle.\" So they did, but they had a farm in, near, in Turlock, I guess, near Modesto, and that's where they had a farm. And they just really left in the middle of the night almost, just to make that deadline to get out of there. ",
                " GK: Beg your pardon? ",
                " RP: Did they lose the farm? ",
                " RP: Did stories like that prompt any suspicion or rumors that something like that might happen to Japanese families in Colorado? ",
                " RP: Did you feel safe where you were? ",
                " RP: Good old SOS? ",
                " RP: But you don't recall that? ",
                " RP: Did those, did that sense of prejudice that you, did you feel a little bit relieved after that? "
            ]
        },
        "segment 17": {
            "Segment Desc": "Attending college",
            "Segment Questions": [
                " RP: You graduated from Fort Lupton High School in 1948? ",
                " GK: Oh, our journey from there? Okay, well, when I graduated in 1948, I wanted to go to college. And my parents said that I could not do that because my two older brothers had gotten scholarships and they couldn't go to college because they were needed on the farm. So Mother said, \"If you ask your oldest brother Floyd, and if he says you can go, well then maybe you can go.\" So I went up to my brother and I said, \"Could I go to college?\" and he goes, \"Sure, why not?\" And I said, \"Well, the folks said that I couldn't go unless you gave me permission because you weren't allowed to go 'cause you were needed on the farm.\" And he says, \"Of course you can go.\" So I went to what is now UNC, it was Colorado College of Education back then, and so I thought, well, since I'm lucky enough to go to college, the least I can do is work for my room and board. So I went to the administration building and found a place where I could work for my room and board, and she gave me five dollars a week. And at that time, tuition was forty-eight dollars a quarter, so I felt like I was doing my share to be able to go to college, and I was very thankful because I was the first one to be able to do that. My brother Tom went, but then he was drafted, so I don't think that they had any qualms about him going, being a boy, but a daughter, that was something new. "
            ]
        },
        "segment 18": {
            "Segment Desc": "Being the first Japanese American family to live in Carbondale, Illinois",
            "Segment Questions": [
                " RP: Frank shared with us, and I want you to share with us, the experience of moving to Carbondale, Illinois. You've got to tell it the way you told it to me on the phone, Gladys, that was such a great story. But how, being the first Japanese American, maybe the first Asians in that community, how were you, what were your perspectives on that experience? "
            ]
        },
        "segment 19": {
            "Segment Desc": "Feeling like an \"ambassador\" for Japanese Americans",
            "Segment Questions": []
        },
        "segment 20": {
            "Segment Desc": "Involvement with the Japanese American Citizens League",
            "Segment Questions": [
                " RP: So later on, you got involved, when you came back to Boulder, you got involved with the JACL? ",
                " RP: Had you been a member of them, a member of that organization? ",
                " RP: What racial issues locally has the JACL had to confront? ",
                " RP: There was one particular incident that you explained to me that happened on the University of Colorado campus? There was an article, can you share that with us? ",
                " RP: Another one, another story you shared with me was an incident that occurred in a market where Frank was shopping? ",
                " GK: Oh, Frank? Yes. I had sent Frank, this is maybe two or three years after we came back to Colorado, which would be about 1987 or so. I sent him to the store, grocery store, to pick up a couple items, and he came back and he was telling me this story and I couldn't believe it. He said he was, there was a gentleman with a cart right in the middle of the aisle, and he wanted to get through, so he just moved it over just a little bit so he can get through. And this gentleman got really mad at him and wanted to hit him. And he took his cart and he tried to ram Frank, and so anyway, he said, \"Why don't you go back to your own country?\" And Frank said, \"Well, I don't see you wearing an Indian blanket.\" [Laughs] And so anyway, I could not believe this mild-mannered Frank would even say that, you know. But yeah, at that time, as liberal as Boulder is, I was, I was really surprised by that. But then I take into consideration also that he might have been in World War II, or somebody in his family might have been killed or something. So of course that's a feeling that you just have and you just kind of forgive and forget and that kind of thing. But yeah, I was really surprised, yeah. "
            ]
        },
        "segment 21": {
            "Segment Desc": "Continuing ties to Fort Lupton, Colorado",
            "Segment Questions": [
                " RP: ..Buddhist services. What comes, what do you feel when you go out to that place? "
            ]
        },
        "segment 22": {
            "Segment Desc": "Early difficulties with parents' acceptance of marriage",
            "Segment Questions": [
                " RP: How have you seen the role of the Japanese American woman change in your lifetime using your life as an example? Do you feel there's, in your relationship with Frank, more equality there, less of a subservient role? Did your husband encourage you to find your own identity and voice? ",
                " GK: Uh-huh. Well, you know, I don't know if Frank told you, but when we were married, I'm not sure that my folks had anyone in mind for me, but when I married Frank, my folks disowned me. Did he tell you that? ",
                " RP: What was the reason, what did he have against Frank? ",
                " RP: So did I. [Laughs] Do you have any other family secrets you'd like to share with us? ",
                " GK: Family secrets? Let's see. ",
                " RP: How about gambling? ",
                " GK: Oh, gosh, no. No, my dad did not -- that's, I used to hear that my dad used to play pool. Back in those days it was not billiards, right? Pool. And then that's the smoky... but when he became a family man, he dropped that, he dropped drinking, and I remember Dad smoking. He dropped that, too, but I remember buying him, he smoked a pipe, and every Christmas I would give him a can of Prince Albert, that was standard, I'd go to the drugstore. Family secrets? Let's see. I was probably the most, the most independent, and they probably were afraid to say my name there for a year, you know. I didn't realize it until two or three years ago, one of my nieces said, \"Remember when we couldn't even say Auntie Yuki's name?\" and I thought, \"Whoa.\" That was a painful time, but Frank was very cute during that time when I was disowned for a year. I would be very sad, he'd come home, got galoshes one time and got... [laughs] and different... but yeah, so from there, after we got married, he worked on his master's and did his doctorate. And then my dad, he never did apologize for my, for when he disowned me, but he was, told the rest of the family that they just thought that Frank was the best son-in-law he could ever have had, could ever ask for. So he was very proud, yes. So that meant a lot to me, to know that it was all right, that he was okay. "
            ]
        },
        "segment 23": {
            "Segment Desc": "Thoughts on September 11, 2001",
            "Segment Questions": [
                " RP: How were you personally affected by 9/11 and the backlash towards Muslims and Arab Americans in this country? ",
                " GK: Oh, gosh, you know, 9/11 was just so unbelievable, wasn't it? It was like you were watching a movie, and you're watching this all on TV and you see all these people running and everything. I, you know, I didn't think that they would be incarcerating the Muslims or anything, I thought we were beyond that, that they would not make that mistake again. And felt like it would be okay, once they got the terrorists and everything. I think, I just didn't think they'd do that again after, after the Japanese incident. And I have had friends tell me that they were really ashamed to be an American, as they see these programs about the incarceration, in camps for the Japanese on PBS, they said, \"I am just ashamed to be an American,\" when you see those programs. So I thought that was interesting. In fact, they asked if this was gonna be on PBS, and I said, \"I don't think so,\" but anyway... [laughs]. But yeah, so as far as 9/11, as horrifying as it was, I didn't think they would put anybody in camps anymore. ",
                " RP: Do you have a sizeable Muslim, Arab American community in the Denver area? ",
                " RP: Well, Gladys, do you have any other stories or remembrances? You shared so many great stories with us, but any others that you'd like to share in our waning moments? "
            ]
        }
    }
}