{
    "Narrator_Name": "Grayce Uyehara",
    "Bio": "Nisei female. Born July 4, 1919. Raised in Stockton, California. During World War II, removed during senior year at College of the Pacific, Stockton, California. Incarcerated at the Stockton Assembly Center and Rohwer concentration camp, Arkansas. Resettled with family members in Philadelphia. Graduated from the University of Pennsylvania School of Social Work. Active volunteer with the JACL: co-organizer of the Philadelphia chapter, and member of both the National JACL Redress Committee and JACL Legislative Education committee. Volunteer with the JACL Legislative Education Committee from October 1985 to February 1986. From 1986-88 partially compensated for role as executive director of JACL Legislative Education Committee.",
    "Title": "Grayce Uyehara Interview",
    "Interviewer": "Larry Hashima",
    "Location": "University of California, Los Angeles",
    "Date": "September 13, 1997",
    "Densho ID": "denshovh-ugrayce-01",
    "transcript": {
        "segment 1": {
            "Segment Desc": "Life history and reasons for participating in the redress movement",
            "Segment Questions": [
                " LH: This is a Densho interview with Grayce Uyehara. Interviewer is Larry Hashima on Saturday, September 13, 1997 in Los Angeles, California. Thank you very much for agreeing to speak with us, Ms. Uyehara. I want to begin with some background questions. A lot of people got involved in redress because they had personal experiences during the wartime that made them feel compelled to do the redress movement. Was that the case for you? "
            ]
        },
        "segment 2": {
            "Segment Desc": "Having the opportunity to go to college",
            "Segment Questions": [
                " LH: I want to go back because you mentioned that right before the war broke out you were actually ready for graduation from the College of the Pacific. Did you actually get to graduate and receive your diploma from Pacific? ",
                " GU: Well no there are, my brother was also going, but I guess my mother was an unusual Japanese mother, because many of my Nisei friends, as we talk about growing up and about our education, there are some women friends who actually have a residue of anger left in them because of the whole Japanese culture of focusing on the male. And I guess because my mother wanted to become an opera singer herself, and came from the upper class of the Japanese family where women just married properly and that sort of thing, she steered all of her children as much as possible into music. And I guess again that was unusual, because at that particular time in most Japanese families, only males went to college, okay? [Laughs] "
            ]
        },
        "segment 3": {
            "Segment Desc": "Resettling on the East Coast through the student relocation program",
            "Segment Questions": [
                " LH: Okay, well, we're going to skip ahead a little bit. But after you left the camp, did you return to California? "
            ]
        },
        "segment 4": {
            "Segment Desc": "Helping other Japanese Americans resettle in Philadelphia, working with the War Relocation Authority",
            "Segment Questions": [
                " LH: And this was immediately after the war that you started doing this? "
            ]
        },
        "segment 5": {
            "Segment Desc": "Deciding to go into social work",
            "Segment Questions": [
                " LH: Well, given your sort of work with immediately after the war, and all these social welfare programs for the community, how did that eventually sort of dovetail into the redress movement for you? "
            ]
        },
        "segment 6": {
            "Segment Desc": "Organizing the Philadelphia chapter of the Japanese American Citizens League",
            "Segment Questions": [
                " LH: So do you think that the degree at Penn, sort of the work you did at Penn, and the school, the School of Social Work, was that really something that sort of motivated you for the next for the next years of your life? ",
                " LH: And what year was this that you organized? "
            ]
        },
        "segment 7": {
            "Segment Desc": "Gaining support for redress among non-Japanese American organizations",
            "Segment Questions": [
                " LH: So what were some of the important coalitions that you built to support redress on the East Coast? What were some of the other organizations that you wanted to contact and definitely wanted to get their support? "
            ]
        },
        "segment 8": {
            "Segment Desc": "Beginnings of the redress campaign",
            "Segment Questions": [
                " GU: Yes, we were already into redress nationwide, and I was doing that as representing the Philadelphia JACL chapter. But I saw that there were so few of us, and it was only in Philadelphia -- that didn't cover the rest of Pennsylvania -- so you had to find people. You know, go to like the War Relocation Authority and, or among ourselves -- \"Do you know somebody in Pittsburgh?\" You know, \"Where are some of our people living?\" So you try to cover the whole state. Well, you begin to do that in New Jersey and then we had a chapter in New York. This sister who graduated from the University of North Carolina then had gone on to Smith College, so she was practicing in Boston and lived (near) Harvard, which is not too far from there. And another gal who also had been in camp and she was already smart enough to be active politically, so these people began to do their thing and they had workshops in the Asian American community, 'cause Boston's Chinatown is well-established. So those connections all came in to help. And so as the Eastern District Council Coordinator for the five chapters on the East Coast, I was already getting a lot of practice. ",
                " And I... see, the word had gotten around that I had retired from the school district. I could have continued to work but this whole redress effort began to consume me because the Isseis were dying, and I was old enough at the time I left to know that the greatest harm was done to the Issei generation. Because what little they had gained was through such intense, intense pain and suffering, I mean, no other generation went through the same thing. Yes, like we couldn't get the job that we trained for, or people still, you know, say to you, no matter how long you've been in this country, \"When did you come to this country? Oh, you speak English without an accent. Where did you study?\" And finally, I'd begun to say that in all my speeches, that I will forever be a Japanese, all because of this face. So we realized that the educational program was going to be the major program. Because as I said to you, it's working in the school system and these intelligent teachers always wanted me to talk about Japan. And so one time I got so angry I finally had to say, \"You know, I really respect you, and I always thought you were all very outstanding teachers, but I think somewhere in your education you just did not get it right, because,\" I said, \"I am an American just as much as you are. It just so happened my parents came from the other side of the Pacific. And so if you wish for me to speak about the Japanese American experience and about racism in the United States, I will come and speak to the students. But I will not bring my kimono and my rice bowl and chopsticks -- [laughs] -- and do that kind of routine.\" "
            ]
        },
        "segment 9": {
            "Segment Desc": "Role as the East Coast Japanese American Citizens League redress coordinator",
            "Segment Questions": [
                " LH: Well, I want to go back to what you were saying earlier because it was actually something that you touched on, but you really didn't develop, that I'd really like you to go more toward. You mentioned the fact that when the time came to go to Washington, and actually sort of pick up the lobbying effort full-time and doing the fundraising full-time, that someone had to go without salary. Now, I'm not sure what you meant by that, so could you expand on that? ",
                " GU: Oh, without salary? Well, if the goal was to raise $250,000, that was the budget for the year, which would include salary, and you raised $40,000. And the idea is to develop a big network of redress coordinators, like captains and then all these people to work under them, and if you're going to get it started then you'd better be prepared to give them things that they can work with. Because once you ask for commitment, and you don't provide them the tools and the materials to go out and do the lobbying then the thing can fall flat on its face. And I know that at that particular time in 1985, people had just really gotten back on their feet. They had lived many years without things, and then when you begin to let them feel like other Americans, you know, you have brand new cars and begun to buy homes and now maybe you want a bigger house and you're trying to send your kids to the right schools and things like that. Well, you're not feeling too rich yet and so... 'cause success in America unfortunately is based on how much you earn. $40,000, when there was a lot of publicity that the time has come, we must really act together to get redress. Nobody was that excited, so only $40,000 came in. So when the leaders -- and this included a group in Washington, and Mike Masaoka and Min Yasui and I understand Grant Ujifusa was in that group. Because by then he had written his political book. And these guys, again, whether this is a Nisei mentality, my name came up. ",
                " This is what Mike Masaoka wrote just before he died. You know, he says, \"One day I'm going to tell you a story about how it was that you came to Washington.\" And so the guy said, \"Well, Grayce resigned from a job because she is a East Coast coordinator\" -- which is strictly a volunteer job. And the reason why I wanted to coordinate the whole East Coast and not just Virginia, Maryland, Delaware, Pennsylvania, New Jersey, New York, and Massachusetts. There are just as many other states up and down the coast, and I understood politics enough to know that this redress battle was going to be won by the efforts we accomplished in the Midwest and the East, because I knew the makeup of the judiciary committee. If you can't convince a judiciary committee of the House first, then we'd be at it forever. That much I knew. So they said to me -- Min actually, Min Yasui approached me and said, \"You know, we decided that we needed somebody to do this full-time. Will you come on as a volunteer? We'll pay you your, we'll pay you to travel to Washington,\" 'cause I lived in Westtown, Pennsylvania at that time, and so that meant staying at a hotel Monday, Tuesday, Wednesday night, come back Thursday. And they bought me copier, I already had a good typewriter. And then we converted our family room into an office, a redress office. So Friday, Saturday, Sunday I worked out of that office, so it became a seven-day job. So that's the start of the JACL redress campaign, in October of 1995. "
            ]
        },
        "segment 10": {
            "Segment Desc": "Raising money for the redress movement",
            "Segment Questions": [
                " And I guess eventually with various groups, other groups also beginning to really get excited that it looks like things are going to happen, more and more groups came into it. And, of course, Bill Hohri made the choice of doing it through the courts, and that's our American system, isn't it? That all of us have the right to make choices, and so people could align with any group that they want and follow through with how they wanted to fight for redress. But within JACL we had a strategy that was worked out by Grant Ujifusa, because he is the guru. But then, there also, fortunately for us, were the four Nikkei members of Congress. And theirs is a daily experience right there on the hill, and they talk with other members of Congress each day. So I always felt most comfortable with the advice that the four members gave. Because they'll say, \"Well, so and so is coming on, can't you find somebody to really give it a push?\" ",
                " I'll give you one example of a push. The state of West Virginia, can you imagine the state of West Virginia? I guess none of us would go there, right? Now there's coal miners and whatever else, so Harley Staggers is on the judiciary subcommittee, and he's a nice guy, his father was a former congressman if I remember correctly, and he's a graduate of Harvard, a very well-educated member. And one major problem -- his legislative aide said they haven't received one call, not one letter from anybody about HR442. Now, the Congressman really believes the cause is right but the way things work in Washington, you're going to hear from your constituents if you act on a certain bill. Well, the Congressman felt that if he heard from some of his constituents, he could say, \"I heard from my constituents that I should support the Japanese American Redress bill.\" So then that meant... and this was repeated over and over, that's part of the whole strategy. I call Tom Kometani of New Jersey, who is very active in his Methodist church (where) he spoke of (redress), I also told him Harley Staggers is a Methodist. You have to, you have to get the information about a congressman that will be useful for your coordinator to do some follow-up. So he went to his bishop for this Northern New Jersey area, and being a bishop, it meant that he gets to all the national meetings and things so he would know more people. Bishop said, \"Oh, yes I know the minister, the bishop of that area and also the minister. And so through that contact, that network, letters came to Harley Staggers' office. Another, a judge who went to Harvard also. And then I spoke at the University of Pittsburgh, and fortunately this teacher asked me to send him articles or information about redress, because he wanted to follow some and put it into his curriculum on U.S. History. So I was told, \"Just get half a dozen letters,\" 'cause I thought I had, you had to send a whole lot, but no, he can say he heard from his constituents. And I understand at least that a dozen letters came in, okay? So that's an example. "
            ]
        },
        "segment 11": {
            "Segment Desc": "Methods used to gain redress: legislation, education, judicial",
            "Segment Questions": [
                " GU: So you fellas also pick up a lot? "
            ]
        },
        "segment 12": {
            "Segment Desc": "Thoughts on current issues in the U.S.",
            "Segment Questions": [
                " LH: Well, what are some of, that unfinished business that you think needs to be taken care of? "
            ]
        }
    }
}