{
    "Narrator_Name": "Harold Hal Champeness",
    "Bio": "White male. Born in 1923. Grew up on Bainbridge Island, Washington. Joined the navy during World War II and eventually returned to Bainbridge.",
    "Title": "Harold \"Hal\" Champeness Interview",
    "Interviewer": "Hisa Matsudaira",
    "Location": "Bainbridge Island, Washington",
    "Date": "June 15, 2008",
    "Densho ID": "denshovh-charold-01",
    "transcript": {
        "segment 1": {
            "Segment Desc": "Attending school on Bainbridge Island",
            "Segment Questions": [
                " HM: How did you get there, from Seabold all the way to Lincoln? "
            ]
        },
        "segment 2": {
            "Segment Desc": "Hearing about the bombing of Pearl Harbor",
            "Segment Questions": [
                " HC: And then December 7th, we were visiting friends in West Seattle, and my first reaction is, what's gonna happen to me? Are they gonna put me in the army and shoot me or something? I think many of us were pretty self-centered, and as a result, didn't, didn't do what we could've done to help the Japanese. But what could we do, you know? The word had come down from on high. But the night before the evacuation, my mother took my sister and me up to say goodbye to the Kouras, a lovely family. I picked strawberries for Art, and he always tells everybody I was the slowest picker they ever had. But they were the two nice girls, Sumiko and, good lord... ",
                " HM: Sachiko? ",
                " HC: Huh? Who? ",
                " HM: Sachi? ",
                " HM: Yes. Well, during this time, what were your parents, what was your father's occupation? ",
                " HM: While your dad was out fishing, did you also have a part time job or, some kids would work on the farm to help their, their family, did you have another job to help? ",
                " HC: Well, I picked strawberries and then I chopped wood, chopped a lot of wood. And I also chopped a finger, so, but there I must admit to some laziness, and I discovered jazz music, or big band jazz, and that was the beginning of the end. It still is going on. So my mother was pretty soft on us. Both my mother and father were more interested in serious music, the classics and all that, but I never took to that. What, what is another question you might have? ",
                " HM: Pardon? ",
                " HC: What is another question you might have? ",
                " HM: Do you remember anything about the FBI coming to the island and rounding up some of the Isseis? ",
                " HM: Were you aware of anything like that going on? ",
                " HM: Did you keep up a correspondence with anyone while they were in, were detained? "
            ]
        },
        "segment 3": {
            "Segment Desc": "Serving in the navy during World War II",
            "Segment Questions": [
                " HM: So you were pretty busy yourself during the war, in the navy, then. Where were you stationed? "
            ]
        },
        "segment 4": {
            "Segment Desc": "Returning home and reuniting with Japanese American friends",
            "Segment Questions": [
                " HM: What instrument did you play? I'm curious. "
            ]
        },
        "segment 5": {
            "Segment Desc": "The atmosphere on Bainbridge Island during the war",
            "Segment Questions": [
                " HM: Do you remember what the, the climate was during the war on the island, or were you away at that time? ",
                " HC: During the evacuation? ",
                " HM: What was the climate like on the island in the general, general population, and did the Woodwards make a difference or have an influence on how people thought? ",
                " HC: Oh yeah. Definite, definite... we would get, he would print stories about the nudist. What was his name? ",
                " HM: Skyler? "
            ]
        },
        "segment 6": {
            "Segment Desc": "Staying in touch with high school classmates",
            "Segment Questions": [
                " HM: How often are your class reunions, and who comes? ",
                " HC: Well, I don't mean to sound facetious, but we have a reunion every week of people on the island. Now there are about four people in Seattle area that can't make it over for, and there's one in Bellingham and one in British Columbia, guy named Bill Beaton, but Earl Hanson, Sylvan Munch, Jim Johansson, and occasionally Carmen, Carmen Berry -- she was a Rereicich -- we get together every Thursday for a cup of coffee over at Central Market. Jerry used to be in on that, too. But it's a good, good group of people. Sylvan at this time is up in Bellingham. He missed lunch yesterday, but that's, he's up there for the graduation from high school of his first great granddaughter. God, that, isn't that, he's our age, you know? To have a great granddaughter, it's unbelievable. I was talkin' about Reeves and Jerry. Reeves Moran, he was wounded in the Battle of the Bulge. I think a piece of shrapnel hit him in the butt or something. But there was something between he and Gerald that was something nice to see, and Reeves lived up on Orcas for many of those years. He had also worked as an accountant at Medical Lake and up at Western, Western State? In Burlington or somewhere up there. ",
                " HM: Monroe? "
            ]
        },
        "segment 7": {
            "Segment Desc": "Reflections",
            "Segment Questions": [
                " HM: You're doing a wonderful job for someone who says he couldn't remember. [Laughs] How do you feel about the memorial that is happening now? What would you like to -- ",
                " HM: What would you like others to know about this period in history and how it has affected you, Bainbridge, and your Japanese American friends? ",
                " HC: I think I schooled my son pretty well, and my wives, so that they understood our friendships. I think it's probably advanced to the point where I feel like it, it'll be a must see place on Bainbridge Island for friends who come over. I'm not gonna ride over there today, but in the next week or two maybe I can get over there. Three weeks. I play at a jazz festival in two weeks, and that takes Friday, Saturday, and Sunday. Yeah. Paul Ohtaki, I mean Peter Ohtaki, he had quite a sense of humor, and I suppose ten or fifteen years ago my third wife went to work for him. She was in the travel business. She was blonde and cute and Peter liked cute blonde ladies. [Laughs] And she wanted to be, get in on his best side, so she asked him, \"Are you from Tokyo, Mr. Ohtaki?\" He says, \"No, I'm from Ireland.\" \"Ireland? With a name like Ohtaki?\" He says, \"Yeah, Bainbridge Ireland.\" [Laughs] I had run across him several times after war, one time in Anchorage. At the time he was selling freight for Northwest Airlines. Had him to dinner, it was a good meeting. Reeves Moran was also very friendly and visited, was it Sakuma, that had the farms up in Mount Vernon? ",
                " HC: Yeah, Reeves would visit with them quite often. Reeves's widow lives on the far end of, what's the name of the road that goes north out of Rolling Bay? ",
                " HM: Is that Madison you're talking about? ",
                " HM: Up north, oh, Sunrise Drive? ",
                " Off camera: Did you tell anybody at the time that you had friends who were Japanese American? ",
                " Off camera: Is there anything else you want to say? "
            ]
        }
    }
}