{
    "Narrator_Name": "Harriet Sato Masunaga",
    "Bio": "Nisei female. Born November 25, 1930, in Honolulu, Hawaii. Grew up in the Aala neighborhood of Honolulu before the war, where parents operated a hat cleaning business. Directly after the bombing of Pearl Harbor, father was arrested by the FBI and interned in several camps.",
    "Title": "Harriet Sato Masunaga Interview",
    "Interviewer": "Brian Niiya",
    "Location": "Honolulu, Hawaii",
    "Date": "February 6, 2012",
    "Densho ID": "denshovh-mharriet-01",
    "transcript": {
        "segment 1": {
            "Segment Desc": "Father's family background",
            "Segment Questions": [
                "BN: These were Western-style?",
                "BN: That were made in Japan?",
                "BN: Then to go back a little bit, first of all, what was your father's name?",
                "BN: Did he ever talk about why he wanted to come to Hawaii?",
                "BN: Do you know what the family, his family in Japan did?",
                "BN: Do you know when, what year he was born?"
            ]
        },
        "segment 2": {
            "Segment Desc": "Parents' prewar business in Hawaii",
            "Segment Questions": [
                "BN: What do you know about your mother's family in Japan? What was her family name, first of all?",
                "BN: And you mentioned, by that time, he already had the hat store?",
                "BN: Where was that?",
                "BN: But it's more downtown area?",
                "BN: And then the last two?",
                "HM: Aala? Yes.",
                "BN: That was it, right, the five?",
                "BN: And then the family lived above?"
            ]
        },
        "segment 3": {
            "Segment Desc": "Memories of growing up in the town of Aala",
            "Segment Questions": [
                "BN: What are some of the first things you remember growing up in Aala? What are your first memories of...",
                "BN: Was your sense that the business was doing fairly well even though it was the Depression?",
                "BN: And can you tell us some of your memories of, highlights of the area, other businesses? Can you visualize...",
                "BN: So with all of these, were they similar to yours in the sense that the family lived above or in the back or whatever?",
                "BN: And pretty much, they're all similar Japanese immigrant businesses with these Nisei kids, they're all kind of the same age?",
                "BN: So that was kind of your playmates?",
                "HM: Oh, the Chinese store? Yes."
            ]
        },
        "segment 4": {
            "Segment Desc": "Attending school",
            "Segment Questions": [
                "BN: Now, where did you end up going to school when you first started?",
                "BN: Was it largely Japanese at that time?",
                "HM: The St. Andrews? Not necessarily. It was a mixture (of races).",
                "BN: Was your family religious at all?",
                "BN: How big a difference is there?",
                "HM: My sister and I? About seven years. And Larry was in between us.",
                "BN: So did you play a lot with your siblings? Probably not.",
                "BN: Do you think that's kind of what was happening?"
            ]
        },
        "segment 5": {
            "Segment Desc": "Going to Japanese language school",
            "Segment Questions": [
                "BN: Now at the same time, most Nisei, they're also going to Japanese language school. Is that the case with your family?",
                "BN: And you went to the one, you went after school each day?",
                "BN: Was the Sunday school a religious thing?",
                "BN: Was it just kids?",
                "BN: Did you go to, I mean, all the time you were going to the Japanese school, you're also going to the Sunday school as well?",
                "HM: You mean like a church? At church or something?",
                "BN: It was all taught in Japanese?",
                "BN: And then with regard to your father, I mean, I think what I wanted to ask you was, because he was doing all of this stuff, was he around a lot or did you not see much of him?",
                "BN: So did you go to your father because he was the easy mark?",
                "BN: What kind of person was he? Was he outgoing, gregarious, more quiet type of personality?",
                "BN: Did you have to work at the store?",
                "BN: And then so what... you were like up late or something?"
            ]
        },
        "segment 6": {
            "Segment Desc": "Father is taken away on the day that Pearl Harbor is bombed",
            "Segment Questions": [
                "BN: What are your memories, actually, of December 7th?",
                "BN: At the time of December 7th, were you living somewhere else now 'cause you weren't at the store?",
                "BN: And then they took him?",
                "BN: Did you know where he was? I mean, were you completely in the dark?",
                "BN: Because they were in Japanese?",
                "BN: Were you able to write to him?",
                "BN: ...the planes?",
                "BN: So this is the school, this is the school you went to? ",
                "BN: Was the school destroyed or damaged, badly damaged?"
            ]
        },
        "segment 7": {
            "Segment Desc": "Helping mother during the war with father gone",
            "Segment Questions": [
                "BN: You had local suppliers, then?"
            ]
        },
        "segment 8": {
            "Segment Desc": "Coping with restrictions in Hawaii during the war",
            "Segment Questions": [
                "HM: Uh-huh. I don't know whether it had impact on the business, but I do recall \"speak English\" were signs all over the place. And I guess... and then, of course, I went to a school that had all Caucasians, haoles. So I felt, \"Gee, are they looking at me as if I'm an enemy?\" After all, maybe to them I might be a \"Jap.\" So I felt a little of that, but I don't know, somehow it was okay, I guess.",
                "BN: Earlier you mentioned also the gas masks?",
                "BN: So even while you're in school you're constantly wearing them?",
                "BN: What about the blackouts? Were there curfews also?",
                "BN: Were you, were there limitations on going out at night?",
                "BN: This was for everybody, not just Japanese?",
                "BN: So how did you get around then?",
                "BN: You mentioned also air raids. Were these drills?",
                "BN: What did you have to do?"
            ]
        },
        "segment 9": {
            "Segment Desc": "Attending high school at Punahou during the war",
            "Segment Questions": [
                "BN: When you say \"a lot,\" how many are we talking about?",
                "BN: How did the other students accept you being Japanese, but also right after the war?",
                "HM: The war? You know, I... I'm not sure. No one called me \"Jap,\" but it's my own feeling. I'm just not sure, \"Are they looking at me like a 'Jap'?\" I was not, I was sort of shy anyway, so I guess maybe it was my own thinking. Maybe they think of me as an enemy or something. So I was not really close to any haole friends, but today it doesn't seem to matter. When we have reunions, they're all very friendly. But I don't remember being invited to any birthday parties at their homes. [Laughs] Not like my children when they were going to Punahou, they were invited by haoles. So I think, for that reason, I think we (Orientals) felt a kinship and very close to each other.",
                "BN: In terms of what you were studying, today, expectation is everybody goes to college. Was it also that way and if so, what were you kind of preparing for?",
                "HM: Association? Oh.",
                "BN: Did you feel any sort of tension from other Japanese families?",
                "HM: Were told not to play with me? No, I don't think so. I had the same friends... well, I was at Punahou already, and then we were close to each other because I think, because we were Japanese, I think we just felt... and then we knew, my parents knew their parents, so it worked out. We always were good friends."
            ]
        },
        "segment 10": {
            "Segment Desc": "Description of close childhood friend",
            "Segment Questions": [
                "BN: So you must, you wouldn't have ever visited him?",
                "BN: You were probably too young, but a lot of the families opted to join the father on the mainland. Was that ever discussed that you know of?",
                "BN: Which family was this?",
                "BN: What was her name?",
                "HM: Huh? You're kidding.",
                "HM: Oh, she passed away? That's too bad."
            ]
        },
        "segment 11": {
            "Segment Desc": "Father's eventual return to Hawaii",
            "Segment Questions": [
                "BN: Your sister was there also?",
                "BN: And then did they all come back?",
                "BN: Then when your father came back, was he still involved with the store at all?",
                "BN: Did he talk at all about his experience in the camp?",
                "BN: What did you study at Skidmore?"
            ]
        },
        "segment 12": {
            "Segment Desc": "Thoughts on the redress movement",
            "Segment Questions": [
                "BN: Now in the 1970s and 1980s there was this whole movement for redress and so forth. I guess, was your father alive at that time?",
                "BN: What year did he pass away?",
                "BN: Were you aware of the redress movement and what was your feeling about that?",
                "BN: I know you and your husband have been benefactors, supporters of a lot of cultural, historical organizations in Hawaii. Why do you feel that that's important, the culture and the history being preserved and passed on?"
            ]
        },
        "segment 13": {
            "Segment Desc": "Reflections",
            "Segment Questions": [
                "BN: Did he send it back or did he just bring it back when he returned?",
                "HM: I don't think he did, he ever came back after that. So he's still in California, right?",
                "HM: So now, wait. This is your mother's friend?",
                "HM: Oh, they were neighbors?",
                "HM: Went back to Japan? Oh."
            ]
        }
    }
}