{
    "Narrator_Name": "Henry Sakamoto",
    "Bio": "Nisei male. Born January 27, 1927, in Portland, Oregon. Grew up in Portland where parents ran a hotel business. During World War II, removed to the Portland Assembly Center, Oregon, and the Minidoka concentration camp, Idaho. After leaving camp, attended college in Cleveland, Ohio, before eventually returning to Portland.",
    "Title": "Henry Sakamoto Interview",
    "Interviewer": "Jane Comerford",
    "Location": "",
    "Date": "October 18, 2004",
    "Densho ID": "denshovh-shenry_2-01",
    "transcript": {
        "segment 1": {
            "Segment Desc": "Growing up in Portland",
            "Segment Questions": [
                "HS: Let's begin at the beginning?"
            ]
        },
        "segment 2": {
            "Segment Desc": "Attending an ethnically diverse elementary school",
            "Segment Questions": [
                "JC: I want to ask a couple of questions, kind of somewhat going back. Did the Japanese American kids who were south of Burnside have contact with the Japanese American kids that were north of Burnside? That's one question. And the other was sort of what was the racial ethnic makeup of both Shattuck and Lincoln in those days?"
            ]
        },
        "segment 3": {
            "Segment Desc": "In high school when Japan bombed Pearl Harbor",
            "Segment Questions": [
                "JC: What's it like?"
            ]
        },
        "segment 4": {
            "Segment Desc": "FBI search of home and first arriving at Portland Assembly Center, Oregon",
            "Segment Questions": []
        },
        "segment 5": {
            "Segment Desc": "Adjusting to lack of privacy in camp",
            "Segment Questions": []
        },
        "segment 6": {
            "Segment Desc": "Preparing for mass removal: finding someone to take care of the hotel",
            "Segment Questions": [
                "JC: I want to backtrack for a minute. When you were all taken to the assembly center, what happened to your father's business? What happened to Mr. Oyama's printing press? You're one day just disappearing to a place. What happened to all your family's belongings, everything?",
                "JC: Did your father sell his business, and if so, who did he sell it to?"
            ]
        },
        "segment 7": {
            "Segment Desc": "",
            "Segment Questions": []
        },
        "segment 8": {
            "Segment Desc": "Family has several small businesses at the time of mass removal",
            "Segment Questions": [
                "HS: So I think it was along about in August of that year, rumors were that we were going to go to Minidoka, Idaho, and then it was, became a fact that we knew we were going to go to Minidoka, Idaho, and whoever heard of Minidoka, Idaho, before that time, didn't know where we were going to go. And well, demonstrates another facet of the internment for the Issei who had, if they came to the United States in the early 1900s, they had been here by 1942, thirty, forty years, a lifetime for a lot of people, and all of a sudden because of the Executive Order 9066 and the exclusion orders, there is no tomorrow. When, before the exclusion order, we didn't know what was going to happen. Then the exclusion order, we're going to go to the assembly center, and then you're in the assembly center, what's tomorrow? There's no tomorrow. Then we find out we're going to go to Minidoka. So then you're in Minidoka in the fall of 1942 and there's no tomorrow again, there's no future. On reflection, that would have been very, very difficult for the Issei to tolerate that after one lifetime of hard work. Running the hotel for example, some hotels were large, maybe fifty rooms or maybe a hundred rooms. If you have that many rooms, you can hire people to do those kinds of things. Our first hotel, the Vaughn Hotel, 1015 Southwest First Avenue, not our first hotel. First hotel was where I was, where we were when we were on born on First and, Southwest First and Market Street, and the Vaughn Hotel was the second hotel and my parents took over that one because the Gokamis, the Gokami family went back to Japan, and so that became an available property, hotel to run, and I think it had twenty rooms, not much more than that anyway, two levels."
            ]
        },
        "segment 9": {
            "Segment Desc": "Transferring to Minidoka concentration camp, Idaho",
            "Segment Questions": [
                "HS: Well, the, I don't know if I could describe the anticipation. It's not a real anticipation. It's another drudgery, whatever. You have to go somewhere else that you don't know anything about. The other fact of the assembly center is that the internment went through two phases. First, it was the internment at the assembly centers, and they had to have the assembly centers because the ten permanent camps had not been constructed yet, so the Western Defense Command devised this method of getting the Japanese off of the West Coast. First, we'll put them in these assembly centers, and there were sixteen on the West Coast. Was there sixteen? Yeah, I think so, most of them in California except for Portland and the one up near Seattle, Puyallup, because the Japanese population of persons of Japanese ancestry was seventy, seventy-five percent in California, so they pay close attention to the, how to house all those people. So then anyway, they were constructing these permanent internment camps, ten of them. And typically, in Minidoka, they had to clear sagebrush, acres and acres of sagebrush, and so therefore, they cleared all that land, and so they left three to four to five inches of dust and built Minidoka on that kind of an area. So when we got there in September, it was, every time a breeze would blow, there'd be a terrific dust storm. The barracks in which we lived were not of very real solid construction, so the dust would leak in through doorways and windows that were not tight, so there was dust over everything in our living quarters. And if you got caught out there when the wind blew, walk through the dust storm, you'd age in fifteen minutes. Your hair would turn white like the dust. But anyway, it was an uncomfortable living situation.",
                "Then each living unit or block had a manager. He would see to it that administration was informed of whatever the needs were or means of communication from the total administration to the internees. We fondly called him the \"blockhead,\" but he was one of the leaders of the community in pre-World War II in Portland anyway. But in our family situation, we kind of lucked out because we were in Block 32. I think totally within the Minidoka internment camp, there were forty-one or forty-two blocks. We were in Block 32. Half of our block was devoted to or committed to grade school, so half the block was a classroom situation for grade school kids. So we had a half a block population, and it was an advantage when it came to lining up for different things like lining up for meals or utilizing the laundry room. So population being half of a regular block, we got a break so that was good. And before you create an informal social organization within the block, get together for whatever, form a committee, should we throw a dance this weekend? Different blocks sponsored dances on Saturdays. If you wanted to do that, then create a committee and get to work and send the word out: \"we're having a dance, come enjoy.\" But part of that was we would have the dance in the mess hall, and this mess hall, these mess halls also we had like picnic tables, so all those picnic tables would have to be moved and stacked if you want to have a social event, but we did."
            ]
        },
        "segment 10": {
            "Segment Desc": "Remembering Christmas in camp",
            "Segment Questions": []
        },
        "segment 11": {
            "Segment Desc": "Working in camp",
            "Segment Questions": [
                "JC: Did you have any idea what was going on in terms of the war?"
            ]
        },
        "segment 12": {
            "Segment Desc": "Introduction of short- and long-term leaves in camp",
            "Segment Questions": [
                "Then other than that, the longer term leaves I guess, if you had a medical reason or whatever, you could get leave for that or someone in your family was ill. Then the longer term leaves were likely to resettle in another city where you could find a job or resettle away from camp to go to college, and that was another category of leave that I took advantage of after I graduated from high school. I left camp to go to Cleveland, Ohio, for the summer of 1944 and then later on in the fall to attend Ohio Wesleyan University. But these categories of leave, they needed to screen all the applicants for leave. And in 1943, they devised a questionnaire which would assist, I guess, the authorities in screening people. However, this led to large conflict because two questions in the questionnaire, questions 27 and 28, were regarded as loaded questions and created a lot of, oh, discussion and arguments within the camp and within the families within the camp, and I'm trying to recall, I don't know the exact wordage. Question 27 said in so many words, would you be willing to serve in the armed forces of the United States to wherever they sent you and, defend the country against all enemies and that kind of thing. And so the argument on that particular question among a lot of the internees was, \"Why the hell should I serve my country when they took away my constitutional rights and put me behind barbed wire? My government did that to me and they want me to fight for them? How can they ask me to do that?\" But, there were others that thought, \"Well, it's a chance to prove my loyalty again and go out and fight for my country,\" yes and no.",
                "Question number 28 dealt a little bit more with allegiance to the country, and it was a loaded question particularly for the Issei. The question said in so many words, would you foreswear allegiance to the Emperor of Japan and swear your allegiance to the United States and, forsaking da, da, da. Well, it's a loaded question particularly for the Issei because by law, they could not become naturalized citizens of the United States, and technically they were still citizens of Japan. So if they foreswore allegiance to the Emperor of Japan, they would be people without a country, so how can the government, the United States government ask the Issei to do that, be people without a country? By law, the United States government won't let you become a citizen of Japan, I mean a citizen of the United States. So that was a tremendously loaded question. But you know, some people answered yes to show their loyalty to the United States. But this created a situation, particularly those who protested the incarceration and denial of civil liberties by responding to the questionnaire \"no-no,\" questions 27, 28. So then that created the \"no-no\" situation, and it was a, there were deep divisions like I said within families and between friends in the manner of answering that questionnaire. And to this day, there still are divisions that are there. In either case, whether you answer \"yes-yes\" or \"no-no\" took a lot of courage."
            ]
        },
        "segment 13": {
            "Segment Desc": "Adapting to living conditions in camp",
            "Segment Questions": []
        },
        "segment 14": {
            "Segment Desc": "Leaving camp for Cleveland, Ohio",
            "Segment Questions": [
                "JC: So when did you leave the internment camp?",
                "HS: Well, after I finished high school which was 1944, June of 1944, there's another tale to tell of my old high, old Lincoln High School for pre-college. You need to have foreign language, so I decided to take Spanish. I figured Spanish is easier than Latin or sounded easier than French. So my teacher was Mrs. Setum and I went through freshman and sophomore Spanish classes. But when we left Portland, that was April, the quarter wasn't completed, but Mrs. Setum gave me full credit for that quarter. So one day the principal at the high school in Minidoka that we called the Hunt High School because Hunt was the post office address for the camp, not Minidoka, called me in and said, \"You know, Mrs. Setum from Lincoln High School sent you credit for that quarter of Spanish that you were unable to complete, but then that makes you eligible to graduate. So if you want to graduate this year, you can.\" So I said, \"whoop-dee-doo.\" So I graduated ahead of the class of '45 that I would have normally graduated with. So anyway, thank you to Mrs. Setum for that. And that, I left camp to go to Ohio Wesleyan University, but Ohio Wesleyan University, they're on a semester basis. I think they started I can't recall, October, and so I decided to go to Cleveland, Ohio, to work for the summer and make some money to go to college, make more money than I did on the sugar beets, hopefully. But one of the big reasons I went to Ohio Wesleyan University is that even before I graduated from high school in the internment camp in Minidoka, one of my good friends, Minor Azuma, who lived in Block 32, kept talking to me about, What are you going to do when you finish high school? You need to go to college.\" You should do, he's like a big brother to me, and he kept talking to my parents. He said, \"Shig needs to go to college,\" you know. But how am I going to go to college, don't have the resources, don't have the funding over there. So, no big worry. We'll work on getting a scholarship. Once you get there, you can work. So money shouldn't be all that much of a problem. You just have to decide to go to college. And so he was a big impact. He was on my first, our first sugar beet crew as well. And so he... and he had gone to Ohio Wesleyan University. He's a graduate of the University of Portland before internment and then he went on to Ohio Wesleyan, and I can't recall how long he was there, but he found his way there through Cleveland, Ohio, as well as going to Ohio Wesleyan which is in Delaware, Ohio, which is just north of Columbus, Ohio.",
                "But the curious thing, one curious thing, experience in Cleveland, Ohio, other people I've talked to find this very interesting that here I come from an internment camp where the army put me behind barbed wire under military guard and I went to work in a war plant in Cleveland, Ohio. This war plant had, curious product that they had is covers for portholes on navy ships, and you cut out these portholes from big slabs of steel and you have acetylene torches set up on a, follows a basic pattern, and once you light the acetylene torches and set the right temperatures, it's pretty automatic from there. But when the torches cut the portholes, and portholes drop on the floor, and then they're sent to some other destination to be finished, polished and finished. But in order to get them out of the, get those porthole covers out of the factory, somebody has to load them onto this thing that, and the crane picks it up and takes it away. Well, guess who did that work? And then these porthole covers, I don't know, thirty pounds, forty pounds, and put them in this steel thing, and you motion for the conveyor operator to come pick it up, and you hook up the bin with the lift and takes it away. So I loaded it up, hooked it up, told the guy to take it away. I guess I did an inexpert job because the thing slipped, fell right in front of me.",
                "HS: Well, at this war plant in Cleveland, also there was, oh, maybe half a dozen other Nisei working there. And I was on the what graveyard shift I guess, went to work about 5 o'clock and got out of there about 6 o'clock in the morning, 5 o'clock in the afternoon to 6 o'clock in the morning, so my day is kind of like topsy-turvy and, but still since it was 6 o'clock in the morning, when I went home, I would eat breakfast. Then before I go to work, I'd eat dinner. But I don't know, stomach didn't complain too much. But also in this war plant, cutting steel, sometimes, there's some sheets of steel that had to be tempered, temperature had to be brought up or warmed up or something like that, and these huge ovens. So one day, the foreman who was a Nisei says, \"Hey, I want you to help me do this thing,\" and said, I'm going to put, turn the gas on for this oven, and when I tell you when, you light this newspaper up and throw it in. So I said, \"okay, it's easy.\" So he turns on the gas, and then he says, \"Okay,\" so I light up this thing and throw it in, and whoosh, there's too much gas in there. Fortunately, I was wearing a cap, but the thing hit me and singed my eyebrows, and I wasn't wearing glasses, but it singed my eyelashes together. And after that happened, he, immediately, the foreman comes up and says, \"You okay?\" I says, \"I don't know. I can't see, I can't open my eyes,\" but took me into the office and sprayed my face with tannic acid which is good for relieving burns. The burn itself wasn't all that bad. It was a flash, but it was hot enough to singe my hair. But tannic acid turned my face purple. I guess I was a sight there for a while. But these days, I guess I could sue the company. But it was one of the hazards of working in the war plant. Later on at that plant, they let me be the conveyor operator. So if I wanted to drop something, I'd be the one I could drop it on somebody else. [Laughs] But it was a good experience."
            ]
        },
        "segment 15": {
            "Segment Desc": "Attending college",
            "Segment Questions": [
                "And continuing my education at Ohio Wesleyan University. When I first went there, being out of the internment camp and the environment at the school of 1,500, 1,500 enrollment, really small college and generally small classes, and you know, if you're there a year, you know just about everybody on campus. But most of the other students, I mean if they weren't from internment camp, they were from the eastern seaboard and other populous areas, Ohio. Being in Ohio, you get a lot of students from Ohio. I discovered right away that my education was really lacking. I really wasn't prepared for the college level stuff. I could read and write and knew my A, B, C's, but that's one of the things about going to high school in the internment camp. The teachers were dedicated and they were, or else they wouldn't be there. Why subject themselves to life in an internment camp to teach internees? The teachers there had to live under circumstances that were very restricted as well, live behind barbed wire and whatever. If you were able to teach on the outside, why, so therefore, they were very, our teachers were very dedicated, very conscientious, but we just didn't have the equipment, the books, the supplies, and the caliber I would, maybe the caliber of teaching or the level of teaching, not necessarily the caliber. And well, the chemistry lab was, when they built Minidoka, they didn't even think of a school building, so they took over one of the blocks that was meant for living, residential living, and converted that into the schoolrooms, and the laundry room was our chem lab, chemistry, where they taught us chemistry because we had running water there. But anyway, I don't fault the teachers because they were a dedicated group. But I have to fault myself as well though, put blame where it belongs. I was not a real good student. I was interested in extracurricular activities. For whatever reason, I was president of the sophomore class at Hunt High School. I was vice president of the junior class. But since I graduated early, I wasn't an officer for the senior class. But anyway, being responsible officer in the high school, you have to do a lot of other detailed things that frequently take you out of the classroom. So one scholarship I applied for, they get to transfer it from Hunt High School and they rejected my applications, said I lack seriousness of purpose because you spent more time out of class than in class. So you know, the troubles I had in freshman year at Ohio Wesleyan, I have to lay on my own shoulders too."
            ]
        },
        "segment 16": {
            "Segment Desc": "Being drafted into the army",
            "Segment Questions": [
                "One morning, sergeant asked if anybody knew how to type. Nobody raised their hand, so I raised my hand. I knew what a typewriter is. So not that I was really lying, but I was seizing an opportunity, yes, so they sent me to the personnel section for my boss, it was a clerk. She was very tolerant, and she told me to type out these personnel cards, so I did that for I don't know how long. But anyway, there was a Nisei fellow in the personnel section, and I chatted with him. And I said, \"You know, I'm one of the last draftees, and the reason I got this assignment because I'm in the casual company, and they don't know what to do with me,\" you know, various aimless job assignments. So I says, \"If you ever have an opportunity, have the chance, although I'm a last of the draftees and so I'll be one of the last to be demobilized, if you get a chance, put my name in a little ahead. I would appreciate it.\" I never knew, I never knew for sure if he was able to do that. But after one year of service, I got out. I was, got my discharge. It was one year of service. But having spent that one year in service, I was with the army, I was able to take advantage of the State of Oregon's GI Bill, and also the Federal GI Bill, so I went back to school. To continue my education, I went, signed up at the Vanport Extension Center which was in Delta Park which is a forerunner of Portland State University, so I've been involved with Portland State University a lot, but they don't really know that, you know. So anyway, Vanport Extension Center was at spring, and in the spring of '48, we had the Vanport flood, so Vanport Extension got flooded out. We didn't have to take final exams, but we got credit. So that fall, I went to enroll at the University of Oregon, the fall of '48, and those were the Norm Van Brocklin years, great football team, so it was good, 1948. But, at the University of Oregon, worked in the French dorm cafeteria, working my way through school, getting a free meal, being a busboy which is good, and so that was helpful. But anyway, I graduated University of Oregon, degree in business in 19, I think it was 1951, and the University of Oregon experience was, here again, it's socially speaking, it was good. Educationally, it was conflicted. I was not a real good student. I struggled, but I passed the courses to get a degree, had good friends going there at the same time, Albert Oyama, his current wife Mas. Who else was going there? Nobi Sumida, Albert Naito. He was the youngest of the Naitos or the Naitos. Fred Irinaga was going there, Bob Nishino, George Takeoka, a lot of the old timers. So socially, we had a good time as well."
            ]
        },
        "segment 17": {
            "Segment Desc": "Career with the Department of Agriculture",
            "Segment Questions": [
                "Well, taking the two jobs together, thirty-two years with the USDA and three years with the Oregon Wheat Commission, that's thirty-five years of experience in the grain and wheat business. Well, somebody suggested, why don't you become a consultant? So I thought, well, why not, you know. So I opened up a consultancy, called myself the AGRA Advisory Service and started looking around for a place to hang my hat to have an office, finally found a spot with the Portland Merchant's Exchange, a desk and phone service and that kind of things. But before I even bought a desk for myself, I had two contracts, so that was a good beginning. And then I thought, at the outset, I thought, well, maybe I'd do this consulting thing for a couple years and help build up my Social Security reserves because the job with the U.S. Department of Agriculture at that time, you didn't contribute to the Social Security, seven and a half percent of the gross went totally to the Civil Service Retirement System. So other than working in war plants in Cleveland and Detroit and other small odd jobs, I had very little in terms of the Social Security thing. So with this self-employment tactic and you do as a self-employed, you pay a generous portion to, a generous tax to the Social Security system, so I built that up a little bit. It gives me a cup of coffee. But I did, I thought I'd do that consultancy thing for a couple of years, but I ended up doing it for seven years. So what I finally decided to, quit my consultancy business, I had a total of forty-two years in the wheat business. But I finally retired fully in June of 1996. Two of my best contracts were optioned to end at that time, so I thought it would be a good time to end it and do other things."
            ]
        },
        "segment 18": {
            "Segment Desc": "Getting married and raising a family",
            "Segment Questions": [
                "HS: That's true. I have a personal life. Sometimes it conflicted with my family life, but I have a great family. I had a first wife. We got, and that association provided my three children. My oldest son Scott born on Columbus Day in 1953, October 12th, and he wanted a steak for his birthday on the real Columbus Day in Columbus Day storm in 19, which was in 1962. On that birthday celebration, he wanted steak, a steak dinner, and that's feasible. So, but on the way home from the office, I began to wonder whether we'd be able to do that because this Columbus Day storm had started and the wind was blowing and the atmosphere was this creepy color, but, and things were flying all over the place. But I got home unscathed and proceeded, wife proceeded to fix the steak dinner for Scott, and that part was fine, and she finished cooking and the power went out, but Scott had his cooked steak. My second son Blake, born August 22, 1961. He's a musician, and he does other things really involved with helping other musicians and involved with Portland Taiko, so he's pretty much of a night person like other musicians I know. Then our third child, daughter Nancy born July 1, 1963. And incidentally, Blake is married to Brenda who carries a professional name of Braxton when she broadcasts at Channel Eight in the morning and at noon, and they produced two of my grandchildren, Zachary and Jaden. Zachary is eleven and Jaden is five. And Nancy, married to Joe, Joe Disabido who she met when she was in New York, and they now live in San Francisco where he still works for the same firm but runs their branch operation in San Francisco. And Joe and Nancy produced my other granddaughter Sophia who is three years old going on thirty and has a vocabulary that's hard for me to believe, and she makes up her own language too. One day a story I heard, she was, her dad was getting ready to put her to bed and she starts saying these things, and Joe asks her, \"It's difficult to understand you, Sophia. What are you saying? What are you talking about?\" She says, \"I'm speaking French,\" so she makes up her own language."
            ]
        },
        "segment 19": {
            "Segment Desc": "Helping to establish Portland's Japanese American Historical Plaza",
            "Segment Questions": []
        },
        "segment 20": {
            "Segment Desc": "Formation of the Japanese American Museum of Oregon",
            "Segment Questions": [
                "At the dedication of the Japanese American Historical Plaza, August the 3rd, 1990, Bill Naito had asked, amongst the other speakers, Bill Naito had asked associate justice of the Oregon Supreme Court, Michael Gillette to be a participant in the opening ceremonies or the dedication, and he said that unfortunately textbooks on history are not, are rarely talking about the internment experience. He says even law schools mention it very little, so he says there's a lot to be said. So knowing that, how can you not go out and talk to people about the internment experience? So I've had opportunity to talk to... let's see a group at Reed College one night. There were about thirty students and faculty there, and usually whoever asks you to come out and talk says, well, you can talk for twenty minutes or so, so you frame your presentation in that. So that turned out to be about an hour's worth after questions and so forth. About a year later, I get a call, a year after the Reed College thing, I get a call from a person. She says, my name is so and so and I'd like to learn more about the internment experience and then its effect on education. And I says, \"How did you hear about me?\" She says, \"I was at your talk at Reed College a year ago,\" but she wanted to do her senior thesis on that. So I also spoke to a group at Portland State University, participated in a symposium at Willamette University. I was interviewed at the legacy center by I can't remember his name, Todd something. He's an author. He wanted to learn. Where else? Oh, a personal friend of mine, we go out to dinner now and then. She, her male friend is a real close friend of mine, but she lives in an apartment complex that belongs to a group of ladies that get together once a month for a meeting, whatever topical interests. And after telling her about my internment experience, she wanted me to come out and talk to her group after their lunch, didn't invite me for lunch, but said I could have dessert. There's a group of senior citizens, sixty-five, seventy years old and so same kind of thing. I frame my talk, I think maybe went into a little more detail. I went about a half an hour and spent another half hour answering questions. And of course, they're of an age that they were familiar with that period of time, and it was a good experience."
            ]
        },
        "segment 21": {
            "Segment Desc": "Reflections and hopes for the future",
            "Segment Questions": [
                "So I was asked by the Japanese American Citizens League to testify at the first hearing along with my son Scott, and then I was also asked to testify at the second hearing along with my son Scott. And here again, you deal with time limits because some of these hearings can go on and on and on and on. And the very first hearing at the City Council chambers, the place was full, and so what could have been a three-minute presentation was reduced to two minutes. And you know, it's a difficult thing to say things that are thoughtful and germane in that period of time. You have no time to create a case. But there's another hearing coming up. I don't know the exact date, sometime this month. But even though we'll be limited again to two minutes or three minutes, I'm sure we can present a case that's a little bit more germane, and the reason for that is the Supreme Court on September 28th this year came down with two rulings that I know of anyway that they say the Supreme Court said it violates the constitutional liberties of American citizens and, that deal with the specific arrest, not arrests or detention of two Arab Americans for different reasons but held without charge, and so it's a violation of their civil liberties. They receive no due process, similar to what happened to persons of Japanese ancestry after Pearl Harbor. And Justice Sandra Day O'Conner in one of the rulings said that there is, and she referred to that under the Patriot Act, unless the Supreme Court says this is in violation of their constitutional rights, you're in danger of repeating what happened to the Japanese Americans during World War II, and that's, comment I thought was just really right on track. So the thing that you hope for in the future is that our political leaders are very, very careful in seeing that the constitutional rights of American citizens are protected. That's my hope. Is that a good hope for the future?",
                "JC: Is there anything that I haven't asked you about or anything that you can think of that you'd like to say to future generations who might view this?"
            ]
        }
    }
}