{
    "Narrator_Name": "Henry Miyatake",
    "Bio": "Nisei male. Born April 28, 1929, in Seattle, Washington. Incarcerated at Puyallup Assembly Center and Minidoka concentration camp, Idaho. Had some key childhood experiences with discrimination that made him a self-described, \"independent thinker,\" and later, an influential figure in the Japanese American community. While a teenager in camp, he wrote and defended an essay criticizing the United States' treatment of racial minorities. His teacher refused to accept his paper, resulting in a failed grade and preventing him from graduating. Postwar, served in the U.S. Counterintelligence Corps, where he was privy to classified documents detailing the placement of spies in the incarceration camps. After leaving the military, he worked at the Boeing Company, where he fought against discriminatory workplace practices. He was also one of the earliest proponents of redress, doing the research, planning, and organizing for the \"Seattle plan,\" the first highly developed plan for obtaining redress from the U.S. government for the WWII incarceration of the Japanese American community.",
    "Title": "Henry Miyatake Interview IV",
    "Interviewer": "Tom Ikeda",
    "Location": "Seattle, Washington",
    "Date": "September 23, 1999",
    "Densho ID": "denshovh-mhenry-04",
    "transcript": {
        "segment 1": {
            "Segment Desc": "War Relocation Authority's efforts to encourage the hiring of Japanese Americans",
            "Segment Questions": [
                " TI: Now, how old is Waller? Because I, I remember talking to Alice about this. ",
                " TI: Well, do you think it, it accelerated?Because before the war I interviewed people, and, and they got an engineering degree, but they ended up working at the Pike Place Market. ",
                " TI: And so do you think the war changed that? Or was it the need for engineers after the war that really changed things? "
            ]
        },
        "segment 2": {
            "Segment Desc": "Leaving the military, a complicated discharge",
            "Segment Questions": [
                " TI: Well, actually, this is a good place. Why don't, why don't we get into -- where we ended up the last interview was where you ended up with the, your military service. And so why don't we pick it up there? ",
                " TI: Because we'll start getting into the engineering a little bit later. So why don't we start there? So why don't you tell me, after you were discharged... ",
                " HM: Well, let me tell you, right at the end of the, of the, my military service, couple things happened that really turned a lot of things around. And right before my separation the adjutant calls me up and he says, \"Hey, you better show up here. We got a serious matter that we, gotta discuss with you.\" So I went up to the guy's place, and he says, \"Okay, we've negotiated a whole bunch of deals, and this is the package deal. You either take it all or you reject the whole thing.\" So I says, \"What is it?\" He says, \"Well, the good part, they're gonna forget about your court-martial. We're gonna purge it from your file and all this kinda stuff. Bad thing is, we're gonna bust your rank, bust you down to nothin', and we're gonna have you available within thirty days for recall.\" ",
                " HM: But anyway, though, the, I thought the war in Korea was winding down, so I thought that's a very remote possibility. Anyway, here's all these different things they laid in front of me. And they said, \"The other thing is, formally, we're gonna have you discharged at Fort Meade.\" I said, \"What are you sending me down to Fort Meade for?\" \"You gotta be down there at 10 o'clock tomorrow morning, if you wanna do this thing properly.\" So I says, about Riggins, he's the guy that got me into all this trouble. He says, \"Well, we had him transferred to a military intelligence, and he's headed for Korea.\" And they got him outta CIC. ",
                " TI: And Riggins, again, was the, was the one that you had the shouting match with? ",
                " TI: I'm sorry. MI or the CIC? ",
                " TI: And this was all done for your benefit? ",
                " TI: That you had been working on? ",
                " TI: But they also purged your name from all the patents? ",
                " HM: Yeah. Well, that, that was no problem to me, yeah. But as it turned out, when I went down to Meade, Colonel Grimes was the commanding officer there. And he says, I want you to do me a couple of favors because I'm kind of committed to this thing. And he says, \"Well, we have six guys going down to Langley tomorrow. Can you go with them?\" So I said, \"What is this for?\" And he says, \"Well, you'll find out when you get there.\" All this kind of crap. So anyway, we go through this ceremony in the morning, and then we get into this van, and they bring us down to Langley. And this was an interview with the CIA. ",
                " TI: ...on the propeller sound? "
            ]
        },
        "segment 3": {
            "Segment Desc": "Helping the son of a North Korean informant",
            "Segment Questions": [
                " TI: And so you had to actually go there and escort him back? ",
                " TI: ...like a, a bounty? ",
                " And so during the course of waiting for Delbridge to get separated, he says, \"I want you and Delbridge and my son,\" -- he calls him his son -- \"to come to dinner.\" So we went to this restaurant, and he says, \"Here's what I'd like for you guys to do.\" And he says, \"I'm going to go into the priesthood for the Catholic church, and I am going to resign from the army. I have to relinquish all my,\" -- what do they call it? \"My, my tangible assets. And I have a piece of property down on Biscayne Boulevard in, in Miami Beach.\" And, what is this coming to? I look at Delbridge and he looks at me, and he says, \"I've been watching you guys, and I feel fairly good about having you become my son's guardians. I'll make you a deal.\" He says, \"If you will take the property on Biscayne Boulevard, both of you, and you do whatever you feel like doing, and if you can take care of my son until you go through college, you can have that property, lock, stock and barrel.\" It's, he says, \"It's title free.I mean, it's, it's -- only thing you have to pay right now is taxes on it.\" And that was the deal he propositioned us with. ",
                " And so then anyway, Molina explained that, well, you're Oriental, and you understand the Orient a little bit, and you understand Koreans and so forth, so you can bring that part of the parenthood and guardianship to bear. And then Delbridge, you're a good money man because he was in the finance control area. And so that was the proposition he made. So Delbridge and I thought, well, he was about three days from his separation. So we said, well, are we going to take this thing seriously or just forget about it? He says, well, just as a favor to him, let's, let's do it. So anyway, that's the route that we selected. We wanted to go down Miami Beach first, go to Tampa, visit the parents, and then take this kid around down in, in Tampa. So that's how we configured our trip. And then we wanted to go down to New Orleans and stay down there for several days, and then take this other kid home to Oklahoma. He was another kid that was being separated the same day as Delbridge. So I thought, well, that would make a good arrangement. And so that's how we planned our trip. And we did that. We did take him to Jai-Alai and dog racing and all these things that Delbridge liked, horse racing down there in Tampa. And we got along with the kid real well. ",
                " TI: And how old was the kid? ",
                " TI: And what would it mean to be guardian, to essentially, take care of him? ",
                " TI: He would live with you? ",
                " TI: This was the other one that was separated at the same time? ",
                " TI: Oh, that's right. That was in prison for, what? We said three to five? "
            ]
        },
        "segment 4": {
            "Segment Desc": "Business opportunities in postwar Alaska",
            "Segment Questions": [
                " TI: And was your brother still in Alaska with the FAA? ",
                " TI: But to finish up the story, so he got a low price. But then the owner who bought it, what eventually happened to this property? ",
                " TI: Well, the thing that, an observation is your brother was very, very bright and smart, but it seems when it comes to business situations he wasn't very good at that? ",
                " TI: Was he? "
            ]
        },
        "segment 5": {
            "Segment Desc": "Overcoming lack of a high school diploma to enter the University of Washington",
            "Segment Questions": [
                " TI: So you're back in Seattle. Your brother, you said, was an engineer at Boeing? ",
                " HM: Yeah. And Hammersley, Hammersley, the guy recruited from the 8th Region, was down recruiting at the University of Washington, just coincidentally. But he had sent a letter previous to that, saying that, \"Well, we expect that you'll be out of the service. And hope this letter gets to you. And I'll be at the UW campus for recruiting purposes.\" So I went out and met him. And said, \"I want you to put me on educational leave.\" And he says, \"Well, are you going to come back to CAA?\" So I says, \"Yeah, I guess so.\" And so he gave me a two-year leave of absence-type deal. And I figured well, in two years I'll be able to make up my mind what I want to do. And then he could extend it another two years. But I decided, well, my mother wants me around, and I haven't been around Seattle for a long time. Maybe I should go back to school. ",
                " TI: What's the advantage of getting a two-year educational leave? ",
                " TI: Yeah. Let's back up. So Westinghouse figured out that you were sort of the mind behind that, the patents, so they wanted to hire you? ",
                " HM: Or should I go down to California? Because a couple of the schools were kind of interested. ",
                " TI: And how many people would take this? ",
                " I took engineering curriculum. And I had not realized that having that long span of not having formal education would present a huge problem to me, sitting down in the classroom every day -- outside of the fact that we did this in the counterintelligence corps school, but it was for like a ten, eleven-week period. That was, and that was -- but it was under army regimentation, so you're pretty well disciplined, having to study, you have to do your homework. I mean, they really put the regimen in the process. But here you're more free to do these things. That first exam scared the living daylights out of me because I scored with a D grade. And I thought to myself, what is happening here? And so I really had to get on my toes to get, get through that first year. ",
                " Then they brought us in again after the first year, they had the -- by that time the number started dwindling down. They started getting eliminated because they couldn't hack the, hack the course level, I guess. And anyway, they had a special session for us. And they said, \"All you guys that's in the sciences area, engineering and otherwise, we're going to have to screen you once more because the number of applicants for the, the sophomore and junior years are too high, and we have to eliminate the excess individuals.\" [Laughs] Oh, God. Anyway, by the end of this process there were seventeen of us left. And I thought, man, it's, it's not looking too good. So I figured, well, maybe I better start looking at some of these other options. And my brother kept on saying, he couldn't do it. He told me it'd been -- what was it? -- it was about eight years or nine years from the time that I had a real formal education. So anyway, I did pursue it, kept on going. But at the -- I got to the senior-year level, and I was taking dual paths, electrical and mechanical engineering, both. ",
                " TI: Was that common? That's pretty unusual... ",
                " HM: This guy who was my student -- he was my advisor, I guess. He says, \"You got to make up your own mind, which way are you going? Are you going to go electrical or you're going mechanical? Because you're going to take these specialized courses in these areas. You cannot go through both curricula.\" And I says, \"Why not?\" Anyway, he -- I got him pretty perturbed. And he was an electrical guy. So I says, \"Okay, then I'll switch to mechanical.\" Because I, he got me ticked-off a little bit. ",
                " And then when I went to the mechanical side the, the guy says to me, \"Well, you've never even finished high school on your record. We're going to have to have you make up all the deficient credits that you didn't have in high school, and you're going to have make it up with college credits.\" So I says -- that was fifty-some odd credits. I had to go another year. So I said, \"Gee, that's not right.\" Then I tried to get back into electrical, and they wouldn't let me go back in there because they were a little bit more lenient. And so they said, \"Well, you elected mechanical and you stay there.\" So here I'm faced with this decision. Fifty-three credits, how the heck am I going to make this up? ",
                " IT: So did you end up going an extra year just to take all those courses? "
            ]
        },
        "segment 6": {
            "Segment Desc": "Summer job working with the University of Washington wind tunnel program",
            "Segment Questions": [
                " TI: This is the wind tunnel on campus? ",
                " HM: Yeah. Anyway, so we stuck -- I mean, it was 18-millimeter spark plug that this engine used, a big one. And so we made a plug for that, and put that tiny model airplane plug in that one area. We kind of counter-bored the hole. And then we put the pressure transducer in there, and we put a baffle in there so we won't get high spike pressure rates. And we put the thing on there. And the dumb thing worked. We could see the pressure rise. And Mike Guidan, who was a head of the SAE group, Society of Automotive Engineers, well, he was going through the lab one day, and he says, \"What have you guys got there?\" And we started looking at the scope, and he says, \"Well, this is a PV diagram.\" And Mike was my professor for a couple of courses. And, and I thought a great deal of him. He was, he was a very nice person. So he says, \"Hey, you guys got something here. And I'm going to see that you guys get some recognition for this thing.\" So anyway, he took it upon himself to -- well, he asked for a write-up of what we had put together. And he sent a letter to the three automotive companies, Chrysler and Ford and GM, and said, \"Here's a student SAE demonstration of advanced instrumentation for pressure volume indicator,\" and all that... he had a long title... ",
                " TI: Higher RPM and all this? "
            ]
        },
        "segment 7": {
            "Segment Desc": "Receiving job offers from major American car companies",
            "Segment Questions": [
                " HM: And what do you know? We get these unsolicited offers for jobs from all three companies. ",
                " TI: All nineteen? Or all, when you say three -- ",
                " TI: Oh? ",
                " HM: At that time airline fees were pretty high. And said, what? We should cash the two of them that we don't need, and change the dates to be the outside dates. And that's what we did. But we didn't do it 'til after we came back. But we went to -- we ended up in Detroit on Sunday night on this airplane trip. And they put us into a first-class hotel. Monday morning, we get a call from the desk saying this, \"There's a car waiting for you guys.\" So, go down there and what do you know? There's a 75-series Cadillac with a chauffeur. [Laughs] And he's got the door open. He says, \"They're expecting you guys.\" So we hop into this thing. ",
                " HM: Yeah. So they, he takes us to that proving ground -- what the heck was it called? -- Midland Proving Ground or something. It was still being constructed. The test track was still not finished. And they bring us into this engineering building. And, and the first thing they do is they try to show off all the development labs. And here they're using paper strain gauges. And even at the Boeing wind tunnel we were using Bakelite Baldwin Hamilton strain gauges, so we thought, man, these guys are way behind. And here's a bunch of strain gauge on this automobile chassis and in the, the sheet metal area. And they're trying to figure out the loads on it when they get hit with bumps and all this kind of stuff, stiffness criteria and the dynamics of it. Anyway, they thought we were going to be impressed by looking at this stuff. We thought -- this other kid and I, used -- worked in the wind tunnel together. I says, \"Hey, that's paper gauges.\" That's -- ",
                " TI: Now, was this an indication that the aeronautical side was a lot more advanced? ",
                " TI: To all three of you? ",
                " TI: But then weren't you excited that you were thinking, and you had so much to offer them that you could really improve what they were doing? ",
                " HM: ...they were showing us. And they thought it was so great, those guys. And I thought to myself, how in the heck they going to sell this sick little vehicle?But that was the, kind of a let down. It started off real great, at GM, and then Chrysler was a little bit less. And by the time we ended up in Ford, man, they didn't even bother to get us back to the hotel. We had to figure out a way to get back. [Laughs] I mean, it went from extremely good type of accommodations and service functions for us down to zilch at the end. ",
                " TI: Well, how did Ford and Chrysler think that they could compete with GM to hire you? I would think that they didn't have the money, they didn't have the research facilities. "
            ]
        },
        "segment 8": {
            "Segment Desc": "Interviewing for jobs with several major companies",
            "Segment Questions": [
                " HM: In fact, they were better -- the only other salary that was exceeded that Hewlett-Packard when I went down there. But that was because Yukio Tazuma, one of my friends from way back, Seattle guy, well, he was in the same class as this guy that was giving us the tour at Hewlett-Packard. And he was head of industrial design, and he knew Yukio very well. And he, when he found out I was Yukio's friend, when he picked me up, he says, \"Oh, gosh, well, what the heck is Yukio doing?\" So I says, \"Well, he's working at Boeing.\" \"You know, I've been trying to get that guy down here. He's a good guy. He shouldn't -- he should be working for a company like ours.\" ",
                " HM: ...trying to figure out what is this, that thing doing? Anyway, he was a very, very well-trained mathematician, as well as being an electrical engineer, Ph.D. And it scared the living daylights out of me. I couldn't possibly keep up with this guy. But I didn't want to tell this host guy that, after the, I think about the third day I was there, I, I spent almost one day each with each of these the different design groups. And I was afraid to tell him that I couldn't keep up with the guy. So I kind of shied away from the thing. I said, \"You guys got some real powerful people here, and maybe I won't even make the grade with them.\" He said, \"No don't think about that kind of stuff. It's easy to pick up.\" But that was a deciding point that I didn't go with them. ",
                " TI: And in the back of the mind you thought that you would probably work for Boeing? That you would get a job there? ",
                " HM: Yeah, Boeing. So they had a so-called management, management trainee program. And I -- through my brother's insistence, I kind of got into that thing. And you were supposed to go through a whole series of assignments and, over, I think about twenty, twenty-month period. And then you could pick out the one that you wanted and you could be assigned to the area. And then you're supposed to become a first-level supervisor. But I started that program, and before we graduated they terminated the darn thing. And then they said, \"We're going to discontinue it because the labor requirements are so heavy now that we can't afford to do this kind of thing.\" But then I interviewed people like IBM. And that was when they were making that Ramac 305. Are you familiar with that big, huge disk? Well, that was the group that I interviewed. And the thing that frosted me was you had to wear a tie, and you had to wear a white shirt and a dark suit. And that, they comply with that rule. You go to the design group, and here's these guys, they have the tie. The coat was on the rack, but any -- everything else, the tie was on. ",
                " TI: This was called Convair? ",
                " TI: And that's located -- where was that located? "
            ]
        },
        "segment 9": {
            "Segment Desc": "Little involvement with Japanese Americans at the University of Washington",
            "Segment Questions": [
                " TI: So Henry, before we go on with Convair, see right now we're in 1957, you're twenty-eight years old, and you just graduated from the University of Washington. But before we move on to your career at Convair, I want to ask you, while you were going to the University of Washington what kind of interactions did you have with the Japanese American community in Seattle? ",
                " TI: How about student organizations that were Japanese American-related, like SYNKOA House, things like that? Were you involved at all with the people in those -- ",
                " TI: And how about socially? Were you dating at this point in college? ",
                " HM: Yeah, occasionally, yeah. But we were lower campus guys, so it kind of differentiated us from the other more astute social individuals. But we used to go to the library once in a while, see who's around. Anyway, the, during that time period I guess I became pretty good friends with this kid from Taiwan. And, and he used to be in one of my engineering classes. And I used to wonder, he's taking a lot of electrical stuff and mechanical stuff. He's kind of -- that's different. Anyway, went to lunch one time together, and I said, \"How come you're taking all these crazy classes? Are you electrical or mechanical or what are you?\" And he says, \"Well, I don't know. I haven't made up my mind,\" he says. And then -- well, I used to date his sister. And anyway, from his sister I finally found out why he was doing all this stuff. And he was on a program from Taiwan. And, and if he went back to Taiwan he would be a conscript in the army. And he just didn't want to do that. And so he was taking these courses up until maybe fifteen credits from graduation for that major, and then he'd switch. And he had done this for quite a while. And if you call him a professional student, that'd be pretty correct. But he was a smart guy. He knew a lot of different fields. "
            ]
        },
        "segment 10": {
            "Segment Desc": "Getting a job with Convair, Co.",
            "Segment Questions": [
                " TI: And one question, why did you choose this company? Here you had the auto company... ",
                " TI: But you chose Convair. Why? ",
                " TI: ...from California? ",
                " HM: Now, why would they have to go full afterburners? Were they just testing it out? ",
                " And, but at that time we were working on a whole bunch of different airplanes, one of which was a seaplane, a jet ski airplane. And the first week I was there in San Diego, after we rented the house there, I was looking out the window, and this guy was bringing the airplane back to land in the San Diego Harbor, and he started porpoising. I could see him, just coming down to the, to the bay area. And he started porpoising, and all of a sudden he disappeared. I thought to myself, what the heck happened to that guy?And he just dove right in there. That was the end of that program. The navy quit making any plans for fighter airplane that they could launch as a float, float airplane. But it was a high-performance airplane. And we worked on quite a few of those airplanes in the wind tunnel, and quite, quite high-performance, high-mach number airplanes. But trying to get a float on an airplane was not an ideal thing to have because they compromise your entire design, aerodynamically as well as from a landing standpoint. "
            ]
        },
        "segment 11": {
            "Segment Desc": "Challenging work with Convair",
            "Segment Questions": [
                " TI: Now, how long did you work at Convair? ",
                " TI: Now, was that an unusual way of building these models, in a modular form? I would think that would be, to try different configurations, that made a lot of sense to make it modular also. ",
                " TI: Now, how did you like this? You were young, and -- "
            ]
        },
        "segment 12": {
            "Segment Desc": "Making the decision to leave Convair",
            "Segment Questions": [
                " TI: Why did you leave Convair? ",
                " TI: Because what the audit showed was that Convair was overcharging the air force? ",
                " TI: ...Convair? ",
                " TI: So you were there? ",
                " TI: And how big a group was this, roughly? ",
                " TI: And where did the money come from to do this? Did you all chip in to -- ",
                " TI: Now, how do you feel? Because, I'm thinking from a family perspective, now did you have your, were your son and daughter born at this point? "
            ]
        },
        "segment 13": {
            "Segment Desc": "The highs and lows of starting own company: X-Onics",
            "Segment Questions": [
                " HM: But, well, I decided that, that this whole experience about, on these guys getting into such great frenetic exercises would not be great for me. And so I decided to quit Convair. And I worked for X-Onics. And we got into problem situations like General Atomics, which was another division of General Dynamics, which is atomic energy outfit that was located close to the Astronautics division of General Dynamics. Anyway, they wanted some cleaning equipment to get all the radioactive crap that was on some of the equipment. So I had done some work in ultrasonics, so I knew a little bit about it. And so we got some designs together, and we made couple of prototypes. And we started making ultrasonic cleaners specifically for the atomic energy cleansing requirement. And so we were doing a number of things. And then the more we got into ultrasonics, the more people wanted these different things. And so it came to a point where they said, \"Well, we can't keep up with the demand here. We got to get some other production capability.\" So they said, \"Well, they're making ultrasonic stuff in Japan. So Henry, why don't you go to Japan? You've been there before.\" [Laughs] So of course, been there for four days. But anyway, he said, \"Why don't you go over there and get together with the ultrasonic company? And let's have them make the equipment over there.\" So I was, I was kind of apprehensive about the whole thing. And he said, \"Well, we'll send your whole family over there.\" Well, that was a convincing point. So anyway, I go to Tokyo, and I headed a program for this electronics show. And I started look -- scouting for ultrasonic companies. ",
                " And anyway, these guys were making the diamond die for drawing the ultrathin wire for Western Electric. I didn't know that at that time. And these guys in Japan were doing it. So anyway, when I went to this company to talk to the president, he says, \"Okay, this is the kind of stuff we're doing.\" And he started showing me this different kind of stuff. And he says, well -- and I look at this piece of equipment, looked like a 1929 piece of gear, wrinkle finish, industrial design was zilch. And he was showing me these diamond dies. And I thought to myself, man, they could make some really fine wire with this diamond die system. So I asked him who they made it for, and he wouldn't tell me. He says, \"Well, we can't tell you that.\" \"Is it American?\" He says, \"Yeah.\" Well, anyway I found out from another guy in the plant later on that it was for Western Electric. ",
                " TI: Well, were they the original six to fifteen employees? Were you -- did you all have equity stakes? ",
                " TI: So how did you make out? Did you make out pretty well? ",
                " TI: And so you're, you got stock in that company? ",
                " TI: To the point where you could retire? ",
                " TI: To that level? ",
                " TI: Well, did it wipe out the bankers too, the La Jolla bankers? ",
                " TI: So they made out? ",
                " TI: So you and your other co-workers got screwed? ",
                " TI: Well, out of curiosity, why did you guys stand for this?I mean, you guys -- "
            ]
        },
        "segment 14": {
            "Segment Desc": "Returning to Seattle and going to work at the Boeing Company",
            "Segment Questions": [
                " TI: How many years were you in Japan? ",
                " TI: You -- financially, probably aren't doing very well because you just quit your job, and you didn't get your stock or stock options? ",
                " TI: And did you go back to San Diego? ",
                " TI: And so you called it a Dyna Soar program? ",
                " TI: So how were you feeling at this point? Here you had gone through this incredible two-year experience, and essentially burned in some ways, physically. ",
                " TI: But then was it a sense that you had to get a job to support your family? ",
                " TI: And were you bitter at this point? ",
                " TI: Okay. So you're at Boeing, and this is about what year? ",
                " HM: Yeah. And so I go on the Dyna Soar program, first of all because they wanted some people with Atlas experience. The vehicle itself was important to them. And I got into systems engineering there. And the program lasted -- let's see, when did they kill it? MacNamara got on the scene, and he says, he wants to know what the military requirements for this vehicle is. And it was a hypersonic test vehicle. It was to gather hypersonic test data, so that they can go on a hypersonic mission and go as many times around the world as they want. It was a sub-orbital platform. And it was a very efficient way of doing the job. And they wanted to get hypersonic aerodynamic information. And they wanted to use it as a test vehicle for materials and things of this nature. But when MacNamara came down and said, \"I want to determine the military requirements,\" and he changed it from a experimental data gathering system to one that had a military criteria on it. And there wasn't, it wasn't designed for that thing. ",
                " TI: It must have been a very different environment. Here you went from a very small, entrepreneurial situation to Boeing? ",
                " TI: Now, how did things work in Boeing for you to go from program to program? Do they recruit internally to get to, pull together teams, or...? ",
                " TI: And what would you say was your reputation during these early years at Boeing? ",
                " HM: Well, first of all, that, they said, \"Well, here's this guy from,\" -- formerly I worked for the Astronautics and Convair --\"and he knows this stuff. Why should we try to train anybody else? Well, he's got the basic information. He's been in launch programs. He's been out on the Cape.\" So that became a very interesting item to them. And the first thing they did was, they said, when I went into that group, he says, \"I'll give you a couple of days to prepare a presentation on Atlas Missiles.\" And that was the first thing I did. That was my first assignment. Got out my old Atlas books that weren't classified that I still had, and I went through the description of the vehicle. And they were kind of -- from that point on, they said, \"Hey, that guy knows the Atlas.\" So anything that happened to do with the Atlas vehicle performance, they used to come to me. So that kind of started the whole procedure off. ",
                " TI: But then as they went to the lunar orbiter and those other manned space stations, you didn't have the background necessarily for those? ",
                " TI: And so your knowledge base was good, but I also imagine as they're recruiting, they're also looking for a sense of teamwork too? ",
                " TI: Well, under those criteria were you a good team member? Was that sort of how you were? "
            ]
        },
        "segment 15": {
            "Segment Desc": "Raising a family",
            "Segment Questions": [
                " TI: Now, out of curiosity, when you moved back to Seattle and started raising your family, what part of Seattle did you live in? ",
                " HM: Oh. I, we stayed, when we first came back we stayed at my parents' place. And then, well, Kathy was kindergarten age. In fact, she went to a kindergarten in Japan. And that kind of spoiled her because we were in a very interesting district. It was made up of half non-Japanese nationals, like me, and fairly well-off Japanese nationals. Across the street from us, the guy -- Shinagawa was the guy's name -- he was, for that year he was given the honor of the national (art treasury) of Japan for wood block prints. He was the foremost noted wood block print maker. And his wife was a patron of this, this kindergarten. And I didn't realize what kind of kindergarten she was a patron of. And first impact I had was when they had an open house day, and Kathy was enrolled in this kindergarten. And Shinagawa and Yoichi and anyway -- ended up that the brother of the emperor was there. Prince Mikasa was there. And he was a patron of the school. [Laughs] I thought to myself, what the heck am I getting myself into? But right after that I decided, well, it was kind of a rainy day one day, and my, the maid wasn't feeling so well. And she used to bring Kathy up to the kindergarten. So I took an umbrella, and I, I walked Kathy up to this kindergarten. And here comes a chauffeur-driven car, [Laughs] it happened to be a Rolls Royce. And this chauffeur opens the door, and this kid comes out. The kid goes into the kindergarten. ",
                " HM: This was a model school that was set up to determine what teaching systems they were to use for other kindergartens in that whole area. It was a nationally sanctioned school, so some of the budget came from the national government. I didn't know this. I had no idea this was -- the obaasan across street used to say, \"Well, we have a nice school. Would you like Kathy to go there?\" So I said, \"Sure.\" ",
                " TI: Were you concerned about how your children would be accepted by other children in that area? ",
                " TI: And was Kathy fluent in Japanese and English? ",
                " TI: Well, that's interesting. So by the time he got to school age, kindergarten, was he able to keep up his Japanese? "
            ]
        },
        "segment 16": {
            "Segment Desc": "Brother's death on the job at Boeing",
            "Segment Questions": [
                " TI: ...you're working hard there. We're in the '60s. Is there anything else you want to talk about? I want to get to the point where, we started getting to the point where you got involved with the SST program, things like that. ",
                " TI: These are the underground nuclear tests? ",
                " HM: Yes. That was being performed during that time. And they were being done maybe once every three weeks or somewhere around that frequency. And so he would go down there and get the data and come back. And he was doing this on a regular basis. Well, he was also building a house down on a hundred, South 160th, and it was a pretty big house. And I used to go out there and try to help him on some of the installations because he had some custom things incorporated into the house. And about the latter part of October he says, \"Hey, I'm going to go on another trip very shortly. So they're going to be some custom doors coming. Would you help the installers, tell them how it should be fitted?\" ",
                " TI: And your brother was in good health and everything was fine? ",
                " HM: Oh, everything was fine, yeah. He was in tip-top shape, yeah. So anyway, he goes down to Mercury Flats beginning of November. This is 1966. And I get a call from his wife about 3 o'clock in the morning. And says she got a call saying that George has been killed. So, \"Oh, God, what's goin' on here?\"So I tried to get into the Boeing system for the emergency department about whether or not there's been a report of his death. And they never heard of anything of that nature. So anyway, I called up the number that she gave me for the person that made the contact in Clark County in Nevada. And he said, \"Yeah, they had a accident.\" They classified all the information. All we know is that it was a fatal accident. ",
                " TI: Even though he was working for Boeing? ",
                " HM: Yeah. Oh, he was the mainstay of my technical knowledge. But oh, no, I was really shaken by this. But anyway, the insurance companies said that they weren't going to pay off on the thing. And then I contacted the other, his private insurance company and said, no, they can't provide the information unless they given all this documents. And so anyway, I took a week off from Boeing, my work. And I was on the SRAM (Missile) program at that time. And I went to the Industrial Relations Department. And I said, \"First of all, I need to have the body sent back because we have to arrange for the funeral.\" And they says, \"You got to pay for it.\" I said, \"What are you talking about? You guys send him down on an assignment down there, and you're not going to pay for his body coming back?\" He says, \"Well, we'll only pay for live passengers coming back.\" And that was the policy at that time. I didn't know this. This was the policy. Anyway, I got ticked off and I started going up the ladder. And I ended up with the vice president of industrial relations. A guy name Micklewaite. And I told him, \"You guys going to start having to implement some of these things. The insurance for one thing. I want his body sent back.\" And I got pretty demanding. And he says, \"No, you got to pay for the body being sent back.\" Because if they put him in the casket and they put him in lower lobe (of the airplane), they charge you three times the first-class rate. And, also they have to make special accommodations so that thing won't rattle around. And they charge excess for that. But they refused to do it. So I, anyway, I authorized the airline to have it shipped up here. And then I, I got on the -- the newspaper reporters were hounding us at that point because they wanted to know something about him, they were writing an article in the Seattle Times. And I told the reporter that I'm going to have a sit-down strike in this guy, Mickel -- Vice President Micklewaite's, office because he refused to send my brother's body back. And oh, I was really ticked off at that point. So I did have a sit-down strike by myself. ",
                " TI: And did the Times write an article about this thing? ",
                " HM: Yeah. Bushels of all these grains. So I got ahold of him. And he says, \"Well, we can't trade this account. We have no authority to trade this account. It either has to be court-established based on instructions that he left.\" And at that time I didn't know he had had the will vacated. And I said, \"Hey, it must be in the will someplace,\" so I got Amy. And then sure enough, the damn thing was voided as of a certain date. And I called up the broker, and he says, \"Well, what do you want us to do?\" So I said, \"What can we do?\" He says, \"Well, you could place just the opposite orders, and just cancel them out. And your two orders will just cancel everything out. So you won't -- the only thing you have to pay for is the commissions on all these orders.\" So I said, \"Okay.\" So I transferred out all my stock accounts that I had, and transferred into the company, and we did, we did it, we matched up the orders and cancelled everything out. But Boeing wouldn't pay for the, they wouldn't do anything for the insurance part of it. So I got attorney, and I told him to pursue the whole thing, and it was on a contingency basis. Well, he ended up with about 20-odd percent of the whole insurance, all the insurance things, because he had to go after each company. "
            ]
        },
        "segment 17": {
            "Segment Desc": "Struggle for fair treatment on behalf of brother, losing security clearances",
            "Segment Questions": [
                " TI: What was Boeing's stance? Why were they so -- ",
                " HM: Well, that was their policy at that time. And I was really fumed about the whole thing. And I took that whole week off. And then we got through with the funeral, and I went to, back to work on Tuesday. I skipped Monday. I told them I was sick. I was sick emotionally, I guess. So I went back, went back to work on Tuesday. And every one of us used to have one of these security things. And they changed it for mine so I couldn't get in the door. So I had to go through the lobby to the receptionist. And then, by that time this reception center called my group, and said, \"Henry's back. Shall we let him in?\" He says, \"Yeah.\" So the guy come up to the front area, and he proceeded to bring me back to the work area. And the supervisor was there. And he says, \"Wilkinson wants to see you in the project office.\" ",
                " TI: Who was Wilkinson? ",
                " HM: He was the head of the program. SRAM program. He was a part-Cherokee. And he felt kind of a kinship to the non-Caucasians. And he kind of favored me, really, on the good side. And when we used to have the staff meetings, we used to have them on, every Thursday. And I was the guy that used to collect all the data and have it documented and prepared for everybody to review. So I would go around, like on Tuesday, I would ask for the information, update information. And Wednesday I would collect it, and I got it reproduced. And then Thursday morning when they had the staff meeting every -- everybody had a copy and everybody was ready to go. Anyway, he knew me from that area. And he used to always have a couple of good words when we used to pass together. But he said, \"Well, you know you lost your, your clearances.\" \"What do you mean, lost my clearances?\" He says, \"Well, obviously you must have rubbed somebody the wrong way because they went to the AFPO office of the, air force personnel and operations office, the plant representative there. And he complained about what you had done. And they knocked off your top-secret and your crypto clearance and your atomic clearance.\" And, because this vehicle had a warhead on it. Anyway, he says, \"You're off the project. We're going to have you go with the security guard and you're going to clean out your desk. And you're history here.\" And Micklewaite was the guy that did that. So anyway, I cleaned out my desk -- ",
                " TI: And the project director couldn't do anything? ",
                " HM: No. He couldn't do anything. He says, \"If you lose your clearance, automatically you can't handle the data because you're doing high-level stuff.\" And he says, \"I'm sorry.\" And he apologized for it. But that was it. So I asked him, \"Where am I supposed to go?\" He says, \"I don't know.\" He said, \"Why don't you go to personnel and find out?\" Anyway, I got really ticked off at that. That was one of the things that really irritated me, the way they treated people that were on assignment that were deceased. So I wrote a nasty letter to Bill Allen and that company. ",
                " TI: And Bill Allen was the president at that time? ",
                " TI: Did he ever acknowledge the letter? Did you ever hear anything back from Allen? "
            ]
        },
        "segment 18": {
            "Segment Desc": "Meeting outspoken Japanese Americans at Boeing",
            "Segment Questions": [
                " TI: At that point Mike was a Boeing engineer? ",
                " TI: He had been with Boeing how long? ",
                " TI: We should clarify FARs. Was it Federal Air Regulations? ",
                " HM: Yeah. Anyway, these guys started giving me a hard time. So I said, \"This is an airplane that we haven't even built. We don't even know what the long-term criteria's gonna be. We don't even know if the Concord's going to be a successful type operation. Russians have their own supersonic airplane. It's got to be competitive, and it's got to be geared for that requirement.\" And they really started plowing into me. And so at the end of the session Mike comes up to me, and he says, \"You give them hell, didn't you?\" he says to me. And anyway, he says to me, \"We're the only Nips around here that give these guys hell.\" [Laughs] But anyway, at, at that point I thought we had a kind of a joint mission in our lives. ",
                " And as things turned out we started talking about why the hakujins were taking the viewpoints they were on Japanese engineers. We didn't speak out. We didn't stand for our positions. And the guys that Mike used to work with would say, \"Well, you guys haven't even done anything about the time you guys were put into camps. What the hell have you guys done?\"And Mike reiterated that to me. And he says, \"We haven't done a damn thing.\" So I would say, \"Well, you know, you can't do too much. We were -- it's constitutional, according to the Supreme Court, what the government did.\" And he says to me, \"Ah, don't give me that crap.\" He was pretty cold-blooded with me. So I said, \"Well, yeah, your friends are right. We should be doing something.\" And then after that he would say, \"I hear you talking about it, but you're not telling me anything. What are you going to do about? What are you going to do about it?\" And that kind of perturbed me. I thought, oh, God. Gee, he's right. But then what can we do? "
            ]
        },
        "segment 19": {
            "Segment Desc": "The early origins of a commitment to redress for Japanese Americans",
            "Segment Questions": [
                " TI: Because you didn't think forming this organization was going to be enough? That the organization had to do... ",
                " HM: Yeah. So I, I said to Tony, \"Well, we got a lot of limited partners in this thing that, would like to have their money first before the generals get it.\" And he thought this was real strange. And he says to Paul, \"Do you agree with what Henry's saying?\" And Paul says, \"Well, not really, but he's, he's pushing it. He's got more guys investing in this thing than we do. So he's got the majority function here.\" And anyway this, the real estate guy said the same thing roughly. So he says, \"Okay. I'll draft it up, and I'll -- let's have another meeting. And you guys can review it.\" And that's what we did. Anyways, Tony thought that I was kind of strange in that way because we're not taking the skim off the top. So I says, \"Well, I feel empathetic towards limited partners because I'm one of them.\" [Laughs] ",
                " And at the same time my, my son was in Doctor Hughes' gymnastics program at the U of W. And every Saturday (morning) and Wednesday evening they used to have gymnastics for these young kids. And he was trying to groom these kids from junior high school level to high school so that he'd have people to pick from for his U of W program in gymnastics. He wasn't having the down level type guys, able to produce. So the class was on Wednesday evening and Saturday morning. And so I would drop off Robert like Saturday morning, and I'd go to either the main library or one of the other libraries. And I started trying to find this stuff that related to the public laws relating to the evacuation process, and then after the evacuation about the money distribution of the Sumitomo Bank thing, the Yokohama Species Bank, so forth. And I couldn't get into their data system because we had to have a budget for it. So on one occasion I told Tony, \"I can't get into that law school database. Can you help me?\" And he says, \"Yeah.\" He writes out this thing -- "
            ]
        }
    }
}