{
    "Narrator_Name": "Hiro Heidi Inahara",
    "Bio": "Nisei female. Born February 2, 1928, in Portland, Oregon. Grew up in the Portland area, where parents ran a farm. During World War II, removed to the Portland Assembly Center, Oregon, and the Minidoka concentration camp, Idaho. After leaving camp, returned with family to Portland.",
    "Title": "Hiro Heidi Inahara Interview",
    "Interviewer": "Betty Jean Harry",
    "Location": "Portland, Oregon",
    "Date": "July 2, 2014",
    "Densho ID": "denshovh-ihiro-01",
    "transcript": {
        "segment 1": {
            "Segment Desc": "Family background",
            "Segment Questions": [
                "BH: Today is Wednesday, July 2, 2014. My name is Betty Jean Harry, I'm a volunteer with the Oregon Nikkei Endowment. I'll be interviewing Heidi Inahara as part of the Minidoka Oral History Project. We're in Portland, Oregon, our videographer is Ian McCluskey. So let's start with a few personal details, Heidi. When and where were you born?",
                "BH: And what name were you given at birth?",
                "BH: Okay. Now you go by Heidi. So how did that come about?",
                "BH: You still kept with the H and she kept with the R. And when's your birthday?",
                "BH: And were you born in a hospital, or were you born at home?",
                "BH: Okay, right, most people were at the time. Let's talk about your parents. What was your father's name?",
                "BH: And where in Japan was he from?",
                "BH: And what kind of work did his family do in Japan?",
                "BH: Okay, a brother and two sisters. Did your dad have an opportunity to become educated before he came over here?",
                "BH: Did he come by himself?",
                "BH: The younger brother?",
                "BH: And they came here to find jobs?",
                "BH: And when did they come to Portland, or how did that come about?",
                "BH: Okay. And what was your mom's name?",
                "BH: Okay, and what kind of work did her family do? Were they farmers as well?",
                "BH: Okay. And did she have any brothers or sisters?",
                "BH: How nice. How did your mother decide to come to the United States?",
                "BH: What kind of person was your father? What was he like?",
                "BH: Wow. And your mom?",
                "BH: So when your mom came over, was your dad still up in the Seattle area working, or had he already come down to Portland?",
                "BH: But eventually your dad was working a farm out in the Montavilla area. Now, at that time, the Isseis weren't allowed to own property. So was it in somebody else's name, or was he leasing?"
            ]
        },
        "segment 2": {
            "Segment Desc": "Description of growing up on family's farm",
            "Segment Questions": [
                "BH: Did they also take American names later?",
                "BH: So what did your parents grow on the farm?",
                "BH: And where did your dad sell his produce?",
                "BH: Growing up, what were typical meals at your house? Did you have Japanese food or American food?",
                "BH: Did your family celebrate Japanese holidays like New Year's?",
                "BH: In what ways was your family connected to the Japanese community? Were you involved with one of the local churches or temples?"
            ]
        },
        "segment 3": {
            "Segment Desc": "Attending elementary school",
            "Segment Questions": [
                "BH: And where did you go to elementary school?",
                "BH: Okay. And where was that located again?",
                "BH: Right. When you first went to school, did you speak Japanese or English or both?",
                "BH: Right. And was that close enough to the farm where you could walk to school?",
                "BH: So at school, were your friends Caucasian or Japanese, or both?",
                "BH: Did you take your lunch to school?",
                "BH: On the farm, did you have, what were your responsibilities?",
                "BH: And then when you got a little older, did you help more outside on the farm?",
                "BH: Do you remember going on any trips with your family, any vacations?",
                "BH: And did you camp or did you stay at a motel?",
                "BH: Many Niseis attended Japanese schools. Did you?",
                "BH: How'd you feel about going to Japanese school?",
                "BH: What did you do for fun outside of school?",
                "HI: Outside of school? Oh, I don't know. (Not very much, we had too many chores to do.)",
                "BH: Did you play ball or anything?"
            ]
        },
        "segment 4": {
            "Segment Desc": "Hearing about the bombing of Pearl Harbor and preparing for mass removal",
            "Segment Questions": [
                "BH: That leads us to talking about the beginning of the war. How did you and your family hear about the bombing of Pearl Harbor?",
                "BH: And your parents' reactions?",
                "BH: Did your family have any dealings with the FBI?",
                "BH: Did he ever talk about what he was doing or why?",
                "BH: Very typical of the Isseis. So you were in the eighth grade when Pearl Harbor was bombed. Did things change at school?",
                "BH: How did you decide what you were going to take with you and what you weren't going to take?",
                "BH: When you were able to come home after the war, were your doll and bike still there?"
            ]
        },
        "segment 5": {
            "Segment Desc": "First impressions of the Portland Assembly Center",
            "Segment Questions": [
                "BH: What did you think when you ended up at the assembly center in North Portland? It used to be the Pacific International Livestock Exposition. What was your first impression?",
                "BH: Wow. What kinds of things were you subjected to? I remember you told us about having to have typhoid shots?",
                "BH: Oh, my. Were you able to continue school at the assembly center?",
                "BH: Okay. And you were there for a few months. How did the kids in your family and how did your parents pass the time?",
                "BH: And after a few months there you were moved to a more permanent camp in Minidoka. How did you get there?",
                "BH: So you didn't really know where you were going. What did you see when you peeked out?"
            ]
        },
        "segment 6": {
            "Segment Desc": "Daily life in camp",
            "Segment Questions": [
                "BH: And what was your first impression when you arrived in Minidoka?",
                "HI: Oh, thinking what a desolate place. I have never seen a desert type terrain before. I thought, \"Where in the heck is this?\"",
                "BH: What was the food like at camp?",
                "BH: Any particular memories?",
                "BH: How do you feel about smelt and lamb now?",
                "BH: How did your parents cope? What did they do when they were at camp?",
                "BH: So as a carpenter, what kinds of things did he work on?",
                "BH: Did you, I know there were mess halls, did you eat as a family?",
                "BH: Quite a bit. What was it like to be among all those Japanese people?",
                "BH: Did you ever think about or did anybody talk about why you were there?",
                "BH: What kinds of things did people say?",
                "BH: Was one of your brothers in the service?",
                "BH: Uh-huh, the MIS. Did you hear from him when he was there?",
                "BH: At Minidoka, were you able to continue your high school education or begin your high school education?",
                "BH: What was school like in camp?",
                "BH: Who were some of your friends in camp?",
                "BH: You had that issue with the fainting with the typhoid shots. Any other health issues among your family in camp?",
                "BH: And did your mom or anybody go to the hospital in Boise with you?",
                "BH: Do you remember her name?"
            ]
        },
        "segment 7": {
            "Segment Desc": "Leaving camp and returning home",
            "Segment Questions": [
                "BH: How did you find out about the end of the war?",
                "BH: When you knew that you would be leaving camp, what were you feeling about camp and about going home?",
                "BH: How did you get home?",
                "BH: Did you come back to the farm in Montavilla?",
                "BH: And the house. What happened to the house and the farm while you were gone?",
                "BH: And your dad continued farming?",
                "BH: Now by this time, your older brother was in the MIS. What about your sister and your younger brother?"
            ]
        },
        "segment 8": {
            "Segment Desc": "Adjusting to school after returning home",
            "Segment Questions": [
                "BH: And what about you? Where did you finish high school?",
                "BH: How did you get to Washington High School every day? That was quite a ways from Montavilla.",
                "BH: How was the transition back to a big public school after having been in high school in camp?",
                "BH: Were there people, students that you knew from grade school who also went to Washington?",
                "BH: How did you feel about the whole experience of the FBI coming and taking your family's stuff, and losing stuff, going to camp, coming back, you were not as welcomed. How did that affect you?",
                "HI: (...) I thought it was unfair, and why did they have to do that? Because we're not a people that would cause a lot of trouble. So I just was amazed that they would do that. And my uncle was one of the first picked up by the FBI on December 7th. In fact, the Legacy Center had a postcard with his picture with the FBI. He had a suitcase and the FBI was taking him off someplace, and that was my uncle.",
                "BH: And what was his name?",
                "BH: In an FBI detention center?",
                "BH: Did it help you gain some confidence?",
                "BH: And overcome some of those feelings?",
                "BH: If I remember correctly, you used the word \"inferior,\" that you felt inferior?",
                "BH: And do you think that was because of what happened during the war?"
            ]
        },
        "segment 9": {
            "Segment Desc": "Meeting future husband and getting married",
            "Segment Questions": [
                "BH: You and your friend Reiko decided to go to Pacific University. What did you study there?",
                "BH: Yeah, you also went to secretarial school? And then where did you work?",
                "BH: And how did you meet your future husband Yosh Inahara?",
                "BH: After Pacific, you went on to secretarial school. What did Yosh do after Pacific?",
                "BH: Okay, so he became a naturalized citizen then?",
                "BH: Okay. So Yosh studied pharmacy. Did he work down in Corvallis for a while or did he work up here?",
                "BH: Seatons, and where was Seatons located?",
                "BH: And it wasn't just a pharmacy. What else did Seatons provide?",
                "BH: And did you work at the soda fountain?",
                "BH: You know, several Japanese Americans worked at the pharmacy. Who worked there?",
                "BH: She was. And where were you and Yosh married?"
            ]
        },
        "segment 10": {
            "Segment Desc": "Raising a family",
            "Segment Questions": [
                "BH: And the names of your three children?",
                "BH: And their spouses?",
                "BH: And the names of your grandkids?",
                "BH: And earlier your parents went to the Buddhist church in Milwaukie, and you were married in the Presbyterian church. Did you take your children to church or Sunday school?",
                "BH: And now you and Yosh are members at Epworth?",
                "BH: How did you get involved with Ikoi no Kai, the senior lunch program?",
                "BH: And after you and Yosh were married, where did you live?",
                "BH: Now, unlike many Nisei, you've been willing to talk with your kids and grandkids about your wartime experiences. Did you initiate those conversations or did they?",
                "BH: At their schools?",
                "BH: Why do you think most Issei and Nisei have been reluctant to talk to their kids and grandkids about their assembly center and camp experiences?",
                "HI: I don't think they liked to talk about things like that. They didn't think of it as history. Then the fact that Japan was their native land, and they felt kind of embarrassed maybe? I don't know, that's my thinking."
            ]
        },
        "segment 11": {
            "Segment Desc": "Reflections",
            "Segment Questions": [
                "BH: What are your feelings about redress?",
                "HI: Well, I think it was too late for our parents. Because our dad was... he died in January, and the redress went through in April or so, wasn't it? April or May? (He had died), so he didn't get it, but my mother did. I don't think it was in time, should have been earlier, or more maybe, to our Issei parents.",
                "BH: Have you ever visited Japan?",
                "BH: Have any of your kids or grandkids learned the language?",
                "BH: Looking back, how did you balance being of Japanese descent while growing up in America?",
                "BH: How do you think their wartime experiences affected your parents?",
                "HI: Oh, I think they took it in stride. What else was there to do? What can you do?",
                "BH: How do you think your life changed because of the war?",
                "BH: What can we learn from what happened to Japanese Americans during World War II?",
                "BH: What are your hopes for your grandchildren and future generations?",
                "BH: What do you see... you've talked about education and being good citizens. Does that kind of sum up what's important in life to you?",
                "BH: What did your parents do after they retired from the farm?",
                "BH: When we talked earlier, during the pre-interview, you talked about some practical classes that you were able to take at Russellville like home ec. and shop. What do you remember about that?",
                "BH: Anything else you'd like to add, any other comments?"
            ]
        }
    }
}