{
    "Narrator_Name": "Hiro Takeuchi",
    "Bio": "Nisei male. Born April 9, 1915, in Troutdale, Oregon. Grew up in several areas in Oregon where parents ran a farm. Started a grocery business before World War II. During the war, removed to the Portland Assembly Center, Oregon, and the Minidoka concentration camp, Idaho. After leaving camp, returned to Oregon and reestablished grocery business.",
    "Title": "Hiro Takeuchi Interview",
    "Interviewer": "Loen Dozono",
    "Location": "",
    "Date": "April 25, 2003",
    "Densho ID": "denshovh-thiro-01",
    "transcript": {
        "segment 1": {
            "Segment Desc": "Family background",
            "Segment Questions": [
                "LD: Yes. Hiro, will you tell us who your father was and where was he from?",
                "LD: How did he come to the U.S.?",
                "LD: How about your mother? How did he meet her?",
                "LD: So was it an arranged marriage with people?",
                "LD: After they were married, where did they live?",
                "LD: In those years, it was difficult for Japanese to purchase property. Were they able to do it, was it in your brother's name? Do you know?"
            ]
        },
        "segment 2": {
            "Segment Desc": "Growing up during the Great Depression",
            "Segment Questions": [
                "LD: How many children were there in your family, and where did you grow up?",
                "LD: So which child were you in the five sons?",
                "LD: And I believe after you were growing up in Troutdale for a while, you moved after that?",
                "LD: While you were in Parkrose, what did your parents do for a living at that time?",
                "LD: How else did Japanese family values affect your childhood about the amount of food you ate? I believe you were talking about rice?",
                "HT: Yeah, I was. Like I said, there were five of us boys, you know. We were pretty healthy eaters, you see. Anyway, my dad would always purchase, in those days the rice would come in a hundred pound sack and they always say, \"I bought another ten sacks, so we'll eat for another year.\" And that was the thing because in those days, economy was really bad. It was Depression. Right at that time when we were growing was really the bottom of the Depression, and that was so many people, the Isseis were having a hard time, the meals were coming from, really, you know. Like Dad would say, we have rice so we'll eat for another year because we ate whatever we raised, you see. We never went out and purchased anything. See, so, I remember Dad used to we were so poor that he would, during the winter months he would go out and borrow money from his friend for ten dollars. Can you imagine ten dollars to live on? And then of course in those days, we charge groceries to the grocery store and charge it. So we would say we'll pay you off when the berry season. And then we pay it up, and then now we have the written charge again. And then here at the fall harvest, the cauliflower or whatever so we're always behind time. But it was Depression. It was a typical family life in those days, yeah, very few was, made a success out of them. [Laughs]",
                "LD: It was a difficult time. Because of the Depression and as you said, five sons in the family, you, was there a time when it was so difficult perhaps you were going to live with someone else?",
                "LD: Back to your visit to Japan, can you remember any experiences having grown up in America, going to Japan? Was it a strange feeling, or did it feel like you belonged there?"
            ]
        },
        "segment 3": {
            "Segment Desc": "Taking over running the household after mother's illness",
            "Segment Questions": [
                "LD: After you returned from Japan, how old were you, and what happened right at that time?",
                "LD: So you started with basketball, and then did you play baseball?"
            ]
        },
        "segment 4": {
            "Segment Desc": "Influence of sports during childhood",
            "Segment Questions": [
                "LD: Who was influential in your baseball years?",
                "HT: Baseball group?",
                "LD: On your team, in the Japanese team, was there someone, was the coach particularly helpful to you?",
                "HT: Yes. He was real nice, good coach too, name of Frank Fukuda, Fukuda-sensei. He was a school, Japanese school teacher also, and he was really into baseball, and he loved to teach golfing, not golfing, baseball and odori. You know, when he was hired, he was hired to teach Japanese, you know. Some of the parents were complaining that that's all, his priority is the baseball and odori, you know. When are my kids going to learn how to speak Japanese? But evidently, he was not ousted, but then he went from Montavilla, came to our, stayed there for a while, and later on, he went to Wapato, yeah. But he was really a good coach. In fact, we had one good period they even took to Nihon. We figured he was good enough to be a pro. It was Joe Okuda, yeah. So we had a good pitcher when he was playing with us, you know. Yeah, so he went to Nihon, and he played there for a couple years, and then he came back to go to California. Of course, we all played. And then like I said, five boys so we played... in fact, Dad was the best supporter in those days, you know. We used to farm, but so in the farm, when we start the games they'd all come, the community come and watch us play every Sunday. And as the season progressed, as you got busy on the farm, one by one, they drop back. But then Dad wasn't until the last one. Dad and the Kato family, they had five boys also, yeah. So we kept playing, so I'll never forget, as I think about that now, I'll never forget Dad because we get up in the berry season, baseball's a priority, yeah. We went to get up, come on, let's get up early and do some work and then go play baseball and come back. So I think we did lose some crops on that. [Laughs] But baseball, it was really nice, yeah.",
                "LD: Did a baseball team ever come from Japan, and what was your memory of that?",
                "LD: Why was it so special to play at Vaughn Street? I would like you to just tell us a little more about that.",
                "LD: Before we leave the subject, are there any other stories about your high school team or your Japanese team that you want to share that you remember about teammates or games?"
            ]
        },
        "segment 5": {
            "Segment Desc": "Running a grocery store at the time the war broke out",
            "Segment Questions": [
                "LD: After high school, when you became eighteen which was considered an adult in those days, what did you do?",
                "HT: What did I do? You know, as we were growing up, the Issei custom was the chonan or the elder son would take over the family, take their assets or the debts, either way, but they would look after the parents, you see. This is where, in the environment that we're raised, you know. Then we have five boys, but then the eldest one would look after the parents. And of course, we were really poor, so, and then everybody used to tell us, the rest of us, go day to day, you go out on your own, and we were all reared on that, you know. So when I got, we graduated high school, the first summer, I left home and went to work for my cousin in South Tacoma. He had a fruit stand, see. So it's not a total stranger for parents to let me go either, and I looked forward going there. That's when I left, you know. And there again like the society of the [inaudible], rumors had it that Hiro, he couldn't get along with his folks. So when he graduated high school, he took off, but that wasn't the case, you know. So I didn't feel whatever they say, you don't feel bad. But in my own heart, I know what I'm doing. I know what the parents are doing, see. So then I worked there for a whole year and then that's when they sold the fruit stand. So I came back, and I stayed on the farm for another year, and then my same cousin Tom and Fred, the two brothers came back... no, Tom is the one that came back, and he started a store, grocery store, so I went to work for him again. So I went to work for him for three years. And then I said, \"Well, Tom, I want to go on my own, so I'm going to quit,\" you know. He says, \"Well, you got a store located?\" I said, \"No, not really.\" But I didn't want to be working and looking for stores. I'll let you know that I was going to retire from your store. He says, \"Oh, why don't you just keep working for me, then I'll help you locate, look for a store?\" So I says, \"Well, that's okay. That's fair enough.\" So I stayed there, and we talked to different salesmen and different people, and it was a whole year before I found a place and decided to go, and this was 32nd and Southeast Hawthorne. And so I went there and then opened up that store. It was about a year and a half when the war broke out. That's when the war broke out again. So again, everybody know the history of the war.",
                "LD: Well, I'd like you to mention the name of the store that you leased. But then, yes, the war broke out, and how did you deal with that? Because you were now leasing a store, what did you, how did you handle the situation?",
                "HT: Well, like I said, the war broke out. So we're there and right away, the evacuation came so I think we had to, well, we all had to, we were all forced to leave. And at that time, Portland and then I think Gresham was two different areas, you know. So I lived in Portland, so we had to get rid of our store because you just had to leave, you know. And at that time, there was about forty of our Japanese grocery store. It was quite a bit in those days, forty. In those days, we had a store, and then we had delivery service, free delivery service. The people would call and deliver, so we all had a van, you know. But then finally, we had to give it up, you know. So one by one, these people would come around and offer to buy your place, and just not even buy, they just want to steal it from you, you know. And so but then what are you going to do? You got to leave within a week or two weeks. So most of them, in fact, they all gave up sold it, whatever the best they could do. And then like I said they had the van, they just threw the van in and it was a sad situation. I was stubborn. It just made me so mad that I didn't even want to sell the place, you know. I'll never forget, Shiz Onishi was working for me at the time and she said, \"You darn people come in here and try to, get out of here.\" She was just in tears, you know. I never gave up. So I finally, I had to close the store, and then I asked the owner if I could lease the place for the duration and he agreed to lease it for me. And then at that time, I was paying fifty dollars a month rent, and he agreed to give it to me for twenty-five dollars, so I said fine. Of course, we didn't know how long it was going to last, but we just took our chances, you know. So I agreed to that, and then I sold whatever thing I could sell. And then the case that wasn't open, I returned it to the wholesalers and got credit there, you see. And this is, so I was, I think I was the only one that never did give up or give it away you might say, you know. So then I moved to my home place out of Troutdale. That was, I think it was probably a week or two later they had to come into assembly center. So I went out there first, and then we were the last ones into the assembly center."
            ]
        },
        "segment 6": {
            "Segment Desc": "Leaving camp temporarily to work on local farms",
            "Segment Questions": [
                "LD: After the assembly center, during those war years, where did you go?",
                "HT: Well, from the assembly center, there again, they needed, or volunteered to go to Tule Lake, open up Tule Lake with the canteens, I guess they call it canteens. It's kind of a grocery store just like 7-Eleven is. It is a small thing, pick-up place, and they want to open that up, and they needed volunteers. So John Ito, he was a grocery man too, he and I, we volunteered to go down there. So we were the last one in assembly center and the first one to leave assembly center and went to Tule Lake. We opened those canteens down there. Of course as you said, the war, they paid you, treat everything, but then they still had a place that you can pick up those things. And how much can you buy when you get paid sixteen dollars a month, nineteen dollars for professional? So I was there for that that, I think we went in there. And that fall, the labor shortage, so people from Eastern Oregon came out to recruit labor on their farm. So there again, I volunteered for that because I couldn't stand being in the camp. But that fall, I volunteered to go and then, but then Mother wasn't that well. But still I volunteered to go out and work in the grocery, I mean canteen, so they gave me a go-away party and everything. But then people start saying, \"How can you leave your mom when she's not feeling well?\" Well, she wasn't feeling good, but nothing that, you know. But when they told me that, well, I had no choice which I did not want to go out, so I didn't go out until next spring. That's when I went out with my brother to a labor shortage, see, and went out to the Shishido family and went to work for them and the harvesting of sugar beets and things.",
                "LD: Where did you do the farming in that area?",
                "HT: Well, like I said, we went to work for the Shishidos. And the following year now, my brother and I, we farmed on our own in Weiser, Weiser, Idaho. That's just across the river from, Snake River on the Idaho side. So we farmed there, brother and I farmed, but we farmed together, I think, two years. And then, let's see, two years, and then during that working time, that's where I met my wife, Mary, and we met her on the same farm that, the farm that originally went out to. So she keeps telling all her friends, she met me on the onion farm, \"Sour man you got.\" [Laughs] That's where we met on that farm, originally. And then so I think it was a couple years later in 1946, we got married. So we went on our own to farm, and we farmed for three years, '46 and as you farm for three years until 1949. And there was kind of a twist there too, you know. At the end of that lease we didn't know what to do because we were doing fairly well on the farm, and then, but I always wanted to be in the grocery business. See, that was my first love so I was thinking about it. But then nothing in Portland that I knew of, you know. But so we just, during that winter we just debated what to do. And then finally, we decided well, since we did fairly well, why don't we just farm another five years. So we told the, the landlord lived in Vancouver, but his brother lived next door, see. So we told his brother, you just tell him that we'll take another five year lease, and he said okay. So that's when we told him we will go lease for another five years. And then we came into Portland for the holidays to see parents. They were here already, see. So we came there for the winter, for a month or so, and then we went back. And when I went back, they told us, \"You don't have the farm. It's already been leased out.\" I said, \"What do you mean, it's been leased out?\" \"Well, like I told you I was going to take it and you were supposed to get in touch with your brother, you know. But they never, the rumor had it that you went to Portland to get a grocery store, so they leased it out, you know.\" It was disgusting, so I told Mary let's pick up and leave. So that's when I came back to Portland, you see. That was that winter of 1949, not winter, the year of '49, 1949. That's how I came back into Portland."
            ]
        },
        "segment 7": {
            "Segment Desc": "Returning home after camp",
            "Segment Questions": [
                "LD: When did you open your store, and did you own it from the beginning?",
                "LD: To clarify, back where you were talking about when you were first came to Portland, I don't know if I misunderstood, did you say you moved into the dry barn?",
                "LD: When did you start raising a family?",
                "HT: Jerry was born in Weiser. He was born in Weiser, and that winter we came in. He was only about six months so we asked the doc, \"Can we go?\" \"Yeah, it's okay, you can go to Portland.\" So he was born there. That was 1948, see, that he was born, and then I came back here in '49. And then my second son was born 1950, yeah, while at the store, so I have the two boys.",
                "LD: Did they help at the store?",
                "LD: Building your own grocery business after the war, were there any particular difficulties or people that you were, were helpful or a problem?"
            ]
        },
        "segment 8": {
            "Segment Desc": "Working to rebuild grocery business after the war",
            "Segment Questions": [
                "LD: Let's go back to Mary a little bit. Can you tell what was her full name, where was her family from, what was she like?",
                "LD: What was her maiden name?",
                "LD: You and Mary worked hard to build the business at the store. I think there was a big tragedy that happened in 1968. Can you tell us what happened?",
                "LD: Can you tell us more about the store? What was its name? How big was it? What did you sell there?",
                "HT: Okay. It was a grocery store, just a general food, groceries, vegetables, food. And the side store was fifty by a hundred, so it wasn't that large, and we were doing okay. Like I said, after what was it, probably couple three years that I made addition to the back of the store, fifteen feet deep, another fifty across the back, you see, and that is fifteen depth, and the width would be another fifty feet. So I built the basement to storage and then the level where you had your back room, and then I built the apartment on top, you see. So we had a little three bedroom apartment on top. That's where I lived until... what did I do after that? Yeah, that's where we lived until we lost the... no. We lived there until, I built a house where I am now in 1964, here, yeah, 1964, but then the fire was on 1968. So we were, we had a good business going, comfortable living, and that's all I cared for. Well, my goal was to have a comfortable living and be in the position to send my kids to school, college, and then that was one of my goal was. I didn't have to have the whole world, you know. But then like I said, I lost the store so we had to decide what to do, you know. We lost so much in the store that we weren't able to rebuild it because I did check right away what it would cost to rebuild it. It costs about one hundred thousand dollars to rebuild it. After nineteen -- we were there nineteen years, so I didn't want to go into debt again after nineteen years. You're free and clear of all your obligations. So we were, just didn't know what to do. And finally, we decided against going back into stores. So we thought we'd lease the place to have some kind of income, you know. So we contacted many different kind of business and a lot of business, you know. But the building was just four walls as it burned down, see, so we have to remodel it, you see. So all the different business come to me, so I go to the bank and ask them can I get forty, fifty thousand dollar loan to remodel this. This company is coming in, and they always turned me down, they always turned me down. But then the second branch, they said, \"Well, here, I'll loan you money,\" he says. I said to myself, I'm not going to gamble on what they're saying. It's not worth it. Why should I personally gamble on it? So it lasted for a couple, not a couple, lasted about a year because I couldn't find anything, you know. One of them was a Mobile Station, Mobile Gas Station, and they came and looked at it, and they loved the place, but it wasn't quite big enough. It wasn't quite big enough, and they talked to us, all Shell Oil, Standard, any business you think of, they came. But then I could never get a loan, so, I could have probably gotten it on my own, but the professional guys are telling me, \"You're taking a risk,\" so I'm not about to do that.",
                "So finally after about six months, I went back to Mobile again, and then it just so happened when I went to them, they had a new manager that came in on the West Coast, a new manager to, he was looking for new locations, and he liked the area. He like the location, so he says, \"Well, I'll apply for you again,\" Mobile headquarters is in New York. So he says, \"I'm going to send this in, see if I can get this location.\" And then luckily enough he came back and says he will take it. So there again now, so I did lease it them on a five-year lease, and they were, that's the land lease. So here I have this building yet, and that building is all burned out, but then it's still worth sixty thousand dollars because they were assessing me taxes on that. Can you imagine? The four walls, it says it's worth sixty thousand dollars, so you know, what can I do? I got to pay tax on that. So what happened, I leased the property to Mobile. In other words, they took down sixty thousand dollar, tore it down, and it's a loss, but I leased it to Mobile. And the way it worked out, they put up the building and everything. So it worked out... the way it worked out was okay because they were to pay the taxes and insurance on the building, tax and insurance. Then that was a five-year lease with an option of five years after that so I was lucky to get that, you see. And then at four five-year terms, I was able to do whatever, twenty years I had Mobile there. And the next one fifth year, they just decided against it because, as you know, they'd gone into this big huge service station, as you know. It's all company owned now. And the time that I leased it, there was a service station on every corner, you might say. And after twenty years I had my own again. It's been quite an experience. In the meantime, I've been unemployed."
            ]
        },
        "segment 9": {
            "Segment Desc": "Organizing senior clubs in retirement",
            "Segment Questions": [
                "LD: Well, it's interesting that unemployed, but you've been very busy. During the years also in the store, were you participating in helping found and establish the Nisei bowling and the golf leagues during that time?",
                "HT: Yeah. I guess, I know I helped the organize the Gresham bowling league. We originally started right there in my backyard, in the Gateway Bowling Alley, see, so I've enjoyed that, and then, I've enjoyed golfing with the Niseis too. But there again, now, see, I live right there right here, of course, alongside the Glendoveer Golf Course when they had the Northwest, I didn't even know about it. I didn't even know about it because I was too busy working, I guess. But later on I was able to join them. And then as we got older, they just said like Jimmy Kita said, \"Why don't you organize a senior club? Why don't you organize a senior club?\" So I says, \"Oh, I'll help,\" you know. Jimmy says, \"Come on Hiro.\" And Jimmy says we'll get another one. He said come on, organize it. So at that time I think Nisei club was about 150 members, so the Nisei club. So as they were getting older, so they wanted to form a senior club, so I says, I did. So finally I called, \"Why don't you come over to my place, and we'll see if we can organize it.\" You know how many people came over? Just eight. Can you imagine just eight people. But still, we were I organized the thing. We drew up bylaws, and then we started I remember like George Toya and Tex and a few others came by and then we organized it, Terry Tambara. So anyway, that's how it got started and that's where we are in the Nisei senior club, you know.",
                "LD: The senior club is now. Let's go back to the original clubs, the bowling and the golf leagues because that was starting something new after the war to start a league for sports just for Nisei. Who helped get that going? How often did you meet?",
                "And then get back to the senior, now just recently why you might say, eight or nine years ago, that we organized the seniors, it's a mixed club, men and women, because we had the senior club and then our spouses are home doing, they're golf widows, I guess. So we says, \"Why don't we organize a club so they can join us?\" you know. So we with our spouses and I'm not sure it had to be man and wife, but it's the mixed, you know. We tried to keep it, it's just a social deal, so we even line up a course out of town just for a day trip, go out, and have a game and have lunch or something, dinner and come back, you know. And so in fact, when we first organized, it was strictly a limited club, thirty-two members because we didn't want any hotshot golfers. We just wanted our own group. [Laughs] But the one is doing real well, and so I think it's been quite a few years now. It's been about six or seven years, so they're enjoying it. ",
                "LD: Does that group have a name?",
                "LD: It's a good thing now you can participate and have the time to do it. But were you also a sponsor for many years for teams?",
                "HT: Yeah. In fact, when I had the store, like I sponsored, this is just local community store. There's little kids that come around, the parents come around and says, \"Will you sponsor my boy's bowling league?\" They're customers, right, so I can't very well say no, you know. If I say no to one, they said the next one will come along. And I ended up, anyway, overall, at one time I had thirteen teams, of course, just little bowling leagues for kids, well, grade school kids and stuff. Of course, in the Nisei league, I did sponsor them too, you know. I did sponsor I think, A and B league. In those days, they used to have A and B league, so we sponsored quite a bit. But another thing, this is something that, my kid was in grade school. They needed a, they had this little league baseball, and I guess they wanted to get a baseball suit, you know. Of course, in those days, they don't have suits, you know. But then they were talking about getting baseball suits and, so what happens, my kid volunteers, \"Oh, my dad will get your suits,\" so it cost me fifteen suits. [Laughs] But one consolation, I'm an honorary member, permanent honorary member of that, the Russellville Grade School Hustlers, but I enjoyed it. That's going back, but I'll never forget that."
            ]
        },
        "segment 10": {
            "Segment Desc": "Description of grandchildren",
            "Segment Questions": [
                "LD: Well, you've had such a long and successful history with sports on your own and sponsoring and different things. With your grandchildren, how have they been able to fulfill your legacy with sports?",
                "LD: What is his name?",
                "LD: And your granddaughter, what is her name?",
                "LD: Well, looking back, I'm sure your grandchildren have learned so many things by watching you and their parents, and just as you look back on your parents at this point and thinking about all we've talked about or the things during your life, is there anything else that you recall special or that you would like to say about growing up?",
                "LD: How about a thought about Mary? How long, how many years were you married?",
                "LD: How did you celebrate your fiftieth?"
            ]
        },
        "segment 11": {
            "Segment Desc": "Wife's passing",
            "Segment Questions": [
                "LD: Is there anything else you'd like to say about Mary about what she did with you in the store, with the kids?",
                "HT: She was a backbone. She was there all the time by my side, yeah, all the time, you know. She was a great help, and she was a good mother, good mother to the kids. But as I say, we sure miss her. But you know, she passed away doing what she loved best, playing golf. Yeah, it's another thing that morning it was the Swingers, it was our mixed club league. Usually, well, another thing is on that club they always wanted me to go out first, so I have to come in and help, do the recording and things. That's fine, I said, you know. But then so Mary and I, we would go together. So I'm always the first one up. I never know when she's going to be, what course she's going to be on. We usually ride, so usually, so I go and get a cart for myself, and then she'd have to wait knowing whether she'd golf with you to wait to see if to get the cart. But that particular morning, we went early and, so I told... I don't know what made me say this, I said, \"Well, Mary why don't you get a cart too, and I'll get a cart. And then when you get a cart, you can practice, you know. And then whoever is going to be your partner, they can pay you,\" you know. Well, that's a good idea, so we both got a cart. So we went out to, not driving range but chip and putt. So like I said, we're early so she'd chip and putt. And then of course, I'm on the first tee. On that particular day, she was on the second foursome so I teed up. \"Good luck,\" she said and then I took off and she followed me on the foursome, you know. And that's where she felt bad on the first, second hole, first, second, second hole. And of course, there were men and women, so she was riding with, I think was Amy and Yosh and Dan was on this side, two foursome. And on her I think it was the second or the third shot Yosh says, \"Watch it Mary,\" you know, and she kind of whiffed a couple, three times. So Yosh told Dan, \"I don't think Mary, that's not Mary. She never quits like that. I'm going to see what happened.\" So Yosh drove over there and asked Mary, \"Don't you feel good?\" \"Yeah, I don't feel good,\" she says, \"so I think I'm going to pick up,\" you know. So, \"Okay, then I'll take you in.\" She said, \"No, that's okay, but I'll ride with you,\" because she was there with the cart. So she went and rode with her and then went down that second hole and kept conversing, you know. And then on the third hole, it's par 3, they're going to try to draw my attention, but then I'd already teed up, you see. She finished the third hole, coming up the fourth hole, up the fourth hole. You're about halfway up, she won't respond. Yosh kept on, she won't respond anymore, so he said, \"Oh, she's probably feel being bad.\" So he drove up there to the green which I was just getting ready to putt, so I told them I'm going to finish up putting first and then I'm going to take Mary in. So, okay. So I finished putting, and then I went to the cart. \"Well, how do you feel?\" you know. Well, before she answered she said, \"Well, she's not feeling, so you better get a doctor, you better call 911, you better do this.\" In the meantime, I put my bag on the cart, and then so I drove to the parking lot and get her in the car. So I said, \"Come on Mary, let's go.\" I talked to her to go in, and she just didn't respond. Oh, this gal is sick, so I just carried her, put her on the seat and then I just drove her emergency to the hospital. Our doctor lived in between the golf course. I don't know what made me take her directly to the... so I just drove fast as I could to the emergency, and then it was only three or four minutes, it was close. And I went there and here comes a couple doctors and nurses or whatever. Then they asked me what's her name. I said her name is Mary. \"So how do you feel, Mary?\" and no response, so they took her in. And I go in the waiting room, wait and wait and nobody comes back. The nurse go back and forth. I said, \"Well, how she's doing?\" The nurse finally says -- this is about half an hour later -- she says, \"Well, you better check with the doctor.\" And the doctor came out about an hour later and says, \"Well, she's not doing too well.\" They had to do something, but some kind of treatment to check her but they didn't have that, so they had to take her to Providence, you know. Providence didn't have it either. They said, \"We don't have room or the doctors.\" What do you mean? We got a lady that's really sick, you know. So they finally they took her down there. But she never recovered, she never recovered. But I kept thinking, as I think back now, at least she passed on doing what she loved best, you know. But it's been what, almost two years now, two months next month. But we had a good life and good kids, you know. ",
                "LD: Any last things you want to say?"
            ]
        },
        "segment 12": {
            "Segment Desc": "Description of prewar family farm",
            "Segment Questions": [
                "LD: Did other people work on the farm when you were growing up other than your family?",
                "LD: What specific crops did you raise?",
                "LD: Well, in those days, how did you get groceries?",
                "LD: Did you have a refrigerator?",
                "HT: What?",
                "HT: I thought that's what you said. I thought that's what you said. What is that they were saying? No, they never had one, never had one until way later and way later, I don't know, what I mean later was just probably before the war. They first came out with this refrigerator. They didn't come out with the refrigerator. General Electric came out, so the people would go, they start buying those. That was the biggest investment. That's when they started buying the refrigerators. General Electric, I don't know how big it was, but it's all small. Up until then, we never had any. I don't think most of, we didn't, but I don't know if they had any ice boxes and such. So we just --",
                "LD: You didn't have an ice box?",
                "LD: What about meat and milk?",
                "HT: Well, we didn't have... most, well, I shouldn't say most of them, but the Japanese, they don't use milk. We didn't have milk. There again, when you talk about milk, the only time we had milk was when Mother had her third child, my brother Shig, you know. She didn't have milk, and so we had to get milk. There again, like you said, milk so what happens? We went out and purchased a cow. Can you imagine milk from a cow, and Mother milked the cow. I can't believe, I can't, to this day, I can't believe my mom milking a cow, but that's okay. As your necessity, you do these things but that's how we got milk. But then I shouldn't speak, I shouldn't speak for everybody. I don't care for milk myself. None of my family drink milk, but that's how we got that milk, you see. And that's the way you probably got it, you see. Even the water, we were the only one that had water on, according to our neighborhood. They all came to our place to have, get water. The well wasn't that available, you know. We have water, and the neighbor came to get the water.",
                "LD: How did they get water? Was it filling up buckets or --"
            ]
        },
        "segment 13": {
            "Segment Desc": "Memories of childhood: learning to drive",
            "Segment Questions": [
                "LD: What about the grade school you attended when you were in Parkrose? What was the name and how far did you live from school?",
                "LD: What about a car? What year did your family first get a car?",
                "LD: How did you get it started?",
                "HT: Well, the only way, they had the regular cranks in the front, you see, so you had to be careful too because you crank it, you hold the crank and then you put your hand, okay, I'll show you. It's like this. There's a crank like that. You hold your thumb, the back part, so you break your thumb, you see, so used to hold the thumbs, so it won't give it a chance to slip off, you see. You know, you can't, it will reverse on you, and that's the way to do it and break your thumb off and sprain it anyway. A lot of times it's hard to start those things too. But then again, like I said, and then when we moved to, that was Parkrose, we moved back home on the farm in Troutdale, we had this car, same Ford. But then one sailor came along one time a was going to sell us a Ford Touring, you know. There again, very, most of them didn't have a Touring, but then here, we had five kids riding around in back of this truck, you know. So we told, \"Dad did you buy this car?\" We'll never ask for another car. It was only forty dollars, and we purchased that. We had that for some time. And then of course, we bought cars later on, Grand Prix, you know. I still remember the Grand. That was one of the early models that was so-called streamline model, you see, and it was real nice. I still remember we took that trip to California to see my aunt and so we went there. And then from Fresno, we want to go to L.A. and this cousin of mine said, \"I'll drive,\" and so we said, \"Okay, you go ahead and drive.\" It was raining that morning, and what does he do? He turns the car over. I'll never forget that. It was a brand new car. Grand was really going a pretty good speed so but we're lucky he didn't get hurt. \"Now you take over,\" he says. [Laughs]",
                "LD: Well, growing up on a farm and with the car, how old were you when you first drove?",
                "LD: During the days of Prohibition, it was interesting for everyone. Do you have any other special stories?",
                "HT: [Laughs] Yeah, I've got some stories about that too. Like on the farm in the Parkrose, Dad used to go to Multnomah Hotel. They used to have these the garbage stuff that they get to get rid of so we used to, Dad used to pick up those about once a week, you know. It was food that they were getting rid of. And so to get rid of it, so we'd start, we raised some hogs for just for raising them, you see. So anyway, that's for food and then they would bring 'em back and put it in the containers, you know. But anyway, during that time, one time, we were making some booze too which we shouldn't, but we were doing it. And they heard that they were going to be coming out here checking out so we got scared. So Dad, they took that sake which we're making in a crock. He'd dump it into that food and fed it to the hogs. I'll never forget those hogs. They were rolled all over the pen. [Laughs] Can you imagine? They had a good party, but those were the Prohibition days."
            ]
        },
        "segment 14": {
            "Segment Desc": "Childhood heroes",
            "Segment Questions": [
                "LD: How about a radio? Did you listen to the radio?",
                "LD: So you looked up to Don Sugai, and how about other heroes? Who do you recall being heroes that you would look up to when you were young?",
                "LD: Outside of the Japanese community, were there other American heroes in sports or war or whatever, the military?",
                "LD: Why did you look up to Don Yates? What was the story behind that?",
                "LD: Was he a fellow store owner?"
            ]
        },
        "segment 15": {
            "Segment Desc": "Preparing for mass removal",
            "Segment Questions": [
                "LD: I'd like to know how it was that you heard about war starting in December of 1941. How did you receive the news?",
                "LD: How much time did you have to prepare for leaving your store, for getting rid of everything you needed to?",
                "LD: Would you read us some of the notes that you received from customers?"
            ]
        }
    }
}