{
    "Narrator_Name": "Hy Shishino",
    "Bio": "Nisei male. Born June 25, 1924, in Los Angeles, California. Grew up in the Los Angeles area where parents owned a flower shop. During World War II removed to the Santa Anita Assembly Center, California, and the Gila River concentration camp, Arizona. Left camp and worked in Minneapolis, Minnesota, for several years before returning to Los Angeles.",
    "Title": "Hy Shishino Interview",
    "Interviewer": "Sharon Yamato",
    "Location": "Cerritos, California",
    "Date": "January 31, 2012",
    "Densho ID": "denshovh-shy-01",
    "transcript": {
        "segment 1": {
            "Segment Desc": "Parents' family backgrounds",
            "Segment Questions": [
                "SY: Okay, today is January 31, 2012. We're in the home of Hy and Mitsi Shishino, and we're talking to Hy Shishino; Mitsi's here in the room. It's, we're in Cerritos, California. My name is Sharon Yamato, and Tani Ikeda is on camera. So Hy, can we start with you giving us your full name and date and place you were born?",
                "SY: And did you have a middle name, or was it just Hayao?",
                "HS: No, just Hayao. And teachers couldn't pronounce it; one of 'em called me Heso. You know what heso means? [Laughs] Bellybutton.",
                "SY: [Laughs] So that, Hy has stuck ever since?",
                "SY: So your parents were from what part of Japan?",
                "SY: And both your mother and father were from Kagoshima?",
                "SY: Really? And your, is that what your mother and father spoke?",
                "SY: Is that true to today?",
                "SY: So what did your father do in Kagoshima?",
                "SY: And do you know why he decided to come to America?",
                "HS: About that time, the samurai, there was no jobs for them once peace was declared and Japan was unified, and so most all the young people at the time, they had nothing to look forward to. So my father came, was it 1900? No... 1910? I forget which one of 'em. He came when he was nineteen years old, he came to America first.",
                "SY: And did he have brothers and sisters in Japan?",
                "SY: So you didn't know your grandparents, then, his parents?",
                "SY: But as far as you know, you didn't have a personal relationship with any aunts, uncles in Kagoshima?",
                "SY: Really? So you didn't speak Japanese when you were young?"
            ]
        },
        "segment 2": {
            "Segment Desc": "Parents' early life in the U.S.",
            "Segment Questions": [
                "SY: And how did your father meet your mom, your mother?",
                "SY: And did he, did they marry before your father came to this country? Well, he couldn't have 'cause he was so young.",
                "SY: So she came, do you know when she came to this country?",
                "SY: And by then your father was, what was he doing in the United States?",
                "SY: So he came directly to California?",
                "SY: And so he worked primarily, it sounds like he was a farmer, but then somehow he became, he started doing gardening work, before the war?",
                "SY: In Los Angeles?",
                "SY: But you know why your dad picked this area in between?",
                "SY: So the florist shop was in the area in between these two, so he didn't have Japanese clientele mainly?",
                "SY: And can you tell us what order your family, where you are in your family and who your brothers, if you had brothers and sisters?",
                "SY: And your older brother was named John?",
                "SY: And so did he give himself that name, John, English, an American name?"
            ]
        },
        "segment 3": {
            "Segment Desc": "Childhood memories",
            "Segment Questions": [
                "SY: So when your parents came to the United States, then they learned English?",
                "SY: And you spoke Japanese at home, then?",
                "SY: So you, so did you feel sort of that you had a problem communicating with your parents? I mean, was it --",
                "SY: Right. So where, what are your earliest memories of your childhood, then? Was it, was it growing up in the flower shop?"
            ]
        },
        "segment 4": {
            "Segment Desc": "Attending school",
            "Segment Questions": [
                "SY: And you, and so by the time you started school you, I assume -- so what was the elementary school you went to?",
                "SY: And all, no other Japanese were in this school?",
                "SY: And there was no Japanese school nearby, so you never went to Japanese school?",
                "SY: So, but the Japanese school was really mostly people from the Uptown area then?",
                "SY: So do you remember feeling a little different because you were Japanese? ",
                "SY: And did you have close friends that were Jewish, or did you mainly stay to yourself, your family?"
            ]
        },
        "segment 5": {
            "Segment Desc": "Memories of high school",
            "Segment Questions": [
                "SY: So you're talking about how many, how many Nisei, then, were there at L.A. High, do you think, roughly?",
                "SY: And your class was how big?",
                "SY: So socially, did you get together with all the Nisei kids?",
                "SY: What is, what was the Nisei Athletic Union?",
                "HS: It was started by, what's the Rafu Shimpo publisher at that time? He started the Nisei Athletic Union and singlehandedly he started the league, and then there was a Double A team where, the good players, and there was an A team, and then there was a... B? I don't think they ever called it a B, but was Double A...",
                "SY: So you played other Nisei kids throughout the city?",
                "SY: Like, for instance, what were some of the areas that had teams?",
                "SY: So you were a pretty good athlete, then, in high school?"
            ]
        },
        "segment 6": {
            "Segment Desc": "High school principal withholds diplomas of Japanese American students",
            "Segment Questions": [
                "SY: And you graduated high school before the war?",
                "HS: Not really. Technically... when was it? April 29th is when we had to go to camp, so April 28th, I checked out of school. And then -- a little shy of graduation -- but when I was checking out, I never forgot it, but the principal's name was Paul Webb, and he saw me at the attendance desk. He called me in his office, and then he sat me down, and then he pointed his finger and he says, \"I don't think you kids deserve your diplomas, so I'm not givin' 'em to you.\" And he kept his word. And I never said anything about it, but in 1967, the twenty-fifth reunion, my good friend Toru Iura called and says, \"Hey, you coming to our,\" what was it, '67, our fifteen year... it was twenty-five years, 1967 from 1942. But so he said, \"Are you coming to the reunion?\" I says... [laughs].",
                "HS: -- I says, \"No.\" I says, \"Because officially we're not on the graduation list,\" 'cause I called the board of education secretary and, when I came up, and I said, twelve of the names I remembered in my class, so I called her up and I said, \"Are these names on the Summer '42 graduation thing?\" He said, says, \"No, they're not.\" And so I says, well, to heck with it. We're not, still not officially... I think 1977, Toru called me again, he says, \"Are you coming?\" And Toru, at '67 he went to the principal, and I've never forgotten, Norm Schechter was a, he used to be a referee for the Ram games, but he was one of these fair-minded persons, but he said, \"I'll take care of it.\" So I got a diploma saying in 1967 class. But I said, that doesn't mean anything to me. And so Toru says, \"Hard head.\" [Laughs] So it wasn't until 1987, I think it was, when Warren Furutani was elected to school board, I get another call from Toru and he said, \"Hy,\" he said, \"I'm tired of hearing you say you never got a diploma,\" 'cause his family went to Colorado. They, three families rented a boxcar and put all their possessions in there, so Toru left in April. So anyway, what happened was Warren, I wrote him a letter 'cause Toru kept buggin' me, and then, then I did write to him and then Jackie Goldberg was the president of the school board at the time, so Warren says, \"I got this letter from Mr. Shishino.\" And she looked at that, she said, \"That's terrible,\" and so she got the board to bring it up, and they voted to have a special graduation for us. So I forget, what was it, October or something? I forget, it was '97 or, '87 or '88, but anyway, they had a special graduation ceremony. There was two hundred people. It was, two cinematographers from Japan came. Channels Two, Four, Seven, Nine, and Thirteen, I think they came. And so that night it was on different channels at nine o'clock.",
                "SY: So it was two hundred people graduating?"
            ]
        },
        "segment 7": {
            "Segment Desc": "Hearing about the bombing of Pearl Harbor",
            "Segment Questions": [
                "SY: So going back to that, that time during high school, this, I assume this principal called you in after Pearl Harbor, right? It was after Pearl Harbor that he called you in and said you aren't getting a diploma?",
                "SY: Teachers never said anything either?",
                "SY: Do you remember where you were when you heard about Pearl Harbor, the Sunday before?",
                "SY: So your parents, do you remember your, the reaction of your family?",
                "SY: And your, your mother, do you remember her reaction?",
                "SY: And you remember how you felt?",
                "SY: So when did it finally hit you, that this was happening?"
            ]
        },
        "segment 8": {
            "Segment Desc": "Coping with restrictions after the bombing of Pearl Harbor",
            "Segment Questions": [
                "SY: So how did that affect you as a high school student? Did you have to stop all your activities?",
                "SY: Did you remember that, that period of time very clearly? Do you remember being at home, staying inside?",
                "SY: Do you remember that at the time, or is that things that you learned afterwards?",
                "SY: So you would read about it. Your family would read about these things. And so your father read the paper every day, then?",
                "SY: So did it affect his business when the, Pearl Harbor happened?",
                "SY: And do you remember much about that period where you had to, after you found out you were going to be evacuated, what you had to do?",
                "SY: Was he leasing that, he must have been leasing that property that, the florist and the house?",
                "SY: And you didn't have a suitcase. How did you, did you, how, what did you, do you remember what you decided to take when you left for camp?"
            ]
        },
        "segment 9": {
            "Segment Desc": "Younger sister's illness and passing",
            "Segment Questions": [
                "SY: And how about your younger sister and brother? They, they...",
                "SY: So when your sister died, was that, was she given good care? Was she taken... I mean, was the medical care then good for her? ",
                "SY: How about the doctor care? Your sister must've spent time --",
                "SY: And how long was your sister ill before she passed away?",
                "SY: You were how old when she passed away?"
            ]
        },
        "segment 10": {
            "Segment Desc": "Preparing for mass removal",
            "Segment Questions": [
                "SY: It wasn't a suitcase?",
                "SY: And then what happened to things that you did not pack? Do you remember the things that you had to leave behind?",
                "SY: And is that the Yamaguchi family that was in charge of St. Mary's? Wasn't --",
                "SY: But you didn't, when you were young, you didn't go to church there?",
                "SY: But that, but the church was a, was not affiliated with St. Mary's?"
            ]
        },
        "segment 11": {
            "Segment Desc": "First impressions of the Santa Anita Assembly Center",
            "Segment Questions": [
                "SY: So backing up to when you went, got, by the time you got to St. Mary's and everybody gathered there, what happened after that? ",
                "SY: And do you remember how you, what your first impression of Santa Anita was?",
                "SY: And the people in the stables, they had their own mess hall?",
                "SY: And the barracks that you were in was built, were built specifically for you?",
                "SY: And what kind of things did you do in, at Santa Anita?",
                "SY: But didn't they, you said that they were leaving for Amache, your friends that were playing. Were they, some going to camp while you were still at Santa Anita?",
                "SY: So you, did you know where you, who was leaving? Did you have an idea beforehand?",
                "SY: And you had no idea where they were going?"
            ]
        },
        "segment 12": {
            "Segment Desc": "Daily life in camp",
            "Segment Questions": [
                "SY: So back to what you were doing in Santa Anita before all this started -- how long were you there in Santa Anita?",
                "SY: And you don't know why you were so late in leaving?",
                "SY: So when you, again, getting back to what you did for those six months, did you work at all?",
                "SY: And did you get paid for that?",
                "SY: And your parents, did they, did your father work while he was in Santa Anita?",
                "SY: Do you remember him, how he was feeling, being treated like this? Was he, did he show --",
                "SY: Wow. And so when you, so the six months, did it go pretty fast, or was it a, did it seem like a long time before you were asked to leave?",
                "SY: It was different, huh? So when you ended up leaving, you had no idea how long the trip was gonna be, where you were going?",
                "SY: This was at Santa Anita?",
                "HS: Yeah, at Santa Anita, and it was a one year contract, but it was piecework. And so it was forty-five foot square nets, and so you had a forty-five foot thing and it'd come down and then you start weaving burlap, these little three inch wide, thirty-six inches long, and you wove that in the nets. And we all did piecework, so we finished the contract in five months. Then so, what, from January to May it was, and so when everybody else was getting' twelve dollars a month we did piecework, and I think I got, ninety dollars I made in five months, so I got four hundred and fifty bucks in the bank. And so when camouflage closed in June, why, six of the kids in our block were saying, \"We're not gonna rot in camp,\" so we, they gave you, if you took a job... people in the office there, they had job openings. People were looking for laborers during wartime. So anyway, June 7th, why, some of the guys said, \"We're gonna leave camp.\" So he says, \"Why don't you just come along, take a look?\" So I just went and signed up, and I didn't know what it was. I just says, \"Okay, I'm leaving camp.\" And six of us, well, it was a summer resort job in Detroit Lakes, Minnesota, and it was a summer resort job and so I actually, the summer resort, they had hired fifteen from camp and six of the boys were from our block. And so I signed up to work in the kitchen. Never had any experience except mess hall, but so one of the guys that happened on the truck that was leaving was a boy from Santa Maria. Turned out that my father knew his family and he used to go up to Santa Maria to take flowers every time some people from Kagoshima would pass away or get married. But anyway, so he saw Tok and he told, introduced and says, \"I want you to take care of each other.\" And so Tok and I took the job on this summer resort. We worked together."
            ]
        },
        "segment 13": {
            "Segment Desc": "The trip by train to Gila River",
            "Segment Questions": [
                "SY: So you were, how long were you at Gila?",
                "SY: Let's talk a little bit about getting from Santa Anita to Gila, so what was, you remember that experience?",
                "SY: What happened on the train when you went from Santa Anita to Gila? Can you tell us what that experience was like?",
                "SY: So was the, that sort of typical of the way the army treated you, or was it just a few people?",
                "SY: How did you hear this story?"
            ]
        },
        "segment 14": {
            "Segment Desc": "Living conditions at Gila River",
            "Segment Questions": [
                "SY: And do you remember settling, where you ended up being taken to at, what barracks and all that, when you arrived at Gila? ",
                "SY: And it was still the family, your family of five?",
                "SY: All in one room?",
                "SY: And you remember, and you had the neighbors around you, the same neighbors that you had at Santa Anita?",
                "SY: So did it feel like it was an improvement over Santa Anita?",
                "SY: But, and how about the bathroom facilities and all that? Were they an improvement by the time you got to Santa Anita? I mean, I'm sorry, I mean to Gila."
            ]
        },
        "segment 15": {
            "Segment Desc": "Participating in sports in camp",
            "Segment Questions": [
                "SY: And how old was he?",
                "SY: So he was older. And he had, did all the kids play there?",
                "SY: And was he like a coach too?",
                "SY: So you played, you just played one game? Was that at Gila River, or did you --",
                "HS: Oh yeah, he's famous -- even afterward, in Phoenix they named a park after him. It's called Nozomi Park, I think, but it's Nozomi, Zenimura Field. And the city of, this little, I forget what town... Chandler? They knew what, actually, I think it was Chandler High School had an all-star high school team, and so Zenimura formed this all-star Gila team, and it went into twelve innings, I think. It was tied at ten-nine. And anyway, the Gila team beat the Chandler all-stars, and so that's written up in our history of Gila. And then I think they went to Heart Mountain too, and played against the Heart Mountain team. I don't know how they got permission to take the team out of camp and go to Heart Mountain and come back to camp again, but...",
                "SY: But how about in camp? Were you more social? Did you go to the dances?",
                "SY: But for the most part, what, there wasn't a big social life among the guys and the girls?"
            ]
        },
        "segment 16": {
            "Segment Desc": "Working in the camp's mess hall",
            "Segment Questions": [
                "SY: So what else did you do at Gila, besides... did you have, did you work there? Did you get a job at Gila?",
                "SY: So when you, when you worked in the mess hall, was that like, how, was that a full time job?",
                "SY: Nice. So what, and the food, you didn't mind the food at all while you were in camp?",
                "HS: No, but Thursday night was the worst in Santa Anita 'cause every Thursday night they used to serve mutton stew, and you could smell it, like especially in the barracks area, and we were right near the stables. But when they cooked lamb, mutton stew, it smelled like soap, and you could smell. Well, every Thursday night the latrines were, everybody got diarrhea, and there was a line, and the cesspools overflowed. At twelve o'clock at night on Thursday night I could hear, they had to empty the cesspools every Thursday night. Trucks would be going around at midnight and you could hear 'em. But so none of us liked mutton stew. I mean, so a lot of people just carried that over to lamb, so people that were in Santa Anita that had to eat the mutton stew, a lot of people probably still have an aversion to lamb. It was a long time before I ordered lamb chops in a restaurant. But I was kind of forced to eat lamb chops when I got to work in the Radisson Hotel. The cook cooked us a bunch of lamb chops for breakfast. Or was it for lunch? Eleven o'clock, all the kitchen used to sit down and all of us used to have lunch. All the, behind the stoves they'd set up two tables and then all of us would sit down, have lunch together.",
                "SY: So you enjoyed the cooking? Is that something that you kind of took to right away?"
            ]
        },
        "segment 17": {
            "Segment Desc": "Leaving camp for Minnesota",
            "Segment Questions": [
                "SY: So how did your parents feel when you told them that you were gonna leave to go to Minnesota?",
                "SY: And your brother, was he, did he stay in camp when you left? Your older brother.",
                "HS: Yeah, he worked in... in Gila what did he do? I don't really remember too much what he did, 'cause I never saw him that much. I was with my friends.",
                "SY: So you were the first to leave in the family?",
                "SY: Did you know where Minnesota was?",
                "HS: Pardon?",
                "SY: Did you know where Minnesota was?",
                "SY: So when you first got there, were you concerned that there was gonna be a hard time getting a job because you were Japanese?"
            ]
        },
        "segment 18": {
            "Segment Desc": "Exposure to religion in Minnesota",
            "Segment Questions": [
                "SY: And do you remember any negative reaction from people in Minnesota when you arrived?",
                "HS: No. What the chef did after we left, he put a note up on the board, bulletin board, and it said, \"I've just hired three boys of Japanese ancestry.\" Says, \"If anybody has any comments, come to my office.\" And the first one that he talked to was a fellow named Dan Schouf. He was a big, two hundred fifty pound German, very gentle person, but very religious, and he was a baker's assistant. But when he came up to the kitchen and saw that, the chef asked him, \"What do you think?\" He says, \"It doesn't matter what nationality they are. They're people. It's whether they're good or bad workers. That's the criteria.\" And so when Tok was, we all used to eat together, but when Dan and Tok were talking, Tok was, had a girlfriend who was very, she was five years older than him, but the two got along. They worked in the hospital in Gila and they fell in love, and so when Dan invited Tok, he said, \"Do you want to come to church with us?\" 'Cause he was a very devout Missouri Synod Lutheran, and the church was on the outskirts of Minneapolis. And anyway, well, Tok jumped at the chance because his girlfriend said, \"I won't marry you unless you become a Christian.\" And so as soon as he left camp that was his first thought, that he was gonna become a Christian and then get engaged. So Tok says, \"Dan invited me to church, but I don't want to go alone.\" He says, \"Will you come with me?\" And so I said sure. ",
                "And so this, we took a streetcar and it stopped right on the outskirts of town. It was called Edina, Minnesota. Anyway, the church was right across the tracks, and the pastor's house was next door. Well, the pastor was a young minister. He was twenty-eight years old and that was his first calling. It was a little church with a hundred fifty people. But I never forgot, the pastor's name was Harold Schweigert, and anyway, Dan took us, so we started going pretty regular. And so then when Pastor Schweigert, we got to know him a little better, why then, he asked if we would take catechism lessons and find out what Missouri Synod's all about, so he would come either in evenings or on our time off, he came to our hotel room. And so Tok and I would take catechism lessons, and so then I don't know how many months later, why, then he asked us if we wanted to be baptized and confirmed in the Lutheran Church. Well, we both jumped at it, so Tok and I were the first Niseis to become Lutherans in that church, or even in Minneapolis, as far as I know, 'cause I don't know any other Japanese in there. But anyway, Pastor Schweigert's nephew or something was in, taking, becoming a minister in St. Louis where a seminary is, but anyway, Pastor Schweigert wrote to him, and so he says, \"You got two Niseis first thing?\" Well, his name was Burt Schreiver, but anyway, he was, his best friend was a Nisei named George Shibata, and he was studying to become a Lutheran minister, so they both jumped at it, and so they followed us up. And we're in the history books in St. Louis where the main headquarters of the Missouri Synod Church is, is how we were the first in Minneapolis to become Lutherans.",
                "SY: That's a great story. So you, are you still, so you stayed practicing?",
                "SY: What was Dan's last name?"
            ]
        },
        "segment 19": {
            "Segment Desc": "Reuniting with family in Minnesota",
            "Segment Questions": [
                "SY: That was your older brother?",
                "SY: And that's when they were, they were slowly letting people out of camp?",
                "SY: So you didn't see much of them even though they were in the city?",
                "SY: So he, they, did they decide to settle there? Or what happened, actually, with your parents?",
                "SY: And that was, do you remember the year? Was that '45?",
                "SY: Was, so did he leave right after you left camp?",
                "SY: So were the three sons all eligible for the draft? Were you, when you were in, when you were in camp, were all three of you...",
                "SY: So you don't know if he had to sign the questionnaire or what happened with that?"
            ]
        },
        "segment 20": {
            "Segment Desc": "Being drafted and father's illness",
            "Segment Questions": [
                "SY: And you left camp, so that, did that, did they follow you with a questionnaire? Did you ever have to sign a questionnaire?",
                "SY: Was it when you were in Minnesota?",
                "HS: I got drafted in January 3rd of 1946, but the same day that I was, I went to the draft board and then I was inducted. When I went for my physical, right away they said, \"Okay, we don't...\" I had flat feet and my eyes, so I was 4-C, 4-A, limited service. So I, they didn't need me. But finally in January 3, 1946, when I went for a physical then, they said, \"Okay, you're in.\" Says, \"Your liabilities won't affect your service in the army.\" So I was drafted on January 3, 1946, but that same day my dad went to the hospital. He had pleurisy and then he smoked so much that they found out his lungs were just filled with nicotine, and so he went to Glen Lake Hospital about twenty miles out of time. But then Arky, the flower, one of the partners, when he got the report, he said, \"Hy,\" he says, \"Can you take it?\" And I says, \"Well, tell me what's wrong.\" He says, \"Your dad'll never come out of that hospital alive. His lungs are so full of nicotine.\" So I just knew it was a matter of time. I think it was about two and a half months he was there.",
                "SY: Did he, did he get treated at all during camp, for his, for anything having to do with his lungs?",
                "SY: So how did that affect you, as far as what you were gonna do with your life?",
                "SY: He was in Minneapolis at the time that your dad died too?",
                "SY: And he was in high school then?"
            ]
        },
        "segment 21": {
            "Segment Desc": "Purchasing a home in Minneapolis",
            "Segment Questions": [
                "SY: And where was your older brother then, when your dad died?",
                "HS: Well, what happened was I'd saved up camouflage money, so I had four hundred fifty bucks when I, which is a lot of money, and I'd saved it. And then working about a year and a half in Minneapolis, I didn't spend any money because six days a week I was gettin' my breakfast, lunch and dinner, so Sunday is the only time I spent for breakfast and dinner and didn't eat that much lunch. But I'd saved up fifteen hundred dollars, so when my roommate went back to camp he and -- Suk -- another buddy named Kaz Miura, they both went back the same time because they were getting drafted, and so they said -- since I worked six days a week, eight to five, I could never bank, so all my money I put in Suk's account. And so Suk was, good thing he was so honest, when he was leaving for the army he handed me the bank book and said, \"This is your money.\" And so I had fifteen hundred dollars, so he knew, so when he went back to camp before being inducted in the army, my dad first thing, he asked Suk and Kaz is, \"How's Hy doing?\" And so he says, \"He's doing better than all of us.\" Says, \"He's got fifteen hundred dollars. None of us got hardly anything saved.\" And so my dad knew that I had the fifteen hundred dollars. As soon as he comes to Minneapolis, he waited a while then he said, \"Let's buy a house.\" [Laughs] And the fifteen hundred dollars was a down payment on a house, and the house was four thousand dollars. So I thought, I wonder how people could... but I bought a little two story house, has three bedrooms and one bath, and so one bedroom was pretty large and so there's a smaller bedroom and then, there's two smaller bedrooms. ",
                "SY: So all of you lived in this house? You lived there too?",
                "SY: And your older brother came to Minneapolis after that?",
                "HS: He came, he came in March or April. I think it was March. But then the family got together the first time at the end of March, I think. And then June 21st, 25th was my birthday, but this Dan Schouf had a bunch of friends over and they were celebrating a birthday at my house. And so then it was pretty hot and so Pastor Schweigert happened to be there and so some of the, couple of friends said, \"Let's go swimming in Lake Calhoun.\" And so my brother just got off work a little before three o'clock, and he said, \"Wait, wait, I want to come too.\" And so then Pastor Schweigert took us to the lake. There was Dan and Ann, Ann came. I don't remember if Dan came, but anyway, she was sitting on the beach in the sand there, so she was watching. My brother went into the lake straight and I went up to here [indicates chest level], then I swam sideways, and then I'm not a strong swimmer, so I swam about ten, fifteen feet and I tried to stand up. I couldn't touch bottom, so then I swam back. As soon as I touch bottom, Ann said, \"Where's Johnny? Where's Johnny? I don't seem him.\" Well, as soon as he hit, going toward the lake, about fifteen feet out, there's a forty-five foot drop off, and that lake is frozen over in the wintertime, so when he hit that drop off it's like ice. He got a cramp and went straight down without a sound. Not even five minutes after we hit the beach. And they didn't find him 'til the next morning. They had grappling hooks and it was forty-five foot long when it caught the bottom, brought him up. But my dad said, \"Let's go to the lake,\" and I said no. I refused, says, \"I don't want to see him when he comes up,\" I says, \"because that'll haunt me the rest of my life.\" So I didn't want to, that's the one thing I didn't want to see.",
                "SY: And your mom and dad were not there when it happened?",
                "SY: So your, you really, then, became the eldest son at that point, so you had to take, did it feel like you assumed more responsibility?"
            ]
        },
        "segment 22": {
            "Segment Desc": "Father's passing",
            "Segment Questions": [
                "SY: So your, but your, so how much longer after that did your dad get sick? Was it a few years later that your dad became sick, or was it just very shortly after that?",
                "SY: That's, must've been a tough time for you, huh?",
                "SY: So you got, you got drafted when your dad went into the hospital?",
                "SY: So you were told to report?",
                "HS: So I told the chaplain, I says, \"Hey,\" says, \"I'm the sole supporter of the family.\" And so the chaplain says, \"Well, there's a right way and the army way.\" But so he put in an application for a dependency discharge. Well, a little later -- but what he did is he asked for a stay of deportation so that I would stay in Minneapolis. And so I think it was a one month, but what happened was some adjutant saw the request and said request denied, so the chaplain looked at that and said, \"That man had no authority to do that.\" He says, \"He broke army regulation. It's supposed to go before a board of review.\" But he says, \"That is the ticket to your freedom automatically, really.\" But he says, \"There's a right way and the army way,\" so he says, \"No, what you have to do is apply for immediate transfer to basic training.\" So I did, and then February I think, I went to Shepherd Field in Texas as part of the Air Corps. And so then went to the chaplain told 'em what happened and so then he sent in my request, and I don't know... then he said, \"Oh, you need more affidavits, so you got to get an affidavit from your mother, your father, your brother, and then two friends.\" And then he came back again and said, \"Oh, there's something else,\" so between the back and forth letters and everything, snail mail, no computer in those days... [laughs]. But anyway, I think when I finally got permission, I think it was sometime in March, and then I got, says, \"Okay, you're going home.\" But they sent me from Fort Snelling down to, what was it?",
                "SY: So your dad passed while you were in Los Angeles?",
                "SY: He told you that, huh?",
                "HS: Yeah, he told me that. And then I wrote to, there was one friend, Issei friend in Philadelphia, and so for some reason he wrote letters, but anyway, I sent him a telegram saying, \"Dad's dying.\" And as soon as he got the telegram he telegrammed back, he says, \"I'm on my way,\" says, \"I have to see my friend before he dies.\" And so that evening when I went back to the hospital, I tell him, \"Koma-san coming from Philadelphia.\" He says, \"Okay. I'll stay, I'll stay alive another day,\" he said. And so he came, and then he passed away while Koma-san was there. Yeah, Koma-san stayed a few days extra for the funeral, then he went back to Philadelphia. But I don't know what my dad did for him, but when sometime he had financial difficulty or something, and my thought was that the Isseis had this tanomoshi club -- anyway, twenty of 'em would each put ten dollars a month, then whoever wanted to borrow among the twenty -- but I think when Koma-san had a problem or something my dad got the group to loan him the couple hundred dollars. I think Koma-san never forgot that. But he always said, so I asked my dad, I said, \"What did you do that Koma-san feels so indebted to you?\" He said, \"Oh, it was just a minor thing.\" But to Koma-san, he never forgot it.",
                "SY: So he ended up having a Buddhist funeral by an Episcopalian? ",
                "SY: So then, that's amazing. And your, and when, so when he passed, then what happened with the florist? And what happened to your mom, and how did she handle that with the business and everything?",
                "SY: So did you feel like you had to take care of her also when your dad passed?"
            ]
        },
        "segment 23": {
            "Segment Desc": "Returning to Los Angeles",
            "Segment Questions": [
                "SY: -- when you moved back to Los Angeles?",
                "SY: So your mother actually, was that your mother's family that was in all these different places, your, or your father's family? The cousins that you visited, was, so...",
                "SY: So who, so who in your family were they married to? How did that happen?",
                "SY: They were married to your mother's family or your father's family?"
            ]
        },
        "segment 24": {
            "Segment Desc": "Meeting actress Miko Taka in camp",
            "Segment Questions": [
                "SY: So when you came back to California, then was it hard? Was that that period of, what, do you remember the year you came back to Los Angeles?",
                "HS: Yeah, I remember it was July because one of my friends passed away in July '46. And you know Miko Taka? Anyway, she was in Block 32 and her, her real name was Betty Shikata, and her brother, Ronnie, was a junior high school and high school friend. But he was in Japan and somehow in the dark, when they were coming from a show or something, there was an embankment, a cement driveway or something, but anyway, during the dark you couldn't see, after a movie, and he fell off this embankment and died of a skull fracture. I remember that was in July of '46, so I remember attending the funeral then.",
                "SY: So, and you kept in touch with her? Or did you, whatever happened to her when, from camp to afterwards?",
                "SY: Did she, but was she... and by then she was pretty famous, right? By, when she was, she only made one movie, though. Is that right?",
                "SY: So you, do you... it's an interesting story about how she became famous, right? Do you know that story?",
                "SY: Do you know why she never, why she decided to leave show business? Do you know anything about that? Did she ever talk about that with you?"
            ]
        },
        "segment 25": {
            "Segment Desc": "",
            "Segment Questions": [
                "SY: Same with Michi Weglyn, did you know her at all during camp?",
                "HS: No, not in camp. I didn't meet her 'til many years later, when somehow, I think when Michi was, somehow, on camp stuff and everything... I think Aiko Herzig is the one that mentioned something about Michi, and then she did something. Anyway, on the, when I was doing one of the reunions, I think I wrote to her 'cause I needed her bio. That's what it was, and that's how we started corresponding. And so I forget which reunion it was, but anyway, that's when I contacted her. And then we had a couple of messages back and forth, and then I didn't meet her until she came to Los Angeles to make that... but I remember she did write me one letter one time, when, what was it? This Clarence...",
                "SY: Remember what she said about it? Was she...",
                "SY: And how, how did you know Aiko Herzig? Did you, you were in...",
                "SY: So when she, so she was the one, one of the people who was refused a diploma too, also?",
                "HS: Refused what?",
                "SY: Was she in the same class, though, as you were? ",
                "HS: But that principal was so prejudiced, and even when they said that all students should get it, I remember the, the acting chairman, superintendent of the L.A. City Schools, he came to Santa Anita and gave diplomas to every class that was eligible, but L.A. High School, not one name was called. And I went up to him and asked him, I says, \"How come L.A. High wasn't called?\" He says, \"Oh?\" He says, \"I'll take care of it.\" Never heard a word from him after that. Nobody ever knew anything about it, until Warren got elected, and then my buddy Toru says, \"You know,\" he says, \"for forty-seven years they've been saying this is, I'm not a graduate of L.A. High School, and so it's about time you did something.\" He said, \"Now that we've got a Japanese guy on the board,\" he said, \"you write to him and tell him what happened.\" So a month later I did write him a letter. He looked at it, and so first he called Aiko. I didn't know that that was his mother in law, but he called up, says, \"Mom, I got this letter from Mr. Shishino. He says that you were never given credit as a graduate of L.A. High School.\" Says, \"That's right.\" She says, \"I had to take one year of high school class at New York in order to get my diploma. But it doesn't mean anything.\" She says, \"But L.A. High School, I'm not considered a graduate.\" So that's when I..."
            ]
        },
        "segment 26": {
            "Segment Desc": "Establishing a career in restaurants",
            "Segment Questions": [
                "SY: So backing up to when you came back to L.A. and you settled, you moved in with your family, right?",
                "SY: Started going to school there?",
                "SY: And in the meantime you were, you found a job here in Los Angeles?",
                "SY: So how many years have you, were you in the restaurant business?",
                "SY: From the time you were out of camp to, to, I assume you retired?",
                "SY: And you just went from, you went into different restaurants? Did you make changes for any particular reasons? Or did you...",
                "SY: So you always worked as a, as a cook?",
                "SY: So you, did you enjoy that, being a cook? Was that something you really --",
                "SY: The, because the, you were still supporting your brother, and your mother you were supporting as well?",
                "SY: So that was, that must've been tough for you, huh?",
                "SY: And then you eventually, did you eventually move out with, from your aunt's house?",
                "SY: So when you came back to Los Angeles, did you end up reuniting with a lot of your old friends?"
            ]
        },
        "segment 27": {
            "Segment Desc": "Getting involved with the Japanese American Citizens League",
            "Segment Questions": [
                "SY: So what attracted you to the JACL? Was it just the, what was it about the...",
                "SY: So did you make a lot of new friends in addition to the ones you knew already?",
                "SY: And what are some of the other things that you did, aside from working? Were you, what else were you involved with?"
            ]
        },
        "segment 28": {
            "Segment Desc": "Meeting future wife",
            "Segment Questions": [
                "SY: This is your wife's club? Had a dance?",
                "SY: Love at first sight, huh?",
                "HS: Pardon?",
                "SY: So, and this was, so did you stay a member of the Quixotics while you were dating?",
                "SY: And what other, what kinds of things, was it all social that these guys did?",
                "SY: 'Cause during that period, weren't there some more, kind of rowdier groups? Do you, did you hear about those, the men's clubs?",
                "SY: You never mixed with anybody else?",
                "SY: And after you got married, then was that sort of the end of the club?",
                "SY: And were they all guys, mainly, from Gila? Or were they from --"
            ]
        },
        "segment 29": {
            "Segment Desc": "Forming the Gila Reunion Committee",
            "Segment Questions": [
                "SY: Do you remember talking at the JACL meetings about camp, about what happened to you in camp?",
                "HS: No, we didn't really talk too much about camp stuff. But every time you'd meet somebody you knew you'd say, \"Oh, what camp were you in?\" So my kids, they always used to ask, they said, \"How come you, every time you meet somebody, you always ask what camp you were in?\" So then it was when my daughter was in junior high school that she finally asked me what all that stuff was about, so then she said, \"Well, I'm writing stories,\" so she said, \"I might as well look up into the history of that.\" So she wrote a story about how we were put into the camps.",
                "SY: So at the time, like when you first joined the JACL, were you at all angry about what happened to you in camp?",
                "SY: But eventually, you, did you start to feel more, a little more concerned about the fact that this happened to Japanese Americans?",
                "SY: And that was when?",
                "SY: And how did that reunion committee form? What was the, who was the first person to...",
                "SY: And what did you, what was your job in the beginning?",
                "SY: And do you remember what happened at the first reunion? Did you end up talking about camp, or was it, was it more of a social thing?",
                "SY: And then, subsequently, how many reunions have you had?",
                "SY: And you became chairman when? When did you become chairman of the...",
                "SY: So why did you volunteer? What is appealing to you about doing all that work?"
            ]
        },
        "segment 30": {
            "Segment Desc": "Helping to form the St. Thomas Lutheran Church",
            "Segment Questions": [
                "SY: And what, and what are some of the other groups that you've been president of?",
                "SY: And is that a primarily Japanese congregation, Japanese American congregation?",
                "HS: No, it was mixed. But there was, the Niseis that were living in Gardena at that time, we started in Los Angeles when I joined and when I moved to Gardena, that's when I became, we bought a little old house and had meetings in the living room and dining room. And then we did, the patio, they covered the patio and that became our church center. But I was the first president, and I've been an officer of that church for forty years. Finally, I engineered the sale of that. We got, we built a church. We got a grant from the Church, bought property, then built a church on that. And so that lasted from the time we built everything up forty years. Then we were down to forty members, and so I told 'em, I says, \"You know,\" I said, \"We're only forty members, but,\" I says, \"we own a parsonage that's worth a hundred and ninety-five thousand dollars, and our church is valued at between five hundred fifty and six hundred thousand dollars.\" I said, \"We got a hundred and eighty-nine thousand dollar mortgage, but,\" I says, \"you realize that forty of us control that much money?\" I said, \"It's over seven hundred fifty thousand dollars. By the time you pay off the mortgage, it's five hundred fifty thousand dollars.\" But I says, \"It should be used, we should sell the church and use the money for mission purposes.\" And so the forty of 'em agreed with me right away. I says, \"Yeah, forty of us maintain the church and payments, and just every month, doing all the gardening and painting and everything.\" So they all agreed with me 'cause we're all in our seventies, so that's what we did, and I engineered the sale of the church.",
                "SY: That's wonderful. So you have a church, do you go now to the South Bay Lutheran Church? Do you --",
                "SY: And how many on the, of this group were Japanese Americans?",
                "SY: So they were friends, were they friends of yours from, from long ago?"
            ]
        },
        "segment 31": {
            "Segment Desc": "Continuing community involvement",
            "Segment Questions": [
                "SY: And you've also been long time involved with the Southeast Japanese Community Center. Can you talk a little bit about what you do, what you've done for them?",
                "HS: Well, when my daughter was younger she got a job at Buena Park -- that's Valley View and [inaudible] -- and so she said, \"Why don't I buy a house?\" She says, \"It'll be perfect when you retire.\" I says, \"I don't have money to retire yet.\" 'Cause I was, what the heck was I? I was fifty years old or something, but anyway, I took a twenty thousand dollar second on my house in Inglewood 'cause it was almost paid off, and so then I bought the house we're living in now in Cerritos. She found it, and so it worked out just right for her because it was only about two miles, three miles where she was working. And so I lived in it, she lived in it four years and got married, so then her and her husband -- her husband is pretty handyman, so he built a house, nice house, and they moved to Bellflower. So then my son Rob said, well, he says, \"I could use a place to live. How about I rent it?\" So he rented it for four years, then when he got married he said, he and his wife were both CPAs, and so he said, \"We're making too much money, so we're gonna have to buy a house.\" So he says, \"Loan me some money.\" [Laughs] So the money that I had on the house in Inglewood, I loaned him twenty thousand dollars, then I moved into the Cerritos house where I'm living now.",
                "SY: And how did you get involved with the community center here? It's, the area has its own community center, Japanese...",
                "SY: And what kinds of things do they do, this community center, besides the dances?",
                "SY: Sounds wonderful. So I'm gonna ask again, though, now, how is it, why is that you get so involved with all these things?",
                "SY: So at one time you were probably involved in how many different organizations, pretty actively?",
                "SY: So you're not planning any more reunions?",
                "SY: So, but the whole idea of preserving the story of the camps, is that something that you still are wanting to do?",
                "SY: So is this, this feeling, you said it started when you joined the reunion committee, this... so did all these memories come back all at once?"
            ]
        },
        "segment 32": {
            "Segment Desc": "",
            "Segment Questions": [
                "SY: And what, and you were able to support your brother all these years, then? I mean through school, and you made it through, he made it?",
                "HS: No. So he quit his job, so then I had three thousand dollars, so I says, \"Well, I've got this much money.\" I says, \"Why don't you open your own office?\" So he said, \"Oh, okay.\" And so then he rented an office in Culver City, and from then on he took off. He became one of the fifty most recognized optometrists from his, graduated from the L.A. School of Optometry. He was honored as one of the fifty at a fiftieth anniversary of the L.A. School of Optometry. I was proud of that.",
                "SY: So do you feel like you've been rewarded in your later life for all these things? Like for instance, the award you won for, from, the Nisei Pioneer Award, is that, was that a...",
                "SY: And that was your cousin. So did you know that he was doing this when he started it way back when?",
                "SY: That's amazing. Yeah, 1934. So, and this was a cousin that you knew all through the camp years and growing up, and after?",
                "SY: He's one of the ones that married into your family?"
            ]
        },
        "segment 33": {
            "Segment Desc": "Reflections",
            "Segment Questions": [
                "SY: -- that you, well, is there anything else that you, that we haven't covered that you want to mention? Some of the other things that you've done in your, over the last few years? Are there other, other organizations you've been involved with that mean a lot to you?",
                "SY: You still have, mostly people in the community, Japanese American community, are those the people you consider your best, your closest friends?",
                "SY: And your children, your daughter, since she started talking to you about camp, have you, was that when you sort of opened up with her? You never...",
                "HS: Yeah, in the eighth grade she kept hearing, says, \"How come every time you, your friends meet, they ask what camp you were in?\" So that's when I start explaining, so she wrote a, sort of a, one of her thesis on some class that she was having, so then she's been interested ever since. And so when I went to the reunions, like the one in Phoenix, why, her and her husband came. And so I've been the master of ceremonies at every reunion we've had 'cause I guess I'm the one that's always poppin' off, so I've been, more or less, the banquet chairman at every reunion we've had. So now, automatically, nobody would take the speaker's thing, so I was always the one that was the speaker. [Laughs]",
                "SY: And how about your son? Does he, has he gotten involved with talking to you about camp?",
                "SY: She's the one we should be talking to. She probably remembers something that we haven't covered that you might... I'm trying to think if there's any, is there any other question that you think I should, that... what is the one on the top there, that award on the top?",
                "SY: Okay, so yeah, both. And you're still really involved with Southeast Community Center?"
            ]
        }
    }
}