{
    "Narrator_Name": "Irene Yamauchi Tatsuta",
    "Bio": "Nisei female. Born May 3, 1935, in Seattle, Washington. Grew up in Seattle. During World War II, removed to the Puyallup Assembly Center, Washington, and the Minidoka concentration camp, Idaho. After leaving camp, returned to Seattle and became a teacher.",
    "Title": "Irene Yamauchi Tatsuta Interview",
    "Interviewer": "Kristen Luetkemeier",
    "Location": "Laguna Woods, California",
    "Date": "October 13, 2014",
    "Densho ID": "denshovh-tirene-01",
    "transcript": {
        "segment 1": {
            "Segment Desc": "Parents' family backgrounds",
            "Segment Questions": [
                "IT: Isn't it the 13th?",
                "KL: It may be. Is it the 13th? Yeah, it is the 13th, October 13, 2014. And we're gonna be talking today about Irene's experiences growing up in Seattle and then being sent to the Puyallup Assembly Center and to Minidoka, and also her life afterwards in Seattle and here in southern California. We're in Irene's home here in Laguna Woods today. And Irene, before we go any further, I just want to confirm that I have your permission to talk to you today and record this interview and make it available to the public?",
                "KL: Did you know your grandparents at all, her parents?",
                "KL: Do you know what motivated your father to immigrate?",
                "KL: Where was he from in Japan?",
                "IT: I don't know. [Laughs] I don't know too much about Japan. I don't have any more relatives there. But when we were adults, we found out that when we were born we were given dual citizenship, and so my aunt told us, or especially my brother, that, \"You better change it, because Japan could call you in to fight for them, because you're a citizen.\" Well of course, I was angry with Japan anyway, for starting the war, so I didn't want that citizenship, so the three of us, I remember going to -- I was down here already -- I went to a lawyer in L.A. and got that removed. Yeah, but what was I going to tell you about that?",
                "KL: Was that difficult to do?",
                "IT: No. It seems like we went -- you mean to change the citizenship?",
                "KL: What did your, switching back to your mother's side, those grandparents who also were in the United States, what was their work?"
            ]
        },
        "segment 2": {
            "Segment Desc": "Parents' musical backgrounds",
            "Segment Questions": [
                "KL: I noticed you said your parents were both musical, too. Would you tell us about that?",
                "IT: And the, both husbands played the, what was that, the bamboo flute?",
                "KL: The shakuhachi?",
                "KL: Where did they play?",
                "KL: Yeah. What are some of your earliest memories, then? Or I guess, first I should ask you when you were born.",
                "IT: Before camp?",
                "KL: Going to Puyallup?",
                "KL: Do you remember, let's see, you were born in 1935, do you remember elementary school?",
                "IT: Yes, and I was in the first grade... it, I don't know why I kind of remember second grade. Maybe I had started second grade. And the principal came out to Puyallup, because she felt badly we were taken in the camps, and she gave us some things, I don't remember, but it was through the fence that we had to talk to each other. And I remembered thinking, my mom said, \"We're going to camp,\" and so I thought we were going to like a Boy Scout camp, and we had an Italian friend, his name was Joe, little guy, and I kept saying, \"It's too bad Joe can't come with us.\" And then when we got to camp, I said, \"Where are the tents?\" I didn't realize what was happening, but I do remember going to a location where they picked us up."
            ]
        },
        "segment 3": {
            "Segment Desc": "Father's prewar work",
            "Segment Questions": [
                "KL: Did your dad, was he bilingual?",
                "KL: Do you know how your folks met?"
            ]
        },
        "segment 4": {
            "Segment Desc": "Childhood memories: visiting the library, going to church",
            "Segment Questions": [
                "KL: Why they decided to marry? What was their relationship like when you knew them, as a little kid? How did you...",
                "KL: Did the librarian take an interest in you when you would go in? what do you remember about the Seattle library?",
                "KL: She thought you should stay Buddhist only?",
                "KL: How did she practice religion, if she wasn't, she didn't go with you guys to a congregation?",
                "KL: Your dad also?",
                "KL: This is in Minidoka?",
                "KL: Were you, did that happen, the burning happen in Puyallup?",
                "KL: Where did you get the treatment?"
            ]
        },
        "segment 5": {
            "Segment Desc": "Description of mother's siblings",
            "Segment Questions": [
                "KL: Would you, tell me again about your mom's siblings. Did she have more than one sibling?",
                "KL: And what was her name?",
                "KL: What was her husband's first name? Do you know?",
                "KL: And then did you mother's younger siblings stay in Seattle area?",
                "KL: Miyo with an M?",
                "KL: Was he still in Washington state? Did he go to Minidoka also?",
                "KL: What was your mother's maiden name?",
                "KL: Okay. And the fifth brother, what was his first name?"
            ]
        },
        "segment 6": {
            "Segment Desc": "Growing up in Seattle, Washington",
            "Segment Questions": [
                "IT: My siblings?",
                "KL: And when you were in Seattle, what was the name of the neighborhood, or do you remember the address of your mom's family's operation? What was your neighborhood like?",
                "KL: Did you live right downtown?",
                "KL: Did you live at the place where your grandparents had the barber shop and the baths?",
                "KL: What about the Buddhist church that you attended as a kid?",
                "KL: Do you have any... first I guess I should ask, are there any other memories of before Japan's attack on Pearl Harbor and the U.S. entering the war that you wanted to share, about Seattle, about your parents or anything else? Before I ask you what your memories are..."
            ]
        },
        "segment 7": {
            "Segment Desc": "Memories of parents' preparation for camp",
            "Segment Questions": [
                "KL: Do you have recollections of December 7, 1941?",
                "IT: You know what? As an adult, I didn't even know what, what that was. And somebody would tease me -- I think I was an adult already -- about December 7th, and I didn't even know what it was. I just knew we were in camp because we were in a war, and that was about it.",
                "KL: There was a forty year history of Japanese immigration and Japanese American kind of development, and there was a lot of racism that people encountered. Did you ever have any experiences, or did your family tell you later about any experiences before Japan's attack on Pearl Harbor?",
                "KL: What do you, what did your parents tell you, or what are your memories of those couple of months in between the attack and having to go to Puyallup? How did life change?",
                "KL: Was he Japanese American, too?",
                "KL: I pictured Joe as an adult, but he was another child?",
                "KL: Was there anything else besides Joe that was hard to leave, or that you remember wishing you could take?",
                "KL: In Minidoka or in Seattle?"
            ]
        },
        "segment 8": {
            "Segment Desc": "First arriving at the Puyallup Assembly Center, being visited by elementary school principal",
            "Segment Questions": [
                "KL: What do you recall about going into Puyallup? What was --",
                "KL: Like what? What were some of your pictures or sensory memories?",
                "KL: What, why did she come? What did she say, what did she bring you?",
                "KL: How did you know she was there to visit?"
            ]
        },
        "segment 9": {
            "Segment Desc": "Hearing about aunt's experiences with childbirth in camp",
            "Segment Questions": [
                "KL: Do you recall other visitors? Was that pretty common, like when the principal came?",
                "KL: Mrs. M.?",
                "KL: Ayako and Shigeru moved to Seattle?",
                "KL: Do you know why you had that fear so strongly?"
            ]
        },
        "segment 10": {
            "Segment Desc": "Mother's losing American citizenship due to marriage to Issei",
            "Segment Questions": [
                "KL: Do you remember that? ",
                "IT: Okay. Do you know what year that was?",
                "IT: Yeah. And because she studied history, or constitution or whatever, and she's so busy, and I thought, \"Why is she doing that?\"",
                "KL: So she later was seeking U.S. citizenship?"
            ]
        },
        "segment 11": {
            "Segment Desc": "Memories of Puyallup: father's stroke, living quarters, guards",
            "Segment Questions": [
                "KL: You said, you told me before we turned on the recorders that you had vivid memories of your father having a stroke at Puyallup. Could you, would you tell us your memories of that?",
                "KL: Did you attend school in Puyallup?",
                "KL: What was a typical day like there? I mean, you weren't there for very long. Maybe it wasn't a typical day, but like...",
                "IT: I think it was a few months, wasn't it? I think so. You know, I don't, I just remember... I really don't remember too much. What I was going to say, too, earlier, was we had mattresses full of hay, and I think the three of us were allergic to that, the women were. [Laughs] My mom and I had hay fever, and my sister had asthma. But anyway...",
                "KL: That reminds me, it would be good to get a description of your living quarters in Puyallup. You said it was small and told me about your burn experience, but as you, did you live in a piece of new construction or was it existing from the fairgrounds?",
                "KL: As you walked in, what would you see in there? I'm just kind of --",
                "KL: In Minidoka?",
                "KL: In Minidoka? This is in Minidoka?",
                "KL: Did you have any encounters in Puyallup with military police or army or other staff?",
                "KL: Was there an evening, like, check, room search or anything that you recall?",
                "KL: Do you remember other parts of Puyallup than your living quarters?",
                "KL: Did you guys go outside in Puyallup, like you and your siblings? Did you, did you play?",
                "IT: No, they wouldn't let -- you mean out of the gate?"
            ]
        },
        "segment 12": {
            "Segment Desc": "Mother's correspondence with government officials",
            "Segment Questions": [
                "IT: Yeah, right, right. There was, they used to censor the letters, too. My mom, in Minidoka I think it was, I don't know whether she actually wrote to... now, I'm not sure how to say his name, Ickes? He was the Secretary of Interior or whatever who's in charge. I remembered she talked about him and she would write letters, and she would write a letter that she thought would be helpful even on the outside, a Caucasian. But she'd write it so it, he had to read between the lines. And I don't know why she wrote. What could they do?",
                "KL: She wrote to someone in the government, or like a Caucasian friend?",
                "KL: Oh, Ickes. Harold Ickes?",
                "KL: Did she get responses?",
                "IT: Would they have copies of the letters?",
                "IT: Yeah, and she under-, she seemed to, when she told me she asked for the writ of habeus corpus, I says, \"What's that,\" you know? This is after."
            ]
        },
        "segment 13": {
            "Segment Desc": "Responses to life in camp as a child",
            "Segment Questions": [
                "KL: Are there, let's see, I wondered if you remembered, this is still in Puyallup, what your parents' response was to arriving in that setting, or just to daily life in there? Did they act any differently? Do you have any memories of how they responded?",
                "KL: Do you remember you and your siblings or any other kids, what you thought about Puyallup, how you reacted? Did you think it was exciting or scary or...",
                "KL: Did your relationship with your father change as a result of his stroke?",
                "IT: Not really. But we were kind of cruel sometimes and said, \"Speak English!\" and he'd struggle. But no, he picked up enough to communicate with us, so, although I know, I felt sorry for him because he had to cook when we got out. He had -- oh, I was telling you, in camp, in Minidoka, when he got there, he went in the hospital train and then they made it seem like everybody had to have a job, so because he couldn't do much they gave him a job of checking in tools, work tools, and passing, checking them out. I think that's what he did. And my mom, I think she was a barber. But she was, I think she was pretty good, so some of the guys said to her, \"We'll pay you. Would you cut our hair for us?\" So she did that, in our house I think, and somebody reported her and told her she can't do that. [Laughs] So then she just quit.",
                "KL: Did she cut hair in Puyallup at all?"
            ]
        },
        "segment 14": {
            "Segment Desc": "Parents' relationship in Minidoka",
            "Segment Questions": [
                "KL: Do you recall the, you've mentioned the trip to Minidoka a couple of times, so of course you do recall it. What can you tell us about leaving Puyallup and traveling to Minidoka?",
                "KL: Were you, so you were separate from your parents on that trip?",
                "KL: Was her health worse than usual? Had something changed with her health?",
                "KL: How would you characterize their relationship at that point?",
                "IT: How would I what?",
                "KL: How would you characterize your parents' relationship at that, at that point in Minidoka?",
                "IT: Seemed the same as ever. I used to ask, my mother's very strong-minded and after she died I asked my dad, \"Why do you always give in to her? Or if you didn't believe it or something?\" And he'd say he doesn't want that trouble. He meant confrontation and just, so he said he just kind of went along with her. But they --",
                "KL: Figured bigger struggles, right?",
                "KL: Did she ever talk about medical care in Minidoka, what the hospital stays were like, what her impressions of the doctors were like?",
                "KL: This is back in Seattle? IT: Yeah.",
                "KL: What was that clinic's name?",
                "IT: What was his name?"
            ]
        },
        "segment 15": {
            "Segment Desc": "Hearing about prewar Buddhist church's minister's arrest by the FBI",
            "Segment Questions": [
                "KL: What can you tell us about how that worked for your minister?",
                "KL: What's his name?",
                "KL: For Crystal City?",
                "KL: Did she tell you what it was like to have her father taken, how she felt or what she remembers about it?",
                "KL: So Reverend Ichikawa never came to Minidoka?",
                "KL: What do you remember about her leaving Minidoka?"
            ]
        },
        "segment 16": {
            "Segment Desc": "Grandmother's passing and memorial service in camp",
            "Segment Questions": [
                "KL: I mean to ask you what your memories of her in Puyallup are. Do you have any memories of her?",
                "KL: How did her death affect you?",
                "KL: Do you remember her memorial service?",
                "KL: I'm sorry, these are kind of hard questions to ask and I'm sure, in some cases, to answer, but what happened to her body? Was she buried at Minidoka?",
                "KL: Or was she cremated?",
                "IT: Buddhists usually cremate, yeah. When my mom died, we cremated her and we had her ashes in our house for quite a while. Then we buried her in her brother's place in Seattle. Well, this was in Seattle, and then when my brother bought a plot they transferred my mom's ashes. But my mom had a son, or my parents did, four years before my brother was born. I asked my aunt, well, it's four years to the date, so it was kind of interesting, but I asked her, \"How come they waited so long?\" or something. And I think she had, I don't know, they just couldn't hit it on the right day or something. He was born at home, and I think he was premature, but anyway, I think he lived a week. That's what I recall, but I don't know.",
                "KL: Did you have your grandmother's ashes in your home in Minidoka?",
                "KL: I see. Did you have an altar in Minidoka, a household altar?",
                "KL: Do you remember any other Buddhist holidays or services or anything about the church or the community in Minidoka?"
            ]
        },
        "segment 17": {
            "Segment Desc": "Memories of teachers and school in camp",
            "Segment Questions": [
                "KL: What are your memories of Minidoka, besides the end of it? But during the other years that you were there, are there people or places that stand out?",
                "KL: Did you get in trouble ever when you, like when the candy rolled to the back or when you guys would poke each other?"
            ]
        },
        "segment 18": {
            "Segment Desc": "Learning to play the koto in camp",
            "Segment Questions": [
                "KL: Where was the school?",
                "KL: In Block 8?",
                "KL: Who taught you koto?",
                "KL: And where were the lessons?",
                "IT: Pick, yeah. My, we'd get almost home, then my cousin would say she lost it. We'd walk all the way back, looking, couldn't find it, came back, it was in her sweater pocket. [Laughs] I remember that. And then my mother also had me take flower arrangement lessons. I think I was in the second grade, and I hated it because everybody spoke Japanese and I didn't speak Japanese, I didn't understand it. And just to be with all these old ladies, it was not fun for a second grader, you know? But what was interesting -- oh, and we also, my sister and I took tea ceremony lessons. She was gonna make us ladies. [Laughs] Anyway, we used to demonstrate, and I don't know if we were the only two kids, or maybe there might've been, but we would put on these demonstrations or recitals or whatever, and there's a certain way of folding the napkins and stirring it and all, and then you would say something in Japanese, \"Please help yourself,\" or \"Would you like this and that?\" One day they started laughing, and of course we don't know what we're saying, and so I asked my mother, \"How come they laugh?\" Says because I, when I was serving, I gave the answer and she gave the question after I gave the answer. But what this teacher would do is put cocoa and sugar and that's what she'd do for the kids. Well, when my mother died she offered my sister and I free lessons, and I think she was also the flower arrangement teacher, so take a pick, tea or flower arrangement. We didn't either of 'em, so we didn't take any. [Laughs] But that was her way of, she was, my mother was, I guess she liked my mother as a student maybe. I don't know, something, there was some closeness there, so she offered us free lessons.",
                "KL: What was her name?",
                "KL: O-T-A-N-I?",
                "KL: So the lessons were intergenerational, the cultural lessons like the tea ceremony and the flower arrangement?",
                "KL: Did your mother already have, your mother took the tea ceremony and the flower arranging classes, too?",
                "KL: Did she already have skills in those areas, or was that a new endeavor for her?",
                "KL: You said you had two kotos with you in Minidoka?",
                "KL: What did he do with his time?"
            ]
        },
        "segment 19": {
            "Segment Desc": "Recreational activities in camp to pass the time",
            "Segment Questions": [
                "KL: Was there anything else that defined your block? You know, a lot of blocks, like in Manzanar it'll be, this is the Venice block or this is the bachelors' block or --",
                "KL: And you were the organizer?",
                "KL: A drainage ditch?",
                "KL: Did you read Shakespeare in the library?",
                "IT: Not really, but it's just funny some of the things you do, you know? [Laughs]",
                "KL: Do you remember, I mean, you said the water was dangerous, did you get cautioned about that? Or was it --",
                "KL: What happened to your friend whose mother it was? Did she just stay with her father?",
                "KL: Did your mother give you anymore kind of explanation of that situation?",
                "KL: Did you go out on farmland at all while you were there?"
            ]
        },
        "segment 20": {
            "Segment Desc": "Remembering a visit from Ben Kuroki in camp",
            "Segment Questions": [
                "KL: You said you had heroes come into school. Can you tell us some more about who those people were and what kind of reception they got from the kids or the adults, if you know? ",
                "KL: Do you remember the guy's name who came to your school? It was just one, one man by himself?",
                "KL: And he was a, he was in planes? You said he shot down, he was involved in shooting down planes.",
                "KL: Do you have the picture still?",
                "IT: No. Well, did you know that we weren't supposed to have cameras? As little kids, we see, we might see a radio in the house or camera, and then you get scolded because you might be talking about it just without thinking, and we didn't know it was banned. But cameras were banned for a while, I think.",
                "KL: But you saw people who had them?",
                "IT: Yeah. I don't remember -- well, we were so poor, anyway, that we didn't have much of anything. But that's the reason why my mom refused to go back to Seattle. We're used to this life, we'll stay here. I remember she saying that to me, but she must've said it to them, too, and that's why they came after her. But, to me it was without warning, but she must've gotten warning. I don't know. But they took my dad without warning, and threw him in a cell. That's when my mom asked for the writ of habeas corpus, and I said, \"How'd you know to ask for that? How do you know?\" I don't, she never, I don't remember her answer. But of course, they just threw her in, they cared less. Then my dad, too, they came after him."
            ]
        },
        "segment 21": {
            "Segment Desc": "Coping with difficult living conditions in camp",
            "Segment Questions": [
                "KL: Are there other, other memories you have of Minidoka that are... like you mentioned hanging out by the, by the canals and going to see the Japanese movies. Where did you see the movies?",
                "KL: What was the rec hall like? What was the inside like?",
                "KL: What can you tell us about the mess hall and about meal times? ",
                "KL: Like a sanitary napkin?",
                "KL: What's the \"ad\" building?",
                "KL: Did you, what are your memories associated with the guards or with the fence? Was that --",
                "KL: You said that was the only lawn you could find. Do you remember any ornamental gardens, like stonework or ponds people built or anything?",
                "KL: When you arrived?"
            ]
        },
        "segment 22": {
            "Segment Desc": "Memories of the so-called \"loyalty questionnaire\" in camp",
            "Segment Questions": [
                "KL: This is Irene Tatsuta, tape number three, we're continuing an interview on October 13, 2014. And you had mentioned that you have memories, I think, of the, there was a leave clearance or a selective service form, sometimes it gets called the loyalty questionnaire in people's discussions of it in 1943, that was issued throughout the camps. Do you recall anything about that questionnaire?",
                "IT: I just remember that there was a lot of discussion going on among the adults. And I wasn't quite sure what it was all about until I read about it as an adult. But what an unfair question it was, you know? And some people got sent back to Japan because they answered that they weren't going to -- you're supposed to denounce the government, Japanese government and take up the American government, but after they're treating us, by putting us in prison, what do you expect people to do? And so they call it no-no or something, and I really didn't quite understand it. 'Cause my mom was so upset. And so, and I remember she discussed that, I guess, with my dad and maybe with the neighbors, I don't know. But she thought something was really, and she just didn't trust the government. Because every turn, something, they did something to her or something. She really thought that Japan won the war at the end, because she thought the government was giving us lies. And she wanted to take us back to Japan, thinking we'd be treated fairly. Of course, the kids were all American. \"We're not gonna go back to Japan,\" or to Japan. Of course, she didn't have the finances to take us, so we never went. I don't know, if she did, I don't know if we had to go because we were under their care, we were still juveniles. But we said, \"No way.\"",
                "IT: Is that right?",
                "KL: Do you remember a bunch of people coming in?"
            ]
        },
        "segment 23": {
            "Segment Desc": "Lack of privacy in camp living quarters",
            "Segment Questions": [
                "IT: I think, well, family of five, the two end ones, rooms, were small. They were for couples, I think. And then it seems like, I don't remember how many units there were, six maybe? I can't remember which ones we had, but we had a fairly big room. I think there was a little, like... I don't remember separate rooms, but I kind of remember a smaller room. But anyway, it was one big room and most people had to divide it with curtains. It seems like we had a side room, a smaller one, but it could've been, maybe no one was living there and we were able to use it. I'm not sure.",
                "KL: Did your mom cut hair in your barrack?",
                "KL: You don't have any sense for how people dealt with that under those circumstances?",
                "IT: As an adult, later I, when I learned about the birds and the bees, I figured they must've waited 'til the kids went to sleep. But sometimes you do have older kids in the family. And then, because my dad was partially paralyzed, I mean, I didn't sleep with my mother in Minidoka. But I don't know how, you know. I have no idea if they had sex. But they didn't, in those days did they have, what do you, contraceptives? I mean, the pill and --",
                "IT: That came later, didn't it?",
                "KL: Any other people in Minidoka that's important to mention? You were talking off camera about an artist. Would you tell us...",
                "KL: And his name was Tokita?",
                "KL: Are there any other figures from Minidoka besides your parents and your aunt and uncle that you think are important to mention?"
            ]
        },
        "segment 24": {
            "Segment Desc": "Being \"evicted\" from camp",
            "Segment Questions": [
                "KL: So what are your memories of people leaving Minidoka? You were, if not the last, among the last to leave. What do you remember about watching others go out of the camp during that...",
                "IT: What happened?",
                "KL: Yeah?",
                "KL: Did your mother ever talk to you, maybe later, about her, and you kind of touched on this too, but did your mother ever talk to you about her reasoning for why she, or your father, stayed in place so long at Minidoka?",
                "KL: What was that night like for you three kids?",
                "IT: Night life?"
            ]
        },
        "segment 25": {
            "Segment Desc": "Returning to Seattle",
            "Segment Questions": [
                "KL: You mentioned that you sort of took notes of the two WRA men. When did your feelings shift about trying to get back at them?",
                "KL: You taught at Bailey Gatzert?",
                "IT: No, I didn't, but I did a lot of studies there. You know how you have to do projects? And I went to the same teacher I had in first grade and studied a kid in her class, and I got to some of the teachers. I think, yeah, when I was a teacher, sister, one sister was teaching in junior high and one was in Bailey Gatzert.",
                "KL: Did they ever talk to you about what it was like for them to watch the Japanese American students taken out of school and out of Seattle? The teachers that you connected with as a --",
                "IT: No, but let's see... it, I think it was in, oh no, it was in high school that one, he was a young teacher. He asked me, \"Why are you Japanese such good students?\" And I said, \"'Cause we're scared.\" [Laughs] And he just, he just wanted a whole classroom full of us. I mean, he just, we were so obedient. But we were pushed down so much that we were very obedient. But I think that's how Japanese tend to be. I mean, that's the culture, to adults, they're... nowadays not.",
                "KL: Can you tell me the name of the Methodist church that was the hostel, the Japanese Methodist church in Seattle?",
                "KL: Where is it?",
                "KL: Betsuin?"
            ]
        },
        "segment 26": {
            "Segment Desc": "Returning to school in Seattle",
            "Segment Questions": [
                "KL: I'd love to ask you, like, three hours' worth of specific questions about the years immediately after Minidoka and your adult life, but I can't. So I'll ask you if you would kind of walk us through what the years were like right after you came back to Seattle, sort of significant events in them and how you felt about the events. And then also kind of the same thing for your adult life, where, how you've ended up here in Laguna Woods, really significant parts of your adult life. So starting with Seattle and the return from Minidoka, what stand out about those next, like, five years?",
                "KL: What was her name? Do you remember?",
                "KL: Your high school was Garfield?",
                "KL: Were there ever any tensions between Japanese Americans returning to Seattle and black people who had maybe moved into some of the neighborhoods?",
                "IT: No, because, well, they wouldn't let the Japanese -- I was teaching third grade my first year, okay? And we still --"
            ]
        },
        "segment 27": {
            "Segment Desc": "Family's experiences just after the war",
            "Segment Questions": [
                "KL: When did you leave the hostel, and how did you find housing, your family?",
                "KL: So it was like a couple of weeks, or was it longer?",
                "KL: You said people in Chinatown treated her okay?",
                "KL: There wasn't a problem?",
                "KL: Did your father stay home, then, pretty much, during the day?",
                "KL: What about your brother? You were talking off camera a little bit about how his and your and your family's lives were kind of intertwined. When you were about eighteen, with military service and supporting, financial support.",
                "IT: When I turned eighteen, ready to graduate from high school, they were going to, they were going to draft him because the draft was still working, and send him to Germany. I don't know why they already had Germany planned, but it seems like we knew that. And then my uncle who was in the 442, he went to the draft board and said, \"Please don't take him. He's the breadwinner.\" And of course, being a woman, I wouldn't get a good job anyway. But I had a chance to go to college 'cause I had a couple scholarships and I couldn't go otherwise, because we don't have any money. \"So let him stay until she graduates.\" So they made it clear that I have to start bringing in the bacon when I graduate, and I wanted to be a teacher, so that's what they said. And they said I also have to send in my grades every time, to make sure that I'm gonna graduate, I guess. So right after I graduated they took him for two years and sent him to Germany. And I desperately was looking for a cheap housing for, and there were rats and things. Oh my goodness. But I taught with this teacher who just, they just built a home next door and their old home was, she said, \"I'll rent it to you.\" And she said she'll give me the price, the low price that I'm looking for. And that was up in, no, I can't remember the name of it. Baker or something. It's a good area, residential area. So my sister, my dad and I moved in there. But I had no money, so my girlfriend would say, \"You should put drapes up.\" I said, \"I don't have money to buy drapes.\" It was, people just don't understand when we don't have money, even friends, they would, Japanese friends, you would think that they would. But then one gal even said to me, \"You should take your dad places.\" I couldn't afford to give him, I mean I gave him some money from my check, we would separate everything and give him some money for the month. But I'd have no money for myself. And so every last week of the month we would eat pancakes for dinner because we had no money. But we survived. Then after my sister, she was in the same field in college, two years later she graduated, so we both saved like a hundred dollars each, 'cause we're used to scrimping. We know how to do that. And after a year we sent my dad back to Japan for a visit. And poor guy, he wanted to bring back a wife, but I couldn't get him under insurance, medical insurance. And I said, what if she gets sick? So I felt sorry for him, but, 'cause he's lonesome. He, they said he lived longer as a single man, without a wife, than with my mom."
            ]
        },
        "segment 28": {
            "Segment Desc": "Father's becoming a naturalized U.S. citizen",
            "Segment Questions": [
                "KL: And you said your mom died when you were fourteen?",
                "KL: Your dad did marry in Japan, or he just wanted a wife?",
                "IT: No, he, I don't know if he wrote us, anyway, he -- yeah, he must've written to us 'cause he can't use the phone. We don't have that much money. And he asked if he could bring back a wife. It broke my heart, but I said no, because what if she gets sick. We can't even get you under insurance. What are we gonna do? And he understood, but I felt sorry for him because he was so lonesome. And there were people that tried to fix him up right after my mom died. well, that was hard for the kids to take, 'cause we didn't want anybody replacing her, at least not right away like that. So anyway, we didn't know if she was, if she would've been capable of earning her, earning her living and his. It'd be fine, but you never know what's gonna come up.",
                "IT: He came back. He came back after thirty days, and we asked him, \"Why didn't stay longer?\" 'Cause it was the first time we felt kind of like we were on vacation. But he was very cooperative. Poor guy, though, you know. That stroke just took his life away. But that's the way it goes.",
                "KL: You said he became a U.S. citizen?",
                "KL: Did he ever communicate to you why he did that, or his thoughts about that? ",
                "IT: Well, I think he, you mean to become a citizen? Well, I think he wanted to be because we were all Americans, and I think before he couldn't do that. I don't know about the laws, I can't keep up with it. But when he was able to, and of course it takes him a long time to learn all that stuff because of his stroke and all. And I think, I don't know, but I figured they might go easy on him a little bit because... I don't know. But he got a lot of his speech back, and a lot of it was on his own, his own work or doing. 'Cause they had no therapy in those days. But then, my mom died of a stroke, which was, her stroke, I think she was unconscious, and I think I saw her in the hospital and I, it was different from my dad's stroke. But she knew it all along, and she made me understand why she was doing it, 'cause she didn't want to get welfare."
            ]
        },
        "segment 29": {
            "Segment Desc": "Becoming a teacher and talking with students about wartime experiences",
            "Segment Questions": [
                "IT: Well, we been... what was I gonna say? Okay, when I was teaching fourth grade, there was a little paragraph in the social studies book that said about the camps. So I told them a little bit more, about my experience, and I had this boy in my class who looked me up later. He said, \"How could you stand there and smile and tell us about how you were treated?\" And so I gave him the reason that I talked to you about that, because I'm speaking, or I feel an American, as an American first. And I don't feel like I'm holding any grudges. I think, well, I wouldn't have wanted camp to make me a better person, but that's what happened, I think. And I found some real close friends through it. But I think America has given me a lot of chances to move up, and I was just so happy when I felt like I got out of the rut that I was in, because when my mother was sick and then my dad couldn't work and I thought, and I need, for instance, a car. I couldn't save the money because, well, this was before I wanted a car to go to work, but anyway, I kept thinking, how can I save? Because then they get sick and then the money's spent. But with the help I got from scholarships, and I did have really understanding teachers. I got encouraged by them, too. I just, I just felt so American that I feel like I'm an American first. And I said, I say to my friends, and I don't think too many friends think this way, that went to camp, but I think of the camp incident as an American, thinking that was such a stupid move, that was inhumane, and I'm ashamed that America did that. But I don't feel any grudges. It's, to me it's kind of water under the bridge -- although it really wrecked our family, so to speak. But life goes on.",
                "KL: What was your student's response?",
                "IT: He just couldn't believe that I looked so happy up there telling them about the experience and teaching, and he remembered me for that more than anything. And when I was substituting a teacher, or he mentioned to the kindergarten teacher that his boy was in that, who was Japanese and she was younger, she's younger, he said, \"Oh, I had a Japanese teacher that I really liked.\" And so that's how we met. She gave, she called me and you know. So they took me out to dinner, I met his wife, and he's Polish and Korean, and then he met this Japanese girl that he chased to Japan, married her. But the sad part is he had a heart attack and died a few years ago. But he said to me, \"Oh my gosh, if I knew how happy I could've made you earlier and looked you up,\" because not too many kids, especially in the type of classes that I, type of kids that I teach, they don't look teachers up usually. And so when he took me out to dinner and we were talking, she says, he says, \"I want you to meet my sister and I want her, you to tell her all this stuff.\" I mean, he was, and so finally I said to him, \"You mean I didn't teach you anything about reading?\" [Laughs] But those are the thrills.",
                "KL: Do you remember the campaign for Japanese American redress and what, what were your thoughts? Were you involved, did you see any testimonies in the '80s?",
                "IT: Yeah, and I can't remember where or how I saw them, but... maybe I heard somebody speak about it. And they, at first I didn't know how to take it because I thought, well, you can't bring it back. But whoever was speaking and was involved said, \"That's the way to hit the people, is their pocketbook.\" So they should, we should ask for some, whatever you call it, money for being in the camps. I thought, gee, this comes so late. It's my parents that really suffered, but I just hope that it doesn't happen again. That, when I think about it, it just gets, I mean, as I get older I, there's more thought that goes into different thoughts, deeper thoughts, and I think gosh, what a big mistake. But I still don't hold any grudges. I mean, it's, to me it's, what can you do? There's some people bitter, but you're gonna be bitter all your life."
            ]
        },
        "segment 30": {
            "Segment Desc": "Raising a family",
            "Segment Questions": [
                "KL: Have you had conversations with your kids ever about this aspect of your background? What are their, or have they shared with you any thoughts that they have about your World War II experiences?"
            ]
        },
        "segment 31": {
            "Segment Desc": "Visiting former camp sites",
            "Segment Questions": [
                "KL: We were talking as I was walking up about your love for National Park Service units and some of the places you've been, and I, so National Park Service, Manzanar National Historic Site was authorized in the '90s and the National Park Service has owned that land and managed it since the late '90s, and also the National Park Service manages Minidoka. And I wonder what you -- and you've never to them, so I wonder what you kind of would like to see at those sites. What, how would you guide the National Park Service in managing those sites and talking to visitors about what went on there? It's a big question, but...",
                "KL: In Santa Fe?",
                "KL: Somewhere in Idaho, or is it in New Mexico?",
                "KL: Albuquerque?",
                "IT: Do you know the name of the camp?",
                "IT: Around there. And they said that's where the camp was, so then I asked the tour guide about what camp was there, and they didn't know much about it. But anyway, it just surprised me how the land they picked was desert, I mean not much, and I was so proud of the people that made our camp livable. I couldn't believe the farmland and, it was not land to be farmed, but they made it into farmland and grew the crops and, I just couldn't believe how they built a city, or whatever you want to call, community, out of nothing, you know? It the land was, or the weather or whatever, was pretty bad. Of course, we'd just get used to it 'cause we were stuck there anyway. ",
                "KL: That was gonna be my last question, is, in fifty years, a hundred years, if people go to Minidoka and visit, what do you want them to know or remember about that place? But maybe that's part of an answer."
            ]
        },
        "segment 32": {
            "Segment Desc": "Reflections",
            "Segment Questions": [
                "KL: Well, I really appreciate your willingness to, as you put it, blab on, but to talk to me about it today. Are there things that I left out that you kind of expected or wanted to talk about?",
                "IT: Yeah. It hurts, it hurt more because when I realized that they were the same age as my son when he graduated from high school, I thought gosh, they're babies. I mean, you know? And they just grew up like that and helped us out. And some of their parents are in camp. So that, a lot happened in those three years. Then I start thinking about the Indians and the blacks and how unfair life has been to them. Anyway, in a way we're coming out of it, and still there's other things cropping up, so I guess that's life. But I'm still happy to be an American. You know? [Laughs] And I do love the national parks, oh my gosh."
            ]
        }
    }
}