{
    "Narrator_Name": "Isao East Oshima",
    "Bio": "Nisei male. Born April 20, 1921, in Berkeley, California. Family moved frequently as a child, and was living in Oakland, California, when Japan bombed Pearl Harbor in 1941. During World War II, removed to the Tanforan Assembly Center, California, and the Topaz concentration camp, Utah. Left camp for Cleveland, Ohio, eventually settling permanently in the Twin Cities, Minnesota.",
    "Title": "Isao East Oshima",
    "Interviewer": "Megan Asaka",
    "Location": "Bloomington, Minnesota",
    "Date": "June 17, 2009",
    "Densho ID": "denshovh-oisao-01",
    "transcript": {
        "segment 1": {
            "Segment Desc": "Family background: father's immigration to U.S. as a college student",
            "Segment Questions": [
                " MA: And how did you get your nickname, East? ",
                " MA: And it just stuck with you your whole life? ",
                " MA: And a little bit about your father. What was his name and where was he from in Japan? ",
                " MA: And do you know where he was from in Japan? ",
                " MA: What did his family do? What type of work? ",
                " MA: And how did they end up in the United States? ",
                " MA: And did your mother work as well? ",
                " MA: And were they married in Japan first? "
            ]
        },
        "segment 2": {
            "Segment Desc": "Description of siblings",
            "Segment Questions": [
                " MA: And how many children were in your family? ",
                " MA: You're the oldest, okay. And what is the difference in years between you and the youngest sibling? ",
                " MA: So whatever that is. [Laughs] Nineteen years? "
            ]
        },
        "segment 3": {
            "Segment Desc": "Moving frequently as a child due to father's work",
            "Segment Questions": [
                " MA: And you told me before that your family moved around a lot? ",
                " IO: Yes, 'cause I was born in Berkeley, and by the time I was about three years old, I think we moved to Elmhurst district of Oakland, California. And I don't remember, but I guess I started kindergarten there. But within a few years, we moved to San Lorenzo, then in a few years we went to, I think it was Mountain View... no, Mount Eden. Mount Eden, and then... let's see, where was it? I forgot. San Leandro, then ended up in Redwood City, California, and that's where I kind of remember things. 'Cause when we moved there, I was in the sixth grade. I went to Jefferson grammar school there in Redwood City, California. ",
                " MA: And what are some of your memories of Redwood City? ",
                " MA: So why did your family move around so much? ",
                " MA: And this was when you were in eleventh grade in Mountain View? ",
                " MA: Was this, was he involved in the nursery business this whole time? ",
                " IO: Pardon me? ",
                " MA: Was he involved in the nursery business this whole growing up? "
            ]
        },
        "segment 4": {
            "Segment Desc": "Memories of living in Redwood City, California",
            "Segment Questions": [
                " MA: In Redwood City, was there a large Japanese population? ",
                " MA: But in your school there were other Nisei students? ",
                " MA: And you said that in high school you were interested in athletics and sports? ",
                " MA: Did you ever attend Japanese language school? ",
                " MA: Because they spoke Japanese? ",
                " MA: And your mother also spoke just Japanese? ",
                " MA: And how did that, what are your memories of the Depression and how that affected people and your family? ",
                " IO: Well, I don't remember too much about it. I remember that I used to go, after I quit the job, I used to go down, Oakland down there, Union Hall, and try to get a job. But I didn't realize it at that time, that was a strong Communist Party, that Union Hall was, the Longshoreman area, you know. And I couldn't believe it. After, years later, I got to thinking, \"Gee, I would have been a Communist if I'd have stuck around there.\" [Laughs] Anyway, I didn't do it, so I ended up with that electric company. In fact, when the war came along, we had some damaged parts from the, transformers from some destroyers that were damaged in Pearl Harbor, and we were repairing 'em there. And they asked, when the evacuation, saying, \"Do you think you can stay?\" And I said, \"As far as I know, there's no exception.\" Otherwise I could have stayed there and worked, as far as working there. "
            ]
        },
        "segment 5": {
            "Segment Desc": "Hearing about the bombing of Pearl Harbor",
            "Segment Questions": [
                " MA: Well, let's talk about Pearl Harbor and that day. What do you remember of that day? ",
                " IO: Huh? ",
                " MA: You were in Emeryville at that point? You were in Oakland? ",
                " MA: You mean after Pearl Harbor? ",
                " MA: I'm curious about the west, you said you lived in west Oakland? ",
                " MA: West Oakland. And that was a primarily African American neighborhood? ",
                " MA: Were there other Niseis that lived in that neighborhood as well? ",
                " MA: And the relationships between the African Americans and Niseis? ",
                " MA: So how did your father and mother react to Pearl Harbor? ",
                " MA: Was your father targeted by the FBI after? ",
                " MA: What types of questions did they ask you? "
            ]
        },
        "segment 6": {
            "Segment Desc": "Preparing for mass removal",
            "Segment Questions": [
                " MA: And how did you first hear about the removal, that you were gonna be sent to camps? ",
                " IO: Huh? ",
                " MA: How did you first hear about the camps, that you would be sent away? ",
                " MA: What happened with your house and your possessions? "
            ]
        },
        "segment 7": {
            "Segment Desc": "Living conditions at Topaz, Utah",
            "Segment Questions": [
                " MA: And you went from Oakland to Tanforan? ",
                " MA: And this was two horse stalls for your whole family? ",
                " MA: What was the weather like in Utah? ",
                " MA: What did you do on Block 12? ",
                " MA: What did you do for the public works department? ",
                " MA: And this was 1943? ",
                " MA: What did you have to do to leave? Did you have to fill out a form or be cleared by the camp? "
            ]
        },
        "segment 8": {
            "Segment Desc": "Leaving camp and settling in Cleveland, finding work",
            "Segment Questions": [
                " MA: So, oh, just backing up a little bit, when you arrived to Cleveland, what did you think of the city? What were your first impressions of... ",
                " MA: And you were staying with a group of Nisei men, right? ",
                " MA: When you moved to the frat house, was there any opposition to you guys moving there? ",
                " MA: So going back to Cleveland, what type of work did you do at the foundry? ",
                " MA: And you said the pattern-maker was Caucasian? ",
                " MA: What were the African American workers doing? What department -- ",
                " MA: Was there a union? Were you all unionized? ",
                " MA: Was there, like, what did you do in Cleveland for fun, like after work? Was there a Nisei hangout? ",
                " MA: And your parents were still in Topaz at the time?",
                " MA: '45, '46? "
            ]
        },
        "segment 9": {
            "Segment Desc": "Deciding to move to the Twin Cities",
            "Segment Questions": [
                " MA: And, I'm sorry, you came to the Twin Cities because your sisters were there? What type of work were they doing? ",
                " MA: They were doing housework? ",
                " MA: At the time, did you want to, how did you feel about not passing the physical? Were you relieved or upset? "
            ]
        },
        "segment 10": {
            "Segment Desc": "Establishing a career",
            "Segment Questions": [
                " MA: Thermo King? ",
                " MA: This was for, for trucks, right? ",
                " MA: When you were working during the war years at Thermo King, were there still, were the workers African American and white divided, the same way in Cleveland? ",
                " IO: There were no African Americans. They were all white at that time there, and I was the only non-white when I first started. Then as a few other Niseis came, there were... one, two, there was three of us, I guess. One who came the year after I did, and I think a few of 'em came a year or two after that. At one time I was the only one. I was the first non-Caucasian employee of that. But that was a Jewish company, see, Jewish-owned. And there again is a story about that company. They started out on a golf course one hot summer day. This original founder of the company was playing golf with his buddy who was in the trucking business. And in the middle of it, phone call, the guy come around and announces they got an emergency phone call for Werner. His name was, my boss was Numero, but Werner. He says, \"What's wrong?\" He says, oh, he went and got the phone and came back, he says, \"We lost another load of chickens today going to Chicago,\" a hot summer day. So they were talking, and then pretty soon his boss said -- I mean, Numero told him, \"Would you try something if I come up with something for your truck? You know, they got refrigerators for houses, why not one for a truck?\" So he came back and told his chief engineer, who was a self-educated African American. On top of that, African American, he only had a formal education up to eighth grade. And Numero came back and asked him and he said, \"Well, we'll see what we can do.\" And about ten days later he came up with something, and Werner Transportation tried it, and that was the beginning of the company, really. That was in 1938. ",
                " MA: Are they still around, this company? ",
                " IO: Huh? ",
                " MA: Is the company still around? "
            ]
        },
        "segment 11": {
            "Segment Desc": "Taking up ballroom dancing",
            "Segment Questions": [
                " MA: So when your parents left camp and came to the Twin Cities, most of your family was in the Twin Cities after the war? ",
                " MA: But no one went back to California after the war? ",
                " MA: Which became an interest of yours, right? You became quite a dancer? ",
                " MA: Did the Niseis have their own dancing facility, their own ballroom? "
            ]
        },
        "segment 12": {
            "Segment Desc": "Getting married",
            "Segment Questions": [
                " MA: Was there like a Japantown in Twin Cities? ",
                " MA: No Japantown? ",
                " MA: Did a lot of people move away after the war? ",
                " MA: Is this her family, was dairy farmers? ",
                " IO: Yes, my wife, Carmel. And she, when I first met her, I asked her where she was from, and she said, \"Exile, Wisconsin.\" I said, \"Oh, she's pulling my leg, Exile, Wisconsin?\" And there really is a town, Exile, Wisconsin. And we got married in Arkansas, Wisconsin, the church in Arkansas, Wisconsin. And then the reception was in Eau Galle, and then the dance was in Bay City, Wisconsin. And the only Asians who were there were my immediate family, relatives, that's it. The rest were all Caucasians. ",
                " MA: How did people feel about your marriage, being an interracial marriage? ",
                " MA: What year did you marry Carmel? "
            ]
        },
        "segment 13": {
            "Segment Desc": "Encountering discrimination when trying to purchase a home",
            "Segment Questions": [
                " MA: And this was in 1958? ",
                " MA: So when did the protests start about your protests in the neighborhood?",
                " MA: I see. So the protests came when you were thinking about moving, or you had already bought the house, but you hadn't moved in yet? ",
                " IO: Pardon me? ",
                " MA: So what happened with the Newton Avenue house? Did you just forget about the whole thing? ",
                " MA: And the, it was published in the newspaper, right? "
            ]
        },
        "segment 14": {
            "Segment Desc": "Buying a home despite discrimination",
            "Segment Questions": [
                " MA: How common was it in the Twin Cities to have that happen at the time? ",
                " MA: Where did the Niseis live? Did they all live in one area, one neighborhood? ",
                " MA: After the newspaper published the story about your house, were most people sympathetic to you? ",
                " IO: Pardon me? ",
                " MA: Were most people sympathetic, the public? ",
                " MA: And after you moved into the Vincent Avenue house, you had no problems? ",
                " MA: And the man who was the agitator, worked with your brother, is that right? ",
                " MA: And who was living with you? Was it your siblings or your parents? ",
                " MA: When did your father pass away? ",
                " MA: But somehow he, it was during that trip, that boat ride? ",
                " MA: What was he doing in Japan? "
            ]
        },
        "segment 15": {
            "Segment Desc": "Career as a buyer for a large company",
            "Segment Questions": [
                " MA: So tell me about your job at Thermo King. You ended up becoming a buyer, is that right? ",
                " MA: And how long did you work as a buyer? Was that... "
            ]
        },
        "segment 16": {
            "Segment Desc": "Thoughts on receiving redress",
            "Segment Questions": [
                " MA: How did you feel about the redress, the government apology and the reparations payments for the internment? ",
                " MA: Was your mother alive at that point? "
            ]
        },
        "segment 17": {
            "Segment Desc": "Observing changes in the Twin Cities over the years",
            "Segment Questions": [
                " MA: So how have, you've lived in Twin Cities now for fifty years, and how have you seen the city change over time? ",
                " MA: And now it seems like there's a lot of Southeast Asians who've immigrated to Minnesota? "
            ]
        },
        "segment 18": {
            "Segment Desc": "Reflections",
            "Segment Questions": [
                " MA: Well, is there anything else you'd like to talk about? ",
                " MA: This is on your side? ",
                " MA: And do your brothers still live in the area? ",
                " MA: Great. Well, is there anything else before we finish up? "
            ]
        }
    }
}