{
    "Narrator_Name": "Jack Sameshima",
    "Bio": "",
    "Title": "George Morihiro - Jack Sameshima Interview",
    "Interviewer": "Andrea Dilley",
    "Location": "",
    "Date": "2003-2004",
    "Densho ID": "denshovh-mgeorge_2_g-01",
    "transcript": {
        "segment 1": {
            "Segment Desc": "Deciding to volunteer for the military",
            "Segment Questions": [
                " AD: How do you know each other? ",
                " JS: Well, we knew each other I think in camp, huh, George? I used to see George in camp because we lived in the same block in internment camp, next to each other. ",
                " JS: Well, I think I was in camp at that time. I was through with high school, and I think the draft started in... when did they start the draft again? '44? ",
                " JS: '43, end of '43? ",
                " AD: What prompted you to enlist? ",
                " AD: What motivated you to go, Jack? "
            ]
        },
        "segment 2": {
            "Segment Desc": "Reasons for volunteering despite being incarcerated",
            "Segment Questions": [
                " AD: What did you think about, during your time of service, relative to your sacrifice for the country? ",
                " GM: What did I think of what? ",
                " AD: How did you think of yourselves relative to the country that you were serving? ",
                " AD: Why did you serve for a country that had taken your freedoms from you? ",
                " GM: Why did I say that they took our freedom from us? ",
                " GM: Because it's my country. Where else could I go? Did you belong to do Japan? No. Which country do you belong to? You're only Japanese in blood. You're American by any other way. It's taken for granted today, but until you get this taken away from you -- and I don't mean put in jail because you committed a crime or something, you lose your freedom -- but you haven't lost your true freedom. You can go to court and everything else. We couldn't go to court, we didn't get any trial, we're picked up, thrown into, behind barbed wire fences, we had guns pointing at us. If you tried to leave the area, you'd get shot at, you'd get killed. But the main thing is this: born as an American, you had that freedom, and it was taken away from you. And how'd you explain freedom? You can't explain it until you get it taken away from you. "
            ]
        },
        "segment 3": {
            "Segment Desc": "Memories of war",
            "Segment Questions": [
                " AD: What was tough about war? ",
                " AD: Tell me more about that purpose. What was the purpose? More than just winning for the country, what was the purpose? ",
                " GM: Why? Because we knew what freedom was, first of all. We knew it was taken away from us, we had our mothers and fathers still in, behind barbed wire fence, we had to get 'em out. But it didn't matter if we lived long enough to see that or not, we had to do it. And the fighting there was... we saw the just cause to it. And there's other things that... that's what made us strong as a unit. But there's a lot of other things that made us better yet, such as the 442nd, you have to understand, was made up of educated young people. The U.S. Army was made up of young kids, but the 442nd was different. All of us in the 442nd were at least high school graduates. The rest of the army was young kids, some of 'em who couldn't speak or read or write or anything like that, we were all educated. The other thing is that the rest of the army was just trained to fight. We were trained very good, we were trained to fight to win. Our determination was different. "
            ]
        }
    }
}