{
    "Narrator_Name": "Jack Y. Kunitomi",
    "Bio": "Nisei male. Born October 10, 1915, in California. Married prior to mass removal, and was sent to the Manzanar concentration camp, California. Transferred to the Heart Mountain concentration camp, Wyoming, and worked on the camp newspaper. Drafted into the army and served with the Military Intelligence Service in the Philippines and occupied Japan.",
    "Title": "Jack Y. Kunitomi Interview I",
    "Interviewer": "Martha Nakagawa",
    "Location": "Los Angeles, California",
    "Date": "July 19, 2011",
    "Densho ID": "denshovh-kyoshisuke-03-",
    "transcript": {
        "segment 1": {
            "Segment Desc": "Family background",
            "Segment Questions": [
                "MN: Today is Wednesday, July 20, 2011. We are at the Japanese American Cultural and Community Center in Los Angeles. We will be interviewing Yoshisuke Jack Kunitomi. Tani Ikeda is on the video camera, and I will be interviewing, my name is Martha Nakagawa. And Jack, I wanted to start with your father's name. What was his name?",
                "MN: But Gonhichi is \"seven,\" right? Wouldn't seven be a lucky number?",
                "MN: What about your mother's name?",
                "MN: Now, wasn't her maiden name Kunitomi also?",
                "MN: Okay. Now, what prefecture were your parents from?",
                "MN: Now, when your father first came overseas, where did he land?",
                "MN: So from Hawaii he came to Los Angeles?",
                "MN: Did he go through the Port of L.A. or San Francisco or Seattle?",
                "MN: And then a few years after this, your mother came over and joined your father?",
                "MN: War bride or picture bride?",
                "MN: So, Jack, do you know if your mother came through San Francisco, Angel Island?",
                "MN: I'm gonna go down the list of your brothers and sisters, and you tell me if I'm correct, okay? First born is Koichi.",
                "MN: Also known as Frank or Koya. Then Chiyoko, then you, Yoshisuke, then Kinya, also known as Kimbo, then Hideo, he also went by Alan. Sueko, Sue, Midori, and Tetsuo. Did I get everybody?"
            ]
        },
        "segment 2": {
            "Segment Desc": "Growing up in Los Angeles's Little Tokyo",
            "Segment Questions": [
                "MN: Now, when were you born?",
                "MN: And what is at this location today?",
                "MN: But Jackson used to run across Central before the war, right?",
                "MN: Now, everybody calls you Jack, but your birth name is Yoshisuke. How did you get the name Jack?",
                "JK: Well, it's rather a long story. I loved to read, so using my library card for the main library at Fifth and Main Street, upstairs, Foreman and Clark haberdashery. Before, we used to get ten books to bring home for the week. And it turned out to be not enough. I would read on the front porch, and I would see this World War vet, number one, passing by every day. And it would always have magazines, fiction magazine, of jungle stories, sea stories, pirate stories, anything adventurous. And he would give me what he had finished. So one day he says, \"Hey, what's your name?\" So I tried to carefully announce my name, and he stood there openmouthed, wondering what I was coming up with. So he says, \"You know, you're in America now, and most people won't understand your name or whatever. So I'm just going to call you Jack.\" I said, \"Well, that's fine with me. Who cares?\" So we just took that name and adopted it.",
                "MN: How old were you when you met this World War I vet?",
                "MN: So did all the teachers in school and your friends start calling you Jack from then on?",
                "MN: So your mother also called you Jack?",
                "MN: Jack, what is the first language that you learned? Is it English or Japanese?",
                "MN: Which Japanese school did you attend?",
                "MN: Did you go every day or did you just go Saturday?",
                "MN: So were you sneaking out of class and playing football?",
                "MN: So all the boys were playing sports, and your parents were paying tuition, but you were out playing sports?",
                "MN: What was unique about the Daiichi Gakuen, they had a yard, and what did you do at the yard?",
                "JK: Well, we combined all the sports programs that our team outside the school, we played whatever was in season. And one thing that I was grateful for was because we played intramural -- is that the right word? -- for games with most of the Japanese schools that had programs, sports programs. And what made it work well was because we travelled, like to Venice, Norwalk, Long Beach. We made friends and teammates, and enemies, sports enemies, and we got to see the world.",
                "MN: You know, you mentioned \"sports enemies.\" Did you guys get into a lot of fights?"
            ]
        },
        "segment 3": {
            "Segment Desc": "Description of prewar Yamato Hall: raided during Prohibition",
            "Segment Questions": [
                "MN: Jack, before we talk more about the school and your sports activities, I want to ask you a little bit about Little Tokyo. And you were sharing to me about Yamato Hall. Can you tell me, number one, what was Yamato Hall?",
                "MN: You said you and your brother heard this. How close were you to this event?",
                "MN: Did they barricade the street off?",
                " MN: Now, Yamato Hall, let's see. You're talking about, the gambling joint was... was that called the Tokyo Club? If you could explain that.",
                "MN: So he got hired by people at Yamato Hall. And then didn't Nisei Week programs, weren't there fashion shows at Yamato Hall?",
                "MN: Did you model?",
                "MN: What was that like, modeling at the fashion show?"
            ]
        },
        "segment 4": {
            "Segment Desc": "Remembering the early days of Little Tokyo",
            "Segment Questions": [
                "MN: I want to ask you to go back a little further now. You saw a lot of buildings in Little Tokyo being built, and you were joking around about how you helped build the old Union Church, what did you boys do when they were building the old Union Church?",
                "MN: And you never got in trouble?",
                "MN: But you almost dug the whole tunnel all the way to San Pedro Street, right?",
                "MN: And then after that you saw the, is it Nishi Hongwanji getting built?",
                "MN: Now, you mentioned the river, and you were describing to me the river. Today, we only know the river as all concrete. What was the river like when you were growing up?",
                "MN: Did anyone get injured in these fights?",
                "MN: Now these people, the kids you were fighting over the territory of the river, were they Japanese Americans from the east side?",
                "MN: So when you met these -- you know, after you boys grew up and you went to high school and you met them, was there still a rivalry, or was there peace?"
            ]
        },
        "segment 5": {
            "Segment Desc": "Playing with other kids in Little Tokyo",
            "Segment Questions": [
                "MN: You were sharing another story with me about, there was a railroad track behind the old union church? And what did the railroads bring in?",
                "JK: Oh, yes. The Times was in a different building that time. But they needed newsprint, so where else made newsprint? Canada. So the Times always had a railroad car full of newsprint, and newsprint would be behind Union Church. So we had a field day after it rained, and went to that... the trucks would come in full of mud, they would load the newsprint on the trucks and try to get out. Well, the mud would prevent the trucks from moving out of the mud, and we would just sit there and laugh at the truck drivers because they had a problem. But it was all in fun. But thanks to the L.A. Times, we learned our English and all.",
                "MN: The bad English. Were the truck drivers pretty angry at you boys?",
                "MN: You skated a lot too, right, when you were a kid?",
                "MN: Now, you were living at 155 North Central, and then your family moved in 1927 closer to where Fukui Mortuary is now, right?",
                "MN: So, did your family become very close with the Fukui family? ",
                "MN: Did you boys go in there and fool around?",
                "MN: Weren't you scared?"
            ]
        },
        "segment 6": {
            "Segment Desc": "Recreational activities as a child: picnics, swimming",
            "Segment Questions": [
                "MN: I want to ask you about your father now. What did he do for a living?",
                "MN: Now, did your father do a lot of overnight trips on his business?",
                "MN: How old were you when you started to help your father?",
                "MN: Were you pretty young?",
                "MN: Grammar school? JK: Yeah, probably... fourth grade. Fourth grade was ten, eleven?",
                "MN: So you did a lot of the loading and unloading of food?",
                "MN: Was summer the busiest time with the kenjinkai picnics?",
                "JK: Oh, yes. Every kenjinkai has a picnic. And then besides that, the Dry Cleaners Association, who else? Anybody that had an excuse, that had a picnic. Summertime, the picnics, oh, my god. We went here, there, everywhere. We started in Elysian park.",
                "MN: You were just a kid, though. What did you do at White Point? Did you go swimming out there?",
                "MN: Did you go look for abalone, octopus?",
                "MN: Tsubu?",
                "MN: You ate 'em at the beach?",
                "MN: Did you just do shoyu?",
                "MN: Now, let me ask you a little bit about your mother. She had eight children. Did she have any time to do any outside work?",
                "MN: You know, in 2008, the Los Angeles City Council voted to give historic status to the tree that was planted in the old Koyasan spot. You saw that tree planted, didn't you?",
                "MN: How did you feel about the fact that the city council recognized this tree?",
                "MN: You mentioned your mother became a cook at Koyasan. What did she cook at home?",
                "MN: But growing up, what kind of food did you eat at home?",
                "MN: Was it Japanese food or American food?",
                "MN: Now, Jack, you were growing up during the Great Depression. How did... did it affect your family at all?"
            ]
        },
        "segment 7": {
            "Segment Desc": "Memories of elementary school",
            "Segment Questions": [
                "MN: Jack, I want to ask you about your schooling now. Where did you go to grammar school?",
                "MN: Now, but the basket weaving, those are for the older kids, right?",
                "MN: Tell me more about this bath. Where'd you take the bath at?",
                "MN: So Amelia Street School was mostly Japanese American kids?",
                "MN: You're talking about Native Americans?",
                "MN: Do you know where they went?",
                "MN: So Amelia Street School, from what grade to what grade was Amelia Street School?",
                "JK: (K-8.) We had kindergarten, unlike now. So kindergarten, and so Japanese people had a break, older brother and sister and friends speaking English. So, you know, I had a fourth grade teacher, Miss Mauch, M-A-U-C-H, who took an interest in our welfare, our weekend. \"I'll get your permission slip signed, all right? We're going to Eagle Rock.\" \"Eagle Rock, where's that?\" Up there in the mountains. So we went to Eagle Rock. Eagle Rock, behind the eagle, there's a cave. We had a cave there to have our lunch, and cave walking, hiking, short hike up. And so we had fun on weekends. And Miss Mauch, thank her. So she took us to Sycamore Grove. Where's that? Where the sycamore trees grow. And oh, she and Ms. Raymond, can't forget.",
                "MN: How often did Miss Mauch take you? Once a month on these trips?",
                "MN: Oh, streetcar went all the way up to Eagle Rock?",
                "MN: Can you share with us about the penny lunch at Amelia Street School?",
                "MN: Who drank the milk for five cents?",
                "MN: How did you get chosen to work the lunch line?",
                "MN: So all the students did it?",
                "MN: So you went to Amelia Street School, and then after that you went to Daiichi Gakuen, which was right next door, is that right? And then Koyasan, you went to Koyasan church. Koyasan had a very famous Boy Scout troop.",
                "MN: Were you involved with that?"
            ]
        },
        "segment 8": {
            "Segment Desc": "Joining the Olivers, a young people's group",
            "Segment Questions": [
                "MN: So when you were growing up, they didn't have the Boy Scouts yet?",
                "MN: Now who sponsored this Boy Scout?",
                "MN: So you were not with the Boy Scout, but you were with the YMCA, right?",
                "MN: So when you were involved with the Y, what kind of sports activities did you boys do, and where did you play if there was no office?",
                "MN: Did you box?",
                "MN: Now you mentioned Masao Satow was head of this Y in Los Angeles trying to get it opened here. What kind of person was he?",
                "MN: Let's talk about the Olivers now. Can you share with us actually what is the Olivers, when did it start?",
                "JK: Well, Ms. Oliver was a teacher at Hayward Street School just west of Maryknoll church. Maryknoll was there, but the school was right across the street from the Japanese Zenshuji. The school was there, it was a small school. And Ms. Oliver was a teacher, and she had a family, she came from the Midwest. After school, she saw the boys playing right in the street. No traffic, but dangerous. So she prevailed upon her older brothers, \"Hey, teach these boys the rules for this game.\" So we took a bunch of them, taught them rules about this game, rule for that game. Pretty soon they were playing the game right away. So she said, \"What's happening during the summertime with these boys?\" She started a girls club too, but the boys was her main worries. Well, she was in charge of the Oliver building that was part of the Japanese school. So she said, \"Hey, they could take over the building.\" So she and another lady were running a cooking school for the Nisei, for the Mexicans, for the Indians, for any foreign people that didn't know how to cook American-style. They had a room, u-shaped cooking stove for each person to learn how to cook American-style. And so they were cooking hot dogs and hamburgers, things like that. So that became Ms. Oliver's contribution. So she started a club. Men's club first, her brothers' in charge. So the club officially started after World War I. So this group of boys played basketball. They went out and beat San Francisco, the champ of California. So Olivers took over. So they started to enter sectional competition. The boys took this Oliver Sr., that was the first name for the club. Well, as our boys grew up, the seniors went on, juniors took over, Midgets took over. So in line, each group took over the leadership and became a legend in southern California. Olivers and Golden Bears became a legend. \"Which group are you?\" \"Oh, Midget.\" \"Are you Cubs?\" \"I'm Cubs.\" Then the younger ones had another.",
                "MN: How long were the Olivers in existence? Is it still in existence?",
                "MN: 2006?",
                "MN: Now you know, a lot of these sports clubs like the Olivers and the Cougars in Boyle Heights sort became like gangs. Did you guys get into a lot of fights with the other sports teams?",
                "MN: By Aki Komai?",
                "MN: So when you boys got together, especially like in Nisei Week, were there trouble?",
                "MN: You were talking about one big fight that was during Nisei Week. What was that about?",
                "MN: Did he get into a lot of trouble as a member of the Exclusive 20?",
                "MN: Now you were sharing with me that during the summer when you were, I guess, junior high school age, you started to hitchhike on the freight cars?",
                "MN: How far did you get?",
                "MN: Fresno? What did you do in Fresno?"
            ]
        },
        "segment 9": {
            "Segment Desc": "Attending high school, working to deliver newspapers",
            "Segment Questions": [
                "MN: Well, I want to talk about your high school years. From Amelia school you went straight into high school? There was no junior high school?",
                "MN: Which high school did you go to?",
                "MN: So Amelia Street School had a lot of Japanese Americans. What was the ethnic makeup of Lincoln?",
                "MN: So in high school, were you very active in sports?",
                "MN: How did you get started as a Rafu Shimpo delivery boy?",
                "MN: You called yourself the Bakugotsu?",
                "MN: And this is when you were playing hooky from Japanese school?",
                "MN: Did you get any serious injuries?",
                "MN: But you had to give a lot of your sports, you gave up all your sports activities once you started to be a delivery boy for the Rafu? You had to help the family?",
                "MN: So was your route, did you take over your older brother's East L.A. route?",
                "MN: What was your route in Boyle Heights?",
                "MN: Than now? It was steeper than now?",
                "MN: Now, when you're going over there, are you walking, are you on your bicycle?",
                "MN: Now, you're a downtown boy going into Boyle Heights. Did you have any problems with the Boyle Heights boys?",
                "MN: Where did the Kashu Mainichi print their papers?",
                "JK: You know the building I'm talking about? Forgot the name of that.",
                "MN: Yamato Hall?",
                "JK: Yamato Hall. Way in the back, more the opposite side of the Tokyo Club, they had a sort of a warehouse where they printed that. At first, they were... what was that process called?",
                "MN: Linotype?",
                "MN: Mimeograph?",
                "MN: Wasn't Sei Fujii, the publisher of the Kashu Mainichi, very critical of the yakuza, and wasn't the yakuza who owned Yamato Hall?",
                "MN: Now going back to you as a Rafu delivery boy, did you deliver seven days a week?",
                "MN: So how did you deliver the Sunday papers?",
                "MN: And they helped you deliver the Sunday papers?",
                "MN: So did the customers, subscribers give you tips?",
                "MN: Do you remember how much you were making?",
                "MN: So how long were you a Rafu paper delivery boy?"
            ]
        },
        "segment 10": {
            "Segment Desc": "Working at the Grand Central Market while in high school",
            "Segment Questions": [
                "MN: So you were a delivery boy and on the weekends you worked at the Grand Central Market?",
                "MN: After you graduated from high school?",
                "MN: Okay, keep talking, tell us more about this Grand Central Market. What did you do there and how often did you work there?",
                "MN: Is that what you did?",
                "JK: Yeah. Saturday you went chopping the heads of lettuce, cabbage, [inaudible], you need to cut for family size. You had to trim lettuce, what the customers, you can't worry the rotten fruits. Oh, god. They used to sell rotten... well, not to the customer, but almost the customers got very overripe tomatoes, what else? Overripe squashes. I'm telling you, it was kind of a shame to sell those because ordinary people wouldn't buy them if they knew what was, been sold. So we got away with murder because we had inspectors, food inspectors that came. The food inspectors went to the wholesale market, the same food that they inspect for the retail market. So they come to the wholesale market, the wholesale market opened very early in the morning. They come into the market, pass all those things, and so they pass two inspections without being dumped because they would, we'd have to dump some of the food that didn't pass the inspectors. So it was fun, I mean, for us, because...",
                "MN: But you didn't take any of those foods home?"
            ]
        },
        "segment 11": {
            "Segment Desc": "Graduating high school and attending City College",
            "Segment Questions": [
                "MN: So what year did you graduate from high school? ",
                "MN: And then after that, is that when you started to work at the wholesale market, the Ninth Street Wholesale Market?",
                "MN: And then while you were working at the wholesale market, you started to attend college?",
                "JK: No. I started school first, City College. It was supposed to be two years, preparatory for UCLA, Berkeley, or any four-year college. Well, for us Nisei, most of us didn't see any future. You see people going to college, what for? You're working in the market like your brother working in the market, why? Why'd they go to school? That was the thought in both of our thinking. So, you know, discouragement. So lots of people decided to go to school, took a job with the city, with anybody else, grow crops in the farm. So they had lot of options where to go. I think lots of them went back to the farm.",
                "MN: But what about you? What did you major in at City College?",
                "JK: Yeah, I had ambition. I went into journalism. Why? I had visions of writing sports stories.",
                "MN: Did you have experience in high school?",
                "JK: High school we were the, I was the editor-in-chief with another fellow. We wrote a column, a gossip column making fun of friends. So I thought I had crossed the knowledge for paper boy. After going to journalism school at City College, hey, we never did this in school. So it was a big change. And I, first year, we had L.A. Times, L.A. Examiner, both evening papers. Then we had the Hearst papers, L.A. Herald Express, which was afternoon. So I went to see a future job. Did I get a run around. No, Japanese face in a Caucasian office? I got the, \"Hurry up and leave.\" So I said, \"Oh, forget it.\" So I changed my subject.",
                "MN: Did you ever apply for a job with, like, the Rafu Shimpo?",
                "MN: Why not?",
                "MN: You wanted to break in to the mainstream newspaper?"
            ]
        },
        "segment 12": {
            "Segment Desc": "Activities as a young person: attending dances",
            "Segment Questions": [
                "MN: Well, Jack, I want to ask you about something a little more pleasant. You had a very active night life. What were you doing at night after work and after school?",
                "MN: So didn't your parents get upset at you?",
                "JK: Yeah, they did, but since I was working, they didn't... well, they didn't say too much because they were too lazy installing... what was the word I would use? Well, I think of it later.",
                "MN: What about the swing and the jitterbug?",
                "MN: Where did you do the jitterbugs and the swing? Did you have dances on Saturday nights?",
                "MN: Where did you have the dances at?",
                "JK: What had most was all these foreign nationals. They would get together, they have their own clubhouse. The Germans had their own clubhouse, the Romanians had, the Jewish had their own clubhouse. So they have clubhouse all over the city, became dance halls. So when the war started coming, each group would have dance halls, so we had nothing but empty dance halls to go in. So we were lucky. Our generation, it started around Washington and Grand. We could go anyplace, look for the signs, and see a sign with a foreign, \"Hey, they might have a hall.\" Yeah, let's go ask, \"How much for a hall for Saturday night from nine to twelve August 1st?\" \"Oh, you want a hall? Yes.\" So we had dance hall with the German clubs or the Romanian clubs, with the Jewish clubs, with all the different nationalities, they had empty halls. So we were lucky, we had a dance, and we had a hall.",
                "MN: So when you had these dances, how far did people come?",
                "MN: Did any fights break out in these dances?",
                "JK: Yeah, at first. Because natural rivalry. \"Where you from?\" \"Gardena.\" \"What?\" So it was like that, I think most of the community.",
                "MN: Did you go out to Norwalk and those places for dances?",
                "MN: Did you dress in a zoot suit?",
                "MN: And where did you learn your dance steps from? ",
                "MN: And what kind of pay dance halls? Were these African Americans or Mexicans or hakujin?",
                "JK: Yeah. This came... the clubs, there were so many Japanese club, especially those that went to the same high school: Norwalk, Torrance, Gardena, or where else? L.A. Poly, Lincoln, they all had clubs, Japanese clubs. And they had Japanese dolls and Japanese costumes for like Girl's Day. So naturally clubs, you learned to dance. Japanese were good dancers because they had teachers."
            ]
        },
        "segment 13": {
            "Segment Desc": "Meeting future wife at an ice skating rink",
            "Segment Questions": [
                "JK: All right. If you were in high school, you probably were in a Japanese club. Japanese club, you have a bento feast, bring your bento and eat, eat Japanese food and all that. Then for the Girl's Day, you have a girl, say, \"Hey, you got a kimono?\" Or you can borrow one from friend. Okay. Wear your kimono. And so it got to be Girl's Day kimono. School picture's up, oh, Japan Day, the next school picks it up, and you have a Girl's Day almost city wide. Yeah, I think that was a good thing for the Japanese girls because Japanese girls are so timid.",
                "MN: So what did these Japanese girls clubs do?",
                "MN: I think there was a lot of vineyards a long time ago, wine vineyards in that area, right?",
                "MN: Going back to the girls club, okay, they held fundraisers, right?",
                "MN: What kind of fundraisers did they hold?",
                "MN: Now, is this where you met your future wife Masa Fujioka?",
                "MN: The skating rink at the Shrine?",
                "JK: But the girls had also a basketball team. The girls started basketball and softball, so they started playing different clubs. Union church had the Keinans. Who else? Oh, I don't remember the other clubs. So they had a league, and we used to watch them on Saturday, weekends, go tease the girls.",
                "MN: And that's how you met Masa?"
            ]
        },
        "segment 14": {
            "Segment Desc": "Father's passing at an early age",
            "Segment Questions": [
                "MN: Now, you're active in a lot of things. You graduate from City College. Now, had your father passed away before you graduated?",
                "MN: What year did he pass away?",
                "MN: What happened to your father?",
                "MN: So did Frank take over as the head of the household after?",
                "MN: Is your father buried at Evergreen?",
                "MN: So now once your father passed away, your mother had to also bring in some income. What did she do?",
                "JK: Well, in the meantime, we had moved to another spot closer to Fukuis, well, around the block. We had been close to Fukuis for the longest time. Yeah, so the son, Shoichi, was now... was he in charge? I know the girls were his sister's friends, so they weren't afraid of dead bodies. So, yeah, they were all playmates running around the funeral halls. Shame on them. [Laughs]",
                "MN: So your family had moved again, and that's on Gary Street, right? And then once your father passed away, then you were at Gary Street and you were living with your mother and Sue at the time and Midori?",
                "MN: And did you have to help out in the business now, bringing in the income?"
            ]
        },
        "segment 15": {
            "Segment Desc": "Hearing about the bombing of Pearl Harbor while at a football game",
            "Segment Questions": [
                "MN: And so you mentioned Pearl Harbor. What were you doing on that Sunday, December 7th?",
                "JK: Oh, boy. Was it kind of scary. We had made plans, half a dozen boys, to go to professional football game at the Gilmore Stadium. So on that day, we met downtown, \"Okay, you got your money for the ticket, right?\" \"Okay, let's go.\" Go to the parking lot, park the car, walk in, buy the tickets, then we hear FDR's voice over the telephone, over the loudspeakers. I don't know how we started, I've forgotten. But he announced that America was now at war. When that happened, we just turned around, walked back to the car, got in the car, not a word spoken. Came back to First and San Pedro, went to the pool hall, turned on the radio to hear, and heard the bad news.",
                "MN: So when you're in the pool hall, what were you boys talking about?",
                "JK: The consequence of the war. How is it gonna affect us? What's gonna happen to the folks? What's gonna happen to the store? Nobody expected a mass evacuation. Gee, that was the least, I thought. That didn't come to any of our minds.",
                "MN: Now you're in the pool hall, you're in Little Tokyo. What was Little Tokyo like on Pearl Harbor day?",
                "MN: Yeah, you mentioned that affected Masa's family. How was her family affected?",
                "MN: By the FBI?",
                "MN: Is that Tujunga?"
            ]
        }
    }
}