{
    "Narrator_Name": "James Omura",
    "Bio": "Nisei male. Born November 27, 1912, on Bainbridge Island, Washington. After the bombing of Pearl Harbor, moved to Denver and took a job as English Editor of a Japanese American vernacular newspaper, the Rocky Shimpo. As editor, wrote about and supported the Fair Play Committee in Heart Mountain concentration camp. Was charged and tried for conspiracy to counsel draft evasion, and was acquitted on the grounds of the First Amendment and freedom of the press. Mr. Omura was awarded the Lifetime Achievement Award from the Asian American Journalists Association.",
    "Title": "James Omura Interview II",
    "Interviewer": "Frank Abe (primary);",
    "Location": "Los Angeles,",
    "Date": "August 1993",
    "Densho ID": "",
    "transcript": {
        "segment 1": {
            "Segment Desc": "Memories of being placed in solitary at Cheyenne jail",
            "Segment Questions": [
                " FC: Tell us about... when were you put in solitary, and why? ",
                " FC: Could you repeat that? Sounded a little, not clear. You were arrested, you were put in solitary within three minutes? ",
                " FC: Yeah, and so, to your arrest then, you were picked up in Denver? ",
                " JO: I was picked up in Denver and taken to Cheyenne. And let's see... how was it? Originally I was placed into the regular hold, but in three or four minutes they took me out again and put me into solitary. ",
                " FC: And what did you have in solitary, TV set, no, radio? ",
                " FC: Shaving material? ",
                " FC: You weren't allowed reading, you weren't allowed to have anything. Books, pencils, paper? ",
                " FC: Did you smoke at the time? ",
                " FC: Were you allowed to have candy? "
            ]
        },
        "segment 2": {
            "Segment Desc": "Being arrested and taken to Cheyenne jail",
            "Segment Questions": [
                " FC: When you were arrested, what time of day did they come by to pick you up, and where and how many? ",
                " FC: Were you handcuffed? ",
                " FC: They took you by car or bus or train to Cheyenne? ",
                " FC: Were you allowed to make a phone call? ",
                " JO: Not until after I was arraigned. And that was, I was taken to, to the municipal building and it was a funny deal there, very funny because it was a hot day, the sun was out, and part of that courtroom was in sunshine and the other half was in darkness. And just before it got dark, they put, asked me to sit down so I sat down, then the marshal went forward and all I could see is somebody on the bench. I couldn't see him clearly but I could see him because he had a white shirt on. And they had a conference, a long conference down there with someone, I don't know who, but there must have been three or four people. And after the conference, the fellow on the bench asked me, he says, \"Do you know what the charge is?\" I says, \"Yes.\" And he says, \"How do you plead?\" \"Not guilty,\" see. ",
                " FC: What was the charge? ",
                " FC: Violate the Selective Service law? ",
                " JO: No, to... how was it now? How did they say that? ",
                " FC: Conspiracy to cause violations of the Selective Service Act? ",
                " FC: Could you say that? \"I was charged with...\" "
            ]
        },
        "segment 3": {
            "Segment Desc": "Arraigned without an attorney",
            "Segment Questions": [
                " FC: So when did you secure a lawyer or contact a lawyer to help you? ",
                " FC: So how did a lawyer get to you? ",
                " FC: And do you think this was going to make it difficult for your lawyer to find you? ",
                " FC: So you were arraigned, you were formally charged and arraigned without the benefit of counsel? ",
                " FC: Were you, when you were transferred from the general holding tank to solitary, what reason did they give you? "
            ]
        },
        "segment 4": {
            "Segment Desc": "Suspecting Minoru Yasui of being a government informant",
            "Segment Questions": [
                " FC: How did you find out Min Yasui was an informant for the FBI? ",
                " FC: You suspected Yasui, you felt Yasui was an informant, and yet he had violated the curfew, created a test case, had presented himself to the world and Japanese America as a resister. What happened? ",
                " FC: Who asked him? ",
                " FC: Could you say that? ",
                " FC: And how did you know this conversation took place? ",
                " FC: The transcript of the trial? "
            ]
        },
        "segment 5": {
            "Segment Desc": "First learning about Heart Mountain's Fair Play Committee",
            "Segment Questions": [
                " FA: You were in Denver, you were editor of the Rocky Shimpo, how did you receive the bulletins from the Fair Play Committee? Did they come through the mail or how did you get them? ",
                " FA: Okay, what role did any go-between play in your receiving the bulletins of the Fair Play Committee? ",
                " FA: So what did you do then about the Fair Play Committee? ",
                " FA: What did you think of the Fair Play Committee? ",
                " FA: And had you ever met Kiyoshi Okamoto, Frank Emi, Paul Nakadate, any of these men before? "
            ]
        },
        "segment 6": {
            "Segment Desc": "Writing the influential editorial \"Let Us Not Be Rash\"",
            "Segment Questions": [
                " FA: And \"Let Us Not Be Rash,\" what prompted you to write that editorial? ",
                " FA: Jimmie, spell it out for me. What was the tightrope you had to walk when you were writing that editorial? You knew you were walking a thin line. What was that thin line, one side or the other? ",
                " FA: And several days later, you received this notice about the Fair Play Committee from Sylvia Toshiyuki? ",
                " FA: As you continued following and printing stories, printing the releases from the Fair Play Committee, were you aware that you were risking yourself as a journalist for prosecution by the government? ",
                " FA: So why did you keep doing it? "
            ]
        },
        "segment 7": {
            "Segment Desc": "Opinion of the Japanese American Citizens League and Mike Masaoka",
            "Segment Questions": [
                " FA: At that time, what was your opinion of the Japanese American Citizens League, the authorized representatives of the Japanese American people? ",
                " FA: The leader of the Japanese American Citizens League, Mike Masaoka, you saw him in San Francisco right before evacuation at a community meeting in San Francisco. You were standing... well, tell me Jimmie, what was your impression of Mike Masaoka at that meeting? ",
                " FA: Jimmie, let me interrupt you. What else did Jimmie, what else did Mike Masaoka say to the people at the San Francisco meeting? ",
                " FA: Tell me, Jimmie, did Mike Masaoka talk about the threats of violence, tanks, guns, against Japanese Americans on the West Coast? Tell me what he said about that and what you thought about that. ",
                " FA: You were standing next to Mike Masaoka, you told me? ",
                " FA: What did you think about his attitude at that time, at that moment? ",
                " FA: This man is what? ",
                " FA: What did you think of that kind of strategy? "
            ]
        },
        "segment 8": {
            "Segment Desc": "Reaction upon finding out about conspiracy charges",
            "Segment Questions": [
                " FA: And why did he say that? ",
                " FA: Yeah, but I mean, okay, so what did you gather from that? ",
                " FA: When you received your indictment, or when you were arrested, when you first learned that the government was going to indict you and arrest you for the charge, what did you think about that, being a journalist? Being a journalist, how did you react to the fact that they were going to charge you for... ",
                " FA: You knew they had no evidence against you, but what was the principle that you relied on? In the back of your mind, Jimmie, that you knew that they could not convict you on? "
            ]
        },
        "segment 9": {
            "Segment Desc": "Hearing the verdict: \"When I was acquitted, I felt I was justified\"",
            "Segment Questions": [
                " FA: At your trial, you were tried along with the Fair Play Committee but you had different attorneys. When the verdict comes down, they were convicted, you were acquitted. How, at that moment, do you remember, how did you feel? What thoughts went through your mind? ",
                " FA: When the verdict came down, can you give me any sense of how you felt, your feelings? Happy, sad, angry, mad, glad? "
            ]
        },
        "segment 10": {
            "Segment Desc": "Memories of trial: supportive reporter, speaking to the jury",
            "Segment Questions": [
                " FA: Didn't he also make some reference to freedom of the press? ",
                " FA: Tell me again, Jimmie. After the trial he said what to you? ",
                " FA: Don't you remember the one juror who wasn't on your side, did you talk to him after the verdict? ",
                " FA: Okay, what was the one thing that the one juror against you say to you? He shook hands, did he shake hands with you? ",
                " FA: Can you tell me that again? After the verdict, one of the members of the jury, tell me what happened. ",
                " FA: Why? "
            ]
        }
    }
}