{
    "Narrator_Name": "Jim Hirabayashi",
    "Bio": "Nisei male. Born October 30, 1926, in small town of Thomas, Washington, on family farm. Attended school in Auburn, Washington, before being removed to the Pinedale Assembly Center and Tule Lake concentration camp, California. Left camp to work in Idaho, and was subsequently joined by family. Postwar, became a social anthropologist, and later became only the second Nisei to teach at San Francisco State University. Instrumental in the struggle to establish the field of Ethnic Studies. Brother of Gordon Hirabayashi, who defied the curfew and removal orders in 1942, and was arrested, convicted, and imprisoned. Gordon Hirabayashi's conviction was vacated in 1986.",
    "Title": "James Hirabayashi Interview",
    "Interviewer": "Megan Asaka",
    "Location": "Denver, Colorado",
    "Date": "July 4, 2008",
    "Densho ID": "denshovh-hjim-02",
    "transcript": {
        "segment 1": {
            "Segment Desc": "Making the decision to study anthropology as an undergraduate",
            "Segment Questions": [
                " JH: Well, it was about a month after the end of the war, and I had just graduated from high school in Spokane, John Rogers High School. And so got on a bus and returned to Seattle about a month before school opened. And I stayed with the director of the YMCA where my brother stayed before the war. And he took me in, he got me job. Let's see, I was working on flower gardens as a way of getting a little money before school started. And, you know, I was raised on a farm so I knew what things were like. So I was working in the garden one day, and the lady comes by, the lady of the house comes by and says, \"Oh, you're planting those bulbs upside down.\" They were flower bulbs, I didn't know anything about flowers. And she says, \"Oh, well, you're Japanese, I guess, so you know what you're doing.\" [Laughs] So anyway, that's how I started out. Got enough money to enroll at the University of Washington. And I went there. At first I was going to go take something like pre-med, because that's what all parents want you to do. And, but I wasn't sure I wanted to do that, and I was talking to a friend of my brother Gordon's who was going there, and she sort of looked out for me like an older sister. And she said, \"Well, why don't you just take pre-major, and take a series of different kinds of courses?\" And she says, \"Well, why don't you try anthropology?\" And I says, \"What's that?\" And so that's how I took anthropology the first term. But I just took pre-major until I was about a junior, and then people says, \"Well, you can't graduate unless you have a major.\" And so around that time, I went on an archeological dig to Eastern Washington, Moses Lake area. And I liked the companionship and everything else, but I didn't like archeology because it was too much like farm work, and I went to college to get off the farm. And so I went into social and cultural anthropology. And it was around junior year that I went there, I mean, switched majors. And finally got my BA in anthropology, and I started my M.A. program there. ",
                " MA: At the University of Washington? "
            ]
        },
        "segment 2": {
            "Segment Desc": "Doing field study in Japan for master's degree",
            "Segment Questions": [
                " MA: And what was the focus of your research at that point, kind of when you were starting your M.A.? ",
                " JH: At that point, I was just, you know, going according to what the department was emphasizing. And of course, they were in the Pacific Northwest, so there was a lot of emphasis on the Northwest Coast Indians. And so I was just taking courses, and then someone told me, \"If you want to go into anthropology, you might specialize on Asia.\" And they says, \"Well, do you know some Japanese? So why don't you specialize in that area?\" And I had gone to Japanese school when I was a kid, and that ended right when the war started, of course. And so I started taking Japanese courses, and that really helped me because I was way ahead of everybody else in the class. And so I didn't hardly study at all, but I get, five unit courses, and I get A's, and it really boosted my gradepoint. And so then I applied for a graduate program there, and I got my M.A. degree, and I sort of minored in Far Eastern Studies as well. ",
                " MA: Was there any work being done, at least in anthropology, on Japanese American stuff? ",
                " MA: And what was the focus of your field work? What types of things did you study? ",
                " MA: How were you accepted by people there as a Japanese American? ",
                " MA: Among people in Japan? "
            ]
        },
        "segment 3": {
            "Segment Desc": "Enrolling in the anthropology PhD program at Harvard, obtaining a faculty position at San Francisco State",
            "Segment Questions": [
                " MA: Is that compared with the program at the University of Washington? ",
                " MA: Were there other Asian Americans at the, especially in the humanities at that point? ",
                " MA: Who was the first one? Was that Hayakawa? "
            ]
        },
        "segment 4": {
            "Segment Desc": "Teaching at San Francisco State, getting an opportunity to go to Eastern Nigeria",
            "Segment Questions": [
                " MA: And then they would compare to sort of the more urban conditions? ",
                " JH: Yeah, compare, and I traveled in the Southwest at that time, went into Pueblo and Navajo groups. Navajo were quite interesting because they were trained as special linguistic in the army also, interpreters, so some secret codes would be sent out in Navajo language, which Japanese didn't know. And anyway, I would go to some of their ceremonies, and they would have veterans doing ceremonies, and they cleanse themselves from... and sometimes they would have Japanese scalps as part of the ceremony. I said, \"Oh, my golly.\" But anyway, after that project, soon after that project, there was a colleague of mine who happened to be working on a project in Nigeria, Eastern Nigeria. He was training administrators there, and he's a psychologist. And I played on the faculty baseball team with him. All that baseball experience I had in camp came in... well, and I played on the social science team. And the project that he was on had an anthropologist who was moving to another area of Nigeria, and so he wrote and says, \"Hey, do you want to come to Africa?\" I says, \"Heck, yes.\" Because I hadn't, I'm not an African specialist, so that I hadn't taken any courses. And I figured if I don't go there with an opportunity like this, I'll never get a chance. "
            ]
        },
        "segment 5": {
            "Segment Desc": "Description of field work in Eastern Nigeria",
            "Segment Questions": [
                " MA: And how you were treated there as a Japanese American, and what your experience was? ",
                " MA: Was there a Chinese community? ",
                " MA: What were people, especially in maybe Eastern Nigeria, what were people's views towards the United States? ",
                " MA: So how long were you in Nigeria? "
            ]
        },
        "segment 6": {
            "Segment Desc": "Returning to San Francisco State during a time of student unrest",
            "Segment Questions": [
                " MA: And then you were sent back to San Francisco? ",
                " MA: So the Asian American Political Alliance, was it Japanese American, Chinese American? What was the ethnic makeup? ",
                " MA: And can you talk a little bit about San Francisco State University at that time and what the student body was like, especially in comparison with Berkeley? Because those two are oftentimes mentioned together, but they were quite different. "
            ]
        },
        "segment 7": {
            "Segment Desc": "Work with the Asian American Political Alliance and Third World Liberation Front, ethnic student organizations",
            "Segment Questions": [
                " MA: In going back to the Asian American Political Alliance, what types of things were they fighting for or what was their mission? ",
                " JH: Well, at that time, there was, you know, as I say, there were things associated with the, with the civil rights. Civil rights was fair play and employment and housing and all these kind of things. And I was involved in some of those kinds of things in Mill Valley where I lived, it's kind of an upper-middle-class area. And so we would go down and send a black couple in to a real estate agent, and they would say, \"Oh, that place is already rented,\" or something like that. Then we'd send a white couple in, and of course, it would be available. And so we'd go and picket the place. We did things like that. And similar things were happening in employment, companies were being picketed and that sort of thing. And then, the students began pushing for courses that were more oriented towards their own life experiences. And at that time, there was a kind of a radical teacher by the name of Nathan Hare that the university hired, sort of as a way of hedging their bets against the pressure that they were getting from the students that was building up. And as I say, the ethnic student organizations formed a coalition called the Third World Liberation Front, and they're the ones that pushed and started the strike. But the, that year, this coalition got involved in the social sciences because the social science division decided to organize a kind of ethnic studies class in response to all this pressure that's building up, and Nathan Hare was going to give the lectures. But it was the social science division, that's where I was in, so that the dean came to me and said, \"Would you be the official faculty member for that class?\" And I said, \"Okay,\" sounded interesting and all that. And so I started to organize the class, talking to Nathan Hare about his lectures. And I was getting my graduate students in anthropology to become TAs in that class. ",
                " JH: Well, you know, this is what I was going, leading up to, is that when I met with Nathan Hare and the leaders of the Third World Liberation Front, all the student leaders, the Black Students Union and the Latino organization, Chicano organization, and the Native Americans, we met to talk about how we should organize the class and what we should lecture. And the students just lit into me. And I had my assistants there ready to go, and they said, \"Nathan Hare's going to do all the lecturing, you don't lecture at all.\" And then they said, \"We're gonna do the TA work, not your, your anthropology students.\" And I was wondering, \"What the heck is going on?\" And all during this period, I was trying to catch up on what was going on politically. And so I was treating that course as, like any other course we where the teacher has sort of control over the curriculum and everything else. And so I was adapting, and I says, \"Well, if you guys don't want me to lecture, that's fine with me.\" And then that fall, I think maybe we only had about a month of classes, and the strike started. So we never finished that term. And the strike lasted for several months, and after that, you know, I was eventually appointed the... well, the strike ended in the, we won the right to start Ethnic Studies, there were faculty positions allocated and everything else. And the first year, I was splitting my time fifty percent with anthropology, fifty percent with Asian American Studies. And I was appointed the chair of Asian American studies. ",
                " MA: I was curious about the strike. Did faculty also strike with the students? "
            ]
        },
        "segment 8": {
            "Segment Desc": "Work with S.I. Hayakawa, president of San Francisco State",
            "Segment Questions": [
                " MA: What was your relationship with him like before the strike, when you two were just professors and faculty? ",
                " MA: What did they, how did they hassle him? ",
                " MA: Did they split off because they were maybe frustrated with the politics? ",
                " MA: So you talked about a debate that you had with Hayakawa. What was the topic? "
            ]
        },
        "segment 9": {
            "Segment Desc": "Description of San Francisco's Japanese American community",
            "Segment Questions": [
                " MA: I was curious about the Japanese American community in general in the Bay Area, in San Francisco at that time. What was the state of the community and what, can you describe that a little bit? "
            ]
        },
        "segment 10": {
            "Segment Desc": "The impact of the San Francisco State strike on ethnic studies",
            "Segment Questions": [
                " MA: ...can you talk about the impact of the strike on, on academia and in general, what the impact was? ",
                " JH: Well... how should I say it? As far as I'm concerned, the irony of the strike was that the very people we had to force to recognize us, that is, the administration and the Board of Trustees, still sat in judgment of everything we did, because they controlled the budget, all right? Now, who's on the Board of Trustees? You don't know their names, but without knowing that, you knew that they were white, old, rich, males, businessmen or lawyers. And how do they get there? They're appointed by the governor. Who does the governor appoint? He appoints people who have contributed to his campaign and stuff like that. So they tend to be somewhat conservative. And they want the educational system to train students that are some value to them. And, \"What the heck is Ethnic Studies anyway?\" They're not interested in Ethnic Studies. Now, the administrators at San Francisco State are, they're passed on by the Board of Trustees, of course, the president and people like that. ",
                " And so, you know, there are things like, I'll give you an example. The Chinese American students wanted a course on Chinese American community. I says, \"Okay, we'll go into Chinatown and we'll find somebody who's lived that life, thought about it, written about it, and we'll hire him.\" So we find somebody like that, and we go back, and I go to the Dean of Faculty, and I said, \"We want to hire this person.\" And the dean says, \"What's his qualifications?\" I'd say, \"What do you mean?\" He says, \"What's his degrees?\" And I said, \"What the heck has that got to do with anything?\" I said, \"If I applied for the job, you guys would be happy because I have a fancy Ivy League degree. But the only way I can teach that course is as an anthropologist because I'm not Chinese American.\" So I'm going to start with anthropological models of analysis like kinship systems, patrilineal societies, so on and so forth. All the theories and all that kind of frame of reference would be anthropology. Well, no Chinese in Chinatown goes around with anthropological models of kinship in his head. His world view is something else again. And if we're going to teach Chinese American kids about self identity and community, we don't start with outside/in models, we start with inside/out models. After all, whose definitions of us put us into concentration camps? It wasn't ours. So anyway, that's what we needed to do in Ethnic Studies. Well, even if I talked the Dean of Faculty into hiring this guy -- oh, by the way. Do you know why he asks that? It's because San Francisco State is accredited every ten years or so. One of the criteria for accreditation is how many PhDs you got on your staff. You know, this reminds me of a quote by a social scientist. It said, \"The system secretes its gastric juices so as to polish the rough stones of dissent into smooth pearls of conformity.\" And right away, if I hire somebody from the community and he wants a promotion or anything like that, he has to publish in the traditional journals, overseen by traditionalists. So the system has its way of, even after we get people with our orientation, to pressure them into -- and I can't complain and say, \"Hey, you can't have promotions.\" They're raising their family and everything like that. So little by little, I think it gets eroded away. ",
                " And the same sort of thing happens with classes. The Black Students Union had a class on African American music. And so I wanted to hire people like John Handy, an internationally-known... and so I tried to split time with the, with the music department. Have Handy half time music, half time in black studies. And the music department said, \"Oh, you know, we don't have enough of a position even for half time.\" He was teaching one course there. Well, gosh, who controls the music department? It's people who focus on nineteenth century Western music, symphonies, you know. There's nothing wrong with that, but John Handy plays to an audience that's quite large, and it's part of our music tradition now. And so it's things like that that make it very difficult to innovate in the educational system, because it's based on tradition. ",
                " MA: So Ethnic Studies as it was envisioned by the students of the Third World Liberation Front, is that even possible to exist in academia, in an academic environment like San Francisco State or Berkeley? "
            ]
        },
        "segment 11": {
            "Segment Desc": "Participating in a research study in Guam: influence on personal ethnic identity",
            "Segment Questions": []
        },
        "segment 12": {
            "Segment Desc": "Teaching and traveling in various countries",
            "Segment Questions": [
                " JH: Well, it's kind of hard for me to think what the future might be. It's, you know, I can't predict what's going on in the country anymore, and with the world. Human beings are supposed to be intelligent, and we keep killing each other. And as I say, oil was a problem in Nigeria when I was there in the '60s, and it's still, Nigeria is corrupt. It was corrupt then. When I went there, I taught there for two years. Oh, after I finished about six years as the Dean of Ethnic Studies, I was, you know, getting continually frustrated. A friend of mine had been in my department at Anthropology, and taught two years in Northern Nigeria. And he says, \"Well, you want to come here and replace me?\" And I says, \"Heck, yes.\" And so I went to Northern Nigeria, at Ahmadu Bello University, and I taught there for two years. And I tried to teach the students about what we were doing in Ethnic Studies, and about self-determination and all that. And I tried to tell them not to, you know, copy, emulate British colonialism. And I don't think they listened to me very much because all during this time, the elite saw how they could gather in the money by controlling power and everything like that. And it's been that way ever since. "
            ]
        },
        "segment 13": {
            "Segment Desc": "Thoughts on the future of Japanese American studies, community",
            "Segment Questions": [
                " MA: Especially after the Nisei generation, you know, is gone. What will happen? ",
                " JH: Well, at the Museum, I keep saying that, well, our job is to explain as best we can what happened to the Issei in the context of what was happening to them in the whole society. We have to do the same thing for the Nisei, the conditions changed, the transformation from the Issei community to the Nisei community. And then there have been changes with the Sansei, particularly things like the strike and things like that. But the Museum puts all these kinds of things out so that people understand what happened and why in the context of their times. And it's for the next generation to look at all this, decide for themselves in the future context what they want to do. But we can't tell them what to do. The best we can do is say, \"Hey, look at what happened, and what's there, and what meaning does it have for you? How do you want to take all this and alter your own lives to suit what you want to do?\" As far as I'm concerned, that's what the Museum is there for. ",
                " MA: So you see the role of, like, community-based organizations being pretty strong and continuing Japanese American studies? ",
                " MA: And what was the focus of this conference that you were talking about? "
            ]
        },
        "segment 14": {
            "Segment Desc": "Traveling with son",
            "Segment Questions": [
                " MA: At UCLA? ",
                " MA: You mean people who, Japanese who had come, immigrated after World War II? ",
                " MA: In Cuba? ",
                " MA: This was during World War II? ",
                " MA: What is the, I guess, status of Chinese, Japanese, in Cuba? Did you get a sense of that when you were traveling? "
            ]
        },
        "segment 15": {
            "Segment Desc": "Influence of the World War II stand taken by brother, Gordon Hirabayashi",
            "Segment Questions": [
                " MA: Diary? ",
                " MA: This was the mukyoukai? ",
                " MA: Your activism? ",
                " MA: He's been a model for a lot of people, I think. So can you talk then about his, I guess, historical importance and his legacy? "
            ]
        },
        "segment 16": {
            "Segment Desc": "Reflections: importance of museums and educational nonprofits",
            "Segment Questions": [
                " MA: Is there anything else you would like to share? Any thoughts or about anything that we've talked about? ",
                " MA: What types of problems? ",
                " JH: Well, you know, there was an internationally known lawyer on the board, and he wrote a, he wrote a position paper to the Board of Trustees that we had to sing a little bit more of an assimilationist tune if we want to get money from rich American corporations. And that made me angry, and so I wrote a rebuttal, but I thought I did it diplomatically. I said, \"If we did that, what's the use of having the Japanese American National Museum? Why don't we just hire the Smithsonian to do it for us?\" And I gave all the arguments, my perspectives and points of view and things like that. Well, I never saw the lawyer again in another board meeting. So I wrote an apologetic letter to Irene saying, well, \"Since I can't do your job,\" which is to keep the Museum going, I says, \"I'm just going to give you my advice. And if you don't take it because of your needs, I'm not going to complain to you anymore.\" [Laughs] You know, Irene is a fantastic director, and I could, I can't talk to rich people like she does. [Laughs] So anyway... ",
                " MA: So then how do we, as younger generations, like my generation, how do we continue to fight within these structures? ",
                " JH: To understand these kinds of structures, and then, you know, all this growing gap between the haves and have-nots, people around the world are starving, you know. And gee, as intelligent human beings, can't we do better? And then the question is, what are you people going to do, your generation? You inherited this big mess, and you have to make it right. And so, again, this is why I think it's important that we have conferences like this, to understand the process. And the question is, what to do? Particularly in the future, in the context of being different. But learn from our mistakes, and don't repeat those mistakes. But I'm hoping for a better world for everybody, and it begins at home. "
            ]
        }
    }
}