{
    "Narrator_Name": "Jim Akutsu",
    "Bio": "Nisei male. Born January 25, 1920, in Seattle, Washington. Incarcerated at the Puyallup Assembly Center, Washington, and Minidoka concentration camp, Idaho. Resisted the draft, with the rationale that the U.S. government had classified him 4-C, an enemy alien, and he was therefore under no obligation to serve. Imprisoned at McNeil Island Penitentiary, Washington. Vocal critic of the Japanese American Citizens League. Resettled in Seattle, Washington. Thought by some to be the model for the main character in John Okada's No-No Boy.",
    "Title": "Jim Akutsu Interview",
    "Interviewer": "Frank Abe (primary); Frank Chin (secondary)",
    "Location": "Seattle, Washington",
    "Date": "August 28, 1993",
    "Densho ID": "denshovh-ajim-02",
    "transcript": {
        "segment 1": {
            "Segment Desc": "Meeting with Minoru Yasui and telling him about resistance decision",
            "Segment Questions": [
                " FC: Min Yasui has arrived in Minidoka. What's the weather like when you go visit him? ",
                " FC: He wasn't home the first time? ",
                " FC: How? What happened when you met with him? Why did you go see him? ",
                " FC: What was your strategy? ",
                " JA: Well, actually, I lost my citizenship -- given 4-C. That was the biggest thing, 4-C, okay? And -- ",
                " FC: You, you interpreted the draft classification of 4-C as a loss of your citizenship? ",
                " FC: Would you say that? \"I considered... because I was classified 4-C, I considered that I, the government had taken away my citizenship.\" Something like that. ",
                " JA: Yes. We were all classified... see, we were classified once 4-C. 1-A to 4-C. And you were put in camp, and then again, before the segregation -- you know, when you got that question 27 and 28 -- you were given classification again, you were given the 4-C, okay? ",
                " FC: And 4-C meant...? ",
                " FC: Did Yasui agree with you? ",
                " JA: Well, actually, I told him that, the first time -- I mean, to begin with, I wanted to know a little more about him, and then know why he did it. So I told him that with this selective service reinstatement of volunteering, selective service that was coming up, I said that I have a way that I can beat this thing and that was to prove myself an alien. And to prove myself an alien, I had to apply to the Spanish consul, or the Spanish embassy that I am an alien and I want to be repatriated, and they accepted me, repatriate, okay? Then at the same time, at camp, I, when the naturalization act came up I said I wanted to be repatriated. So WRA, WRA accepted. So Spanish embassy, WRA both accepted my repatriation. "
            ]
        },
        "segment 2": {
            "Segment Desc": "Forms of resistance: \"repatriation\" strategy",
            "Segment Questions": [
                " FC: What does \"repatriation\" mean? ",
                " FC: Did Yasui agree with the strategy? ",
                " FC: So as a strategy, how was this going to work? ",
                " JA: Okay. The thing was, strategy was that I will claim that I had no obligation, but to prove that I was an alien I had to have a document or something by the third country or somebody, third party telling me that I am okay to be repatriated. So they're accepting me as an alien, okay? That's the main thing. So Spanish embassy accepted me as an alien. WRA, they also accepted me as an alien and that's the document that I wanted to take to the, my day in court, to say that, \"Here it is; I'm an alien. And 4-C, I do not have any obligation.\" Meaning all the rest of the people in camp, if they're in camp, classified 4-C, they had no obligation. The funny thing is, two camps -- Minidoka and Heart Mountain -- where JACL was very active, we got the biggest sentence. We in Minidoka got more than Heart Mountain did. But Poston and Tule Lake, Gila River, all the others, the judge says, \"No case,\" or whatever it is, \"You go back home.\" Because they didn't cite that they were 4-C, \"enemy alien,\" with no obligation. But why did they... ",
                " JA: I didn't give it up. The government is the one that, you know, took it away, or whatever they did to meet their whatever, to put us in camp. So the thing is, the government did that. Not me. I didn't give it away. The government took it away with no cause, no due process. That's what I'm challenging. The thing is, if they could do it to me, then what about the rest of the America? ",
                " FC: But by accepting being alien, how did you hope to restore your rights as an American citizen? ",
                " JA: It was up to the government. It was up to the government. They violated the Constitution or whatever they did, they did it in violation. Therefore, it's up to them to right whatever wrong. Therefore, I'm always putting the monkey on the government's back. \"You correct it. You said this -- you correct it.\" See? I never said, \"I'm an American.\" I never said that. Yeah. Because they made me an alien, therefore I am an alien. Okay? Other people claimed they're American citizen, therefore the government would come down and say, \"Hey, when we tell you to jump, you better jump. How far, that's up to you.\" But in my case I didn't have to. Why? Because I'm an alien. If the laws, the Constitution applied, why didn't it apply to us? Everything. Why didn't it apply to us? It didn't, so what was I, alien or citizen? If I were a citizen, yes, it applied, and I could vote, I could do whatever, but I couldn't vote, I couldn't get out, I couldn't go to school, I couldn't go out to work. I was just held. ",
                " FC: ...that this would force the government to reconsider? ",
                " JA: That's right. It's putting the monkey on their back and saying, \"No, no, wait a minute. You're still a citizen.\" Well, then, if I were a citizen, what am I doing in camp? Why can't I get out? Why are my constitutional rights, etcetera, constantly being violated? "
            ]
        },
        "segment 3": {
            "Segment Desc": "",
            "Segment Questions": [
                " FA: What did you hear about Min Yasui? ",
                " FA: Tell me again, what'd you think about that? ",
                " FA: So then what happened? ",
                " FA: Then what? ",
                " JA: And then what I wanted to do was to talk about what was going on in camp, and this is how I felt. And I thought that here, here we are in camp, and there, they called for the volunteers, then also called, they're reinstating, you know, the selective service. And I just couldn't see myself going along with that knowing what I did know. That we as a -- what shall I say -- evacuee, have no obligation for military service, and that was the main point. The main point was that I am an alien, okay? Therefore I did not have any obligation. "
            ]
        },
        "segment 4": {
            "Segment Desc": "Feeling disappointment upon meeting Minoru Yasui",
            "Segment Questions": [
                " FA: So you finally got to see Min Yasui. Tell me again, why did you go see him, what did you want from him? ",
                " JA: Well, what I want was he, his being a attorney, I thought maybe that I could get some clarification on a few things. And why he did his thing and that I'm gonna pick up from where he left off and pick it up in camp, and to bring it to court. Number one, it wasn't too much as the induction, it was the citizenship, loss of our citizenship status. That was the main thing. And the only way to bring it up, to have my day in court was to say I'm not going, not answer the draft. Okay? Then I will have a day in court, at which time I'll bring up the documents to prove that I'm an alien, that the alien does not have to meet the military obligation. Therefore, nobody in camp. And that was my strategy, to pass out -- ",
                " JA: Yeah? ",
                " FA: What did Min Yasui tell you? ",
                " JA: Well, he said, \"You better, you better take it easy.\" In fact, he says, \"forget about it.\" And he said, \"What you should do is go along with the draft.\" And he, and then the next thing, he told about the case -- his case, that you don't get any real justice. He said, \"All you do is get, it's a kangaroo court at best, and therefore you won't get a fair trial.\" So he said, \"You better just go along with it and just comply.\" So I said, \"No, I'm just going to go through with it,\" and he tried to talk me out of it. But I told him, \"Well, even if I have to do it alone, I'll do it.\" And he mentioned about, \"You might get killed. They're pretty rough people.\" See? So I said, \"Well, either way, in the battlefield or in jail, I've only got one life.\" But he kept telling me that I should forget about it and comply. So when, by that time, I kind of felt where he's coming from, so I just said, \"Well, thank you very much,\" and that's it. Left. ",
                " FA: Given the fact that you had looked up to him as someone who had launched a test case and stood up for Japanese American rights, for your rights, he says, \"Forget it,\" how'd that make you feel? ",
                " FA: And I think I must have missed something, but you said that when Min tried to, he said, \"Forget about it,\" he told you something else? I didn't quite... ",
                " JA: Like what? ",
                " FC: Who would beat you up? ",
                " FC: Who would kill you? ",
                " JA: Min Yasui told me that I have a chance of getting beat up or even get killed in the federal penitentiary, and he said, \"There are lots of tough people there and for what you're doing, they may harm you.\" So I told him that, \"So? That's my chance. That I either get killed out in the battlefield or get killed. It's... but I'm going through with it.\" ",
                " FA: Why not go out and get killed in the battlefield, Jim? That's the, supposedly the honorable -- ",
                " FC: Did Yasui give you the impression that he had been beaten up in federal penitentiary? "
            ]
        },
        "segment 5": {
            "Segment Desc": "Memories of Minidoka concentration camp, Idaho, and meeting Minoru Yasui",
            "Segment Questions": [
                " FC: What was it like going to camp? ",
                " JA: Like going to camp? ",
                " JA: Well, the first impression when I got off the train, hot, dusty, and it was, \"Wow, what a place,\" you know? And beyond that, I, being a hiker and camper, I could tough most anything. ",
                " FC: There was snow on the ground? ",
                " FC: How long, how far did you have to walk? ",
                " FC: Through the snow? ",
                " FC: Was Yasui cordial? ",
                " FC: Offer you tea? ",
                " FC: Was, did he impress you as an intelligent man? An honest man, a leader? ",
                " FC: Were you looking for a leader? "
            ]
        },
        "segment 6": {
            "Segment Desc": "",
            "Segment Questions": [
                " Male voice: When you guys went to camp, did the government provide leaders amongst you, or did they appoint somebody? ",
                " FC: Were you a member of the JACL at the time? ",
                " FC: In Seattle, were you a member of the JACL? ",
                " FC: You knew that the JACL had been founded in Seattle? ",
                " FC: And why weren't you a member? "
            ]
        },
        "segment 7": {
            "Segment Desc": "Answers to the so-called \"loyalty questions\"",
            "Segment Questions": [
                " JA: Yeah, because there was so much misunderstanding that's going on, and number one, that's a misunderstanding between the resisters and the non-resisters, including the vets. And to me, I had something that I want to prove to the government that they cannot do this, this, this... I did not want to just blindly follow whatever they tell us to \"prove your loyalty.\" What loyalty? I was loyal; why should I prove? Like answering that 27, 28? Yeah, I said 27, I said, \"Sure, send me anywhere, I'll go.\" 28 I said, \"No.\" Number one because I did not pledge allegiance to any other country, flag, whatever. And in 1943 I'm saying, \"Hey, I changed my mind, I'm gonna pledge allegiance.\" I said, \"What for?\" See? Never pledged allegiance to anybody, any other country. So why should I, now, all of a sudden, pledge allegiance in 1943, staying in a concentration camp and having a 4-C. ",
                " FC: How many years did you... you were convicted? ",
                " FC: How many years did you serve at McNeil Island? "
            ]
        },
        "segment 8": {
            "Segment Desc": "Receiving the silent treatment from the Japanese American community postwar",
            "Segment Questions": [
                " FC: After the war, after you're home from jail, how did the community accept you? ",
                " FC: What happened? ",
                " FC: Did they spit on you? ",
                " FC: Were, do you know of people who had made the same stand as you, did you know of people being spit on? ",
                " FC: Were you given a rough time? ",
                " FC: Did anyone ever call you, to your face, \"coward,\" \"draft evader,\" \"draft dodger\"? "
            ]
        },
        "segment 9": {
            "Segment Desc": "Mother's suicide as a result of ostracism from Japanese American community postwar",
            "Segment Questions": [
                " FC: Did your family suffer because of the stand you took? ",
                " FC: What happened? ",
                " Male voice: Would you do -- knowing now what happened, if you had the chance to do it again, would you do it all over again? ",
                " FC: Did your mother ever tell you, \"Quit it. Forget it. Don't do it\"? ",
                " FC: Did your mother understand what you were doing? "
            ]
        },
        "segment 10": {
            "Segment Desc": "",
            "Segment Questions": [
                " FC: But she never said, \"Don't do it\"? ",
                " FC: Any other members of your family? ",
                " FC: How old were you? ",
                " FC: Uh-huh. Older, younger? ",
                " FC: So you all shared an apartment? ",
                " Male voice: When did, when were you let go? When did they let you go? When did they finally just abandon you and say, \"Go on home?\" ",
                " Male voice: Right. What was your last day in prison like? "
            ]
        },
        "segment 11": {
            "Segment Desc": "Thoughts on arrest and FBI's \"dangerous\" classification",
            "Segment Questions": [
                " FC: You knew, you were in the same prison with Gordon Hirabayashi? ",
                " FC: Oh, you were in the \"big house\"? ",
                " JA: Very \"dangerous,\" because for what the FBI reported. See, all of this report went from Min Yasui, I don't know what the route was. But it went to Clarence Arai, from Arai to WRA, to FBI. Because I got interrogated shortly thereafter about my repatriation. Clarence Arai, he was the head of the seditious committee for JACL. And I got interrogated. And he was saying, he told me that, \"You can't repatriate, expatriate.\" I says, \"Why? I'm an alien.\" And we argued about that. ",
                " FC: Are you saying that Min Yasui, Clarence Arai of the JACL, fingered you for arrest? "
            ]
        },
        "segment 12": {
            "Segment Desc": "Remembering mother's funeral",
            "Segment Questions": [
                " FC: How old was your mother when she took her own life? ",
                " Male voice: What did you do for a funeral? ",
                " JA: Well... what's that? ",
                " FC: Was there a public funeral? ",
                " FC: Was the funeral well-attended? ",
                " FC: How were you treated at the funeral? Did the community continue to shun you? "
            ]
        },
        "segment 13": {
            "Segment Desc": "Thoughts on members of Heart Mountain's Fair Play Committee",
            "Segment Questions": [
                " FC: At McNeil Island, did you meet any of the FPC boys? ",
                " JA: You mean the Fair Play? ",
                " FC: What did you think of them? How did you, where did you meet them? ",
                " FC: You read the Rocky Shimpo? ",
                " FC: Were you communicating with Emi before you saw Yasui? Or was that after? "
            ]
        },
        "segment 14": {
            "Segment Desc": "Younger brother's experience also as a draft resister",
            "Segment Questions": [
                " FC: Your brother; what happened to him? ",
                " FC: He refused the draft? ",
                " FC: Your brother go to jail with you? "
            ]
        },
        "segment 15": {
            "Segment Desc": "Recollections of prison, being released",
            "Segment Questions": [
                " Male voice: What did you think about on the boat trip back from McNeil Island back to the mainland? ",
                " Male voice: What did you think about what it would be like on the outside again, after three years? ",
                " Male voice: Who met you on this side of the water? "
            ]
        }
    }
}