{
    "Narrator_Name": "Jimmie S. Matsuda",
    "Bio": "Nisei male. Born June 16, 1927, in Hood River, Oregon. Grew up in Hood River, where parents ran a farm. At the age of thirteen, went to Japan with family for a vacation and ended up staying there. Attended school in Japan and then was trained in the Japanese air force as a kamikaze pilot. Instead of being sent into combat, served as a translator because of English language skills. After the war, worked for the U.S. military as an interpreter during the U.S. occupation of Japan. Returned to the United States in the 1950s.",
    "Title": "Jimmie S. Matsuda Interview",
    "Interviewer": "Tom Ikeda, Steve Fugita",
    "Location": "San Jose, California",
    "Date": "January 25, 2011",
    "Densho ID": "denshovh-mjimmie-01",
    "transcript": {
        "segment 1": {
            "Segment Desc": "Father's family background",
            "Segment Questions": [
                " TI: Okay, so I'm gonna start, Jimmie, and the way I start this is just by the date and everything, so today's January 25, 2011, and we're in San Jose at the Japanese American Museum of San Jose. Interviewing with me is Steve Fugita and on camera is Dana Hoshide, and my name is Tom Ikeda. So Jimmie, I'm gonna just start with, can you tell me where and when you were born? ",
                " TI: And what was your birthday? ",
                " TI: Okay, so that makes you about eighty, what, eighty-three years old? ",
                " TI: [Laughs] No, you look great. And tell me, what was the name given to you at birth? "
            ]
        },
        "segment 2": {
            "Segment Desc": "Mother's family background",
            "Segment Questions": [
                " TI: So next I want to talk about your father, so can you tell me your father's name and where he was, where he's from? ",
                " TI: Good. And, and can you tell me why he decided to leave Japan? ",
                " TI: And do you know about how old he was when he came? ",
                " TI: So when he first came to the United States, where did he go first? ",
                " TI: Was there a family connection between the Yasuis and the Matsudas? ",
                " JM: Vegetable. Asparagus, potatoes, tomatoes, cucumbers, squash, and what else was there? ",
                " TI: And how did, or who did he sell the produce to? ",
                " TI: And so Portland had, like a farmers' market? ",
                " SF: Was that Japanese-run, Jimmie, the market? ",
                " TI: Good. And let's talk a little bit about your mother now. So what was your mother's name and where was she from? ",
                " TI: And where did she grow up? ",
                " TI: And what kind of work did her family do? ",
                " TI: And so, for your mother, education-wise, how much schooling did she have? ",
                " TI: So how did your mother and father meet? ",
                " TI: Okay, and so they got married in Japan. So was your, did they come to the United States together, or did your father come to the United States first? ",
                " TI: And Amy was the oldest? ",
                " TI: And she was born about, what, 1920, '21? ",
                " TI: Yeah, so she was probably about six years older, six or seven? "
            ]
        },
        "segment 3": {
            "Segment Desc": "Growing up in Hood River, Oregon",
            "Segment Questions": [
                " TI: Okay, so we, we just talked about the six children. So I want to just get a sense of Hood River, before the war and you growing up and what Hood River was like, so talk about sort of the family life. What, like a typical day for you when you woke up, what was that like? ",
                " TI: So this was before breakfast, you would, the first thing you would do? "
            ]
        },
        "segment 4": {
            "Segment Desc": "Attending school, being called a \"Jap\"",
            "Segment Questions": [
                " TI: So tell me about going to school. How close was school? ",
                " TI: And let's talk about school first, so tell me about your school. I mean, how many other Japanese were at this school? ",
                " TI: And how many non Japanese were in the class? ",
                " TI: So two thirds were Japanese and one third was non Japanese? ",
                " TI: And how did the different races get along with each other, Japanese and non-Japanese? ",
                " Okay, so let me ask that question again. This girl would use the term Jap and, and tell me again, so how did that make you feel when she used that term, Jap? "
            ]
        },
        "segment 5": {
            "Segment Desc": "Attending Japanese language school",
            "Segment Questions": [
                " TI: So we talked a little bit about school, how about Japanese school? Did you ever have to go to Japanese school? ",
                " TI: And you said this was about a year before you went to Japan, so you're about, what, ten years old? ",
                " TI: Okay, so that's... and who was taking Japanese classes with you? Was it just your family, or was it -- ",
                " TI: Oh, that's interesting. So a German friend, so she's about your same age? ",
                " TI: And she just wanted to take Japanese? ",
                " TI: So during that time she was kind of your, your girlfriend, and was that why she wanted to take the class, do you think? Because she wanted to be... ",
                " TI: Now, how did your parents feel about, about, or did they know that you had, the two of you liked each other? Did they say anything about that? ",
                " SF: And the Japanese school was, like, one whole day on Saturday? ",
                " SF: So your parents would drive you? ",
                " TI: So how about church? Did you go to church? ",
                " TI: And did you go to see these, too? ",
                " TI: So what was the, so explain, describe what that was like. So how many people were there and what was the reaction of the audience? ",
                " SF: So these movies were Japanese documentaries on the war? ",
                " SF: So they were just showing Japan fighting China? ",
                " TI: Oh, so they would show that in these movies, too? ",
                " TI: Interesting. Were there ever organized efforts to raise money or anything for the Japanese or Japanese army in Hood River? ",
                " SF: So they never made those toiletry and candy and packages for the Japanese war, soldiers? "
            ]
        },
        "segment 6": {
            "Segment Desc": "Participating in community events",
            "Segment Questions": [
                " TI: How about some other community events, like picnics? Did you have anything like that? ",
                " TI: And what about some other families that were really strong in Hood River? ",
                " TI: So I just have to ask this question. It's kind of a tangent, but were there any good baseball players in the Wakamatsu family? ",
                " TI: And that was Johnny? ",
                " TI: It's a good story. So any other memories from Hood River, like an event or story that, that you can remember fondly about Hood River? ",
                " TI: How about like fishing? Did you ever do anything around the Columbia River? ",
                " TI: Now, would you bring 'em home and eat the fish? "
            ]
        },
        "segment 7": {
            "Segment Desc": "Family decides to visit Japan",
            "Segment Questions": [
                " TI: So let's move on to a little bit later when the family decides to go to Japan. So can you tell me about that in terms of why your family went to Japan? ",
                " JM: Well, the only reason we went back to Japan is my uncle and my mother, they're brother and sister and he says, \"You never know what's gonna happen, so why don't you people take a vacation on Christmas and come over to Japan?\" because they know that Christmas holiday, American people don't go to school or anything like that, so one -- nineteen thirty, was it seven or was it, I forget, '38? -- we asked the principal that, we want to go to Japan and meet our uncles over there and so we're gonna take off three weeks. And the principal says, \"Oh, that's very good,\" says, \"Yeah, you better enjoy and go, go to Japan, see your families.\" ",
                " TI: So this was just gonna be a Christmas vacation, three weeks? ",
                " TI: And this was the whole family, so all six kids and the mother and father? ",
                " JM: Yeah, but when we went to Japan my mother and two sisters and the youngest kid, we, they went home on a different boat and then we went on the second boat that was leaving for Japan. It was Fumi, Fred, and myself, we went on the second boat that carries their lumber. You know that Japan has to buy lumber and everything? So... ",
                " TI: And you went with your father, then, with the second trip? ",
                " TI: She's about thirteen, twelve, thirteen years old? ",
                " JM: Oh, Fumi? Yeah. ",
                " TI: Yeah, so it's the three of you, so tell me about the boat ride across. I mean, what was that like? ",
                " TI: Any other memories on that, so this wasn't a passenger ship, you said? ",
                " TI: And so were there, besides you, any other passengers? ",
                " TI: So how did you pass the time? I mean, three and a half weeks... ",
                " TI: And you had your own little stateroom or little room that the three of you stayed in? ",
                " SF: How did your dad arrange for you to get onto this freighter, since it was not a regular passenger ship? "
            ]
        },
        "segment 8": {
            "Segment Desc": "Getting sick in Japan, remaining with mother while father returned to Oregon",
            "Segment Questions": [
                " TI: So let's talk about that a little bit more. So, so Christmas break you go to Japan, the three of you, so the trip itself took, you said two and half, three and a half weeks? ",
                " TI: A long trip. So tell me, you're, you're finally at, to Japan, where did you land in Japan? ",
                " TI: And what were some of your first impressions of Japan when you first got there? ",
                " TI: So here you had spent all your time in America, sort of Hood River, and now you were in a different country, what did you think of Japan when you saw it? ",
                " TI: So let's, let's kind of walk into that a little bit more. So you're there first on vacation. I guess the question is, but then you end up staying there, what happened? Why did you stay in Japan? ",
                " TI: And what happened, what kind of sickness? ",
                " TI: Now, when you were in the hospital, so did the whole family stay in Japan, or did some people go back? ",
                " TI: And I'm sorry, who, who came to farm and took things? ",
                " TI: Had to go back where, to Japan? ",
                " SF: How did you find out about, how did, what happened to the farm and all that? "
            ]
        },
        "segment 9": {
            "Segment Desc": "Attending school in Japan, being teased for being American",
            "Segment Questions": [
                " TI: Okay. So let's go back to you, so you're in the hospital with a sickness. You said you were there for about three weeks? ",
                " TI: At this point, so you're well now, what did the family decide to do next? ",
                " TI: And so, so you said even though you're much older, like twelve or thirteen, you start at first grade? ",
                " TI: So how did, how did you, during this time, feel? I mean, here, just weeks before you had told the principal you're only going to be gone for a short time and now all of a sudden you're living in Japan going to Japanese school? What was going through your mind then? Do you recall how you felt about this? ",
                " TI: And how was it like for your older sisters? What were they doing? ",
                " TI: The missionaries? ",
                " TI: How about the teachers? How did they treat you? "
            ]
        },
        "segment 10": {
            "Segment Desc": "Progressing through Japanese grades in school",
            "Segment Questions": [
                " TI: And so how long did it take you to kind of progress grades? You started off at first grade. ",
                " TI: Okay. And do you recall how long you were in Japan before the war started? Was it, yeah, how long? ",
                " TI: Was it, like, one school year or two? ",
                " TI: So like a couple of school years? ",
                " TI: Three school years, okay, before the war started. And, say, right before the war started, so you'd been in school for two, three, three years, did you still think that you were different, that you were American or Japanese? Did you think about those things? ",
                " TI: And why would you get in trouble for teaching English? Why would, why... ",
                " TI: Okay, but, and I'm curious, how much information was there about America? Like did they have information in their, like social studies classes or things like that, in terms of America and what that, did they learn about, did students learn about America? ",
                " SF: At that time, do you remember if you wanted to really be a Japanese, or did you resist? ",
                " TI: And during this time, what kind of work did your mother and father do? ",
                " TI: And so during this time, this is, again, before the war, were the Wakamatsus and these other people watching the farm at Hood River, or had that, did something happen to that during this time? ",
                " TI: Okay. So now, in Japan before the war, any other memories? If you thought about something that you think back with fond memories, sort of before the war in Japan, what would come to mind? ",
                " TI: So even you were there for some time now, you still thought about you wish you could be in America? ",
                " TI: And how about your sisters? Did they ever talk about that? ",
                " JM: They said, \"Yeah, let's go back to America,\" but I thought, could we go back now? \"Oh, maybe Japan would win and then we could go back, and if we go back,\" says, \"We're gonna, first thing we're gonna do is go to Portland and see our friends.\" That was what we were always thinkin' about. Until I start going to high school, then I had to take, during high school too, I had to take military training and everything like everybody else. "
            ]
        },
        "segment 11": {
            "Segment Desc": "Being watched by the Japanese government after the bombing of Pearl Harbor",
            "Segment Questions": [
                " TI: So let's, let's move to December 8, 1941, when Japan bombed Pearl Harbor. Do you remember that day? ",
                " JM: Yeah. It was December 8th. Over here it was the 7th? ",
                " JM: Yeah, but then, that time I was raised like a kid and my dad too, he says, \"The Japanese are stupid.\" And I said, \"Why?\" you know, in Japanese. He says, \"Japan's a small country. They can't beat America. Look how big America is.\" And so he says, \"Nihonjin wa bakatare.\" [Laughs] ",
                " TI: And how about your mother? Did she have anything to say? ",
                " TI: So describe what it was like when you went to school. What was school like after war had started? ",
                " JM: In Japan? ",
                " TI: I'm sorry, the FBI? ",
                " JM: The Japanese FBI, because they thought we were spies. So even during the daytime or nighttime, they would come in the house without even knocking. They'll just open the door and say, \"How are you guys doing?\" and things like that, too. When we were having dinner they'll do that. And one day, I didn't go to school, but the FBI says, \"Hey, Matsuda-san,\" he said, \"How was school today?\" I said, \"Oh, it was very good.\" He says, \"Nope, you didn't go to school. You played hooky, 'cause you were at the coast swimming with the other friends.\" They caught me right there. ",
                " TI: And why do you think so? ",
                " TI: Now, when you're at school were you ever teased for growing up in America? Did they call you Yankee or anything like that? ",
                " JM: No. Well yeah, they called me Yankee, I mean, \"yanki,\" they'll say. They called me that, but other than that, no. Because what happened is high school there was these guys that, they were pretty good Japanese people, but they start teasing and one day, they were practicing, learning how to blow the bugle and everything and I happened to walk by, and I kind of laughed at them the way they were doing that and this one guy comes up to me and in Japanese he says, \"What's the matter with you?\" 'Cause he know I was a foreigner, and then he took out this, it's called tsuba, a kendo thing, you know that tsuba in there? He had that in his pocket. He took it out and start raising a hand, so I did my little boxing, I says, \"Come on.\" Soon as he seen me do that he quit. He knew that that was the only way. [Laughs] ",
                " TI: So during this time, you mentioned your sisters, so their school, the missionaries had to go back to the United States, so what did your sisters do after the war started? ",
                " TI: And do you recall any stories that they told about what it was like for them? "
            ]
        },
        "segment 12": {
            "Segment Desc": "Joining the Japanese air force",
            "Segment Questions": [
                " TI: So tell me about the changes. Now that war has started, at school, at home, the work, what changes happened in people's lives in Japan? ",
                " JM: People's lives, okay. Like in my case too, after you graduate high school you have to volunteer in the military. They make you volunteer unless you're a handicap, so when I graduated, too, I had to volunteer and I figured that I won't pass, but when I took the test I passed the eleventh, yeah, I was the eleventh people that passed, took the test. But my uncle then, they were very proud because even though I was born in America I passed the test, and then after I passed the test, \"Do you want to go to the navy or where?\" I says air force, and then they told me air force is a tough place and I says, \"I don't care. I'm gonna go to the air force.\" So I, that's when I went into the -- ",
                " TI: But so, but why air force? Why'd you decide air force? ",
                " TI: Now, did you have any interest or experience in flying? ",
                " TI: So how did you get gliding, or glider training? ",
                " TI: So this is all the way back at Hood River, where you drove on the farm? ",
                " JM: Oh yeah, I had driving, yeah. But they were surprised and one day this fellow, I was sittin' down during a lunch hour and he comes to me, he was a, our new instructor and he comes to me and says, \"Hey, how come you do very good in everything, all the trainings?\" And he says, \"Where'd you learn all that?\" So when he asked me that I says, \"Well, I was born in America.\" Then he pops up and says, \"I got a relative in America, too,\" so we got together, real good close friends. ",
                " TI: The navy. I'm sorry, the navy, and I have around April 1943? "
            ]
        },
        "segment 13": {
            "Segment Desc": "Training as a kamikaze pilot",
            "Segment Questions": [
                " TI: So you were, you were, like, around sixteen years old? ",
                " TI: Seventeen years old. So you're, and that was a typical age in terms of starting? ",
                " TI: So tell me first about your initial training. So you're now in, I guess you're in the navy, but, but sort of targeted for the air force? ",
                " TI: Okay, the navy air force. So tell me about your training. What happened? ",
                " TI: So tell me, what are some of the activities in your training? ",
                " TI: At the, at the pilot level, did they have different levels there, too? I mean, some were kamikaze, but were others, like, trained to be fighter pilots in terms of -- ",
                " TI: How would you carry the bomb? What, what was... ",
                " JM: Well, if you're hiding with, if the tank is rolling, if they see you, you're on the side and you got, it's around this long, and soon as they go by you, you got to go under there and put that bomb under the tractor, the thing there, blow up that, what do you call that? ",
                " SF: The tread? ",
                " TI: And so it was just like a, just a regular bomb that you would just carry? ",
                " TI: So they were training the pilots this also, so your group? ",
                " TI: Okay. So what were you thinking when you're, they were training you? ",
                " SF: Did the rest of your unit know that you were an American? ",
                " SF: And it was just in your interest not to tell them? ",
                " JM: Well, I didn't even mention it. Yeah, just one, my instructor, he's the only one that knew it. And then as we were going to Kagoshima, 'cause from Kagoshima we had to catch a boat and go to Okinawa, and that was the real suicide thing because there's no plane at all, so when we were gettin' ready to go there I said, well, this could be the end of us and everything, so we got, in Fukuoka Air Base we all got together and they were gonna be ready to pull out on the train, commander comes out and says, \"Does anybody in this group speak English or understand English?\" And this guy behind me, says, he pointed at me and says, \"He's American-born.\" So he, so then he comes to me and says, \"Do you speak English?\" I told him yes. \"Okay, you stay here with us, but the rest, they got to go.\" ",
                " TI: Now, if your, if that person didn't point you out, would you have said anything? ",
                " TI: Okay. I want to backtrack a little bit. I want to talk about your training, your flight training. So if they didn't have much gasoline and things like that, how did they train you to be a pilot? ",
                " TI: And do you recall, maybe, how many flight hours you had? ",
                " JM: I've had, how many flight hours? I think it was twenty-some hours I had flight hours, so I knew, and I, if I did have a plane, that I would be a goner, too. ",
                " TI: But they, at least they taught you how to land. Did they teach you how to land? "
            ]
        },
        "segment 14": {
            "Segment Desc": "The prestige of being a kamikaze pilot",
            "Segment Questions": [
                " TI: Earlier you were talking about the pilots, the kamikaze pilots, when they would go into town people would kind of look up to them. So how was that for you? When you were in your uniform and would walk around, would people notice you? ",
                " TI: So describe how that would happen. So say you went into a, like a restaurant or something? ",
                " TI: How about if you went into the town or something, to, like the movie theater or anything like that, did you ever do that? ",
                " TI: And would you get special treatment in town? ",
                " TI: And if you went into a restaurant, how would they treat you? ",
                " TI: And earlier you mentioned, how about girls? How did the girls treat you? "
            ]
        },
        "segment 15": {
            "Segment Desc": "Parents' pride in son's military service",
            "Segment Questions": [
                " TI: Have you ever visited, did you ever visit that, the shrine? ",
                " TI: Okay. But then after you start training, did you ever go back and visit your parents at all? Did you ever talk to them during training? ",
                " TI: But during the time you visit your parents during training, did you ever have any more conversations with them about your training and what you're doing? ",
                " JM: No, the first thing my mother would ask is, \"Did you understand all these Japanese and everything? 'Cause,\" she says,\" 'cause if not, don't hesitate, just tell 'em that you don't know.\" But she sent me a Japanese dictionary right away, so I carried that around quite a bit, too. ",
                " SF: Did your dad have any reaction to... I mean, your mom was giving you all these instructions of, what did your dad think? ",
                " TI: Did he ever feel bad that his son was in fighting? I mean, if he thinks the war was kind of stupid, to have his oldest son training to be a kamikaze pilot, did he ever talk to you about that? ",
                " TI: Did the family get any kind of special treatment because you were training to be a kamikaze? ",
                " TI: Did you ever find out what happened to your unit, the men you trained with? ",
                " SF: What did you think about who was gonna win the war at that point? ",
                " JM: I thought about, no, Japan, I mean America's gonna win the war. I figured that myself. I didn't say it to everybody, but you can realize Japan and America and then, like Japan, you got all the oil and everything, materials and everything, so to me, I thought that Japan was kind of stupid, but what could I say, living over there? ",
                " TI: During your training, was there any kind of training or discussions about preparing you for death? ",
                " SF: So did, was the, did people talk about being, if you go to Yasukuni, that your spirit will live on for the emperor? ",
                " SF: How did that go? "
            ]
        },
        "segment 16": {
            "Segment Desc": "The pressures felt by kamikaze pilots",
            "Segment Questions": [
                " TI: During training, were ever there any stories of some of the pilots deciding not to go forward or maybe taking another job or another role? ",
                " TI: But I'm guessing they were, amongst the other pilots they were looked down upon? ",
                " SF: When you were training for this, did, did you ever think about, well, maybe these Americans might be some kids from your school on that, might be on the destroyer or the battleship or the carrier? ",
                " JM: I never did think about that, but the only thing I was thinkin' is when the Americans come and then, where we stayed we had a big American POW camp and even that time, too, you could see 'em, if they die they bring 'em to the cremation place, but I was thinkin', gee, it's a wonder that the Americans, I wonder if they're gonna kill those people, too? Of course, they do when the bomb drops, but I just couldn't understand that part, their being American and they know the POW because it says POW on it, but they'll drop the bomb and -- ",
                " TI: Oh, so the American bombers would still, when they dropped bombs would hit the POW camp also? ",
                " TI: Oh, so there's a POW camp there also? ",
                " TI: Wow, so that, so Steve, do you have any other questions about the training or about kamikazes, kamikazes? "
            ]
        },
        "segment 17": {
            "Segment Desc": "Being held back from combat to serve as a translator",
            "Segment Questions": [
                " TI: So let's talk about that. Let's begin it back there, so what kind of translation did you do? ",
                " JM: All the message that was comin' in in English I had to translate. And let's see, how long did I translate? Maybe two weeks or something like, and that's all, but I didn't have to do it every day, just when they start flying over, 'cause where our air base was and there was another Japanese air base close to where we were, so the Americans would try and go over there, too, and drop bombs over there. And that's where my wife and them were staying, in the country part. ",
                " TI: And when, so it wasn't that long, a couple weeks, who else was doing translation with you? ",
                " TI: How so? Why were you popular? ",
                " SF: So before the war ended, what kind of documents did you translate? ",
                " TI: So these were, they're intercepting American codes and then you were translating the messages? "
            ]
        },
        "segment 18": {
            "Segment Desc": "Hearing about the end of war: reactions in Japan",
            "Segment Questions": [
                " SF: How did you hear about the atomic bombs? ",
                " JM: What do you mean? ",
                " SF: When they bombed Hiroshima and Nagasaki, how did you hear about that? ",
                " TI: And that was a secondary site? ",
                " TI: -- so when you heard that Japan was surrendering, what was the reaction of the people around you? ",
                " TI: And that, I'm guessing that some of the military people probably couldn't understand why they were surrendering. If they didn't really understand the power of the bomb, they're saying, why don't we keep fighting? ",
                " TI: So when he committed suicide he did it in such a way that it would, he would suffer? ",
                " SF: So in this one general's suicide, isn't it the tradition that you ask your close friend to, after a certain period of time to, to behead you with the sword? ",
                " SF: Now, was this something that you knew when it happened, or is this much later on that you heard about this, this story? ",
                " TI: And so how does that make you feel, or what, what do you think when you hear about this general that, in some ways, was your commander, but at the end he did this? What do you think about that? "
            ]
        },
        "segment 19": {
            "Segment Desc": "The fear in Japan of an American invasion",
            "Segment Questions": [
                " SF: Can we go back a little bit, and right before the war ended, how was the Japanese population looking and preparing for the, what they must've thought was the Americans invading Japan, right? ",
                " JM: Oh yeah, bamboo? Yeah. They were trained for that, too. In fact, in my wife's age, too, they were training for that, too, 'cause if the Americans come that they don't have any weapon, but get that bamboo and kill them. That was more common. At the schools, too, they were trained like that. ",
                " SF: So people would have really done that? "
            ]
        },
        "segment 20": {
            "Segment Desc": "Being released from the military, observing war-torn Japan",
            "Segment Questions": [
                " TI: So you talked about, so the war ends and you talked about how you waited around until you were released, so talk about that a little bit. How, how were you released? So you're at the base, the war is there, the officers are there, so what happened? ",
                " TI: 'Cause they were just so crowded? ",
                " TI: And during this time, what was the mood of the people in, in the train? I know it's very crowded -- ",
                " JM: Oh, they wanted to go home or go to their relatives or somewhere like that. They just wanted to go somewhere. And when I got on the train, too, I got off at Kokura, but from there I had to walk, it took me, from the station to my house, maybe twenty minutes, and in between there was Japanese military police, too, on a, they got a desk there, and I had to report there. Say, \"What you got?\" I said, \"That's all my clothes and I got food and I got this and this,\" and they checked me and, \"Where you from?\" I said, \"From the Fukuoka Air Base.\" And they wrote my name down, \"Where you going?\" I says, \"Another ten more minutes. I just live over there.\" So they said, did that, but he says, \"Soon as you get home, take off your uniform and everything and do it,\" he says, \"because the Americans see you, they might kill you.\" That's how, they were afraid of Americans. ",
                " TI: When they had these checkpoints, what were they checking for? When they looked at your bag and everything, what were they looking for? ",
                " TI: Okay, so you went home, and tell me the reaction of people when you, when you came home? ",
                " JM: Well, number one, my mom, she says, \"Oh, gee, welcome home. I'm glad you're home.\" That was the first thing. And the kids, too, they were all happy that I was home. My dad too, he says, \"You okay now?\" I says, \"Yeah, I'm okay.\" And then after that, a week later -- ",
                " TI: Before we go there, so as you were walking to your house, were you a little concerned about the reaction you might get, because I still think about your mother saying, \"Don't come home alive,\" did you think about that as you went home? "
            ]
        },
        "segment 21": {
            "Segment Desc": "Working as an interpreter for the U.S. military",
            "Segment Questions": [
                " TI: Okay, so then you're, so what happened next? So you're, you're home. ",
                " JM: Well, after that, we're home, then the city policemen and city hall people and all those people there, they come to our place and with big fishes, expensive fish, and then, \"Could your whole family come to the city hall and the police station and start doing interpreters because another week or so the American marines are gonna come into this town here?\" So we were, all our family went out there and working for the city hall, the police station, and until the 3rd Marines came in. ",
                " TI: So when you say the whole family, so your older sisters? ",
                " TI: You were all Niseis with, with American, or English as your first language. And what kind of interpretation, before, what kind of interpretation did you need to do? ",
                " TI: So you would go out with, with the Americans? ",
                " TI: And during that time when you're with the Americans, did they ever say, look at you, Jimmie and say, \"So where did you learn to speak English?\" Did that ever, you guys ever have a conversation? ",
                " JM: GIs would always say that. Says, \"Hey, where'd you learn your English at?\" But the Japanese people, I guess they knew I was an interpreter already. ",
                " TI: So what was the reaction from the Americans, the GIs? ",
                " JM: They welcomed me. And one day I was talkin' about something, and we had this GI three quarter ton truck and he said, \"Hey, Jimmie,\" says, \"Have you ever driven a truck before?\" And I says no. What he did was, just the two of us was on there, what he did was he put it in gear and he jumped off the truck, says, \"If you know how to drive, go, turn round there and bring the truck back.\" And I did, and he says, \"Oh boy, you know how to drive, huh?\" Yeah. [Laughs] ",
                " TI: [Laughs] And so was it, how was it for you all of a sudden to be around Americans and talking English? ",
                " TI: And so how did that change? So you, instead of working for the city government you start working for -- ",
                " TI: The, the Americans did? ",
                " TI: So this included your sisters and your, your brother? "
            ]
        },
        "segment 22": {
            "Segment Desc": "Not disclosing Japanese military service while working for the U.S. military",
            "Segment Questions": [
                " TI: So did, did anyone ever ask you about your Japanese military service? Did that ever come up? ",
                " JM: There was one GI, I wore this pilot jacket to this camp and he looked at me and said, \"Hey, Jimmie.\" I said, \"What happened?\" \"Hey, isn't that a pilot jacket?\" And I said, \"Yeah.\" And I kept wearing that for maybe two, three weeks. ",
                " TI: This was your old pilot jacket? ",
                " TI: Oh, so he took your jacket? ",
                " TI: As, like a souvenir? ",
                " TI: So you lost your jacket? ",
                " TI: But I'm curious, why did you wear your, your navy jacket? ",
                " TI: But you didn't think about that's a little bit kind of in your face, wearing a Japanese officer's jacket? ",
                " SF: So did, during that period, did you consciously think, \"Oh, I should not, I should hide my past Japanese military experience\"? ",
                " TI: Now, was there, would there be any way for the Americans to know that you served in the Japanese military? ",
                " TI: Okay. I'm curious, as you're doing your translation work, did you ever come across any other Niseis, the MIS or anyone else doing translation work? ",
                " TI: And so any interesting stories about doing things with them, any interesting conversations or anything you remember? ",
                " JM: Yeah, well, we used to go out and enjoy ourselves at the nightclubs. [Laughs] And next day we'd be at work again. You know how it is, you know the country's all messed up anyway. But we got away with everything because now they knew that we were Americans, too, so if we happened to go in some places, they, \"Oh, you're, you're interpreter, huh?\" And I'll say, yeah. "
            ]
        },
        "segment 23": {
            "Segment Desc": "Meeting Nisei in Japan",
            "Segment Questions": [
                " TI: Now, after they've been here for a while, how would you describe the Japanese feelings towards Americans during the occupation? ",
                " TI: So how about when you talked with, first with the Niseis, what were the Niseis' impressions of Japanese? The ones that, they'd maybe in MIS and they'd spent almost their whole lives in the United States and now they're in Japan, maybe for the first time for some of them, what do you think they thought about the Japanese? ",
                " TI: It's either Tule Lake, Tule Lake? ",
                " TI: Manzanar? ",
                " TI: And, and tell me a little bit more about the lives of the Japanese during the occupation. How hard was it in terms of just living in Japan? "
            ]
        },
        "segment 24": {
            "Segment Desc": "Description of the black market",
            "Segment Questions": [
                " TI: And so while you worked for, for the military, were you being paid as a U.S. citizen in dollars? ",
                " TI: In yen. So did they treat you as, as a Japanese national or as a U.S. citizen? ",
                " TI: And they paid you in yen, not, not dollars? ",
                " TI: But then, you, you're able to get supplies and things? ",
                " TI: You mentioned the black market. Do you have any stories about the black market and how that worked? "
            ]
        },
        "segment 25": {
            "Segment Desc": "Being drafted by the U.S. Army",
            "Segment Questions": [
                " TI: So now, you mentioned earlier, you're just getting into it, how you were drafted by the U.S. Army, so tell me how that happened. What were you doing? ",
                " JM: I was working, I was helping out this quartermaster place and all of a sudden this fellow comes to me and says, \"Hey, you're Jimmie, huh?\" I says yeah. He says, \"I got a present for you.\" [Laughs] I said, \"A present for me?\" He says, \"Oh, I got it through your president.\" I opened it up. It says, says, \"You go back to Camp Robertson here and take your training and then you go to Korea.\" That's what he told me. Boy, I mean, I really fainted that time. And I says, \"No, I can't do that.\" So the general that I was working for was General Dean and I told him. I said, \"Look what Truman sent me.\" He looked at it and he says, \"Well, you're one of the Americans, too,\" says, \"Korea's havin' a tough time now. You got to go out there and help our people.\" Then I says, \"I can't do that.\" And he says, \"What's gonna happen to you?\" I, then I told that general how I went through, I seen too many dead people in Japan and everything and that I was a pilot in Japan and I can't go out and shoot anybody. He looked at me and says, \"Is that true?\" I says, \"Yes, it is.\" So he says, \"Oh, okay. If it's that case, I'll write to the President,\" and the secretary took down whatever the general said and sent it to D.C., and when we sent it out he said, \"If we don't get an answer three weeks from the D.C. that, you'll be okay. You don't have to go to Korea.\" So in three weeks I didn't get no answer whatsoever, so I was lucky that I didn't have to take the training. Of course, if I took the training I had the Japanese training already, anyway, but I didn't have to go. ",
                " TI: So essentially the general said, if you don't hear back in three weeks then just ignore the order? ",
                " JM: Yeah, ignore, because I told the general, I said, \"I've seen too many dead people. Hiroshima, everywhere you go, they're all, Japanese people, they're dying or they're burning and everything.\" So when said that, he looked at me and said, \"Is that right?\" ",
                " TI: But he decided to do this and, and take your side. What, why was he like that with you? "
            ]
        },
        "segment 26": {
            "Segment Desc": "Deciding to return to the U.S.",
            "Segment Questions": [
                " TI: At some point you decided to return to the United States, so about what time was this, what year was this? ",
                " JM: This was in fifty, '56? No, not '56... ",
                " TI: Okay, because, because he was in Japan also during the war? ",
                " TI: And so somehow he lost his citizenship? ",
                " TI: Oh, so they renounced their citizenship? ",
                " TI: So in your case, what happened? This is early '50s, so you wanted to come back to United States. Your best friend had already come back... ",
                " JM: Well, it was just, right after the war ended everybody had a tough time and we didn't know what to do and everything, but my sister, she came back with her friend, and so my sister says, \"Yeah, America is real nice. Why don't you come back, too?\" in the letter. So I says, well, okay, in that case that I would come back to America, so when I came back to America they were in Salt Lake City, so I stayed there in Salt Lake City for a while. ",
                " TI: So no problems about that? "
            ]
        },
        "segment 27": {
            "Segment Desc": "Returning to the U.S. and finding work",
            "Segment Questions": [
                " TI: So how did the United States seem different to you? ",
                " JM: To me it was, everything was kind of strange, but my sister and my brother-in-law, \"Hey, Jimmie,\" he says, \"Since you come here you got to start working.\" And my brother-in-law was the chief cook at the restaurant, so he says, \"I could pay you fifty cents an hour,\" says, \"Could you come out and wash, do dishwashing?\" So I said, \"Yeah, that would be okay with me,\" and I started from there at this restaurant. And as I was working there, this Japanese fellow, he was a judo instructor, his name was Frank Nishimura and well-known at the camp. He used to teach Salt Lake City policemen and everything judo, and he was looking for a Japanese person that would help him do the gardening. So my brother-in-law says, \"Hey, Mr. Nishimura, Frank wants to, is looking for somebody,\" says, \"Do you want to work for him?\" And my sister says, \"Dishwashing, that's all you make,\" says, \"Yeah, go work for him.\" And I started to work, help gardening with Frank.\" ",
                " TI: This is in Salt Lake City? ",
                " SF: I was gonna say, did you hang around with a lot of Nihonjins at that time, in the Salt Lake City area? "
            ]
        },
        "segment 28": {
            "Segment Desc": "Meeting future wife and getting married",
            "Segment Questions": [
                " TI: So you're back in California, and I kind of want to get into a little bit about your family, so when did you meet your wife? ",
                " TI: And how did you meet your wife? ",
                " JM: Well, this fellow Frank Nishimura that I was working for, he was saying something and then he knew, well, he was, before it was just a friend, but now since I married her, he was my brother, got to be my brother-in-law, but from there on they introduced her and then her parents and everybody, I guess they knew my uncle in Japan and, you know, it was in a completely different place and then in the country we lived close together, too. So this Frank Nishimura introduced me to her, says, \"Why don't you people get married and start raising a family?\" and thing like that. And I was kind of afraid, but sooner or later, my sister, too, says, \"You got to start sooner or later anyways.\" ",
                " TI: So you got married and then moved to California? ",
                " TI: And how many children did the two of you have? "
            ]
        },
        "segment 29": {
            "Segment Desc": "Talking to family about experiences in Japan during the war",
            "Segment Questions": [
                " JM: I think it was three, well, it'd be pretty close to four years now, but whenever they come to our place and he would come in and I'd be in the office doing a lot of paperwork because I was doing the landscaping already, and then so when they came over one day, James -- well, my younger son is James, too -- him and Jonathan came in, and as they left the office he says, \"Hey, Dad.\" And I said, \"What do you want, Jonathan?\" He says, \"You know, Grandpa, he's got a Japanese plane on his desk every time\" -- well that was his third time, I think, he's seen that -- he says, \"How come that Japanese plane is on his desk?\" And that time James called me right away and said, \"Hey, Dad, you know, Jonathan asked me about the plane,\" so I told that to my wife, too, and I said, my wife says, you know, we should get together with the family and tell what I went through during the war. And so when Jonathan asked that, too, we told James, I said, \"You know that zero plane? I think I'll tell the truth to Jonathon, that was zero plane that Grandpa was during the war.\" It was a model plane, but he just wanted to know why he had that plane. And so we got together and then after that we, the family got together, said, \"We should tell this to all our families, the kids and all,\" so that's how it started. And then I said, \" Jonathan, you want that plane?\" He said, \"Oh yeah, I do.\" He's still got it in his bedroom. ",
                " TI: And what was the reaction of your kids, your grandkids? ",
                " TI: But they understood what a kamikaze pilot was? ",
                " SF: Oh really? [Laughs] ",
                " TI: So, so going back to Jonathan, so he's curious, he asked, so if he asked, \"Grandpa,\" so, \"Grandpa, what do you think about Japan using kamikaze pilots?\" or, \"What do you think about being one?\" how would you respond to him? ",
                " JM: Well he didn't ask me that, but I would respond to him if he asked me that question, that I was, I had to go to the military in Japan because that time Japan, if you didn't volunteer or get drafted, that you'd be one of the Japanese thing, and since I was born in America that I had to do that. And he said, \"Did you go to the war?\" I says, \"Well, I haven't seen the action of war, but I went to the war.\" And he says, \"Oh, I see. I see.\" And after that he hasn't asked me any questions, because the plane, that was the only thing that was gettin' in his mind, is the plane, how did he, how did I get hold of it? ",
                " TI: But as he gets older, I'm thinking as he gets, maybe, more in high school, I'm wondering if he'll start thinking so, so as he understands that more and says, \"So Grandpa, what do you...\" I mean, again, the question of, \"But Grandpa, you were gonna give your life, sort of, and what do you think about that now?\" I guess, again, talking to your grandson now approaching, perhaps, military age, what would you tell him about that? ",
                " JM: Yeah. Well, it was, well, I told him about that. I says, about military, I says, in fact we were Americans in Japan, too, but the FBIs were always on our tail and everything, so even though I went to high school I didn't care whether I passed or not. Every test I took and wanted to be a pilot, well, I passed everything, so that was the way I joined the Japanese navy, I mean, the kamikaze training over there. And he says, \"Were you afraid?\" And I says, \"No, I wasn't afraid then because I was young, too, and that time it was that I had to fight for the Japanese emperor.\" "
            ]
        },
        "segment 30": {
            "Segment Desc": "Reflections",
            "Segment Questions": [
                " TI: And if someone asked you, what do you think about that, or how is that different than a kamikaze, things like that, how, how would you think about that? ",
                " TI: So does that make you a little uncomfortable, when, when they kind of use that term? ",
                " TI: So is that like a, a different, different spirit than what a true kamikaze training would be in terms of it? ",
                " TI: So tell me about that. Why is that different? ",
                " TI: Okay, good. Anything -- I'm at the end of my questions -- is there anything else that, that comes to mind that you want to talk about or say? Again, thinking of maybe Jonathan, maybe later on in his life, thinking and watching this, anything else for your other grandchildren or children in terms of something I haven't touched on yet? ",
                " TI: Good. Steve, anything else? "
            ]
        }
    }
}