{
    "Narrator_Name": "Joanne F. Oppenheim",
    "Bio": "White female. Born 1934 in Middletown, New York. Grew up in Monticello, New York. Author of several books about the Japanese American experience, including Dear Miss Breed and tanley Hayami, Nisei Son.",
    "Title": "Joanne F. Oppenheim Interview",
    "Interviewer": "Tom Ikeda",
    "Location": "Seattle, Washington",
    "Date": "August 20, 2013",
    "Densho ID": "denshovh-ojoanne-01",
    "transcript": {
        "segment 1": {
            "Segment Desc": "Family background",
            "Segment Questions": [
                "TI: And tell me, where is Middletown?",
                "TI: And how did your family first go to Middletown? Why were they there? ",
                "TI: Going back to when your grandfather first came to the town, and there was that sign, did your family face much discrimination by living there?",
                "TI: And did he ever talk about what it was like... I guess the issue I'm trying to get at is maybe things like prejudice or race relationships. Did he ever talk about that, or being Jewish, anything like that in terms of what America was like for people who perhaps weren't at the top of the pyramid in terms of society?",
                "JO: No. [Narr. note: As a child I was not aware that there was a lake 5 miles away that was restricted -- and a resort 5 miles in another direction -- also restricted, no Jews, and an active KKK in a town 15 miles away. Funny how even now I blacked that out!] And there's another way in which my relationship with my grandfather and my father, who was seven when he came here, and that was another parallel. They never spoke of the past, it was about the present. They never spoke about why came. And being so young, we didn't think to ask. It wasn't until much later that we found out why they came. The only thing my father would say was that he never would go back to Europe. He wanted to go to Asia. He went as far, he went to Mexico every winter, but he would never go back to Europe. And I remember once wanting to go to Amsterdam, and he said, \"Why would you want to go there?\" And I said, \"Well, I want to see it.\" And he said, \"They have bedbugs there. It's dirty.\" What he was remembering was really his departure, which was from Rotterdam. He was remembering the ship. The only thing I ever heard about was the trip on the ship, that he was one of the few people who didn't get sick, according to him, because his mother kept him on the deck, and they had left with hard rolls, and he ate the rolls. He didn't eat any of the food, and he was not sick. Other than that, no.",
                "TI: Now were they leaving Europe for any particular reason? I mean, why did they leave?",
                "TI: Oh, that's interesting. Now, did your father and your mother and I guess your grandfather, I mean, your grandparents, did they have very much family that stayed in, was it Poland?"
            ]
        },
        "segment 2": {
            "Segment Desc": "Growing up in Monticello, New York",
            "Segment Questions": [
                "TI: So let's go back to your childhood, and what are some early memories of growing up in Monticello?",
                "TI: So talk about that. So there was actually, you felt that it could happen to you in Monticello, the same things?",
                "JO: I know. You're saying it almost the way my brother said it. [Laughs] But I remember the day that, I remember December 7th. We were reading the comics on the floor, my father being an engineer, had a facsimile machine already. But facsimiles was sort of like ticker tape. It came in on sheets of paper with the news, and we were lying on the floor. The comics didn't come that way, they came on regular newspaper. When the news came in, I became frantic. I was terrified because we did know about the war in Europe, and I remember my brother went and got his globe, and he was four years older than I. And he showed me how far away Hawaii was, had no reason... and then he said, \"And why would anybody come to Monticello anyway?\" But then my grandfather in New York manufactured drapes, and he sent drapes with blackout curtains on the back of them, which were then put up in our living room and bedroom and all the other rooms of the house. And my father got so serious about civil defense that I was convinced that there must be the threat, almost it was imminent. And I had book, a history book, which showed the Revolutionary War with the soldiers lined up facing each other with their guns, the red coats, and the revolutionary troops. And I used to have this dream that that was going to happen on the main street in Monticello, and I was I would be just... it would happen right there.",
                "TI: Now, were other families doing the same things in terms of blackout curtains?",
                "JO: Oh, yes. Yes. And during that time, (...) when shortages started happening, my mother actually did canning, and I remember she tried to make us ketchup because you couldn't buy ketchup. And what do they call that boiler that has a steam thing on it? A pressure cooker. The pressure cooker exploded and the ketchup went on the ceiling. And we had the worst-tasting ketchup in America, but we had to eat it because that was what was available.",
                "TI: Before we move on, I forgot a couple questions. What was your given name when you were born?"
            ]
        },
        "segment 3": {
            "Segment Desc": "Hearing about the bombing of Pearl Harbor as a child",
            "Segment Questions": [
                "TI: So let's go back to... so the war starts December 7th, you are about, what, seven years old at this point?",
                "TI: And your brother you said was four years older, so he's about eleven. And he shows you where Pearl Harbor is and how far away, trying to relieve some of your anxiety. When you went to school, did people... what did your teacher say about what was happening in the world in terms of the war and things like that?",
                "TI: What do you think the teacher was trying to say by saying, \"It's not going to be the same\"? I mean, the war was going to just, like, change all these countries, the boundaries, everything.",
                "TI: Interesting. How about during the war? Were there any young men coming from your town or going from your town to serve in the military?",
                "TI: How about casualties? Were there any casualties that your town suffered?",
                "TI: And as part of that patriotism, how did people perceive, I guess, both the Germans and the Japanese, the \"enemy\"? When you think about during World War II, let's start first with the Germans. What were people saying about the Germans during this time?",
                "TI: That's interesting. Was that common for children from England and other places where the war was going on to come to the United States?"
            ]
        },
        "segment 4": {
            "Segment Desc": "Meeting a Japanese American classmate who would be influential in later life",
            "Segment Questions": [
                "TI: So let's move now, so we talked about sort of your perception of Germany during the war. How about Japan and Japanese? What was your sense about them?",
                "TI: I'm curious, did you, by any chance, know the Chinese American family in your community?",
                "TI: But they didn't have children going to school?",
                "TI: So this is kind of a good segue. Either right at the end of the war or right after the war, a Japanese American came to your town. So can you talk about that a little bit, who this person was and how you met her?",
                "TI: And do you recall what the announcement was?",
                "TI: Now you got to know Ellen later on, so can you describe how she got there? She had a story of how she got to Monticello."
            ]
        },
        "segment 5": {
            "Segment Desc": "Witnessing father's reaction to the Jewish death camps",
            "Segment Questions": [
                "TI: So going back to you and Ellen, so how close were the two of you during this time period?",
                "JO: Well, there were thirty people in our classes, that was a lot, and that would mean about twenty girls, maybe, all together. So we took all of our classes together, there was an A group and a B group, fast group and a slow group. We were in the fast group, and Ellen was one of the leaders. She was very good in sports, which I was not, so we didn't have that in common. But she was also very talented in art, and we enjoyed all the same things. There was no... was she my closest friend? No. But when she left, we really all hated to see her go. But by the time we were sophomores, I believe, in high school, her father decided it was time to go home, and they reestablished their home in California.",
                "TI: And do you know where in California that was?",
                "TI: And during those several years as she was in Monticello, did it ever come out that she was at Poston or at a camp?",
                "TI: And what would that be?",
                "JO: Well, here we have the situation in which Jews were being put in camps, (...) the only political event that I remember clearly from my childhood, and I should have mentioned it earlier, was the day that the Warsaw ghetto fell. It was the only time that I saw my father cry. And my father, being an engineer, had a shortwave radio as most people did during those years, and he was listening to the broadcasts about the war. And I asked what was wrong, and he said, \"The rest of my family is gone. I've lost my family today.\" We probably had lost the family long before, I'd read about the small town that he came from, and they were all rounded up and they were taken to Bergen-Belsen, which I only recently found. But one of his cousins did survive, and that's a different story. They got mail many years later from a displaced person camp from a cousin whose house they had stayed in on their way to America. And my parents sent clothing, and then they sponsored them. The husband of his cousin was a medical doctor. They came to this country and he could not practice medicine here. And it was really, he was so destroyed. One of his sons had been taken by the Russian army, which was what my (...) grandfather had escaped. But they were in that part of Germany where they were taking some of the displaced people. They never saw that son again as far as I know. Another son who was my age, or just a little bit older, came to this country with them and worked for a short time and then he was drafted. And guess where he was sent? He was sent back to peacetime Germany, and he was there for the entire time of his service.",
                "TI: Going back, when you saw your father cry about the fall of the Warsaw ghettos, what were you thinking? Even though he kind of told you what happened, what were some of the thoughts or feelings going through you?",
                "TI: Going back to the time Ellen was in Monticello, you mentioned earlier that your impressions of Japanese were formed by these propaganda pieces. So how did it change by having a Japanese American in your town?",
                "TI: So later on, did she ever mention that there were some hardships for her family?"
            ]
        },
        "segment 6": {
            "Segment Desc": "Reuniting with Japanese friend for a class reunion",
            "Segment Questions": [
                "JO: Fifty years later. We had had so much of each other, the same sixty people, and really it was more like thirty-five, because some of them were from out of town, so the inner circle. We had had quite enough of each other. But when we reached fifty years and still hadn't had a reunion. Someone contacted me, he was living on the West Coast, and said, \"Don't you think that we should have it?\" And I said, \"Well, yeah, maybe.\" [Laughs]",
                "JO: It would have been a 2001 reunion, but something happened that year, so it was postponed. But it would have been that year. And I said, \"I'd be willing to work on it, but how are we going to find anybody? It's fifty years.\" So a few of us started working with the internet and the telephone books, and with contacts. And in the midst of it all, I said, \"Where is Ellen? Where do you think Ellen Yukawa is?\" And everybody said, \"Well, I don't know.\" Nobody knew where she was. And then one of our real gurus, our internet guru said, \"I'm going to find her.\" And he couldn't turn up anybody with that name, and he lived in San Diego. [Laughs] But it wasn't Ellen's family, we found any Yukawas at all. And so I just said, \"Well, I'm going to try one more path.\" I wrote an email to the Japanese American National Museum in Los Angeles to see if perhaps there was some way of finding Ellen. And one of her very closest friends said, \"I think that she was in Arizona.\" So that gave me a hint. And I mentioned that in my email, and I got back an email that said, \"Well, there are no lists. There could not be any lists.\" Well, maybe at that time there were no lists, or maybe they just felt that they... I don't know. Then I got another email from a curator who was in Japan at the time, for JANM, and she said that when she got back, she would try and help me. And lo and behold...",
                "TI: And how did this curator when she was in Japan hear about your email?",
                "TI: And do you recall her name?",
                "JO: On their website. And, of course, by then, I did know what had happened because of redress. That was when many of us first learned about redress who didn't get it in school. And I found the story of Clara Breed the librarian in San Diego who had a whole, who actually had a group of children whom she had been the children's librarian for for many years, who felt attached in no uncertain terms, who went to the train station and gave the children postcards so that they could send her their address because they did not know where they were going. And in any case, without telling you all of Miss Breed's story, I read about the circumstances and about the letters that the children wrote to her, and how they didn't know that she was keeping those letters, and that there was a repository of letters, there were just a few samples online. And I said, \"This is a children's book.\" By then I had written almost fifty children's books, picture books, never anything like this. I said, \"How could that not be?\" And I went to Amazon, and I said someone should have written this story. And I so I wrote back and asked, \"How could I get the letters?\" And I was told I would have to come to California, which was impossible since I was at that time having chemotherapy, and I had radiation ahead of me. And I do think this story... at that point I still didn't know enough about the incarceration, and so I started reading Roger Daniels, and I think Greg Robinson's book came out that year and I think I heard Greg doing his wonderful imitation of FDR. And I was just taken with the whole story, that how could this have happened? How did it happen? And living with a lawyer who was a great civil libertarian, he and I both began talking about this, and he helped me with the research. I was ill, but I began reading.",
                "TI: Yeah, tell me how that happened. So who took the time to digitize and send them to you?",
                "TI: But from the Japanese American National Museum?"
            ]
        },
        "segment 7": {
            "Segment Desc": "Researching the Japanese American experience",
            "Segment Questions": [
                "TI: Tell me a little bit about the illness you were going through. It sounds like you had cancer?",
                "JO: Well, we went to Berkeley, and I had been in touch with the librarians at Berkeley, and one of them said, a research librarian said every time I wrote him I would say, \"Is that there?\" because I didn't know how to use a finder at that point. I really was a novice in that regard. Snowden was also helping me at the Japanese American National Museum. She was still there, I think, or she may have left there by then, but she was in touch with me. She felt a kinship about this and about Stanley Hayami as well. She had also digitized the diary so that she knew his story as well, and she encouraged me to go on to that, and I sort of put that on a back burner. But she would look things up and she would say, \"You really need to go to the Huntington. You need to go to this place, you need to go to that place.\" We went to the National Archives in Washington for some material (to read Redress testimony).",
                "TI: And what was she pointing you to? What was she saying you need to look at? What were the things? ",
                "TI: Well, you also mentioned earlier that he was in practice a civil libertarian?",
                "TI: Now, did he ever talk about some of the Japanese American cases, the Korematsu?",
                "TI: Eric Muller?"
            ]
        },
        "segment 8": {
            "Segment Desc": "Writing children's book Dear Miss Breed",
            "Segment Questions": [
                "TI: So I want to go now back to the book, when it came out, what was the reaction to the book when it was published?",
                "TI: But she's Japanese American?",
                "And Maggie came in and she said, \"You may not run the camera.\" And then she was not going to speak, and as it went along, she told me some of the most amazing stories that are in the book about how her mother had just given birth to her brother a few weeks before, maybe two weeks before Pearl Harbor. And when they came, the FBI came in the houses and tore people's lives apart shortly after the bombing, that they threw back the covers -- her mother was in bed still recovering from childbirth -- they threw back the covers as if she would have some kind of secret under those covers other than her baby brother. And Maggie also would not put a sticker on her shirt at the museum. She will never wear a sticker or a tag. And when we asked why, she told us the story of how her mother and father and the baby went on the train, but she was left with her little sister and her brothers to go on the second train, and that was taking them to the assembly center at Santa Anita, but they did not know that. They did not know how they would ever find her mother. And the guard that was standing at the train side said to her, \"Where is your tag?\" And she was holding her baby sister, her little sister -- she was not a baby, she was like five years old -- and she looked down and she realized her tag was gone. And he told her to stand to the side, and Maggie was trembling. She was a seventeen year old girl with three other siblings to take care of, but she was the eldest, she was to take care of them. And ultimately she discovered that her little sister had taken (the tag), the tag fell off, but from that day on she never (voluntarily) wore a tag. While she was in Santa Anita (she) was the one that (washed) the diapers, there were no disposable diapers. She was the one who did the family laundry, she was the one that had to go looking for milk for the baby because her mother was ill.",
                "TI: So she had these powerful stories, and yet, when you went to go interview her, she didn't want to be recorded. I mean, it seemed like there was lot of hesitation on her part. Why was that?",
                "TI: But she was willing to tell the story, she just didn't want to be recorded telling the stories?",
                "TI: And what did they tell you after the play? I mean, what kind of reaction did they have? Because you essentially brought their stories, brought it out in the open for other people to know. How did they feel about that?",
                "JO: I think they were moved by that. (...) Their stories were going to be shared, that the secrecy or the shame, which I think was involved... from my research it was clear that part of not telling means that if you're accused of something, you might be guilty of something and that was part of why the stories were not to be shared, too. That was part of it. There was also the other part of it, which was the anger which had been buried and glossed over for, I think, for the sake of being able to go on. How else could you go on? So they had made a new life for themselves.",
                "TI: Well, before we go there, I want to ask you, when you see that happening, where you've helped people tell their story, and it is this real positive reaction, how do you feel about that? What does it make you feel to see that happen?",
                "TI: And just to kind of finish up with Dear Miss Breed, so how's the book doing now?",
                "JO: It continues to be sold; it continues to be read, happily. It continues to have a following. And I still get mail from time to time, and I don't always get mail, sometimes I get a comment on the internet, someone that has read the book and passed it on because... or someone who's doing research and wants to know, \"How did you get that?\" The people with whom I spoke were all very forthcoming, including Maggie. Ishino, Maggie Ishino. I finally got the name. [Laughs] I-S-H-I-N-O. And that makes me very happy, too, because we like to feel that our own work continues on, or inspires somebody else to move it on to the next place."
            ]
        },
        "segment 9": {
            "Segment Desc": "Learning about Stanley Hayami, the subject of another book",
            "Segment Questions": [
                "TI: Before we go to the letters, going back to Walter, when he thought back to his brother, his older brother Stanley, so Stanley, his diary was pretty much during the war, before and during the war, and then his letters you're talking about were during the wartime when he went into the military?",
                "JO: Right, but the diary doesn't begin until November of 1942. He started writing, the war had started, Stanley was already, had been incarcerated, did not write about the assembly center. He did not write about... he didn't write very much about, even about the beginning of the war. There's a little of that in the diary. So he does write about that time, but the surround is not there. Where did they live, where did they go to school, what did they do? There are hints of where he went to school because he's in correspondence with some of his friends.",
                "TI: And going back to Walter, so was it a very painful thing for him to talk about his brother, or how did he remember or discuss his brother?"
            ]
        },
        "segment 10": {
            "Segment Desc": "Finding letters from Stanley Hayami to his family",
            "Segment Questions": [
                "TI: And going back to Frank, so how did you see Frank's writing? Where did that show up?",
                "TI: And this was a letter from who?",
                "TI: And then people correct you, like, \"We don't say that\"?",
                "TI: At Heart Mountain?"
            ]
        },
        "segment 11": {
            "Segment Desc": "Contacting Senator Daniel Inouye about his memories about Stanley Hayami",
            "Segment Questions": [
                "And one of the things that came up was that Stanley was killed in the battle for San Terenzo, which is in Italy. And as I was reading about that, there was something very familiar about the name San Terenzo, and I thought, \"I read about this battle before.\" And sure enough, it came to me that I had read about it because Senator Inouye had been wounded in that battle, and I had read his account. Among the many accounts I had read his account of the battle in which he lost his arm. So I contacted some of the veterans that, many of the veterans I spoke to, and I said, \"Isn't there anybody in Stanley's battalion who would remember him or who would have stories about him?\" And someone told me that everybody in his group was dead, and that one person who had remembered it remembered it, but he was no longer alive, and there was no way I was going to get that story. And then I said, \"Well, what about this battle of San Terenzo? Who was there? What battalions were there? What groups were there?",
                "And then somebody said, the editor, who was working on the book with me at the time, said -- and he was a great World War II buff -- he said, \"I bet that if you wrote to the Senator, he would know about it. I bet he knew Stanley.\" And I said, \"Well, come on. That's not gonna happen.\" But the museum was giving me the material, I was in touch with them, and Irene Hirano was still at the museum. And I said, \"My understanding is that Stanley was in...\" and I gave her the company name and all of the rest. I said, \"Is there some way I can contact the Senator and ask him about this?\" She said, \"Well, he's coming here this weekend,\" he was coming for a dinner. She said, \"I'll show him the picture.\" And, of course, he saw the picture and he said, \"Of course, I knew him.\" He said he recognized the smile on his face from the picture that we all had of Stanley at that time. And I should have pursued that further, but I asked if he would write about him, and he agreed to write the forward to the book and talk about the fact of... well, we knew the facts of his battle, we thought we knew all of it. And so he gave me that, and it was in the course of events that I discovered -- the book was about to go to press -- that I discovered that the Senator was the leader of Stanley's battalion. That's not a very large group, it's a rather small group.",
                "TI: So I'm sorry, he's the platoon leader?"
            ]
        },
        "segment 12": {
            "Segment Desc": "Belatedly finding additional materials about Stanley Hayami",
            "Segment Questions": [
                "TI: In New York City?",
                "TI: I'm sorry, now, were you ever able to talk with her?",
                "TI: That's good. Now, those letters, what did the family do with them? Where are they now?"
            ]
        },
        "segment 13": {
            "Segment Desc": "Japanese American community reaction to book about Stanley Hayami",
            "Segment Questions": [
                "TI: So here's a question in terms of your, how you're received in maybe the Japanese American community telling these stories. It sounds like you've received excellent cooperation with institutions like the Japanese American National Museum, and I'm just curious of how, what the reaction has been with the community in terms of your writing. In particular, I think the Dear Miss Breed, which has gotten a lot of publicity, it's a well-known book, and are people surprised that, one, you're not Japanese American, or you're on the East Coast, or what are some of the things that you've come across?",
                "JO: Well, people want to know why, what brought me to it. And I think you can tell from my life story that there are a lot of connections, there are parallels. They are not the same, no, I was never in a camp, and there are people that said how could I be writing about this since I was never in a camp and my family was never in a camp. I think you don't have to have been in a camp to understand, or to be able to write about -- I'm not writing about me, I'm writing from the voices of people who were there. And true, people are telling me stories, some of the stories are coming as long distance memories, but Stanley's story was immediate. It was from an immediate time, and so were the Breed letters. They are keeping those stories alive. So how do people react to that?",
                "TI: Maybe this is the question I'm asking or wondering about: do you bring maybe a different perspective? I mean, by not maybe being in the community, and either going through the experience or having a close friend or family member go through the experience, that you can see the experience in a different way that helps tell the story? Does that make sense? It seems like, again, your books perhaps tell the story in a different way.",
                "JO: Well, I think that the problem has been that the story hasn't always been told, even within the community. Just as my grandfather didn't tell me all the horrors of his life and why he left in a hurry -- I learned that much later -- but I did not... and I think Ellen's father is not telling, telling them not to hearken to the past, that as a result, there's another generation that doesn't really know its story, or at least not everybody's. I'm sure there were people in the community who know the story who maybe don't want to share it, because they don't want their children burdened with that story. Just like there are Jews who don't want their children to know about the Holocaust. I mean, when is it appropriate to tell children about six million people being burned? I understand not being able to tell it, and I think that that's part of why it's so important to tell the story from various points of view, and that maybe being outside of it, I can write about it in a way that embraces the history, and I try to give as much factual history as well, maybe to the point of boredom to some, but not to wash over the anger, not to wash over or gloss over the pain. One of the things that struck me as people told me their story, was the courage of the Issei and how little we knew about the Issei. I think because of the way they were, everyone was portrayed, the Japanese were portrayed to us as young people, would not have expected the kind of families that Japanese American children experience, the kinds of fathers and mothers they had, the fathers and mothers who bought them uniforms, Scout uniforms in camp, who encouraged them to sell war stamps, stamps for the war bonds, and who encouraged them to be busy with Scouts. Those were the stories that need still to be told so people understand that life was different, but yes, they were warm and loving families here."
            ]
        },
        "segment 14": {
            "Segment Desc": "Working on a new project about Heart Mountain",
            "Segment Questions": [
                "TI: Is that pretty much the focus of that project?",
                "JO: Yes, and I called it the Faces of Courage as sort of stealing from Profiles of Courage. The stories I was getting there, I found diaries -- it's never been published -- but snippets of diaries of people who were administrators. The diary of one administrator who wrote about the arrival, and what are we doing, and the needs of, the need for coats and how people had to work to get a coat, pea jacket, a moth-eaten pea jacket indeed, and how there's a story about the sleds in Heart Mountain. Do you know that story? About the children, soon after they got there, the snow began to fall. Stanley didn't write about this. The snow began to fall, and the kids, many of them from Southern California, had never seen snow. So they made sleds out of anything: trays, pieces of cardboard, whatever. People also think that that camp was surrounded with a fence at that time. The fence had not been built. But the children, twelve or sixteen of them, were arrested because they went sliding and went outside the boundaries where the fence might be. And there was going to be a fence built because the people in Cody objected to their not being a fence. There was no plan for a fence there to begin with, and there was no fence, but the children were arrested and brought to the headquarters, and their parents had to come, and that they would arrest ten and eleven years olds for sliding in the snow. It was in a diary written by an administrator who was horrified. And then there was a story by, I interviewed LaDonna, do you know her?",
                "JO: Her last name?",
                "TI: So what's the status of this book?",
                "JO: Oh really? I had no idea.",
                "TI: Is there anything else you wanted to talk about before we finish this interview?",
                "TI: Well, this was excellent. And again, it's really, I think, important, because I think people probably ask the question of you, \"Why are you writing this?\" And I think after hearing your story for the last couple hours, it's really clear to me how important and how personal the story is to you. Again, thank you for your work, it's excellent.",
                "What makes stories about the incarceration important today? How about the fight over immigration policies that continue to spew out hatred toward people who work at jobs no one wants and settle for less pay, in order to restart their lives and give their children a better life...and how the recent racist threats to take citizenship away from immigrant children born in the USA? So many echoes of the past! These are connections that make the story of the incarceration resonate with the present... and why the story has to be retold to new generations.]"
            ]
        }
    }
}