{
    "Narrator_Name": "John Kanda",
    "Bio": "Nisei male. Born July 10, 1925, in Seattle, Washington. Grew up in the Thomas-Auburn area of Washington. Following Executive Order 9066, family was removed to the Pinedale Assembly Center, then to Tule Lake concentration camp in California. Later transferred to Minidoka concentration camp, Idaho. Volunteered as a replacement for the 100th/442nd Regimental Combat Team and trained thirteen weeks as light machine gunner replacement at Camp Shelby, Mississippi. Served with CO. L, 100th Bn/442nd Combat Team in Southern France and in Northern Italy as a rifleman 1st scout. Graduated from the University of Washington in 1950. Graduated from St. Louis School of Medicine in 1954. Internship and Resident, Pierce County Hospital, Tacoma, WA 1954-1956. Family Practice Medicine in Sumner, WA, 1956-1987. Served as president of the Puyallup Valley JACL for 2 terms. Served as Vice President National JACL from 1968-1970. Draft Board Member of the Eastern Pierce County from 1973-1976. President of Pierce County Medical Society from 1971-1972. Sumner Rotary Club President in 1971.",
    "Title": "John Kanda Interview",
    "Interviewer": "Ronald Magden",
    "Location": "Seattle, Washington",
    "Date": "May 12, 2000",
    "Densho ID": "denshovh-kjohn-01",
    "transcript": {
        "segment 1": {
            "Segment Desc": "Early years, growing up in the Thomas-Auburn area, Washington",
            "Segment Questions": [
                " RM: So you went to school, then, first at Thomas? "
            ]
        },
        "segment 2": {
            "Segment Desc": "Classmates' reaction to the bombing of Pearl Harbor; telling teacher, \"I'm just as American as you are\"",
            "Segment Questions": [
                " RM: Where were you on \"Pearl Harbor Day\"? ",
                " RM: Were you in school? You must have been, at the time. ",
                " RM: What was the response of, say, the Caucasian students? ",
                " JK: [Laughs] Quote. \"Is fighting your country,\" what do I feel about it? And I told him, \"Mr. Shumacher, this is my country just as well.\" And, you know it's, being a junior and gone through civics and all that, you had a little, sort of rebel in you. And I said, \"I'm just as American as you are,\" and sat down. "
            ]
        },
        "segment 3": {
            "Segment Desc": "Forced to move to the Pinedale Assembly Center, California, losing the family farm",
            "Segment Questions": [
                " RM: And you went where for the assembly camp? ",
                " RM: Did that agreement hold? ",
                " RM: Did you lose the land? Did the family lose...? ",
                " RM: You went from Pinedale to what relocation center? ",
                " RM: Did you, did it, was your family impacted by going the camps? Did it destroy the family unity? What was the response of your family? "
            ]
        },
        "segment 4": {
            "Segment Desc": "Responding to the so-called \"loyalty questionnaire\" at Tule Lake concentration camp, California",
            "Segment Questions": [
                " RM: ...do you remember that, that survey? ",
                " RM: You had to make the decision somewhere, whether to, on that survey, questions, what was it, twenty-six and twenty-seven? ",
                " RM: The army recruiters came about the same time as the survey, or was it a little later? ",
                " RM: And you made a decision here? ",
                " RM: Then you, and you told the recruiters you were going to finish high school before you went in? "
            ]
        },
        "segment 5": {
            "Segment Desc": "Comparison between concentration camps at Tule Lake, California, and Minidoka, Idaho",
            "Segment Questions": [
                " RM: Before you get in the army, compare, can you compare Tule and Minidoka? Are they comparable? I think, for example, Minidoka -- ",
                " RM: And Minidoka? "
            ]
        },
        "segment 6": {
            "Segment Desc": "Induction into the U.S. Army's all-Japanese American 442nd Regimental Combat Team",
            "Segment Questions": [
                " RM: When did you go in the army? Do you remember approximately the month, year? ",
                " RM: Why Camp Shelby? Was it, it certainly isn't European in climate, or anything. But why do you think they were sending people to Shelby? Just because it was there? ",
                " RM: [Laughs] Did it feel just like another relocation camp? "
            ]
        },
        "segment 7": {
            "Segment Desc": "Recalling wartime experience as a first scout, infantry squad, in Europe, looking for mines and trip wires",
            "Segment Questions": [
                " RM: So you went overseas when? ",
                " RM: Did, you must have had a lot of friends who were in the 442nd, and some of them got killed. How did you react to that, the knowledge, that...? "
            ]
        },
        "segment 8": {
            "Segment Desc": "Reflecting on wartime losses and accomplishments, including unit's seventh Presidential Citation",
            "Segment Questions": [
                " RM: The war ended, you were in France? Where were you when -- did they go back to Italy? ",
                " RM: At the end of the war, let's say VE Day, April '45, you were, where in Europe were you? ",
                " RM: Were they eighteen-, nineteen-year-old people...? ",
                " RM: It's usually awarded to people who are killed. Are there many who are still alive, who receive that medal, do you know? ",
                " JK: You mean how...? ",
                " RM: You've been intimately connected with that, haven't you? ",
                " RM: That's a commitment to those who were killed? A commitment to the belief that you're as good Americans as anybody? What is the...? "
            ]
        },
        "segment 9": {
            "Segment Desc": "Applying for admission to medical schools, accepted to St. Louis University",
            "Segment Questions": [
                " RM: As you're, the war is winding down, or over, and you're thinking about your future, how did you consider going to the University of Washington? What, that transition from the military life to being a student. Can you take us through that a little bit? ",
                " RM: Were there Nisei in the medical school? ",
                " RM: See, that rule, let's say an unwritten, the unwritten rule, has this disappeared...? "
            ]
        },
        "segment 10": {
            "Segment Desc": "Setting up medical practice in Sumner, Washington, despite the town's history of anti-Japanese sentiment; views on the issue of socialized medicine",
            "Segment Questions": [
                " RM: So, did you get married about this time to Grace, or...? ",
                " RM: She comes after medical school? ",
                " RM: When did you graduate from medical school? ",
                " RM: And as a general practitioner? ",
                " RM: Sumner has had a long history of anti-Japanese agitation. Everybody I've ever talked to has wondered why you would pick the town that's had more trouble with and...? ",
                " JK: And you know, my own feeling was that, \"Hey look,\" you know being young and brash at that time, says, \"I'm just as American as you are,\" type of feeling, you know? And, but in St. Louis, I took care of the blacks and Hispanics, and poor Caucasian and quite well-to-do Caucasians in the process of going to different hospitals that the St. Louis University had. And when I did my internship at the Pierce County Hospital, it's mostly where people that were, had little money, but, here again, the racial groups are different -- the Indians, Orientals, Hispanics, Caucasians. And I got along well with them and they got along well with me and they showed me no feelings of anti-Japanese racial feelings at all. ",
                " I got to know the specialists in Tacoma quite well because of being a resident and all. I was there, and they would give up time to be basically teachers at the county hospital. And so when I got ready to start practice, well some of them offered, \"Why don't you come join us?\" type of thing. But I wanted to get out to the valley. And that's one thing I wanted to do. I liked the fishing and the hunting, and that type of, mushrooming and things like that. And so one gynecologist/obstetrician that I got to know quite well, and he allowed me to do a lot of things under his guidance at the, in the surgery rooms. He suggested I go see (Dr. Denzler), Clark and Duffy there in Sumner. They're the three doctors that been there for a number of years. And they had rented one office, and said, \"You go talk to them.\" So he called them and told them that I might be calling, and so when I called, they were ready to say, \"Come over and...\" ",
                " RM: Did the issue of socialized medicine ever come up in Sumner? Did you ever have to deal with that? You know, it was a big issue in the early 1950s, or actually all of the 1950s. "
            ]
        },
        "segment 11": {
            "Segment Desc": "Active involvement in the Puyallup Valley Chapter of the Japanese American Citizen's League",
            "Segment Questions": [
                " And then about a year or so later -- and this was not very far after that -- I went, I started going to the meeting, and after Grace and I got married, we started going to the meeting. And one meeting there is gonna be a election meeting, okay? And somebody put my name in, you know. I almost knew nobody out there because I was not a Tacoma Buddhist Church or, I'm a Methodist, we belong to the Sumner Methodist Church and whatnot. And so, so the election is going on and it was a ballot election, it was a mail ballot election. If you hadn't voted, somebody comes in the door, says, \"Have you voted yet?\" And you say, \"No,\" they give 'em a ballot and say, \"Vote,\" type of thing. And, and one day this, toward the end, it was, turned out to be a tie, see. And, and I had no idea why they were voting for me, other than having taken care of that first program. [Laughs] But so, the other fellow that's well-known person, we were tied, I was tied with him. And then a fellow walks in that I never knew. I got to know him better later on, but I didn't know who he was or anything, and soon as he came in, they asked him if he had voted, and he said, \"No.\" So, so my so-called opponent gets up and takes him outside in the hallway, and pretty soon he comes in and it's my name. [Laughs] That's how I got involved in JACL. And I went to a number of their national conventions. Thirteen in a row before -- that's twenty-six years before I stopped going to them. I, we're going to the San Jose this year, because my brother-in-law lives down there. And I got very much involved at district-wise and also nationally, I was national vice-president at one time. ",
                " JK: Yeah that was a big load. You know, they may say, \"What are you doing that for?\" They could buy land now, type of thing. I mean, well, not easily. Now they could buy land. They had to become American citizen. But they could become American citizen now. ",
                " RM: It was Tom Takemura's life goal, wasn't it? "
            ]
        },
        "segment 12": {
            "Segment Desc": "Breaking down racial barriers by serving on mainstream medical boards",
            "Segment Questions": [
                " RM: Can we hear about that? "
            ]
        },
        "segment 13": {
            "Segment Desc": "Perspective on being Japanese American, message for future generations",
            "Segment Questions": [
                " RM: Phyllis and Jean? ",
                " RM: Uh-huh. And can you tell us a little bit about them? ",
                " RM: How do you look at your life as you achieved your medical degree, your, you...? ",
                " RM: Would you see internment ever happening again to the Japanese American or any other group? ",
                " RM: Is there anything you would like to say to the next generation's students who are going to be viewing this videotape? "
            ]
        }
    }
}