{
    "Narrator_Name": "Joyce Okazaki",
    "Bio": "Sansei female. Grew up in Los Angeles, California, and was a young child when Japan bombed Pearl Harbor in 1941. During World War II, removed with family to the Manzanar concentration camp, California. While in camp, was photographed by renowned photographer Ansel Adams. After leaving camp, lived for a time in Chicago before family eventually returned to California.",
    "Title": "Joyce Okazaki Interview II",
    "Interviewer": "Kristen Luetkemeier",
    "Location": "Santa Ana, California",
    "Date": "December 12, 2013",
    "Densho ID": "denshovh-ojoyce-02",
    "transcript": {
        "segment 1": {
            "Segment Desc": "Hearing about grandfather's arrest after the bombing of Pearl Harbor",
            "Segment Questions": [
                "KL: Make it available to the public?",
                "KL: Who made that phone call to your mom? Was it your grandmother?",
                "KL: Were they all at a dinner with you too that day?",
                "KL: Oh, I didn't realize she had done an internship in Indiana. Do you know why Indiana?",
                "KL: And that was late in '42?",
                "KL: When your mom got that phone call, do you recall anything about her response?",
                "KL: Was she calm?",
                "KL: Did she tell you about it? Were you aware of what was going on at that time?",
                "JO: Well, I don't think she told me directly, she just told all of us my grandfather Jiichan was arrested by the FBI, and we all got, like I would get really concerned, \"What happened?\" So that's what happened.",
                "KL: Do you know if she learned news of the attack at the same time, or did you guys have any clue what prompted that arrest?",
                "KL: And then when and how did you find out, or your family found out that he was in the prison at San Pedro?"
            ]
        },
        "segment 2": {
            "Segment Desc": "Storing belongings at a neighbor's house",
            "Segment Questions": [
                "KL: So that's a pretty immediate change, that phone call and the news that your grandfather had been arrested. Were there other ways that your life changed after the attack that you recall, or how did that... are there other ways, or how did that story play out?",
                "KL: Did you sense anything different about school, like when you went back that next Monday, was there a different feeling or do you have any recall of that?",
                "KL: How did you learn that you were gonna have to leave home?",
                "KL: You may not know the answer to this, 'cause you said you guys never talked about it, but do you have any idea if your parents ever considered just leaving the exclusion zone before the order into the camps? There was that real narrow window...",
                "JO: Yeah, it was in California, relatives were here. We had nowhere to go to, where would we go? We did have a car, my father bought a '41 Dodge or something like that, '41. Yeah, it was '41, because it was new.",
                "KL: What did he do with it?",
                "KL: He never told you anything about the buyer or that process?",
                "KL: When your folks told you, \"We're going to Manzanar on April 2nd,\" what did that mean to you? What did you think, what was your response?",
                "KL: What happened to them?",
                "KL: Where did you store them?",
                "KL: Who were the neighbors?",
                "KL: Were the Ikedas in Manzanar, too?",
                "KL: Yeah, I know East L.A. was kind of split up, so how, what was responsible for the difference? Your family's desire to stay together?",
                "KL: So you think she... do you know anything about the logistics of that... I don't know if volunteering is quite the right word, but of your kind of enrolling and going early to Manzanar? Was it Masako who did that?",
                "KL: Do you have any idea -- I know you were young, but do you have any idea where they did that or what it was like?"
            ]
        },
        "segment 3": {
            "Segment Desc": "The train ride to Manzanar",
            "Segment Questions": [
                "KL: Where was it?",
                "JO: I don't know. I thought it was somewhere under the First Street Bridge, or under one of those bridges. There's a lot of siding, the tracks, railroad tracks. It's still there. And so I asked my mother, \"Why aren't we at Union Station? Why can't we catch the train at Union Station?\" but she never answered. And I guess there were soldiers there, too, marching up and down with their rifles.",
                "KL: Did that register in your memory at all?",
                "KL: Did you have any interaction with them?",
                "KL: So are you aware if there was any public building or any reason for that location where you caught the train?",
                "KL: How many other people were there?",
                "KL: Oh, with the JANM conference?",
                "KL: Do you recall anything about the people's demeanor, or kind of what it was like to be there boarding the train? Did it take a long time, were people sad, were they impatient? I know there were cameras in some cases where people were boarding. Was there anybody there to say goodbye, or what do you recall about sort of the scene?",
                "KL: What do you remember about the ride to Manzanar?",
                "KL: What time of day did you depart? Do you have a sense for that?",
                "JO: It was, I thought it was morning, but I really don't know. It could have been later in the morning, but I know wherever we went, wherever we arrived, whether it was Lone Pine, I guess it was Lone Pine, we got off the train and we got on... we had to wait a while and then got on army transport trucks, and they took us to Manzanar on trucks. And I remember, I said, \"What happened to our luggage?\" Because all the luggage was being taken on a separate truck, because you couldn't pile everybody and their luggage when there was only benches on the side of these... there were two row of benches on each side of the truck, and that's how we were transported.",
                "KL: Did you see any local people along the road or at the train station or anything?"
            ]
        },
        "segment 4": {
            "Segment Desc": "Walking to barracks upon first arriving at Manzanar",
            "Segment Questions": [
                "KL: What do you recall about actually arriving at Manzanar? What happened when you got there, what did you see?",
                "JO: It was dark, couldn't see anything. But my uncle met us at the departure point, the disembarkment point, I don't know. I don't know how he... I talk about this now and I figured, \"How did he know when we were gonna arrive?\" Because there were a lot of different... so he must have just stood there and waited for all of the different trucks to have the people leave. And he was there and he carried some of our luggage for my mother, because, of course, my sister and I didn't carry anything.",
                "KL: Do you remember where you did disembark from the truck?",
                "JO: What I did?",
                "KL: No, where you did. Do you have any idea where it let you off?",
                "KL: Like close to the highway, close to where the sentry posts are now?",
                "KL: The one who had given you the warning?",
                "KL: Your grandmother's son? Who was the uncle who met you?",
                "KL: So you walked from the bus to, or from the truck to Block 12?",
                "KL: Did you go immediately to the apartment?",
                "KL: Had he arrived the day before, the group that came on April 1st?",
                "KL: So what did you... I don't know if you have a memory for this or not, but what did you see when you first walked in to the barrack?",
                "KL: Were you glad to see her?",
                "KL: Do you recall your parents' reaction to arriving at Manzanar or arriving at the barrack apartment or any of that first night?"
            ]
        },
        "segment 5": {
            "Segment Desc": "Mother sews curtains for barracks and clothing for children in camp",
            "Segment Questions": [
                "KL: How did the barrack apartment change over time? People, some people talk about ordering things or having things delivered, other people say we didn't have the wherewithal to do much to change it.",
                "KL: Had she sewn before she went to Manzanar, or was that new?",
                "KL: Do you have memories of him, or did she ever tell you stories about him or anything?",
                "KL: So did you say you started off in 12-9-4?",
                "KL: Okay, but did you move then?",
                "KL: Did your grandmother live alone there?",
                "KL: So then it was just the four of you who remained in your original apartment. Do you recall any neighbors?",
                "JO: Oh, yes, neighbors were relatives. So it must have been that our relatives all came on April 2nd, because they came from different areas, but we were all in the one barrack, two barracks, 12-8 and 12-9. And I thought... I didn't think of anything at that time, but after I'm an adult and talking about all of this, how did we ever manage that, to have all of the relatives? And it's not, it's my grandmother's brothers, and my grandfather's brothers who were in these units. So it was something, because I got to see them all the time.",
                "KL: Yeah, what was that like? That proximity was different?",
                "KL: What was her name?",
                "KL: Did he ever talk to you before you found those articles about what it was like to be part of the Manzanar Free Press?",
                "KL: What do you recall of the garden in Block 12?",
                "KL: When did you get to go there?",
                "KL: Do you remember it being constructed or anything about who built it?"
            ]
        },
        "segment 6": {
            "Segment Desc": "Attending school in camp",
            "Segment Questions": [
                "KL: You know, people talk about like the Bainbridge Island block or the Terminal Island block or certain blocks have kind of reputations or defining characteristics, did Block 12 have any sort of identity, do you think, that made it unique?",
                "KL: What made him your mortal enemy?",
                "KL: Did everybody take summer school, or was it optional?",
                "JO: It was optional. I think it was optional, it was optional for me. You know, if I went to fourth grade summer school, then I could go to fifth grade. What a good thing, so I said, \"Okay,\" and I did that. Well, Kazuo Kitani did the same thing. [Laughs] So there he was in summer school fourth grade and my fifth grade class. But before that, while I was in third grade, there was a big pageant. I don't know if you've heard of that pageant, but it was a big pageant where all the elementary schools were involved, all classes. And it was called... I don't know, what was it called? It was called the Whirlwind or something. And we were assigned to do... we learned all of the patriotic songs, but in addition we learned other songs about America, and that's where I learned Beautiful Dreamer, no, Beautiful Ohio. We sang that song, \"Beautiful Ohio in dreams again I see visions of what used to be,\" and some other songs. But we were, as a class, assigned to learn the Irish jig, and, of course, my partner was Kazuo Kitani, terrible. Anyway, we were practicing, and he would just do nasty things to me like squeeze my hand, and sometimes it's okay, but once he really did it hard. He did something to me that really hurt me, and so I cried, and the lady said, \"Why are you crying?\" I said, \"He hurt me,\" and we got dismissed early and the boys had to stay and practice. And he really hated me after that. [Laughs] And then the pageant went off really well. I really enjoyed that, we got to sing as a group, all those songs we learned.",
                "KL: Where did you present it?",
                "KL: You said that you think Mr. Sandridge worked with your father?"
            ]
        },
        "segment 7": {
            "Segment Desc": "Father's work as a draftsman in camp; meeting the well-known artist Henry Fukuhara",
            "Segment Questions": [
                "KL: What was your father's work?",
                "KL: Do you know any of the projects he worked on at Manzanar?",
                "KL: When did he start that job?",
                "KL: But that's where they met, you said?",
                "KL: Was Henry also working for the Public Works?",
                "KL: Did you spend any time with Henry Fukuhara in Manzanar? Do you have memories of him?",
                "KL: What about from later? What can you tell us about his... I mean, I never met him, I have an idea of his personality...",
                "JO: Oh, Henry Fukuhara?",
                "KL: Did Henry Fukuhara have anything more substantial to say about your dad or anything at that time?",
                "KL: Oh, really? How did he do?",
                "JO: [Laughs] How did he do? He and his brother -- he has a brother Ujiaki Niwa, younger brother, I guess, by a year -- they were both little rascals. Even though they were in high school, they were not, well, he was probably more well-behaved than his brother. His brother threw a ball at my mother, and not good, she failed him, and I think she gave Ujinobu a D. They didn't get good grades because they were not good, well-behaved. It was a matter of behavior and how they treated her, because she was this five-foot tall little teacher and they were all huge kids. But he remembers her.",
                "KL: What do you know about the Sandridges' background if anything? Do you know what motivated them to come to Manzanar or where they were from or anything?",
                "KL: Do you recall your fifth grade teacher?",
                "KL: What do you recall of her?"
            ]
        },
        "segment 8": {
            "Segment Desc": "Mother's teaching job in camp",
            "Segment Questions": [
                "KL: This is tape two of a December 2, 2013, continuing interview with Joyce Okazaki. And we were talking some about your elementary school attendance in Manzanar, and since your mother was a teacher, I was curious to hear if you know what her take on education in Manzanar was. Did she ever make comparisons between education in Manzanar and Los Angeles?",
                "KL: What did your mom teach, what grades?",
                "KL: Did she teach both years you were there?",
                "KL: What did she think of it? Was it what she expected?",
                "KL: You mentioned that your mom took sewing classes. I was curious if you took any classes other than academic ones at the school, like did you ever take any dance or violin?",
                "KL: Where were those classes held?",
                "KL: Was it in someone's barrack apartment or the rec. hall?",
                "KL: Do you remember the ballet teacher's name?",
                "KL: Were you part of a church congregation in Manzanar?",
                "KL: What do you remember about that, except that you would rather have been elsewhere?",
                "KL: You said your fifth grade class was in Block 5?"
            ]
        },
        "segment 9": {
            "Segment Desc": "Health care in camp: visiting father at the hospital",
            "Segment Questions": [
                "KL: Your father had an operation, I think, in the Manzanar hospital?",
                "KL: Would you tell us about that?",
                "KL: When was it?",
                "KL: So he had the operation before he went?",
                "KL: But your aunt and your husband were already gone?",
                "KL: What did she tell you, or did she, about what it was like to set up that hospital and what the dynamic was like among the staff?",
                "KL: Did your dad give any reviews of his care there or his time there?",
                "KL: So you yelled from outside?",
                "KL: Was that allowed, did anybody care?",
                "KL: Your aunt, I think, had two babies in Manzanar, two if I have that right, Kimiko (Hasegawa)?",
                "KL: Do you remember that, or what did she say about that?",
                "KL: Did she ever say anything about the Manzanar hospital or quality of care, or what it was like to give birth? Those were her first babies."
            ]
        },
        "segment 10": {
            "Segment Desc": "Remembering grandfather raising rabbits in camp",
            "Segment Questions": [
                "KL: Are there other places that you remember from your childhood, places in Manzanar that stood out?",
                "KL: Where'd you get the seeds?",
                "JO: Probably got them from the store, the co-op. But I think my father and my mother went and bought it for me. Because everybody was growing things, and well, why not me? What else do I remember? I had another grandfather there, my father's father was also in Manzanar. I think he lived in, he also lived in Block 12, but where the bachelors lived, wherever that was. But he raised rabbits, and so he had these cages of rabbits, and I don't know how he got these cages. Because I think about it now, how did he get those cages? The rabbits, of course, they multiplied, so he had a lot of rabbits. And apparently he was going to be leaving camp, so he had to get rid of the rabbits. So in late '43, around Christmas time, it was just, oh, maybe November or early December, they decided to kill all the rabbits, and brought all the cages there to Block 12, and I stood and I watched them slaughter all of the rabbits, chop off their heads, stick 'em in hot water, and skin then. They saved the skins to sell, and the rabbits for later on to eat. So I didn't eat any rabbit at Christmas time. I could not eat a rabbit, sorry. [Laughs]",
                "KL: Had you been around them much before that?",
                "JO: Rabbits?",
                "KL: Where did he go when he left Manzanar?",
                "KL: And this is in Salt Lake?",
                "KL: Did he ever come back to California?",
                "KL: Oh, he came back pretty quickly then?",
                "KL: Did he say anything about the climate in Salt Lake City for Japanese people? It sounds like he had a market, to...",
                "KL: Oh, yeah?",
                "KL: Did you pick apples?",
                "KL: But you liked climbing trees?"
            ]
        },
        "segment 11": {
            "Segment Desc": "Being photographed by Ansel Adams",
            "Segment Questions": [
                "KL: So you are the poster girl on the front of the Ansel Adams reprint Born Free and Equal. And I wonder, I want to talk about that for a while and just, I guess, to start off, what do you remember about Ansel Adams and being photographed by him? What struck you about his presence?",
                "KL: Do you know how it happened that Ansel Adams connected with your mom and your sister?",
                "KL: In what sense? Can you talk a little about that?",
                "KL: How much time did you spend with him, or how long were these shoots? How many days?",
                "KL: Did he have a staff with him, any assistants?",
                "KL: Was Ralph Merritt part of the photo shoots at all?",
                "JO: He just went by himself. And when we went to the store, when we went to Merritt Park, where else did we go? Oh, the Toy Loan Center, I guess that was the other place. And then in front of our house, our unit.",
                "KL: Do you know why those locations?",
                "KL: Where was it, the volleyball court?",
                "KL: I'll have to look for that publication, the 1992 Friends Journal. Is it part of a larger story about Manzanar or about Japanese American removal?",
                "JO: Actually, in the JANM museum, they had a program all with the Quakers, and there was somebody from the Friends Service Committee came down and talked, and then handed out these journals. And I also go and speak to a seventh grade class at, it's called Los Angeles Academy, and the teacher that's teaching that class is Quaker, so I had him attend that, and he was very, he said that was wonderful. He had never known all of that information. So, you know, even the people who are Quakers don't know how much the American Friends Service Committee helped with the students, and how grateful they were. Some of them couldn't get transcripts, and I'm thinking that it must have been through the Quakers that people that went to SC and couldn't get their transcripts got them, because they went on to college, Dr... what's his name? Kleinschmidt or something, he would not allow transcripts to be released for the Japanese, because he thought that was aiding the enemy or something. Well, anyway, some of those people, they must have got it somehow, and I think it might have been the Quakers that got it for them. I'm assuming that because the Quakers...",
                "KL: Yeah, or if they had to just make some other way of demonstrating those. Did Ansel Adams come back to take photographs of your dad, or did I make that up?",
                "KL: You don't recall the photography exhibit in Manzanar or the response to it?",
                "KL: And you didn't hear anything about it showing in the Museum of Modern Art or any response to that?"
            ]
        },
        "segment 12": {
            "Segment Desc": "Contacting Ansel Adams as an adult",
            "Segment Questions": [
                "KL: You told me about an interaction you had with Ansel Adams when you were an adult? Would you tell that story?",
                "KL: Would you tell that story?",
                "JO: Oh, you did? Okay. I have this letter that he returned to me saying that he's sorry he didn't have any extra copies, and the book is a very book, and he gave his copies to the University of Arizona archives. But would I accept a picture? So I got a photograph of him, autographed photograph, of myself signed by Ansel Adams. And I showed that to a high school photography teacher, because I worked at the high school in Los Alamitos, and she says, \"Oh my gosh, that is so valuable.\" And I said, \"But it's of me.\" [Laughs] She said, \"Doesn't make any difference, it's an Ansel Adams photograph. It is valuable.\" Well, I didn't believe it, but I knew that I went to one of his exhibits where his, some of his photographs were selling for twenty and thirty thousand dollars, and it's not worth that much. But that was when I was teaching, working at the high school, which was 2005, and, but my son, he wanted to buy the picture that the Fresno museum put up for sale on eBay, I guess, or Amazon, somewhere. They put it up for sale anyway, so he goes, \"Mom, I'm going to buy you your photograph.\" And he went to ask, and he found out it was fifteen thousand dollars. [Laughs] And he says, \"I don't think I can afford that,\" so he just gave me the copy, the printed copy that was on, in the catalog. He says, \"This is,\" and he framed it, \"this is in place of that photograph.\"",
                "KL: Was that before you had written to Ansel Adams?",
                "KL: How was it writing a letter to Ansel Adams?",
                "KL: When people that you don't know very well, or even people that you do, when they connect you to that book initially, do they have any kind of a response to that? How do people react to your connection to that project?",
                "JO: Well, they're happy. I guess happy is the one thing. Because it was so long ago, but my very latest experience at doing just that thing, I was at the museum for member appreciation day, and we get twenty percent off of whatever we buy. So I'm buying all this stuff, and then I finally told the cashier, I said, \"See that book up there?\" Because it's right up there, I said, \"That's me.\" She said, \"Oh, my gosh,\" you know, surprised. So that was my very latest experience at doing that. But I try to do that whenever I'm at Manzanar and I talk about it, people go and rush and buy the book. Or if people come by and they hear about it, because I bring a book and I display it there and I say, \"No, it's not for sale, you have to go and buy it at the store.\"",
                "KL: How did that happen?",
                "JO: How did it happen? Well, Wynne Benti became very friendly to me, because we talked back and forth, and every time she came down I would meet her for lunch or dinner. And she just said, \"You want to write something?\" and so I said, \"Oh, I can.\" I had written different things, you know, just different essays for her. And then she said, \"Oh, I think...\" and then she told me what I should do, and then I wrote that about my father, because my father was not in the book. And I wanted to write about my father and about the dresses. I never asked my father if he read that, you know, I never asked my dad. Oh, it came out after he died, that's the problem. He died in 1999, and the book was published in 2000, right? Yeah, so that's why he never knew. He never knew about the dresses, I never told him.",
                "KL: Did she keep in touch with Dr. Carter at all?"
            ]
        },
        "segment 13": {
            "Segment Desc": "Affected by the camp landscape and wildlife",
            "Segment Questions": [
                "KL: Was there a model for you to follow?",
                "KL: I'm sad, I thought that there was gonna be this picture of this beast of what you imagined the scorpion to be. What did you think they were before you saw that picture?",
                "KL: Did you have any interactions with snakes or scorpions?",
                "KL: When do you think that was?",
                "JO: Huh?",
                "KL: When do you think the friend brought those things?",
                "KL: Oh, this was your maternal grandfather who was arrested?",
                "KL: Was he any different when he came back to Manzanar than you remembered?",
                "JO: No, I don't really remember, because... I don't really remember, but I think he was the same. I don't know, I would hate to think that he was beaten or anything like that. Oh, the other thing I never told people, and I don't really like to tell people is about the typhoid shots?",
                "KL: Do you want us to stop recording?",
                "KL: Did any other kids follow?"
            ]
        },
        "segment 14": {
            "Segment Desc": "Lack of information about grandfather's time in the Missoula internment camp, Montana",
            "Segment Questions": [
                "KL: So did you ever hear anything from your grandfather about what his time away was like?",
                "KL: You said he was in Missoula for most of it?",
                "JO: That is my one regret. My grandfather, although he came over at age nineteen with just Japanese, and the education that he got in Japan, he spoke, at the time that I would have been able to ask him, he spoke Spanish and English. And I could have asked him anything and asked him, and I didn't. And I just regret not asking him about what happened in Missoula, Montana, and how he ever came over to Los Angeles and what he did and how he made his fortune. I mean, I'm assuming a lot from what my mother said and all of that, but nothing is really from what I learned from him directly, how he was able to buy all this property. Did he put it in his children's names, like because of the alien land law?",
                "JO: You know Aiko Herzig the researcher? I asked her if she could help, but I don't think she can. Because I've tried all the channels that she knows and got nowhere. So the only other one that I was told that it would be the immigration files.",
                "KL: But Aiko Herzig would probably be knowledgeable about those. One more question about Manzanar and then if there's anything you want to add before your move, and my last question about it is what were nighttimes like at Manzanar? We don't hear as much about that.",
                "JO: Nighttime? Well, nighttime I had to go to sleep, you know, I was young, and my mother made me go to sleep because I had to get up to go to school. But there was nothing to do at night, that's the other thing. After you eat, you play a little bit, and it gets dark and you go to bed, or you, maybe you have to take a bath or a shower. I don't even remember when I took baths or showers, whether they were in the morning or the evening or the afternoon. But we all had that Japanese ofuro.",
                "KL: Oh, you did?",
                "KL: In Block 12?",
                "KL: How did people decide what times people would be able to use the ofuro and stuff? Is there any kind of system?",
                "KL: I guess I lied, I do have one more question about Manzanar, and that's, you know, people sometimes talk about their families, either bonds kind of strengthening, or more often kind of dissipating because of the living conditions. What effect do you think Manzanar had on your family dynamic?"
            ]
        },
        "segment 15": {
            "Segment Desc": "Leaving camp for Chicago",
            "Segment Questions": [
                "Off camera: Do you recall anything about the \"loyalty questionnaire\" and your family discussing it or talking about it?",
                "KL: In '45?",
                "KL: But you went to Chicago in '44?",
                "KL: Did your dad have some sponsorship or some organization that helped him get to New York?",
                "KL: Right, that's what the intended purpose was. It's interesting because I found this quote in Born Free and Equal attributed to your mom, saying, \"I'm glad my faith in America is strong enough to stand the test of evacuation.\" And I'm curious, we'll wrap up this tape with this question about what do you think was responsible for her faith in this country?",
                "KL: So you guys had determined to... this is tape three of a December 2, 2013, interview with Joyce Okazaki. And we left you kind of in Chicago, where you guys had just relocated, and I wonder what you found when you arrived there. Where did you go in Chicago and what did you think of it?",
                "KL: What was the rest of the neighborhood surrounding?"
            ]
        },
        "segment 16": {
            "Segment Desc": "Living and attending school in a troubled neighborhood in Chicago",
            "Segment Questions": [
                "KL: That's what public school was like in Chicago?",
                "KL: Were they kids from within the tenement building?",
                "KL: Did you interact with each other or were they closed off?",
                "KL: Was it predominately Japanese American?",
                "KL: It was in your apartment building?",
                "KL: But the school was physically located in your apartment building?",
                "KL: And you said the school was mostly Caucasian and then you guys. How did that go?",
                "KL: Was sixth grade the highest level in that school?",
                "KL: Did you live anywhere else in Chicago?",
                "KL: Oh, I'm sorry, you said 1946 you came back?",
                "KL: Did your folks consider just staying, do you think?"
            ]
        },
        "segment 17": {
            "Segment Desc": "Returning to Los Angeles and reestablishing lives",
            "Segment Questions": [
                "KL: So how long did you stay in Chicago?",
                "KL: So did everybody from your mother's family end up back in California?",
                "KL: Did you attend?",
                "KL: Where was the wedding?",
                "KL: Who is her husband?",
                "KL: And they went to Chicago also?",
                "KL: What was your dad's job?",
                "KL: And that's what he started in New York?",
                "JO: Well, he got the job in New York and they transferred him to Chicago and paid his way back to Chicago, because, of course, he didn't have any money. [Laughs] And then he went to work, and he worked there until he retired, for American Brake Shoe, but that was in Los Angeles. It was a larger company in Chicago. What American Brake Shoe did, really couldn't understand. He would draw, he would be drafting, drawing, the frogs and switches for railroads. What? Never knew what it meant, but...",
                "KL: What was it like for you to be back living in California?",
                "KL: So did you graduate from UCLA?"
            ]
        },
        "segment 18": {
            "Segment Desc": "Establishing a career after the war",
            "Segment Questions": [
                "KL: What were some of the kind of milestones of the rest of your life? I know you had jobs, I know you were married.",
                "KL: So you stayed in that field for a career?",
                "KL: And what about family? You said your husband was also in Manzanar. When did you meet?",
                "JO: Terry... I don't remember, Terry something. Anyway, she was a friend of my husband's sister, who lived in the neighborhood, they're about the same age. No, they're not, she was a lot older. She's older. This is my husband's younger sister, so she was a lot younger, a lot younger than me. She told Terry that she had a brother who was coming to L.A., but he lived in New York, and he was coming to L.A. to live, and so did she know anybody? Said, yeah, the next door neighbors has a daughter, and that was me. So eventually my mother and Terry fixed me up with Terry's (friend's) brother, who was (James Okazaki). So that's how I met."
            ]
        },
        "segment 19": {
            "Segment Desc": "Revisiting Manzanar after the war",
            "Segment Questions": [
                "KL: Where in here did you start to realize that your Manzanar experience was unique? I mean, you were a child when you were in Manzanar, and now you're a member of the Manzanar Committee, so I assume at some point...",
                "KL: Had any of you been back?",
                "JO: No. I wasn't even interested in going. \"Okay, okay, I'll go with you.\" So, well, I would have to go with her, so we went. My father had passed away in April of 1999, so I don't think it was in April of 1999, because it was the first year that they started to honor all the camps. So the first camp was Amache, and the very last... Amache and the last camp, which was... which was the last letter of the alphabet? Tule Lake?",
                "JO: Tule Lake. Yeah, so I think it was Amache and Tule Lake. And she was at Keiro at that time, living at the retirement home. One of the board members was Tom Shigekuni, and he was from Amache. And so he, my mother, she loved talking to everybody, so she talked to him, and she was going to go to Manzanar, to the pilgrimage, and he said he was going to be there, he was going to be speaking about Amache. He says, so he says, \"I'll look for you.\" So we went to the pilgrimage, and Tom shouts out from the stage, \"One of the people that was here, she's a PE teacher, she's here. Is Yae Nakamura here?\" (we shouted). \"Yeah.\" And so then the park rangers came to her and wanted to talk to her, but after that pilgrimage, they didn't contact her at all. So time passed, she's no longer here. That was from 2000... she was all right to answer questions for a long time. Her memory was really good, and then that became, after about ninety-five, she was like ninety-one then.",
                "KL: What was your son's response to being at Manzanar?",
                "KL: Your son? You were at the opening of the interpretive center and the auditorium, and I wonder about your memories of that day.",
                "KL: So was that your next time back, was in 2004?",
                "KL: What was the mood?",
                "KL: When did you become... when and how did you become more involved with the Manzanar Committee?",
                "JO: After that. After 2004, I... well, you know, there was a panel set up, I think, at Manzanar, or was it at the museum?",
                "JO: At the museum?",
                "JO: I think it was 2003, and I remember Dr. Hansen was... maybe that was afterward. There was an earlier one with Sue Embrey on the panel, and it was at the, I remember it was at the old museum part, it was at the old part of the museum. There was another one at the newer part with Dr. Hansen. But I just really did not do anything about the Committee until after 2004. I started going, and I started to see that Sue's health was failing, you know, she was getting weak. And so I thought, well, I'd better help a little bit, felt kind of bad, I wasn't doing anything hardly. Well, I was still working then, still worked until 2008. Until 2008 I just really attended meetings and stayed on the sidelines, and when I worked at the high school, I started talking to the classes there, world history class, and then the librarian there put my PowerPoint together. She dug up all the photographs from the archives, the Library of Congress archives, or our... what's that other one? The other one.",
                "KL: The California one?",
                "KL: What school were you at?",
                "KL: What's been the response to those presentations? Are there any memorable questions students have asked or responses that stand out? How do people react?",
                "JO: The kids, the kids all... they seem to really be interested, especially when I show them a PowerPoint, you see the pictures, the old pictures. I also, because I like to preface things with the background, I showed this video clip I took from a documentary that I won't name, and it really, in a short period of time, talks about how we were not able to, how Japanese were not able to become citizens, about the alien land law and about the exclusion act, and then EO 9066. And so I showed that to them, but I noticed that a lot of kids would sleep during this period. So I said, \"You know what? I'm going to talk about it instead.\" Well, they sleep through it anyway. Some kind of will just put their head down and fall asleep. But anyway, I have since spread to other areas like the Los Angeles Academy with my Quaker teacher friend, who became a friend... I also helped him with getting money subsidized for a school bus, he's the one that drives the school bus up to the pilgrimage. And the kids just love it, they love going on the school bus. But they liked it even better when the bus broke down.",
                "KL: I was gonna ask, they weren't the ones who broke down, were they? Oh.",
                "KL: Is it the first time most of the students have hears about this, or are they pretty knowledgeable?"
            ]
        },
        "segment 20": {
            "Segment Desc": "The influence of Sue Embrey and the importance of camp terminology",
            "Segment Questions": [
                "KL: I want to back up for just a moment. You have mentioned Sue Embrey, and I wanted to ask you about her, just what, how you knew her, what stood out about her, would you give us kind of a description of her, what she was like?",
                "KL: What about in 2002? What stood out about her in those panel...",
                "JO: But you know, you can see her interview online. But she was always a very soft-spoken, and but I think she was also very determined, too. Because I attribute Manzanar being in the National Park system to her, because of her insistence. If she had let California run the program, it would have probably been nowhere near what it is now. And, of course, all through the nation, I mean, all throughout the camps, all the camps that are now part of National Park, all because of her and her insistence, right? It's really true, it's true. And, of course, if you talk to Bruce Embrey, he's actually the best authority about his mother.",
                "KL: Michi Weglyn?",
                "JO: Yeah, and no matter what I say, if I put out a little memo about when we're going to meet, all this criticism comes back, like what's the criticism about a memo? \"Oh, you're confusing the issue,\" excuse me. We're going to, not willingly, but we're being co-sponsors of that Block 14 project, songfest, the community songfest, I don't know if you're going.",
                "KL: You don't have any idea why?",
                "JO: No. I have no idea. But, you know, when somebody says that to you, you start thinking, anyway, I did. \"What did she mean by that, I've got to get involved?\" And I thought maybe she meant the Manzanar Committee. But you know, when I attended the meetings at that time, it was at this Rei Kai's Kitchen in Little Tokyo (Towers), and there was always a lot of people there, all these different people there, and they were all people that helped at the pilgrimage every year, you know, selling things, bringing flowers, whatever, making food, helping with the musubis, which I don't even do to this day. I don't like making any of that stuff, so I don't do it. But anyway, that was the start of it all. But the main interest was after I saw that Sue was getting weak, and she was being hospitalized, then I thought, well, at least I could come and maybe have something to say. But most of the time, the pilgrimages were kind of a set routine, and everybody had things they had to do. So it really didn't involve me that much. And only recently, after Fred resigned as treasurer, Fred Bradford resigned as treasurer, and I took over, then I became more involved in the meetings and things. That's when I discovered that money wasn't paid to L.A. Academy."
            ]
        },
        "segment 21": {
            "Segment Desc": "Looking back on camp experience",
            "Segment Questions": [
                "KL: Well, I have just sort of two big picture wrap up questions, and then if there's anything I've left out, I definitely want to hear it from either of you. But one is just to you, what is the significance as Manzanar? And there's many ways you can answer that, but for you personally, what makes that a significant place?",
                "KL: Well, you answered both of my questions with that answer. [Laughs] So were there things that you wanted to hear about, Whitney? Were there things that you wanted to talk about that didn't come up?",
                "KL: Oh, really?",
                "KL: And they were contemporaries of yours?",
                "KL: Did you make your own?",
                "KL: And you're still in touch?",
                "KL: That's it, are you sure?",
                "JO: Yeah. Well, I thought, gosh, I have to include them, because they were my friends for two years, a little over two years, actually. And the other girls I met I don't even remember. I mean, I had girls in my class, and I don't remember any of them. Isn't that awful?"
            ]
        }
    }
}