{
    "Narrator_Name": "Jun Ogimachi",
    "Bio": "Nisei male. Born May 26, 1928, in San Fernando, California. Grew up in San Fernando, where father ran a farm. During World War II, removed to the Manzanar concentration camp, California, with family. After leaving camp, lived briefly in Chicago, Illinois, before returning to San Fernando. Served in the U.S. Navy.",
    "Title": "Jun Ogimachi Interview",
    "Interviewer": "Richard Potashin",
    "Location": "Helendale, California",
    "Date": "June 3, 2010",
    "Densho ID": "denshovh-ojun-01",
    "transcript": {
        "segment 1": {
            "Segment Desc": "Father's family background",
            "Segment Questions": [
                "RP: And Jun lives at 15060 Bluegrass Lane or Court?",
                "RP: Drive. Drive in Helendale, California. The date of our interview is June 3, 2010. Our interviewer is Richard Potashin, our videographer is Kirk Peterson. We'll be talking with Jun about his experiences at the Manzanar War Relocation Center during World War II, and our interview will be archived in the Park's library. Jun, do I have permission to go ahead and conduct our interview?",
                "RP: And what month and day?",
                "RP: And what was your given name at birth?",
                "RP: Would you like me to refer to you as Juno?",
                "RP: Okay. And you never had an American name?",
                "RP: Tell us what you know about your parents. First your father. Can you give us his name?",
                "RP: Where, where was he born and raised in Japan?",
                "RP: And what was his, what was the uncle's name?",
                "RP: So Satoru had come over here before your father?",
                "RP: Did your father's family live in the city of Hiroshima or outside?",
                "RP: Now is it your father's family that had descended from an ancient emperor of Japan?"
            ]
        },
        "segment 2": {
            "Segment Desc": "Mother's family background",
            "Segment Questions": [
                "RP: So what do you think brought your father to America?",
                "RP: Would he have been working for the merchant marine just shortly before he came to America?",
                "RP: Would he have been involved with the Russo-Japanese conflict?",
                "RP: Well, let's talk about her. First her name?",
                "RP: She lived a mile from there?",
                "RP: Did your mother share with you any other information about her life in Japan before she came to America?",
                "RP: Did your parents marry in Japan and then come over together?",
                "RP: Where did they first settle when they came to America?"
            ]
        },
        "segment 3": {
            "Segment Desc": "Description of siblings",
            "Segment Questions": [
                "RP: What was his name?",
                "RP: After Hisayuki, who is next?",
                "RP: What was he like?",
                "JO: He and I did a lot of work together while we were in Manzanar. As I was talkin' to you before, we worked on the chicken farm, laying the concrete in the chicken farm and the hog farm. And laying the repair work and thing on some of the water mains and things like that. And he went and picked sugar beets also. 'Cause he graduated while he was in camp. He was a good friend of Bo Sakaguchi who was a dentist, [inaudible] And they... I don't know, he does a lot of traveling that I heard. But while in camp he got drafted and he was in the tank destroyer and went to Germany just sometime in the early part of 1945. And when he came back he says, \"I'm lucky.\" I said, \"How come you're lucky?\" He says, \"The tank destroyers were specifically made to go after the Tiger tanks in Germany.\" And he says, \"We could out fire 'em but we didn't have the armor.\" He said, \"We'd get in a battle with 'em,\" then he said, \"that was the end of us.\" So he said they used to try to hit and run. So, but I guess he's doin' fine because they're doin' a lot of traveling and things. But actually the only time I saw him was at my other brother Yoshihito's funeral. But I haven't seen him since.",
                "RP: And you had a, you had one sister, Misato?",
                "RP: What do you remember about her?",
                "RP: Where does she live again?"
            ]
        },
        "segment 4": {
            "Segment Desc": "Father's farming in the San Fernando Valley",
            "Segment Questions": [
                "RP: And where did they settle in L.A.?",
                "RP: Was your father also hauling?",
                "RP: So, can you give us an idea of when would you pick up the produce? Would it be early in the morning?",
                "RP: You went once?",
                "RP: Did you have to load any of the trucks too?",
                "JO: No, I wasn't... I couldn't pick up all those things. Some of those things... you ever pick up a crate of cabbage? Boy, that thing's heavy. And you know, melons and stuff like that, they're all heavy. The lighter stuff is like green onions and like that. They're much lighter. Because they have to be all washed. They're tied up and bundled and then they're washed and then they're put in the crate. But those... a lot of that other stuff was so heavy, you know. ",
                "RP: Were there a large number of Japanese American farmers in that, in the San Fernando area?",
                "RP: And what type of crops are we talking about?",
                "RP: What are some of your other childhood memories about growing up in San Fernando?",
                "JO: Oh, I don't know. I remember... I remember the earthquake in nineteen... there was a big earthquake in Long Beach and all that. And I could remember the truck was next to the platform while they're washing the carrots and stuff off. And it moving back five or six feet. And I couldn't figure out what was goin' on. I said, \"How come? There's nobody in the car and it's goin' back and forth, back and forth.\" Because I was sitting outside probably playing or something. I remember I still can see that today. That's the first earthquake that I could really remember. And I've been through two or three of 'em. But that, you know... and I don't know. There's a lot of little things that happened. Like when I was farming out there with... everybody would have to get out there and work. And you did all the weeding and all that other stuff by hand. It wasn't where you have a machine come through and doin' all that other stuff. Even the cultivating, lot of it was done. And then the watering and things, you had to get out there and watch the water and stuff because if it starts to get away and it'll start damaging the roads and all that so you gotta watch it. I didn't have to do the real hard jobs. ",
                "RP: Where did you, where did the water for the farm come from?"
            ]
        },
        "segment 5": {
            "Segment Desc": "Attending elementary school",
            "Segment Questions": [
                "RP: Where did you go to elementary school?",
                "JO: In San Fernando Elementary school right in San Fernando. At that time they had San Fernando, Morningside, and O'melveny, the only three elementary school. And the people that lived in the Santa Clarita Valley, the high school kids had to all come down to San Fernando. They had to get bussed in. And now that's quite a ways, you know, it's not... so it's quite different than now. The San Fernando has its own new high school in Lauel Canyon and the old school is the junior high. And across from there is a big new court building which I had to go in and do some... what you call that duty?",
                "RP: What do you remember about grammar school in San Fernando?",
                "RP: You said you took music lessons in school?",
                "RP: So did you have close, close Mexican friends while you went, while you were in school?",
                "RP: What did you do for fun?",
                "JO: When? [Laughs]",
                "RP: When, when you were growing up?",
                "RP: Did you have an opportunity to do any fishing or hunting?",
                "RP: What was that like for you?",
                "RP: Did... your parents spoke predominately Japanese? Did they learn any English at all?",
                "RP: You had a strong identification with your country?"
            ]
        },
        "segment 6": {
            "Segment Desc": "Memories of high school",
            "Segment Questions": [
                "RP: So what occupied your interests during your high school years?",
                "RP: Was the family, your family, religious at all?",
                "RP: Do you recall in San Fernando there being a Japanese, Japantown or section of town that devoted to the stores that catered to Japanese Americans?",
                "RP: Did you, growing up in San Fernando, did you experience any discrimination as a result of your Japanese ethnicity?"
            ]
        },
        "segment 7": {
            "Segment Desc": "Hearing about the bombing of Pearl Harbor",
            "Segment Questions": [
                "RP: Jun, what do you remember about December 7, 1941?",
                "RP: Did you sense any changes after, say the next day that you went to school from schoolmates or anybody else?",
                "RP: What happened to the trucks?",
                "JO: We had to sell 'em, almost give 'em away. One of 'em we did give to the guy who was gonna take over the farm, the Filipino guy. And he's what you call... I saw him when we come back. He was a nice guy. But you know, what can you do? I mean, there wasn't much we can do. You only had the... when they did notify us we only had a couple weeks. They didn't notice... you know, you don't have months or anything. ",
                "RP: So the Filipino man took over the operation of the farm?",
                "RP: And you had it when you got back?"
            ]
        },
        "segment 8": {
            "Segment Desc": "Traveling to camp by bus",
            "Segment Questions": [
                "RP: Do you remember where you met to go to Manzanar?",
                "JO: You mean where the bus picked us up?",
                "JO: It was Burbank. It was on Burbank, in Burbank. I think... what is it? No, I don't remember exactly. If I go there I might recognize the street or something. But I don't remember. Might go there... it was by, in front of the park. That's all I can remember. It had a big building there and... so you had to be there a certain time and...",
                "RP: What do you remember taking with you to go to Manzanar?",
                "JO: Just clothes. You take whatever clothes we could carry, that was it, 'cause you were allowed only one bag and whatever, what you can carry. So we didn't know what to expect. Since my brother was up there he was telling us. Like you know, he would say, write a letter or something and tell us. But there wasn't much. What are you going to do? We took, might have took some sheets or something like that. 'Cause he was... you know, there was no rooms in the barracks. So we hang it up, you gotta hang something up, get a little privacy which I don't think it was privacy, but it was something. ",
                "RP: You took the bus up to Manzanar?",
                "JO: Oh, yeah. There was I don't know how many buses. There were quite a few buses. And every time they stop, if you had to go you were out there in the field. The women had a problem with that. 'Cause they... you had to go, you had to go. The men don't have that much problem. You could see them all runnin' out in the field. You know, out in the desert and you'd come back. You know, there's no place to go out there. So, you know... took something like six or seven hours. Took a long time I know. Takes you what, about five hours otherwise? Something like that.",
                "RP: So did you have any, did you have any thoughts about what was happening at that point? Leaving San Fernando, going to somewhere in the desert?",
                "RP: So you went up there just before your birthday, didn't you?",
                "RP: Do you remember where you, what block you lived in?",
                "RP: And all your brothers and sisters were with you? Or at...",
                "RP: Hisayuki?"
            ]
        },
        "segment 9": {
            "Segment Desc": "Daily life in camp: memories of food, finding work",
            "Segment Questions": [
                "RP: What did you remember about the first, recall, other than getting sick, what do you remember about your first weeks or months at Manzanar?",
                "RP: How was the food in Block 15?",
                "RP: Oh, he was?",
                "RP: That's the first time he had cooked. Had he cooked before?",
                "JO: I don't know. I don't... he didn't cook at home because I remember before my sister did a lot of cooking. She was the oldest and my mom did the cooking then. The only thing he used to do is to make shochu. You know what shochu is? Out of melon and stuff like that. ",
                "RP: Huh. You guys have a bath back on the farm too? An ofuro?",
                "RP: So, school didn't start at Manzanar 'til roughly like the fall of 1942. So you had, you had the summer and part of the spring months off. What did you do during that time to occupy yourself?",
                "JO: Half. Half the block. It takes quite a while to deliver that much because you got seven barracks and each barrack had at least four apartments in there, or four heaters in each. And the heaters roughly held two and a half gallons, I think. I don't know. Do you got a heater in this one they're building up there now? 'Cause you could look.",
                "RP: So were there any problems with people stealing oil because you kept that thing locked up?",
                "RP: So were you the only person who had keys to that?",
                "JO: Oh yeah. Well, people did have locks to put on their doors, that's why, if they wanted. But with all the people -- what are you going to steal? People didn't have anything more than what you had. So... you never know I guess. But I did knock on the doors and then most of 'em always home. Where else would they go? "
            ]
        },
        "segment 10": {
            "Segment Desc": "Job distributing oil in camp",
            "Segment Questions": [
                "RP: This is tape two of a continuing interview with Jun Ogimachi. And Jun, we were talking about your, one of your jobs in camp was distributing oil to the, to the rooms. And, did, were there, do you remember people having problems with the stoves? ",
                "RP: How about the mess hall? ",
                "RP: So who was responsible for the other side of the block?",
                "RP: Do you remember how many stoves were in there?",
                "RP: Do you, you recall who your block manager was?",
                "JO: Yeah. Muto was the name. What the heck was his first name? Huh.",
                "RP: Was it Tak? Tak Muto?",
                "RP: Did you work with him at all on anything on the block?"
            ]
        },
        "segment 11": {
            "Segment Desc": "Recreational activities in camp: gardens and sports",
            "Segment Questions": [
                "RP: Talking a little more about the block, Block 15, do you remember any gardens in the block or any flowers grown there?",
                "RP: Do you have any other memories about what was there? Was there a few, was there a pond?",
                "RP: Was there any concrete work?",
                "RP: Rocks?",
                "RP: What did you have around your barrack? Did you have any landscaping?",
                "RP: Do you recall people who had cellars underneath their barracks?",
                "RP: Do you remember his name?",
                "RP: Did he live in your block or how did you meet up with him?"
            ]
        },
        "segment 12": {
            "Segment Desc": "Forming a social club in camp",
            "Segment Questions": [
                "RP: Yeah let's, let's talk about the Vanguards. How did that group form, that club?",
                "JO: That I don't know because when I joined it they were formed already. And this guy asked me and he, because it's, they're playing football and he says, \"Do you play football?\" And, \"Yeah.\" So, I start playing with them. And they did all, some of the other social events too. I remember we were playing football and they had that big riot there that they had. And we saw that crowd coming down. We didn't know what it was. We were playing football in the yard, out in the firebreak. We said, oh, there's people going down. So, yeah. Well we played, I think I played about three games. That's about all I played. There weren't too many other people to play against that's why. We used to play against the Bluefin Tuna which was a group from Terminal Island, San Pedro. ",
                "RP: Bluefin Tuna?",
                "RP: What was his name?",
                "RP: How many boys were in the club?",
                "RP: You said you guys had other social events. What were some of those?",
                "RP: Dances?",
                "JO: Huh?",
                "RP: Did you have dances? Dances?",
                "RP: Tell us about the Forget-Me-Nots. How did you get together with them?",
                "RP: And who were, do you remember some of the girls that were involved with that club?",
                "RP: Yeah, right. Did you, did you dance in camp?",
                "JO: Oh, yeah. What else can you do?",
                "RP: Did you learn how to dance there or had you danced in high school before?",
                "RP: Do you ever remember dancing to a band called the Jive Bombers?",
                "RP: So you took, did you take lessons up at the music hall?",
                "RP: And did you purchase your instrument through the music hall? How did you get that?",
                "JO: Did I get it there? I don't really recall. I think I got it from somebody else. They had it and took it at one time and then quit. So... my granddaughter has it now. I don't think she's playing. She'd like to play the flute more than anything else. ",
                "RP: Do you remember the music teacher at the high school? Louie Frizzell?",
                "RP: Were there other teachers that you remember who had an impact on you?"
            ]
        },
        "segment 13": {
            "Segment Desc": "Working on chicken and hog ranches in camp",
            "Segment Questions": [
                "RP: Let's talk a little bit about your work at the chicken ranch and hog ranch. Were these summer jobs?",
                "RP: So, you, you dug the trenches for the forms, too?",
                "RP: Where did you take, where did you have lunch? Would they take you back to your mess hall?",
                "RP: You had a... how large a crew did you have working on those projects?",
                "JO: How large a what?",
                "RP: How large a crew did you have working on those concrete projects?",
                "RP: So you started, started golfing at Manzanar and then you did some concrete work. Did you ever work concrete again in your life?",
                "RP: Tell us about that. Who did she marry?",
                "RP: And where was he from?",
                "RP: Do you remember the ceremony at all?",
                "RP: Did your sister work in camp?",
                "RP: How about your mother?"
            ]
        },
        "segment 14": {
            "Segment Desc": "Leaving camp and moving to Chicago",
            "Segment Questions": [
                "RP: So why did you decide to leave camp?",
                "RP: So did you, you traveled with your mother to Chicago?",
                "RP: Do you remember anything else about the trip to Chicago?",
                "RP: And when you got to Chicago where did you live?",
                "RP: What's that?",
                "RP: Swing shift. What did you do there?",
                "JO: Pardon?",
                "RP: What did you do at the paper company?",
                "RP: You grew up in a small community called San Fernando and then you find yourself in Chicago. How did you take to Chicago?",
                "RP: So how long were you in Chicago, Jun?",
                "JO: I was there only a year. I left a year later. So, I also worked at a liquor distribution company there and it was something else. 'Cause I was the youngest guy there you know. I was walking and one day the bottle of gin broke and there were two little colored ladies that were doing the packing, they got up and drank that whatever, you know, straight. And I looked at it. So I took a taste of it. How could you taste that? It's awful. Tastes like soap. But that's it. When you're young, I learned. But it's an experience and also went downtown. I used to have to ride the El all the way down into town. And in those days the El was sometimes, was the transportation that I guess they still have it. But it was something else, especially in rush hour. You get in there and boy you get jammed in there. 'Cause everybody's trying to get on, regardless. They used to have them run pretty often too. So while I was in Chicago, I also went to their museum and things so I saw a lot. Navy Pier, which is over there. And the big place where the Chicago play football, Soldier Field. They also had Illinois Central which I used to ride because there was so much traffic. It's a play train and it runs right into downtown. But that's where it ends. Then if you want to go somewhere else you gotta start walkin' and transfer or whatever. Well there's actually no transfer so you had to get off there to the El or the buses or whatever."
            ]
        },
        "segment 15": {
            "Segment Desc": "Hearing about the atomic bombings of Hiroshima and Nagasaki",
            "Segment Questions": [
                "RP: And you returned back to San Fernando to the farm?",
                "RP: And your father, you said your father chose to stay at Manzanar?",
                "RP: How did you feel about, when you heard the news about the bomb being dropped on that town?"
            ]
        },
        "segment 16": {
            "Segment Desc": "Serving in the navy",
            "Segment Questions": [
                "RP: So you graduated from San Fernando High, 1946. And then you were, shortly after that time what happened?",
                "JO: And I was, did my boot camp in San Diego. And then they sent me to the clerical school all the way back to Bainbridge, Maryland, for a couple months. Then they turned around and sent me all... that was end of the year, and in January '47 they sent me all the way back to San Pedro to get on the USS Iowa. I was assigned to the USS Iowa. And they were just coming out of the yard period so I was on there and I put well, it's gotta be a little over two years on the Iowa. And I put it out of commission the first time in 1949. And then I was in, stationed in San Francisco, Hunters Point Naval Shipyard until 1950 when my time was up. And they decided that, they asked me if I'd go to Japan for a couple years. So I said, \"Okay, I'll stay another couple years.\" I go to Japan. I was still single then. Then, unfortunately on the, got out one day. I was on the USS Chara AKA going to Japan, and one day out they turned it around because the Korean War started. And they loaded us down with ammunition because they needed ammunition on it, so they didn't have any. And we, two days later we went out. And the top speed on that particular ship is fifteen, sixteen knots when it's loaded like that, with no escort. So were going. Like the Iowa, even once she's loaded, she's doing twenty-five knots. When she's going full bore she could go up to about thirty-three. I've been on it when it was thirty-three. But we went out there and it took us about sixteen days to get to Japan. And then we transferred to the receiving station Yokosuka and I spent the night there. And the next day, when I get up I was, told me I had to go out there and move ammunition. So I went. They didn't care what rate you are. They needed the help. However, two hours later I got a call and I got chewed out. He said, \"What you doin' out there?\" And I said, \"I'm doin' what they told me to do.\" \"No, you're supposed to be going on a train down to Sasebo.\" He said, \"You got two hours to pack your stuff and get on and go.\"",
                "RP: Where did you have, take your meals when you were working there?",
                "RP: Do you recall, were there other Japanese Americans that were serving in the navy at the time that you were?",
                "RP: How long did you work at, in the warehouses?",
                "RP: You were back on a ship again weren't you?"
            ]
        },
        "segment 17": {
            "Segment Desc": "Establishing a career as a machinist with Lockheed",
            "Segment Questions": [
                "RP: And you eventually launched a career as, for Lockheed?",
                "So I did that, I worked on the, some of the first, this C-130 airplane that Lockheed made. They're still making it in fact. And P-3 and they'd just converted from the Electra to the P-3 when I worked on that. I worked on the model that they had for the L10-11 when it first started. It was making parts and things. I didn't actually do the work on the plane itself. Even though a couple times I had to go in there because some of the things they had, the guy says engineer wasn't really sure. He said, \"You'd better go in there and take a check and see.\" So I had to go check and see what the size and stuff check and things. The first pylons on the P-3 wings that they have, the fitting up there, I worked on those. And if you people don't know anything about the fittings, they're compound angles. They're not a straight one way angle or two way angle. And to cut that, it's completely something else. I mean you don't set the two angles and cut it. You've got to compensate and everything because as soon as you set the second angle, it changes the first angle. And they, I had to work that out. It took me two days to do all the calculations on that. And the boss come over and he's lookin' saying, \"What are you doing?\" I says, \"I got to calculate this.\" He just says, \"Oh.\" But he wasn't a machinist so he didn't know. But after that he left me alone. I didn't --",
                "RP: Oh. So how many years did you put in with Lockheed?",
                "JO: Thirty-seven years. Well, I went from there to finance. I worked in finance for six years, and I was pricing all engineering changes and what they call re-work, government furnish equivalent. The funny part, you know, government furnish equivalent, you think you're getting a new parts. Uh-uh. They used to get a lot of parts that the navy people, something happened to it and they, the white hats would change it but never tell anybody. So when they came in, they had a surplus, they'd send it to us. And we put it in the plane, it don't work. So we had to take it out and, well, all that is not included in the price of the airplane. So I had to, that's what I was doing for a long time, pricing that. I also priced, they had a lot of engineering change. And the last big job I had... then I went to procurement. And procurement I was pricing all subcontractor parts that were furnished to Lockheed. And the last job before I retired I had to go to Portugal before they were... sold planes to Portugal and they were updating and retrofitting them. And that was something else. I really didn't want to go on that trip. I enjoyed it, but then it was something else. And then when I, after I retired they called me back because they were having some trouble with the pricing. And I said, \"Did you check this, check that?\" No, we didn't check it. And then when I went back then they called the Portugal, and they said, \"No, they didn't use this money. They didn't...\" It's different how government does their pricing. So you're... quite different. I don't know how they did it with you but... [Laughs]"
            ]
        },
        "segment 18": {
            "Segment Desc": "Mother becomes a U.S. citizen",
            "Segment Questions": [
                "RP: I was gonna ask you, did your mom ever apply to become a citizen of the United States?",
                "JO: Oh yeah, she wasn't a... when was it? The first was it 1954? You remember when my mother got her citizenship? Same time you did?",
                "Off camera: What?",
                "JO: Did you, do you remember when you got your citizenship paper?",
                "Off camera: Citizenship?",
                "JO: Yeah, what year? I don't know. ",
                "JO: No... well she, she got it right at... it might have been like that. That was, it was right after, shortly after they authorized it. I don't know when it was. And she got hers... when did you get yours?",
                "Off camera: Huh? Oh, okay. Naturalization certificate? "
            ]
        },
        "segment 19": {
            "Segment Desc": "Reflections",
            "Segment Questions": [
                "RP: Jun, just to go back to camp a little bit. Do you recall anything about your experience working in the camouflage net factory at Manzanar?",
                "RP: ... and you should support and be loyal to your country. And your country put you in a camp like Manzanar. Did it, did it affect you later on in life? How did that experience impact you later?",
                "RP: Do you recall getting an apology letter and a check for twenty thousand dollars?",
                "RP: How did you feel about that?",
                "RP: Have anything to add? Okay. All right, well Jun, thank you on behalf of Kirk and myself for your, for sharing your stories and your..."
            ]
        }
    }
}