{
    "Narrator_Name": "June M. Hoshida Honma",
    "Bio": "Nisei female. Born June 23, 1936, in Hilo, Hawaii. After Japan bombed Pearl Harbor on December 7, 1941, father was picked up by the FBI and detained at Sand Island internment camp, Hawaii. The rest of the family was removed to the Jerome concentration camp, Arkansas, to be reunited with him. After Jerome closed, transferred to the Gila River concentration camp, Arizona. Returned to Hawaii after leaving camp, where father tried to establish an appliance repair business in Hilo, which was destroyed by a tsunami in 1946. Married and moved to California. Active with the Japanese American National Museum in Los Angeles.",
    "Title": "June M. Hoshida Honma Interview",
    "Interviewer": "Megan Asaka",
    "Location": "Torrance, California",
    "Date": "July 9, 2009",
    "Densho ID": "denshovh-hjune-01",
    "transcript": {
        "segment 1": {
            "Segment Desc": "Parents' family background",
            "Segment Questions": [
                " MA: And when were you born? ",
                " JH: Do you want my full birthdate? ",
                " MA: And what was the name given to you at birth? ",
                " MA: And I wanted to ask you about your parents, starting with your father. What was his name and where was he born? ",
                " MA: And what were some of the reasons why the family came to Hilo? ",
                " MA: Two children? ",
                " MA: And what did they do in Hilo? What type of work did your grandparents do? ",
                " MA: Okay, who was born in Japan? ",
                " MA: And what did your father do, sort of as he grew up? What type of work did he do? "
            ]
        },
        "segment 2": {
            "Segment Desc": "Description of parents",
            "Segment Questions": [
                " MA: And tell me a little bit about your father. What type of person was he, and his personality? ",
                " JH: He was the best storyteller you could ever ask for. He used to keep all the children in church enthralled because they loved his stories. He was very active in the Japanese community, he also taught judo. I don't know how much dan he was, but he was a black belt. And took us around everywhere that we needed to go in our 1936 Lizzie is what I call it, it's a Ford. [Laughs] But, yeah, he was very nice to all the kids who came up to him to ask for advice, and he was always available for them. He did shibai. Do you know what shibai is? ",
                " MA: What is shibai, can you explain? ",
                " MA: And tell me a little bit about your mother. What was her name and where was she from? ",
                " MA: And was she born in Japan? ",
                " MA: Was she from Hilo as well? ",
                " JH: Uh-huh, she was from Hilo. My grandparents came from Yamaguchi-ken, okay, so my father used to say we were \"yama kumas,\" which means \"mountain bear.\" [Laughs] So I knew my grandmothers more, because my maternal grandfather died before I was born. My paternal grandfather was ill most of the time, so I didn't get to know him that well. But I really loved my two baachans, you know. My paternal grandmother was Obaba, my maternal grandmother was Babasan. She was such a neat woman, my maternal grandmother. My mother was injured when she was young, and she told me the story was that her father was what you call oppa, carrying her in the back. And he slipped, so she fell and injured her right, I think it was her right hip. Well, in those days, there weren't very many medical people to take care of 'em, so she eventually had, I think osteomyelitis in her iliac, you know, the bones in there. So she had a huge hole in her buttock, I remember. Because she was... I wouldn't exactly say crippled, one leg was shorter. But she was, I think, among the first patients that entered the Shriner's Hospital in Honolulu at age fifteen, I think. So they took care of her, but they told her she'll never have any kids. Proved them wrong, didn't she? "
            ]
        },
        "segment 3": {
            "Segment Desc": "Having to leave disabled older sister in an institution during World War II",
            "Segment Questions": [
                " MA: Well, how many children did she have? ",
                " MA: And are you the oldest? ",
                " MA: So, and then when did your sister end up passing away? Was that during the war? ",
                " MA: And do you know what happened to her? "
            ]
        },
        "segment 4": {
            "Segment Desc": "Memories of father's arrest by FBI and detainment at Sand Island",
            "Segment Questions": [
                " MA: I'm sorry, your uncle was a police officer? ",
                " MA: On the Big Island? ",
                " MA: Before he left for Sand Island? ",
                " MA: And was that when he first started drawing? ",
                " MA: And so you were able to visit him in this detention facility, but do you remember who else was there? Was it all, sort of, Issei men detained? ",
                " JH: Yeah, they were all Issei men. I myself don't know who the whole bunch was made up of, but they were mainly made up of people the FBI had made a list of. So they were either Japanese school teachers or people who ran the newspapers, Japanese newspapers, Japanese announcers for Japanese programs, who else were they? ",
                " JH: Yeah, Buddhists, the priests were all picked up. Yeah, that's right. My classmate's father was picked up, too. But my father wasn't on that list. So I asked Aiko Herzig when I met her in Gila once... you know my father was never on the FBI list, so I said, \"Why would they pick him up?\" And I know that one person from the list of the FBI was told that, \"If you give us several names of people that you think are subversive, we won't send you to camp.\" My father happened to be on that because -- I read this -- because he was \"training those kids for the Japanese army.\" I mean, it sounds very funny now, it really does. [Laughs] But that's the charge. "
            ]
        },
        "segment 5": {
            "Segment Desc": "Visiting father in Sand Island",
            "Segment Questions": [
                " MA: And can you tell me about your time in -- because you said you stayed in Sand Island for about a week, and what that was like, and sort of leaving, then, from your home and then going to Sand Island? ",
                " MA: And what was Sand Island like? I know you were young, but what... ",
                " MA: And who were the guards? "
            ]
        },
        "segment 6": {
            "Segment Desc": "Arriving in Jerome concentration camp, Arkansas",
            "Segment Questions": [
                " MA: And so you, when did you go to the mainland? That was '42? ",
                " JH: We were on the train, and I asked my mother, \"Where are we?\" every morning, because you had to keep the shades down. And I'm curious, so I looked. And I remember this picture in my head, there's snow, and there's this dried brush or whatever, it looked like twigs, branches. And I remember seeing that but I don't know what state that was in. But she said we traveled through seven states to get to Jerome. ",
                " MA: And then got off the train, you said, at midnight? ",
                " MA: And was your father at Jerome? ",
                " MA: He was still in Santa Fe? ",
                " MA: Of '43? ",
                " MA: And were you able to correspond with him when you were in Jerome and he was in Santa Fe? ",
                " JH: He kept all the letters that were sent to him from my mother, myself, and any relatives, including his letters. Now, I'm not sure if my mother had kept those letters or if he made copies. But sometimes the letters would come there with holes in them, censor, censor it. 'Cause they didn't have markers, so they censored it by cutting it out. But all of these are intact, including my letters. So I was very shocked to have, when he handed it to me... when was it? Back in the '80s, and he said he's giving that to me because my letters are in there. ",
                " MA: That you wrote him? "
            ]
        },
        "segment 7": {
            "Segment Desc": "Relationship between Hawaiians and mainlanders in Jerome",
            "Segment Questions": [
                " MA: And what was the relationship like between the people from Hawaii and the mainland? Because there was a large contingency from Hawaii. ",
                " JH: Uh-huh. In 38, 39 and 40 blocks. We stuck together more because we spoke the same language, but after a while we got to speak \"good English,\" as they called it. In Hawaii they say \"(haolefied).\" So when I first met somebody, of course, I used my pidgin, and they didn't know what the heck I was saying. But I learned fast how to say, \"What is your name? Where are you from?\" Because those are the things that we usually used to ask each other in Hawaii when we first met other students, yeah. ",
                " MA: Do you think there was a difference even between people from Hilo, for example, and people from Honolulu? ",
                " For recreation, there was a forest there next to my block. And there were four barns, I remember, erected. All the time, I thought there were three, 'cause I think we never went in the fourth barn. But they were one after the other, and there was a drainage ditch. I remember when the Mississippi overflowed, they had swimming races in it, yeah. My one thought was, \"What if they get bitten by the water moccasin? Because that's the first thing they told us. I'd never seen a snake before, I've heard about it, and I remember my mother bought me these boots that we wore when the place got flooded. And the people who had lived there long enough told us, \"If you see bubbles in the water, stop.\" So whenever we went, we would look for the bubbles. [Laughs] So I never got bitten, thank goodness. ",
                " MA: Did you ever go into town? ",
                " JH: We were allowed to go to this town that I don't even remember the name of. I asked Big John Ellington, \"Was there a town near here before?\" I said I remember that they were all black people there, and they had a boardwalk. You know, the sidewalks were made out of boards. So the first thing when I went there with my mother, I said to my mother, \"How come got Hawaiians here?\" Because I had never seen a black person before that. That was the first time. "
            ]
        },
        "segment 8": {
            "Segment Desc": "Reuniting with father and transferring to Gila River concentration camp",
            "Segment Questions": [
                " JH: The next day it was really nice to have him there. Because soon after, I think we had snowfall. We always had hail, which I'd never seen either. And it was just fun. During that winter when there were icicles on the eaves, I'm sure you people have that. Well, the people from Hawaii, where they got it, I don't know, but they had syrup. So the teens would get on the barrack roof and pour the syrup down each icicle and we'd have popsicles. I was, I mean, I don't know why I remembered that, but I remember that. We made a snowman, and we wanted to -- see, people from Hilo say \"shave ice,\" right? People from the other islands say \"ice shave.\" We had to be different, you know. So I remember where that block was where we got the popsicles from. In the morning, I think the morning that it snowed, one of the residents of that particular barrack went out and got all the fresh snow and made shave ice. We had shave ice in winter, which is weird. ",
                " MA: And why did that happen? Was it that Jerome was closing at the time? ",
                " MA: I'm sorry, who was Big John? ",
                " JH: He's now the owner of the land that Jerome was situated on. And he was farming -- when we first met him -- we took this trip for the southern camps, we met him there. And then I remember I was looking down at his driveway and I said, \"That's the, those are the stones from the camp. May I have some?\" Because the ones that I had brought home, so nicely wrapped, my mother threw away. So I have them now. But Big John is a wonderful, six-foot-six-and-a-half-inch-tall man. And he would come to every single reunion we had for Jerome. "
            ]
        },
        "segment 9": {
            "Segment Desc": "First impressions of Gila, Arizona: \"We had more freedom in Gila\"",
            "Segment Questions": [
                " MA: And how did Gila, I mean, compare with Jerome? What was your experience like at Gila? ",
                " JH: That's the first time I ever saw so much sand in my life. We had more freedom in Gila. There were two camps, Butte and Canal, and I remember there was two hills. One hill had the names of the men who were killed in action in the 442, and the other held this huge tank for the water. And then the Kibei and bachelors, every time it was summer, they would sit at the base, 'cause there's a little ledge like this, and the water would be dripping over, that's how they kept cool. So the difference is the weather was different. We had to use swamp coolers during the summer. It got very, very hot in the afternoons. But being kids, hey, I'm not gonna take a nap. So what we did was we would go into the laundry room and fill up the tubs. And so all us kids would get into each washbasin, you know, like we're swimming. And other times, some of the fathers dug cellars under the barracks. And I remember I went down with one of my playmates, and the scorpions were that huge, okay. And I found out the little ones are the ones that really kill you. But the big ones, if you knew 01-41:40 how to catch them, they're very interesting. So they would get bottles from the mess hall and put all the scorpions in, and I'm thinking, \"What are you gonna do with it?\" But it was nice not to have them close and sting me. ",
                " MA: What food did they have? ",
                " JH: Usually sandwiches and... did they have musubi? 'Cause I know they served us rice. But I guess they just, they just congregated together, 'cause we lived close to each other in the camps, or in the same block. ",
                " MA: And did you go to school also in Gila? Did you attend elementary school? ",
                " MA: So really the, most of your education up to that point had been in the camp, right? 'Cause you started school in Jerome. "
            ]
        },
        "segment 10": {
            "Segment Desc": "Leaving camp and spending time in California before returning to Hawaii",
            "Segment Questions": [
                " MA: And then how long did you stay in Gila? ",
                " JH: Did we leave then? No, we stayed longer than that. I think because they needed to find out a place to put us, you know, when we got out of camp. ",
                " MA: Because you were from Hawaii? ",
                " MA: Okay, so you were in Santa Ana for three weeks and then went back to Hilo? "
            ]
        },
        "segment 11": {
            "Segment Desc": "Feeling happy to return to Hawaii",
            "Segment Questions": [
                " MA: And what was your first day like back in Hawaii? ",
                " JH: We were moored in Honolulu, okay. So we stayed a week with my auntie's friends. First thing I wanted was, I think I told you, chazuke and koko, is what we say. You know, takuan and chazuke. So I ate that. It was so good, but my stomach wasn't big enough for it and it wasn't ready for it, so I ran out of the kitchen over to the back side and vomited everything out. Oh, I felt so bad. But we didn't go too many places in Honolulu, we just stuck around the house. Did we see anybody off? I don't know. 'Cause each island, they would drop people off. So when we left, we left on the inter-island boat, I imagine it was inter-island boat, I'm not sure. But I can tell you one thing. We stopped in Maui and my mother said she wanted to go see relatives, so they got off the boat and left us. So the crew knew that there were a lot of kids on board, so what they did was give us a jitterbug show. It was one of the best jitterbugs I've ever seen in my life. They did all the things like going -- two men, now, under the legs, throwing over the back, and I have never seen anybody doing that in real life, except on TV. [Laughs] That I remember so distinctly. So when they came back on board, we left again, and then returned to Hilo. And as we're coming in, there's a breakwater because they don't have a natural reef. So as we got in and turned to go to the port, my dream was there. Shafts of light, you know, the clouds, and I think I stared at it until we moored. And my parents and I were looking down to see who came, and it was, her sister had come to pick us up. So we lived with my auntie for a while. ",
                " MA: Because your home had been sold, right? "
            ]
        },
        "segment 12": {
            "Segment Desc": "Memories of a destructive tidal wave",
            "Segment Questions": [
                " JH: That particular day is worse than World War II, I think, as far as Hilo is concerned. He was going to open on April 1, 1946. I never knew where that shop was. Because when my uncle came down with the car from where he lived, which is Kaumana Five Miles on the Big Island, he had, he looked... you can't help but see the bay because you're coming down. And he told us that the bay was completely empty, no water. So he stopped by where our old library was, which is next to this bridge, Wailuku Bridge is what we called it. Got out of the car and went to watch. Then the first huge tsunami came in and took away this railroad bridge. They used to use this bridge transport for sugar cane. So that bridge got washed out. And Hawaiians are superstitious. I mean, they have a lot of tales, but there's this huge rock in Wailuku River, and the Hawaiians always say, \"If that rock gets covered, there is a lot of big trouble that's gonna happen.\" Well, that first wave covered it. So my uncle got into the car, came to where we were, and I'm washing dishes 'cause I'm getting ready for school, I was in the fourth grade. And my mother was standing -- I remember her first language was Japanese even though she's Nisei. So he came walking around the corner, 'cause we were living in the basement. And then she took one look at him and she says, he looked funny, she said. But what he said was, \"Tsunami ga kita.\" And I'm looking at him and I'm saying, \"What's tsunami?\" And he's trying to describe it to my mother, \"Good April Fool, no?\" [Laughs] So we got in the car, and they were going to drop me off at school. But as we went down from my, on Lei Street and turned where my elementary school was, you could see this pond called Wailoa pond. And there were rooftops everywhere with people standing on it. So I said, \"Uh-uh, I'm not getting off.\" So we went into Hilo town, and he parked the car across from the police station thinking that, \"Oh, well, it'll be safe for us there.\" So we stayed in the car while they just dashed every which way. He must have gone to see whether his shop was still there. And no, everything was washed away. ",
                " MA: So the tsunami came and basically destroyed the town? ",
                " MA: And so I imagine it pretty much destroyed large parts of Hilo, right? ",
                " JH: Oh, it took away the waterfront portion of Hilo, yeah, all of it. And then I had spent the weekend at this place called Shinmachi, which means \"new town.\" It was like a Japanese tenement area. Lot of Japanese people lived there, and they had shops in front. One side's the ocean, the other side's Wailoa River and the pond. So I would have been there had it not been a weekday. Because I went to see my surrogate big sister's family, who was very close to us, the Odachis. And the three of us were there. My youngest sister was only three years old, so Mrs. Odachi said, \"Why don't you stay over?\" And then she thought about it and she said, \"Nah, there's not going to be anybody there. Everybody's going to school.\" ",
                " MA: So did your family friends, were they okay? "
            ]
        },
        "segment 13": {
            "Segment Desc": "Rebuilding after family business was destroyed by tsunami",
            "Segment Questions": [
                " MA: So Shinmachi, though, was really the Japanese community? ",
                " MA: In Shinmachi, were there also shops and little restaurants? ",
                " MA: And what did your family do after that? You said you had to stay in, with the rest of the tsunami survivors? ",
                " MA: And this was the job he had before the war? ",
                " MA: And where did your family move to after that? ",
                " JH: Then... where did we go from there? Dokuritsu Gakkou? "
            ]
        },
        "segment 14": {
            "Segment Desc": "Returning to school: \"I was 'haolified'\"",
            "Segment Questions": [
                " JH: Uh-huh. The reason for that is I was \"haolified.\" I spoke good English, my cousins made fun of me. They would call me upstairs to their living quarters and say, \"Ay, go say something. Go say something.\" So I would say, \"What do you want me to say?\" and then they would start laughing, you see. And my sister thinks that they were amused just because I spoke like a kotonk, but they weren't making fun of me. I figured they were making fun of me, because I'm nine years old, I know. So when I went back to school, they put me in... they had A, B, C classes. A is where all the smart ones are, B is average, C is, you know, those that have some problems learning. Well, I went into the B because my parents couldn't produce the report cards. They were very accepting, very nice to me. I really enjoyed being in that class, my teacher was Mrs. Chalmers, she was a tall blond woman. And then the principal decides one day, after looking at the grades that I'd made there, apparently, to put me in A class. So she came one day, took me to that A class, left me outside and says, \"You go in that room.\" So I waited for her to leave and I went back to Mrs. Chalmers. The next day, the same thing happened. She leaves me outside, I wait... the third day, she took me in there. I couldn't escape. [Laughs] But you see, when you have people who are very smart who are up in the social echelon, they're snobbish. So when I went in there, I didn't feel like I fit, because they were in their own little cliques. So I had a really difficult time psychologically. My self-esteem was low, I was always the low one on the totem pole. Didn't help that Mrs. Kealoha said she knew me when I was small -- that's my teacher -- when I was a baby, she knew my family. And her husband was Chairman of Hilo, which is like a mayor. She goes and she tells the class, \"Oh, June was such a cute little baby. I've known her for a long time. She had the most cutest pug nose you ever saw.\" Where does that get you? So I really had a hard time fitting in. Even though I spoke pidgin, I was never totally accepted by a clique, you know. "
            ]
        },
        "segment 15": {
            "Segment Desc": "Little awareness about mainland camp experiences in Hawaii",
            "Segment Questions": [
                " MA: And did the children or the other students know about what had happened with you being sent to camp? ",
                " MA: Did kids talk about that at all? ",
                " JH: No. My father kept it alive, though. When I moved up here, I met some of the internees from the different camps. All of them would not talk about it. All of them felt hazukashi, very ashamed. So most all the kotonks that I used to speak to about camp, I'm the one that's saying, \"Hey, I went to camp, too, you know.\" And, \"No, nobody from Hilo,\" or, \"nobody from Hawaii went.\" I said, \"I beg to differ.\" And even when I went to college, much later in my years, I went to Harbor College and I took history there, 'cause that was one of the requirements. Never said a word throughout the whole thing, just listening and taking notes. And one day, we came, the book was open and there was just one line, one sentence: \"All the Japanese were put away in camps on the West Coast.\" Okay, that would have been fine, but the teacher decided to qualify that. \"But nobody from Hawaii was ever put into a camp.\" [Raises hand] First time I spoke in class, and I told him, \"I beg to differ.\" And he said, \"Why?\" \"Because people from Hawaii were put into camp.\" And he says, \"Show me the proof.\" I said, \"Right here.\" And I said, \"Will you please teach people that people from Hawaii, about two thousand of them, were sent out. So he was one of the first ones that knew that people from Hawaii, I think, were sent out. And when the museum opened, of course, they started to try to get all the stories. ",
                " JH: No. The reason for those conventions is because I think Arkansas was the first state that mandated the teaching of the internment camps. Even here, until the 442, I think, opened their exhibits and things, you know, the monument, up until that time, I don't think much was taught about the internment. People who were in internment camps would be asked to go to schools while they're learning if their kids knew about their parents or grandparents being in internment camp. I remember my son, while I was working, I had to take time off, my son said, \"Can you come and tell my classmates in AP History about being in camp?\" So he says, \"And I'm gonna get a lot of points with this.\" [Laughs] So I went to Banning High School, and I spoke to them and told them my experience. So little by little, it was being brought out. I give my father a lot of credit for making me open. Because many of our friends who had been in camp never spoke about it even in Hilo. Never wanted to quite remember it. ",
                " In the Odachi family, I have a classmate. She's, that whole family is close to us. My father literally adopted them. So her name is like my name, she has the same name, June Mitsuko. So I was asking her, \"Do you remember camp?\" 'Cause she's a year older than I, but we were in the same grade. She says, \"No, I don't remember anything.\" And so I made a tape for her, and I sent it to her so that she would try to get the memories out, you know, from her subconscious. But she has absolutely no memory. ",
                " MA: And did your father speak to you about camp or speak to the family? ",
                " MA: Is that how he kept it alive? ",
                " JH: -- really made a difference. Because my husband, who is also from Hilo, they would talk among themselves. And their words that they used, that I had no idea what they are, what does it mean? When we get together, though, you know we're from Hawaii because we just go right into pidgin. But there are words that, to this day, I have to keep asking, \"What do they mean?\" So those three years really made a big difference. "
            ]
        },
        "segment 16": {
            "Segment Desc": "Father's documenting of his World War II experiences through artwork",
            "Segment Questions": [
                " JH: The whole thing. He began at Kilauea Military Camp. And there's a... that particular picture he watercolored. So I remember Gary Okihiro asking me, \"Where is that picture?\" 'cause he wanted to put it on his, as a book cover. But he put cane fields or something on that one. And so he started with that, and then he would draw little portraits, all pen, and then some of 'em he would, it would be very detailed. Some were sketches. And then I know at the end of the books, he did portraits of all the Hawaii people, and then he drew a portrait of I think a corporal and the commander of the camp. And everyone autographed their pictures. So there is, there was a paper article, there was an article in Hawaii saying, \"Do you know these men?\" And they had all the portraits my father had put on. \"Do you know what happened to them?\" is what it is. So that article is in that book if you want to see it. ",
                " MA: But there was probably no photography or any other way to document the camp, right, other than these paintings? ",
                " MA: But your father, being in Lordsburg and Santa Fe, his paintings were really some of the only documentation? "
            ]
        },
        "segment 17": {
            "Segment Desc": "Postwar experiences: getting married, moving to California, and attending college while raising a family",
            "Segment Questions": [
                " MA: Which high school did you attend? ",
                " MA: What was the, like, ethnic makeup of your class? Mostly Japanese? ",
                " MA: And then how did you end up moving to California? ",
                " MA: And what did you end up doing? You went to college? ",
                " JH: Well, I went to... no, I had gone to Queen's Hospital School of Nursing in Honolulu. It's now called the Queen's Medical Center, founded by Queen Emma. I spent three years in a dorm there becoming a registered nurse. They call us diploma nurses. Because I wanted to go to the University of Hawaii and be a public health nurse, but my parents couldn't afford the tuition. And when you compare the tuition now to the tuition then, you wonder, \"How come he couldn't afford it?\" [Laughs] It was later, toward the end of my career, that I went to work at Cal State University Dominguez Hills, which is maybe about ten minutes away from our house, and I worked at the Student Health Center. Now, while I was there, they didn't have all this conflict about the budget and things, so I decided I'll go and take courses and see if I can get my bachelor's. Tuition was three dollars for me, because I was an employee. And it took me quite a while, 'cause I worked there fifteen years and I was going to school most of the time, taking one course here, one course there, until I finally graduated in '95. And I'm proud to say to my father, \"Summa cum laude, Daddy.\" [Laughs] "
            ]
        },
        "segment 18": {
            "Segment Desc": "Moving to Carson, California",
            "Segment Questions": [
                " JH: Carson was not incorporated when we first moved. I moved there in '65, before that I lived in Los Angeles city. We moved into a tract home, see, it's a Ray Watt home. And most of the places around us were still agricultural. Roads weren't fixed or anything, we had no sidewalks. Now it looks like anyplace else because the roads have been built up, more homes have cropped up. But I've been there for... how old is Jeff? Forty-five years? ",
                " MA: What was, when you first moved, what was the ethnic makeup of Carson? Were there any Japanese? ",
                " MA: And does that carry over for these forty years? Is it still... "
            ]
        },
        "segment 19": {
            "Segment Desc": "Thoughts on redress",
            "Segment Questions": [
                " JH: Yeah, a lot of them didn't live to see that thing. Wasn't it George W. Bush? No, W.H. Bush? "
            ]
        },
        "segment 20": {
            "Segment Desc": "Continuing community work to spread the story of Japanese Hawaiians",
            "Segment Questions": [
                " JH: That brought me, yeah. And then discovering that nobody seemed to know that people from Hawaii were in camp. That was another reason. And what really urged me on was this woman who writes a column for the Daily Breeze, our newspaper. And one, she had written in there, years ago, that this man, who went to one of the camps, who was about my age, would go from school to school and he would recount his time in the internment camps. But he always said, \"Nobody from Hawaii ever went in.\" And you know, I decided, \"Hey, somebody has to tell the story about people from Hawaii.\" So this is why I've been active in the museum and participated in their panels. So there were two panels I really did participate in, the first one being the one at the... I can never remember the name of the, Bonaventure, the round hotels, anyway, in town. We had the all-camp reunion there, thing. So I was on a panel with Dennis Ogawa from Hawaii, professor. I remember sitting there thinking, \"They told me there would be two others recounting the internment camp things.\" So I turned to Dennis, who was teaching in Hawaii, he's from... I don't know what's... from here, anyway, mainland. So I turned to him before we started and I said, \"What am I gonna do? I hope your speech is long.\" 'Cause he gave the historical background about people going, everything that's historical. And then he finished and I went, \"Oh my god, what am I gonna do?\" So I'm looking around the room, pinpointed my friends, pinpointed the volunteers. But the Kirita sisters were sitting in front, and they went to camp with us, so I decided I'll speak to them. So the advice Dennis gave me was, \"June, talk story.\" Because that's what they do in Hawaii, they say, \"talk story,\" meaning, \"tell stories about what happened,\" or your memories or anything. So I said, \"Okay,\" so I \"talked story.\" And I guess I must have filled that whole thing. I think I spoke for, I don't know how long, hour, longer than that. 'Cause Dennis didn't speak very long. But I did speak to the Kirita sisters and looked at some of the volunteers. 'Cause I was amazed to see who was sitting in there. ",
                " JH: I want them to know because my parents went through so much. And as much as Hawaii is not supposed to be discriminatory, when we got back, we had that stigma. So a lot of the people that I knew who had been in camp, we kind of stuck together in school. But as the years went on, people forgot about it. Then they started saying, \"Now, we have to let everybody know that people were interned and how they felt.\" So as it got more publicity, I think more of the people that were taken from the West Coast started speaking out. After my mother had died, my father met a woman in Honolulu from the Yashima family. So her sister is married to, was married to this man who lives in Madera, which is twenty miles above Fresno, if you know where Fresno is. Well, when I met him, he was the nicest man. So I used to call him Uncle Sunny, 'cause his name is S-U-N-N-Y. Then I talked to him about camp, and I asked him, \"Where did you go to camp?\" And he says, \"I was in Jerome.\" I said, \"Wow, I was there, too.\" So there was a connection there, it was really interesting. But he died, 'cause he was in his '80s, he died maybe about four years ago. "
            ]
        },
        "segment 21": {
            "Segment Desc": "Reflections",
            "Segment Questions": [
                " MA: Well, is there anything else you would like to share? Any other thoughts or memories or anything? ",
                " JH: Oh, not really. I know, I can tell you this: my sister Sandra was very active in trying to get the reparations in Honolulu. She is four years younger than I am, and she's a lawyer. First, she worked for the PUC, and then she opened her own firm and did telecommunications, and then she went from there -- 'cause the economy was getting bad -- and so she is now working for the Young Brothers, it's a barge company, they take goods between islands. So she's there in the legal department there, because she knows how to address the legislature. She used to go before the legislature for the PUC. So I asked her when she called me, I said, \"Are you going to be working the rest of your life?\" She says, \"Yeah, I guess so.\" [Laughs] ",
                " JH: She is a genius. My sister's IQ is very high. It was very difficult for my kid sister and myself because my father -- which you know now you're not supposed to do this -- my father would compare our report cards. Okay, if I came home with one 'B,' I had failed. My sister Sandra would come home with all 'A's. Every report card, 'cause she has a really high IQ. My younger sister, I asked Carole, \"Did you go through what I went through?\" when we were talking. \"Yeah,\" she says, \"Daddy always gets mad at me because I'd bring home low grades, and I was on the honor roll.\" I said, \"So was I.\" But it didn't make any difference to him, he wanted all 'A's. So education was, I think, the core of his whole living. He was self-educated, he left school at eighth grade. My mother never left -- she didn't have much of an education, she went up until fourth grade. But she was such a good seamstress, my god, she was a good dressmaker. I give that woman credit. She was... physically she wasn't perfect, 'cause she always walked with a limp because of that osteomyelitis she had. Now, my kid sister, the youngest one, lives on Maui, and she was like me, a registered nurse. And specialized in eyes, so she worked for an eye clinic. And then had to retire because she wrenched her back. But she's doing okay, I saw her when I went back in September. And then she just became a grandmother, so she had to call me and gloat about it. So I asked her, \"Is it a boy or a girl?\" \"Boy.\" So this is what I told her: I think Daddy put a curse on us because he couldn't have a son. I have all boys. ",
                " MA: How many boys do you have? ",
                " JH: Uh-huh, I had five sons. My eldest was killed on the freeway at age thirty-seven. So that's... it's just like I'm in my mother's shoes when she lost her eldest. My sister Sandra has a boy and a girl, and my youngest one has two boys. See? There's a curse. [Laughs] "
            ]
        }
    }
}