{
    "Narrator_Name": "Junji Sarashina",
    "Bio": "Junji Sarashina was born in 1929 in Lahaina, Hawai'i, the son of a minister of a Buddhist Temple Nishihongan-ji and a teacher of Japanese-style flower arrangement, music, sewing, and cooking. The youngest of five children, Sarashina grew up surrounded by temple members (mostly plantation workers) and their families who enjoyed community picnics and samurai films. When his mother took her children to her hometown of Hiroshima in 1936, Sarashina struggled with Japanese at first. But soon, he got used to things Japanese thanks to the accommodations made by his mother, siblings, and schoolteachers. His older sisters baked Western style cakes and cookies and offered them to Sarashina's schoolmates, helping him to become better accepted. After the Pacific War began, Sarashina's family lost touch with his father who was still in Hawai'i. Later, he learned that his father had been taken by the FBI immediately after the Japanese attacked Pearl Harbor. He was sent to the US mainland, then to a number of different incarceration camps. Sarashina as a junior high school student was mobilized to work at an ammunition factory when the nuclear bomb struck Hiroshima. Although he was not injured, he was irradiated as he entered the city to return home. Sarashina suffered diarrhea and could not eat afterward. When he went back to Hawai'i in 1949, he attended high school again to relearn English. Soon, he found a job at a local radio station in Honolulu. During the Korean War, he volunteered to serve as a military intelligence officer. When he was sent to Korea, he was assigned to a unit led by a judo teacher he knew from Sawtelle, California. The teacher had been his older brother's schoolmate in Hiroshima, and so he took Sarashina under his wing throughout Sarashina's stay in Korea. Although Sarashina says that the American government could do more to support US hibakusha, he also says that he supports the medical checkups offered to American survivors by the Japanese government. In fact, he assisted the establishment of the checkup system in the early 1970s and continued to help the US hibakusha's organization called the American Society of Hiroshima-Nagasaki A-bomb Survivors. He takes pride in assisting many US survivors to obtain Japanese hibakusha techo (certificate of survivorhood) and to receive benefits.",
    "Title": "",
    "Interviewer": "",
    "Location": "",
    "Date": "",
    "Densho ID": "",
    "transcript": {
        "segment 1": {
            "Segment Desc": "Father's family background: Buddhist minister",
            "Segment Questions": []
        },
        "segment 2": {
            "Segment Desc": "Moving to Japan with mother at age seven",
            "Segment Questions": []
        },
        "segment 3": {
            "Segment Desc": "Childhood memories of Japan",
            "Segment Questions": []
        },
        "segment 4": {
            "Segment Desc": "Learning Japanese language",
            "Segment Questions": []
        },
        "segment 5": {
            "Segment Desc": "Attending grade school",
            "Segment Questions": []
        },
        "segment 6": {
            "Segment Desc": "Oldest brother's experiences being drafted into the Japanese military",
            "Segment Questions": []
        },
        "segment 7": {
            "Segment Desc": "Meeting an influential judo instructor",
            "Segment Questions": []
        },
        "segment 8": {
            "Segment Desc": "Memories of foods as a child",
            "Segment Questions": []
        },
        "segment 9": {
            "Segment Desc": "Memories of Japan during World War II",
            "Segment Questions": []
        },
        "segment 10": {
            "Segment Desc": "Feeling \"brainwashed\" in Japan during the war",
            "Segment Questions": []
        },
        "segment 11": {
            "Segment Desc": "Father's wartime experiences in several internment camps",
            "Segment Questions": []
        },
        "segment 12": {
            "Segment Desc": "Location of family members during the atomic bombing of Hiroshima",
            "Segment Questions": []
        },
        "segment 13": {
            "Segment Desc": "Working in a factory when the atomic bomb hit",
            "Segment Questions": []
        },
        "segment 14": {
            "Segment Desc": "Witnessing horrific sights during the atomic bombing",
            "Segment Questions": []
        },
        "segment 15": {
            "Segment Desc": "Reuniting with mother after the atomic bombing",
            "Segment Questions": []
        },
        "segment 16": {
            "Segment Desc": "Returning to the United States alone, enrolling in high school",
            "Segment Questions": []
        },
        "segment 17": {
            "Segment Desc": "Drafted into the U.S. Army during the Korean War",
            "Segment Questions": []
        },
        "segment 18": {
            "Segment Desc": "Getting married in Japan",
            "Segment Questions": []
        },
        "segment 19": {
            "Segment Desc": "Getting involved with the Atomic Bomb Casualty Commission",
            "Segment Questions": []
        },
        "segment 20": {
            "Segment Desc": "Wife's postwar work running a beauty salon",
            "Segment Questions": []
        },
        "segment 21": {
            "Segment Desc": "Assisting atomic bomb survivors after the war",
            "Segment Questions": []
        },
        "segment 22": {
            "Segment Desc": "Feelings about the United States, Japanese American identity",
            "Segment Questions": []
        },
        "segment 23": {
            "Segment Desc": "Continuing medical examinations",
            "Segment Questions": []
        },
        "segment 24": {
            "Segment Desc": "Feeling sympathetic towards Korean survivors of the atomic bombing",
            "Segment Questions": []
        },
        "segment 25": {
            "Segment Desc": "Impacts of the atomic bombings on life",
            "Segment Questions": []
        },
        "segment 26": {
            "Segment Desc": "Becoming active in supporting atomic bomb survivors",
            "Segment Questions": []
        },
        "segment 27": {
            "Segment Desc": "The future of the American Society of Hiroshima-Nagasaki A-bomb Survivors",
            "Segment Questions": []
        },
        "segment 28": {
            "Segment Desc": "Thoughts on the programs to help pay for medical expenses of atomic bomb survivors",
            "Segment Questions": []
        }
    }
}