{
    "Narrator_Name": "Junkoh Harui",
    "Bio": "Nisei male. Born June 23, 1933, in Bainbridge Island, Washington. His family built and operated Bainbridge Gardens, 27 acres of meticulously landscaped property, with a nursery, grocery store and gas station. At the onset of World War II, family moved to Moses Lake to avoid being incarcerated where they farmed and lived amidst a fairly hostile larger community. Following the war, they returned to Bainbridge Island to find most of their business and property ruined from neglect and pilfering. His parents worked to rebuild it, while Mr. Harui began his own floral shop and landscape business. Eventually, Mr. Harui returned to Bainbridge Gardens and helped restore it to a thriving nursery and testimony to his family's perseverance.",
    "Title": "Junkoh Harui Interview",
    "Interviewer": "Donna Harui",
    "Location": "Bainbridge Island, Washington",
    "Date": "July 31, 1998",
    "Densho ID": "denshovh-hjunkoh-01",
    "transcript": {
        "segment 1": {
            "Segment Desc": "Orphaned and without work, father immigrates to Bainbridge Island, Washington and the \"largest mill in the world...\"",
            "Segment Questions": [
                " DH: I'm talking with my father, Junkoh Harui for the Densho Project at Bainbridge Gardens, and today is July 31, 1998. So we'll start with when your father first came to America. What year did Zenhichi come to America? ",
                " DH: And then Bainbridge Island. What was his reason for coming to America? ",
                " DH: And then, your personal history is that, Zenhichi was one of many brothers. How many in the family? ",
                " DH: And, how did he decide to come to America? What were his personal circumstances? ",
                " DH: And what was your grandfather's brother's name, your uncle? ",
                " DH: And why was his last same Seko? ",
                " DH: So they both were employed at the mill for a while? ",
                " DH: Did they, did he ever describe what life was like at the mill for a couple of bachelors from Japan? ",
                " DH: The mill was rough for Japanese, and even the living conditions were pretty rough. A lot of 'em took to gambling and those sorts of things. Did he ever comment on that, or have you hear stories about that? ",
                " DH: Was he Buddhist? ",
                " DH: Very religious man? ",
                " DH: So after working at the mill for a short period of time, then what did they do? ",
                " JH: After the mill life? Well, they started a farm in nearby New Brooklyn Road, and they raised produce basically, but they had a great crop of what they call Olympic berries. And they would sell them to the Olympic Hotel in Seattle, and that was one of their big cash crops. But otherwise, they raised vegetables and they sold them in a produce stand. In fact, they even went to the Pike Street Market to sell their produce as many farmers did, and then they branched out into a greenhouse operation. "
            ]
        },
        "segment 2": {
            "Segment Desc": "Acquiring land and clearing it to start nursery: Bainbridge Gardens",
            "Segment Questions": [
                " DH: How did they acquire the land that was here? ",
                " DH: When did they move from the New Brooklyn farm then to the site where we are now? ",
                " DH: So what were they clearing the land for? What was in here? ",
                " DH: Her name was Shiki Sugiyama? ",
                " DH: What was her background? ",
                " DH: Does she ever talk about being a picture bride, or coming to this new country and not knowing any of the language? "
            ]
        },
        "segment 3": {
            "Segment Desc": "Description of Bainbridge Gardens: \"People would come to see this for many, many miles\"",
            "Segment Questions": [
                " DH: It was 20 acres? ",
                " DH: How old were you then? "
            ]
        },
        "segment 4": {
            "Segment Desc": "Family-run grocery store and gas station on Bainbridge Island",
            "Segment Questions": [
                " DH: The grocery store had some other parts to it, a gas station? ",
                " DH: Back to the business a little bit, who shopped at the grocery store? Was it mostly the Japanese community or the entire island? ",
                " DH: Who worked there besides your parents? "
            ]
        },
        "segment 5": {
            "Segment Desc": "Idyllic memories of growing up in Bainbridge Gardens, 27 acres to \"roam and play\"",
            "Segment Questions": [
                " DH: What year were you born? ",
                " DH: Can you talk a little bit more about your childhood besides the trout, catching the trout, what was your life like here for you and your siblings growing up here? Before the war, on Bainbridge Gardens. "
            ]
        },
        "segment 6": {
            "Segment Desc": "Description of values parents' instilled and exemplified: integrity and a little humility",
            "Segment Questions": [
                " DH: What values do you think that your parents instilled in you during that time? ",
                " DH: Do you think those were Buddhist values or personal values, or are they just so intertwined that it's hard to say? "
            ]
        },
        "segment 7": {
            "Segment Desc": "Father's inventive mind and love of plants; Mother's pragmatism, love of books, and huge chrysanthemums",
            "Segment Questions": [
                " DH: What was it like? ",
                " DH: And did he invent some steam pumps for the greenhouse? ",
                " DH: You paint him as a very hard worker, very spiritual, sort of reflective. Was your mother that same way, or was she more the business person? ",
                " DH: How did she get those materials, because they were all in Japanese? "
            ]
        },
        "segment 8": {
            "Segment Desc": "",
            "Segment Questions": [
                " DH: What was that like? ",
                " DH: Was it hard to speak English at school and Japanese at home? "
            ]
        },
        "segment 9": {
            "Segment Desc": "Separation from siblings caught in Japan during the war",
            "Segment Questions": [
                " DH: So, around 1938, some of your family was sent back to Japan. Would you describe how that happened and why that happened? ",
                " DH: So was Bainbridge Garden successful before the war? "
            ]
        },
        "segment 10": {
            "Segment Desc": "Memories of childhood",
            "Segment Questions": [
                " DH: Are there any other memories that you have of Bainbridge Gardens or the island before the war that I didn't ask you about before? "
            ]
        },
        "segment 11": {
            "Segment Desc": "An eight-year-old's confusion after the bombing of Pearl Harbor",
            "Segment Questions": [
                " DH: Let's talk now about Moses Lake, which is sort of the next section. How did you hear about the war? ",
                " DH: How old were you? "
            ]
        },
        "segment 12": {
            "Segment Desc": "Preparing to move to Moses Lake, Washington to avoid the mass removal, and father's efforts to protect his beloved trees",
            "Segment Questions": [
                " DH: So then what happened after you were sent home? ",
                " DH: So Bainbridge Islanders were given eight days to get their affairs in order, and then to be relocated. What did your family do? ",
                " DH: How did you acquire the property at Moses Lake? ",
                " DH: Do you remember the last days here at Bainbridge Gardens before you left? ",
                " DH: What have you heard about what your parents did during those last few days? ",
                " DH: What arrangements did they make for the business? ",
                " DH: He brought the seeds from Japan? "
            ]
        },
        "segment 13": {
            "Segment Desc": "Negative memories of Moses Lake, Washington: being under \"surveillance,\" memories of getting beat up every day for a month in grade school",
            "Segment Questions": [
                " DH: Your personal memories of life at Moses Lake -- you were in the second grade then, third grade then? ",
                " DH: Besides the nice schoolteacher, what else got you through that, because you must have dreaded going to school? ",
                " DH: It must have been a really traumatic time for your parents too, because two of their children were stranded in Japan during the war, and then the rest of you had been displaced. Did they ever talk about that? Did they ever talk about what a hard time it was? ",
                " DH: And none of your siblings ever asked, \"Where are they, what will happen to them?\" ",
                " DH: In retrospect, do you feel guilty that you didn't have to go to camp? ",
                " DH: Did you feel like your family was fortunate that they had the opportunity to go to Moses Lake? ",
                " DH: And that was what you did there? ",
                " DH: So you were at Moses Lake from 1942 to 1946. Do you have any other memories from Moses Lake that you want to record? "
            ]
        },
        "segment 14": {
            "Segment Desc": "Returning to Bainbridge Island and finding the total devastation of Bainbridge Gardens; parents' example of \"gaman,\" perseverance",
            "Segment Questions": [
                " DH: And it was springtime? ",
                " DH: Springtime of 1946. Was there any question that your family would not return to Bainbridge Gardens? ",
                " DH: What did they find when they got back? ",
                " DH: Did your parents ever talk about that? ",
                " DH: A sense of gaman? "
            ]
        },
        "segment 15": {
            "Segment Desc": "Positive memories of returning to school on Bainbridge Island, Washington",
            "Segment Questions": [
                " DH: And so do you have personal memories of returning? To the gardens, or to school, or any of those things at that time? ",
                " DH: Okay. We're talking about returning to Bainbridge after the war. So you went back to school the spring of that school year, you were in eighth grade, and did you -- so did you ever experience any racism, any...? ",
                " DH: Were the Japanese from Bainbridge, who were in the camps, returning around the same time? "
            ]
        },
        "segment 16": {
            "Segment Desc": "Efforts to rebuild Bainbridge Gardens: father's hurt at seeing his trees, taken during the war, in neighbors' yards",
            "Segment Questions": [
                " DH: And did he succeed in doing that? ",
                " DH: So there was a nursery and what else, then? ",
                " DH: Did he ever talk about the loss, that he wasn't able to restore it? ",
                " DH: But he never really talked about it? ",
                " DH: How do you think he felt? "
            ]
        },
        "segment 17": {
            "Segment Desc": "Positive memories of returning to school on Bainbridge Island, Washington after leaving camp",
            "Segment Questions": [
                " DH: What was high school like for you? ",
                " DH: ...in those days. So do you think, so it sounds, it's surprising that you were depressed about that. Was it teen angst? "
            ]
        },
        "segment 18": {
            "Segment Desc": "Helping parents rebuild Bainbridge Gardens after World War II",
            "Segment Questions": [
                " DH: And you, so then you and your two brothers, your older brother and your younger brother, lived here at Bainbridge Gardens. Did you help your parents after school? ",
                " DH: Did you work here? ",
                " DH: What did you do? What was your job? ",
                " DH: What was the steam boiler for? ",
                " DH: Did it help that the three of you spoke English so you could communicate with the rest of the English-speaking island? Did you translate for your parents still? "
            ]
        },
        "segment 19": {
            "Segment Desc": "High school graduation: elected student-body president",
            "Segment Questions": [
                " DH: Well, describe it. What were they wearing? ",
                " DH: What was the point of the speech? ",
                " DH: Did, could your parents understand what the speech was about? "
            ]
        },
        "segment 20": {
            "Segment Desc": "",
            "Segment Questions": [
                " DH: How did you meet her? ",
                " DH: [Laughs] So you met your wife, or your... and you started dating, and then, after college what did you do? ",
                " DH: What did you think of army life? ",
                " DH: Was there a lot of racism towards Japanese? "
            ]
        },
        "segment 21": {
            "Segment Desc": "Establishing floral and landscaping business",
            "Segment Questions": [
                " DH: How many employees did you have at that time? "
            ]
        },
        "segment 22": {
            "Segment Desc": "The decision to finish restoring Bainbridge Gardens after parents' passing",
            "Segment Questions": [
                " DH: Were they still running the business? ",
                " DH: How old was he when he died? ",
                " DH: What did they think of your business? "
            ]
        },
        "segment 23": {
            "Segment Desc": "The decision to finish restoring Bainbridge Gardens after parents' passing",
            "Segment Questions": [
                " JH: Was only approximately about 3 acres, yeah. Anyway I had four possible locations. The weakest strangely enough was Bainbridge Gardens. Again the stigma of moving here didn't appeal to me, but I searched out all the possibilities. And then I had another option too, I could have retired. But at the time I was only fifty-five years old, and I was thinking to myself, \"Well gee, what would I do if I retired?\" I would obviously maybe find someplace to work, but being what I am, I never would have been happy working for anybody except myself so that became an unoption. And so investigating other possibilities of where to move, for some reason or other -- and I think this is fate. Maybe it was a guided fate, I'm not sure -- somehow or other I thought, \"Well, gee whiz, here's a beautiful piece of property, here's something that was in the family since 1911. Why not try to rebuild it again?\" And something just drew me to that decision. ",
                " DH: Well, those who had seen it in the late '70s and during the '80s would probably remember it as a broken down gas station with a rusty gas pump standing in front and the whitewash peeling off of an old building that was falling down in the back and just the weeds. And for those people I don't think they saw it as such an easy plan or \"a cake walk\" as you described it because it seemed like a complete transformation that you brought something out of what appeared to be nothing. And in an interview, which you gave in 1983, you had talked about the ruins of Bainbridge Gardens and how it was in ruins and how it would not be restored. So in your own mind it seems that you have come to change, to completely change your direction and change your mind about how you felt about the gardens. Do you think that's true? ",
                " DH: Do you remember what turned this from being kind of a business decision to an emotional decision when you walked along the property and saw it? "
            ]
        },
        "segment 24": {
            "Segment Desc": "Present and future plans for Bainbridge Gardens, as a \"wonderful legacy\"",
            "Segment Questions": [
                " DH: You also named the buildings for your parents? "
            ]
        },
        "segment 25": {
            "Segment Desc": "The popularity of Bainbridge Gardens, Washington, prewar and postwar",
            "Segment Questions": [
                " DH: Are you surprised by the response from the community to the restoration? ",
                " DH: How does that make you feel? ",
                " DH: How do you think your parents would feel? ",
                " DH: You think they would be proud that you returned here? "
            ]
        },
        "segment 26": {
            "Segment Desc": "Lessons learned from rebuilding, the importance of honor, dignity, and family legacy",
            "Segment Questions": [
                " DH: What have you learned from the restoration experience? ",
                " DH: About the time that you were coming back to the site to restore it, the redress movement was really heating up. Did that have any effect on the restoration or the size? ",
                " DH: What do you want other people to know about this restoration project? And when I ask that I'm thinking that a lot of the people who will get to see our interview will be other generations who are studying this time period and studying Japanese Americans. What do you want those people, younger generations, outsiders, to know about your work and what you've done? ",
                " DH: In other interviews you talked a lot about legacy. What does that word mean to you? ",
                " DH: Do you have anything else you want to add to this interview? "
            ]
        },
        "segment 27": {
            "Segment Desc": "A racial incident brings the Bainbridge Island, Washington community together; Bainbridge Island, an especially tolerant and supportive place to live",
            "Segment Questions": [
                " DH: There was a racial incident that happened recently after building Bainbridge Gardens, and would you explain? ",
                " DH: What did the letters say? ",
                " DH: Explain the new garden at the Bainbridge Island Library. Is it the Bainbridge Library or Bainbridge Island Library? "
            ]
        }
    }
}